time_s,q_ref_rad_1,q_ref_rad_2,q_ref_rad_3,q_ref_rad_4,q_ref_rad_5,q_ref_rad_6,q_rad_1,q_rad_2,q_rad_3,q_rad_4,q_rad_5,q_rad_6,dq_ref_rad_s_1,dq_ref_rad_s_2,dq_ref_rad_s_3,dq_ref_rad_s_4,dq_ref_rad_s_5,dq_ref_rad_s_6,dq_rad_s_1,dq_rad_s_2,dq_rad_s_3,dq_rad_s_4,dq_rad_s_5,dq_rad_s_6,tau_Nm_1,tau_Nm_2,tau_Nm_3,tau_Nm_4,tau_Nm_5,tau_Nm_6,solve_ms,cycle_ms,tcp_ref_m_x,tcp_ref_m_y,tcp_ref_m_z,tcp_m_x,tcp_m_y,tcp_m_z
5.000000000000000104e-03,-2.157919169999999998e-01,2.772707249999999957e-01,-1.650223454000000034e+00,-5.605870790000000436e-01,4.144895690000000021e-01,5.215408059999999679e-01,-2.157919186393558175e-01,2.772707250946915281e-01,-1.650223449036924306e+00,-5.605870966822142920e-01,4.144895673805233938e-01,5.215408212394626597e-01,-4.736999999999999708e-06,3.189999999999999845e-07,5.178999999999999881e-06,-1.606100000000000089e-05,-1.754000000000000063e-06,1.573999999999999838e-05,-3.213163238774127393e-06,3.648951487475027315e-07,4.654166304662660137e-06,-1.455979279181422961e-05,-1.539472721108558579e-06,1.407890786133387628e-05,-1.142499639836100931e-03,-2.705844543340694841e+01,1.315248633005126244e+01,2.087679774982178493e+00,7.678401752301688976e-02,4.913032801668261625e-04,1.231979969998064917e+02,1.233452080014103558e+02,6.414400053350580722e-01,-1.137598882409995859e-08,5.414399968864698209e-01,6.414400051648143641e-01,-1.314362770897525926e-08,5.414399967294696303e-01
1.000000000000000194e-02,-2.157919719999999986e-01,2.772707280000000218e-01,-1.650223393999999955e+00,-5.605872659999999730e-01,4.144895490000000127e-01,5.215409890000000104e-01,-2.157919726869329535e-01,2.772707299498503586e-01,-1.650223380219818292e+00,-5.605873121964710659e-01,4.144895439427722650e-01,5.215410324104895468e-01,-1.888400000000000080e-05,1.270999999999999986e-06,2.064700000000000069e-05,-6.402800000000000429e-05,-6.994000000000000291e-06,6.275099999999999602e-05,-1.587398574871977424e-05,1.375108544709781683e-06,1.983523880307596583e-05,-6.212657418361636468e-05,-6.784406069896617933e-06,6.099958903372740976e-05,-4.353156436393139025e-03,-2.705857920059073152e+01,1.315302994069143594e+01,2.087439966848291917e+00,7.678391446365594175e-02,4.912793464275169459e-04,9.979257099985261448e+01,9.994464000192238018e+01,6.414400051296715866e-01,-5.472606982033501335e-08,5.414399972328761690e-01,6.414400051674664649e-01,-5.718593753187284224e-08,5.414399960627640507e-01
1.500000000000000638e-02,-2.157921210000000034e-01,2.772707380000000166e-01,-1.650223231000000013e+00,-5.605877719999999842e-01,4.144894929999999866e-01,5.215414849999999714e-01,-2.157921182526499060e-01,2.772707417242046835e-01,-1.650223204839516677e+00,-5.605878605820912020e-01,4.144894840390587198e-01,5.215415705740202856e-01,-4.234599999999999741e-05,2.850999999999999893e-06,4.630000000000000055e-05,-1.435789999999999885e-04,-1.568299999999999875e-05,1.407149999999999970e-04,-3.793987380566215579e-05,3.008003164181446188e-06,4.523389305151054166e-05,-1.413642605741895284e-04,-1.544001463626235376e-05,1.387086665338432021e-04,-7.532781509927934625e-03,-2.705871242861253023e+01,1.315356728840362877e+01,2.087207789278239467e+00,7.678383259972466901e-02,4.911879963973734891e-04,9.696755999902961776e+01,9.711140400031581521e+01,6.414400050678545906e-01,-1.723448523426457299e-07,5.414399971247899623e-01,6.414400050960016308e-01,-1.744068251886554745e-07,5.414399948331733992e-01
2.000000000000001082e-02,-2.157924109999999895e-01,2.772707580000000060e-01,-1.650222913999999985e+00,-5.605887550000000497e-01,4.144893860000000152e-01,5.215424480000000473e-01,-2.157924020824371070e-01,2.772707635212328658e-01,-1.650222872227314230e+00,-5.605888986778519989e-01,4.144893706714417037e-01,5.215425888057444448e-01,-7.502800000000000062e-05,5.052000000000000081e-06,8.203499999999999638e-05,-2.543919999999999862e-04,-2.778600000000000129e-05,2.493190000000000163e-04,-6.931788781689916768e-05,5.260254674716880370e-06,8.070954795742513741e-05,-2.517635081516115094e-04,-2.748627812466741157e-05,2.469134211349672571e-04,-1.067852000321705200e-02,-2.705884256980629488e+01,1.315409841672234137e+01,2.086978596557773180e+00,7.678361811248929358e-02,4.911156808906804025e-04,9.725036300005740486e+01,9.739558699948247522e+01,6.414400051208368758e-01,-4.011332328771044339e-07,5.414399968764712634e-01,6.414400049548638627e-01,-4.016105413814363645e-07,5.414399931051901982e-01
2.500000000000001527e-02,-2.157928859999999893e-01,2.772707899999999892e-01,-1.650222394000000037e+00,-5.605903679999999500e-01,4.144892099999999968e-01,5.215440289999999646e-01,-2.157928704426430033e-01,2.772707984051647201e-01,-1.650222332344668974e+00,-5.605905812400724386e-01,4.144891869706491261e-01,5.215442386688462495e-01,-1.168350000000000020e-04,7.866999999999999387e-06,1.277469999999999951e-04,-3.961459999999999981e-04,-4.326999999999999737e-05,3.882460000000000229e-04,-1.099101237867302792e-04,8.120997040652164656e-06,1.261458801901395028e-04,-3.929697779294874949e-04,-4.289367084215374974e-05,3.853048799558789379e-04,-1.379070414717267247e-02,-2.705897275606518093e+01,1.315462411249852082e+01,2.086751391646548992e+00,7.678335920774284618e-02,4.910475247777732009e-04,1.047699689988803584e+02,1.049227820003579836e+02,6.414400050114368312e-01,-7.759788080120704922e-07,5.414399968667985563e-01,6.414400047554598139e-01,-7.752099269096174729e-07,5.414399909524969523e-01
3.000000000000001971e-02,-2.157935940000000052e-01,2.772708380000000195e-01,-1.650221619999999945e+00,-5.605927680000000191e-01,4.144889480000000237e-01,5.215463809999999478e-01,-2.157935691062093930e-01,2.772708493955584053e-01,-1.650221535691718477e+00,-5.605930613598797407e-01,4.144889162230332991e-01,5.215466701955910889e-01,-1.676720000000000033e-04,1.129100000000000082e-05,1.833329999999999877e-04,-5.685199999999999846e-04,-6.209800000000000075e-05,5.571820000000000331e-04,-1.596173797474405244e-04,1.158258411594758671e-05,1.814408868289338534e-04,-5.646644039072260110e-04,-6.163001467602685071e-05,5.535787567536759905e-04,-1.686956333058775570e-02,-2.705910295272157740e+01,1.315514499708980800e+01,2.086525892397980364e+00,7.678307783360990846e-02,4.909807658472875157e-04,1.128125859977444634e+02,1.129095470023457892e+02,6.414400049739540366e-01,-1.334547389793119883e-06,5.414399967327900853e-01,6.414400045064759803e-01,-1.331229993372734431e-06,5.414399884529367268e-01
3.500000000000002415e-02,-2.157945779999999869e-01,2.772709039999999847e-01,-1.650220543999999956e+00,-5.605961050000000112e-01,4.144885830000000215e-01,5.215496520000000302e-01,-2.157945433499645904e-01,2.772709194812767453e-01,-1.650220433299531386e+00,-5.605964905437058610e-01,4.144885418900146612e-01,5.215500318835049054e-01,-2.274429999999999974e-04,1.531600000000000040e-05,2.486880000000000015e-04,-7.711919999999999713e-04,-8.423499999999999564e-05,7.558130000000000360e-04,-2.183404168595956432e-04,1.563988191931687600e-05,2.464856005309715311e-04,-7.665316347921108950e-04,-8.365841783219373471e-05,7.514263651144774143e-04,-1.991513614401172264e-02,-2.705923140375331926e+01,1.315566000359345722e+01,2.086301729636123703e+00,7.678275478895794925e-02,4.909149083057735407e-04,1.049325839994708076e+02,1.050242880010046065e+02,6.414400047383599368e-01,-2.110922384060534769e-06,5.414399968611941505e-01,6.414400042135326441e-01,-2.105308350859216663e-06,5.414399856748004503e-01
4.000000000000002859e-02,-2.157958829999999939e-01,2.772709919999999939e-01,-1.650219117000000013e+00,-5.606005309999999575e-01,4.144881000000000260e-01,5.215539900000000229e-01,-2.157958379541505545e-01,2.772710116263025770e-01,-1.650218976716998576e+00,-5.606010187276355694e-01,4.144880476016191695e-01,5.215544706971934064e-01,-2.960530000000000063e-04,1.993800000000000121e-05,3.237110000000000183e-04,-1.003842999999999923e-03,-1.096470000000000024e-04,9.838259999999999280e-04,-2.859798633008318164e-04,2.028802034986391389e-05,3.211800666983749704e-04,-9.982585586149068501e-04,-1.089472851572298321e-04,9.785425581018366605e-04,-2.292750488607781315e-02,-2.705935918324583511e+01,1.315617013935093382e+01,2.086078889768420819e+00,7.678239196022801361e-02,4.908498894171512729e-04,1.065290590013319161e+02,1.066346929983410519e+02,6.414400044986550142e-01,-3.140545211324951948e-06,5.414399967759809806e-01,6.414400038815915028e-01,-3.132696538577089928e-06,5.414399826769341617e-01
4.500000000000003303e-02,-2.157975530000000031e-01,2.772711050000000177e-01,-1.650217290000000059e+00,-5.606061949999999738e-01,4.144874809999999909e-01,5.215595410000000154e-01,-2.157974971952636989e-01,2.772711287628508159e-01,-1.650217118007850425e+00,-5.606067942851624686e-01,4.144874171510782301e-01,5.215601320711694688e-01,-3.734060000000000092e-04,2.515000000000000146e-05,4.082970000000000111e-04,-1.266152999999999897e-03,-1.382990000000000120e-04,1.240907000000000078e-03,-3.624340494967691708e-04,2.551965720713154771e-05,4.054193160014939222e-04,-1.259532955498340445e-03,-1.374632903381741518e-04,1.234620771441580396e-03,-2.590592110092901010e-02,-2.705948681801543643e+01,1.315667519393236340e+01,2.085857191634839847e+00,7.678198488958734580e-02,4.907855778815686451e-04,1.043129479985509533e+02,1.044133719988167286e+02,6.414400044043111482e-01,-4.458248173946702558e-06,5.414399967447505180e-01,6.414400035134718570e-01,-4.448255946662912874e-06,5.414399795130164783e-01
5.000000000000003747e-02,-2.157996309999999918e-01,2.772712449999999995e-01,-1.650215017000000062e+00,-5.606132440000000106e-01,4.144867110000000077e-01,5.215664490000000431e-01,-2.157995648497645080e-01,2.772712737938643479e-01,-1.650214809754967149e+00,-5.606139640338574370e-01,4.144866345066338109e-01,5.215671599078494092e-01,-4.594080000000000169e-04,3.094599999999999814e-05,5.023430000000000386e-04,-1.557802999999999966e-03,-1.701550000000000133e-04,1.526744000000000018e-03,-4.476040743393994289e-04,3.132993036286298036e-05,4.991002858162153560e-04,-1.550044367100534420e-03,-1.691703263530847014e-04,1.519354717712672383e-03,-2.885129014861308530e-02,-2.705961360447855668e+01,1.315717515000320859e+01,2.085636420134514779e+00,7.678152579911184938e-02,4.907218360722194386e-04,1.054067469995061401e+02,1.056623399999807589e+02,6.414400040348433585e-01,-6.097868061038097599e-06,5.414399967841280192e-01,6.414400031092287735e-01,-6.086460003757010231e-06,5.414399762282300355e-01
5.500000000000004191e-02,-2.158021609999999924e-01,2.772714159999999928e-01,-1.650212250999999908e+00,-5.606218240000000463e-01,4.144857739999999735e-01,5.215748590000000018e-01,-2.158020842068305023e-01,2.772714495983855110e-01,-1.650212005053356634e+00,-5.606226732298787985e-01,4.144856838068511351e-01,5.215756965827681446e-01,-5.539619999999999657e-04,3.732099999999999724e-05,6.057470000000000129e-04,-1.878476000000000017e-03,-2.051830000000000038e-04,1.841027000000000071e-03,-5.413934420243968334e-04,3.771411485341840704e-05,6.021209832056791328e-04,-1.869479330819569501e-03,-2.040357023655035200e-04,1.832439663641375303e-03,-3.176430064194842029e-02,-2.705973973936119847e+01,1.315767025951804392e+01,2.085416443080263527e+00,7.678100003520553496e-02,4.906590232407818638e-04,1.045898189986473881e+02,1.046946550013672095e+02,6.414400035977970704e-01,-8.094036129114163110e-06,5.414399961650002702e-01,6.414400026685616041e-01,-8.081403253993576507e-06,5.414399728595292727e-01
6.000000000000004635e-02,-2.158051840000000110e-01,2.772716190000000247e-01,-1.650208944000000066e+00,-5.606320799999999771e-01,4.144846540000000079e-01,5.215849099999999572e-01,-2.158050980513516459e-01,2.772716590167392248e-01,-1.650208657516419208e+00,-5.606330655700765275e-01,4.144845493571481243e-01,5.215858829492852067e-01,-6.569720000000000247e-04,4.426799999999999697e-05,7.184049999999999768e-04,-2.227854000000000032e-03,-2.433459999999999974e-04,2.183445000000000004e-03,-6.436983850701654807e-04,4.466245519525757247e-05,7.143766134724052188e-04,-2.217527088496053320e-03,-2.420256071133048477e-04,2.173571408303205058e-03,-3.464274429560590396e-02,-2.705986710752144120e+01,1.315816080237751606e+01,2.085197215285099936e+00,7.678042055429123991e-02,4.905969673149765354e-04,1.158142159983981401e+02,1.159096810006303713e+02,6.414400028862043968e-01,-1.047933260209021841e-05,5.414399966351387539e-01,6.414400021865033219e-01,-1.046679012901939661e-05,5.414399694414739894e-01
6.500000000000004385e-02,-2.158087439999999968e-01,2.772718599999999811e-01,-1.650205050999999923e+00,-5.606441530000000339e-01,4.144833350000000083e-01,5.215967419999999466e-01,-2.158086486722582409e-01,2.772719048634102457e-01,-1.650204721273275998e+00,-5.606452832093745675e-01,4.144832156305456872e-01,5.215978583460344487e-01,-7.683429999999999991e-04,5.178199999999999990e-05,8.402149999999999506e-04,-2.605622000000000146e-03,-2.846109999999999894e-04,2.553689999999999953e-03,-7.544227597994786856e-04,5.217284200015772890e-05,8.357651405131250391e-04,-2.593880872554786901e-03,-2.831067261022951888e-04,2.542447878829240046e-03,-3.748910306261947489e-02,-2.705999291111413640e+01,1.315864620306988897e+01,2.084978360664664798e+00,7.677975490964983329e-02,4.905355424348468822e-04,1.061836799999582581e+02,1.062974630003736820e+02,6.414400024832147551e-01,-1.328828611792778890e-05,5.414399959203354262e-01,6.414400016554381301e-01,-1.327594174966900690e-05,5.414399659973108125e-01
7.000000000000004829e-02,-2.158128810000000120e-01,2.772721389999999730e-01,-1.650200525999999890e+00,-5.606581849999999756e-01,4.144818020000000103e-01,5.216104950000000073e-01,-2.158127778555974374e-01,2.772721899418420510e-01,-1.650200150955720702e+00,-5.606594667515572006e-01,4.144816672672561042e-01,5.216117605962509174e-01,-8.879779999999999878e-04,5.985899999999999728e-05,9.710740000000000474e-04,-3.011465000000000062e-03,-3.289429999999999980e-04,2.951453000000000149e-03,-8.734630321308380248e-04,6.024300164795793288e-05,9.661870386274549376e-04,-2.998228184103811974e-03,-3.272455510752132280e-04,2.938765359413355715e-03,-4.030120377072325677e-02,-2.706011795774040962e+01,1.315912690253183115e+01,2.084759924811799614e+00,7.677901334296209634e-02,4.904750687217384600e-04,9.544658699815045111e+01,9.568756199951167218e+01,6.414400018221974031e-01,-1.655259668617710503e-05,5.414399959354396774e-01,6.414400010705936239e-01,-1.654179278715396512e-05,5.414399625370354130e-01
7.500000000000005274e-02,-2.158176370000000066e-01,2.772724590000000267e-01,-1.650195325000000102e+00,-5.606743159999999504e-01,4.144800399999999940e-01,5.216263049999999568e-01,-2.158175268928045065e-01,2.772725170220438073e-01,-1.650194901708708972e+00,-5.606757552585471815e-01,4.144798890738473074e-01,5.216277260122188508e-01,-1.015782000000000013e-03,6.849199999999999408e-05,1.110880999999999978e-03,-3.445067999999999915e-03,-3.763090000000000185e-04,3.376427999999999895e-03,-1.000723352092781600e-03,6.886330547843167501e-05,1.105537612292261133e-03,-3.430263437792888982e-03,-3.744089814215245714e-04,3.362222712036812538e-03,-4.308113705162941454e-02,-2.706024427155725931e+01,1.315960321983149228e+01,2.084541653127993222e+00,7.677818549967112272e-02,4.904151368028654900e-04,9.164076199886039831e+01,9.175757599950884469e+01,6.414400007566791739e-01,-2.030526684930952842e-05,5.414399960373358356e-01,6.414400004230658148e-01,-2.029689608779845932e-05,5.414399590653230510e-01
8.000000000000005718e-02,-2.158230519999999875e-01,2.772728250000000005e-01,-1.650189402000000083e+00,-5.606926829999999695e-01,4.144780339999999952e-01,5.216443060000000020e-01,-2.158229365810335476e-01,2.772728888483198539e-01,-1.650188929184390529e+00,-5.606942862513067949e-01,4.144778660268236270e-01,5.216458894020100656e-01,-1.151656999999999941e-03,7.767699999999999507e-05,1.259534000000000088e-03,-3.906119999999999905e-03,-4.266739999999999877e-04,3.828310000000000133e-03,-1.136102857217975368e-03,7.803160465164606606e-05,1.253717600948704540e-03,-3.889676739238321496e-03,-4.245624512654609444e-04,3.812519326169602069e-03,-4.582765196434356730e-02,-2.706036994611318036e+01,1.316007497531924564e+01,2.084323455779367507e+00,7.677726711899439394e-02,4.903561873220811922e-04,9.084640700166346505e+01,9.098839199941721745e+01,6.414400000339246510e-01,-2.457810232173808550e-05,5.414399956528147539e-01,6.414399997021535960e-01,-2.457342372779883365e-05,5.414399555797693164e-01
8.500000000000006162e-02,-2.158291669999999884e-01,2.772732370000000057e-01,-1.650182714999999911e+00,-5.607134230000000441e-01,4.144757680000000222e-01,5.216646320000000170e-01,-2.158290472139335614e-01,2.772733081387480647e-01,-1.650182189547918288e+00,-5.607151957160727562e-01,4.144755832697091247e-01,5.216663840737681967e-01,-1.295506999999999995e-03,8.740800000000000067e-05,1.416930999999999963e-03,-4.394308999999999889e-03,-4.800049999999999825e-04,4.306794000000000074e-03,-1.279500952093496312e-03,8.774059002551402571e-05,1.410622185227469261e-03,-4.376163145291128709e-03,-4.776733438621909105e-04,4.289355667571160581e-03,-4.854073093875835992e-02,-2.706049632519153647e+01,1.316054215244489711e+01,2.084105134545362503e+00,7.677624914527803046e-02,4.902979128790197708e-04,9.824168100021779537e+01,9.833990699917194434e+01,6.414399987298673445e-01,-2.940323975083858332e-05,5.414399953799924337e-01,6.414399988938275232e-01,-2.940316165290469830e-05,5.414399520675249322e-01
9.000000000000006606e-02,-2.158360209999999890e-01,2.772736989999999846e-01,-1.650175219000000082e+00,-5.607366689999999654e-01,4.144732289999999986e-01,5.216874160000000149e-01,-2.158358985900507843e-01,2.772737775903229007e-01,-1.650174639465995741e+00,-5.607386181114403234e-01,4.144730261094617951e-01,5.216893418424279893e-01,-1.447235999999999965e-03,9.768200000000000429e-05,1.582971000000000074e-03,-4.909323999999999633e-03,-5.362680000000000094e-04,4.811577000000000041e-03,-1.430819664114532956e-03,9.798810682809918010e-05,1.576154068874980121e-03,-4.889416772771125463e-03,-5.337089382788744434e-04,4.792433723939447041e-03,-5.122132715349878018e-02,-2.706062239943366166e+01,1.316100508234686828e+01,2.083886567486450847e+00,7.677512431287392136e-02,4.902404581791827134e-04,9.183454700178117491e+01,9.192866500234231353e+01,6.414399974424377371e-01,-3.481156508620897522e-05,5.414399954999769005e-01,6.414399979830325282e-01,-3.481751655565619555e-05,5.414399485062937334e-01
9.500000000000007050e-02,-2.158436529999999964e-01,2.772742140000000188e-01,-1.650166872000000007e+00,-5.607625560000000231e-01,4.144704009999999883e-01,5.217127870000000112e-01,-2.158435300108647592e-01,2.772742998889169974e-01,-1.650166236114131380e+00,-5.607646863602293585e-01,4.144701800147134740e-01,5.217148930439129417e-01,-1.606746000000000042e-03,1.084939999999999950e-04,1.757553000000000023e-03,-5.450858000000000265e-03,-5.954299999999999827e-04,5.342359999999999991e-03,-1.589958617443713385e-03,1.087718848072147661e-04,1.750208522061295728e-03,-5.429129654360398752e-03,-5.926371700055980572e-04,5.321459201281791319e-03,-5.386868634314229132e-02,-2.706074752106902181e+01,1.316146302907749188e+01,2.083667521941687362e+00,7.677387292595874713e-02,4.901844522948170047e-04,8.749261499906424433e+01,8.759488199939369224e+01,6.414399959791714512e-01,-4.083402694444147885e-05,5.414399949904108444e-01,6.414399969548839620e-01,-4.084751521365077864e-05,5.414399448556830308e-01
1.000000000000000749e-01,-2.158521019999999901e-01,2.772747839999999964e-01,-1.650157630999999903e+00,-5.607912130000000106e-01,4.144672710000000260e-01,5.217408730000000494e-01,-2.158519802793174847e-01,2.772748776930474279e-01,-1.650156937174145133e+00,-5.607935318064731778e-01,4.144670306220206157e-01,5.217431665365279692e-01,-1.773938999999999985e-03,1.198390000000000024e-04,1.940576000000000063e-03,-6.018601000000000159e-03,-6.574569999999999633e-04,5.898841000000000154e-03,-1.756818548182372593e-03,1.200843192887380651e-04,1.932686602132078872e-03,-5.994980875903841225e-03,-6.544234535041876591e-04,5.876135791416474234e-03,-5.648290027525501578e-02,-2.706087484970106871e+01,1.316191764572102230e+01,2.083448189649982574e+00,7.677251814497115801e-02,4.901306182406478832e-04,8.906186699823592789e+01,8.918287099731969647e+01,6.414399944225566141e-01,-4.750125802578162004e-05,5.414399949660708700e-01,6.414399957938384800e-01,-4.752380198397492206e-05,5.414399410747403607e-01
1.050000000000000794e-01,-2.158614050000000062e-01,2.772754130000000261e-01,-1.650147452999999986e+00,-5.608227820000000197e-01,4.144638230000000090e-01,5.217718139999999449e-01,-2.158612877150537790e-01,2.772755136275956711e-01,-1.650146700904100650e+00,-5.608252839444332061e-01,4.144635640343615202e-01,5.217742890582607318e-01,-1.948735999999999958e-03,1.316880000000000036e-04,2.131838000000000049e-03,-6.612050000000000392e-03,-7.222160000000000255e-04,6.480510000000000090e-03,-1.931304531037105572e-03,1.319192685102841113e-04,2.123462198610981400e-03,-6.586567832519653679e-03,-7.189353873167889661e-04,6.455954302604508151e-03,-5.906399864480342543e-02,-2.706100235789296704e+01,1.316236754512480545e+01,2.083228611429847721e+00,7.677117211052694734e-02,4.900671237916116819e-04,8.737616600046749227e+01,8.749732399883214384e+01,6.414399925579578055e-01,-5.484319726138976860e-05,5.414399933475474436e-01,6.414399944860560421e-01,-5.487662401527061630e-05,5.414399371549150075e-01
1.100000000000000838e-01,-2.158716009999999963e-01,2.772761029999999960e-01,-1.650136295999999891e+00,-5.608573860000000133e-01,4.144600419999999730e-01,5.218057299999999676e-01,-2.158714902058679053e-01,2.772762101802799251e-01,-1.650135486490857728e+00,-5.608600701591169857e-01,4.144597666885476150e-01,5.218083855040663854e-01,-2.131037000000000122e-03,1.440389999999999943e-04,2.331248000000000174e-03,-7.230916000000000426e-03,-7.896830000000000082e-04,7.087089000000000409e-03,-2.113335897009893487e-03,1.442351055498490976e-04,2.322309797112505174e-03,-7.203455893376097159e-03,-7.861499809468349212e-04,7.060639900756233989e-03,-6.161427566811476797e-02,-2.706113173726361865e+01,1.316280635387064279e+01,2.083007618212441958e+00,7.676948069771503957e-02,4.900186912669660284e-04,9.144752399879507720e+01,9.154813900022418238e+01,6.414399906349792513e-01,-6.289040357999101636e-05,5.414399913766733130e-01,6.414399929565192116e-01,-6.293584805754936259e-05,5.414399330414850775e-01
1.150000000000000883e-01,-2.158827259999999970e-01,2.772768560000000160e-01,-1.650124122000000026e+00,-5.608951469999999828e-01,4.144559170000000070e-01,5.218427410000000544e-01,-2.158826251227214110e-01,2.772769698280788120e-01,-1.650123253559899528e+00,-5.608980165680504948e-01,4.144556250401968955e-01,5.218455795967340549e-01,-2.320736999999999800e-03,1.568979999999999876e-04,2.538747999999999960e-03,-7.874977000000000019e-03,-8.598670000000000532e-04,7.718369999999999571e-03,-2.302794145715653888e-03,1.570560019883578378e-04,2.529233539400086751e-03,-7.845512349299159707e-03,-8.560763030521811087e-04,7.689985117079245480e-03,-6.412972257837819268e-02,-2.706126061707015040e+01,1.316324600311064685e+01,2.082785667349949854e+00,7.676774795028290521e-02,4.899635096571816357e-04,8.818197000073269010e+01,8.828377100144280121e+01,6.414399883281141079e-01,-7.167114892673025379e-05,5.414399889117336162e-01,6.414399911259639486e-01,-7.173096722417281711e-05,5.414399286473232653e-01
1.200000000000000927e-01,-2.158948189999999878e-01,2.772776750000000012e-01,-1.650110890000000108e+00,-5.609361899999999457e-01,4.144514329999999802e-01,5.218829680000000026e-01,-2.158947293027577707e-01,2.772777950884589560e-01,-1.650109962046711010e+00,-5.609392480413124549e-01,4.144511256563618851e-01,5.218859937247758429e-01,-2.517739000000000175e-03,1.702610000000000018e-04,2.754229999999999873e-03,-8.543917999999999305e-03,-9.327260000000000412e-04,8.374042999999999418e-03,-2.499580336916796923e-03,1.703793402835994104e-04,2.744127336380808042e-03,-8.512409883551154410e-03,-9.286711728515756629e-04,8.343683530345565383e-03,-6.661219688091393754e-02,-2.706138949057519838e+01,1.316368132164822136e+01,2.082562708491820569e+00,7.676587485089887697e-02,4.899102745914343110e-04,9.236793899981421418e+01,9.246676700058742426e+01,6.414399858235242391e-01,-8.121607039122276091e-05,5.414399858453556869e-01,6.414399889404240884e-01,-8.129109320656717084e-05,5.414399238868613518e-01
1.250000000000000833e-01,-2.159079150000000058e-01,2.772785609999999790e-01,-1.650096559000000074e+00,-5.609806389999999476e-01,4.144465780000000099e-01,5.219265339999999975e-01,-2.159078390886066401e-01,2.772786884508338656e-01,-1.650095572431269586e+00,-5.609838877934454349e-01,4.144462553039315322e-01,5.219297487522691625e-01,-2.721947000000000168e-03,1.841230000000000123e-04,2.977586999999999855e-03,-9.237422999999999815e-03,-1.008222000000000024e-03,9.053800000000000736e-03,-2.703595590909741754e-03,1.841975147553232038e-04,2.966880425349969087e-03,-9.203814900377424793e-03,-1.003896779587212275e-03,9.021431313699677240e-03,-6.906151179187150491e-02,-2.706151995707325142e+01,1.316411257292404358e+01,2.082338680150800592e+00,7.676384807829085555e-02,4.898597419286264323e-04,8.897815099771833047e+01,8.906970200041541830e+01,6.414399829423500510e-01,-9.155297565705757966e-05,5.414399837227970025e-01,6.414399863422858283e-01,-9.164495575980107400e-05,5.414399186698303224e-01
1.300000000000000877e-01,-2.159220500000000043e-01,2.772795180000000026e-01,-1.650081093999999915e+00,-5.610286129999999538e-01,4.144413399999999914e-01,5.219735540000000062e-01,-2.159219903477428704e-01,2.772796523713410011e-01,-1.650080045801343154e+00,-5.610320571774534137e-01,4.144410012021661482e-01,5.219769634852086115e-01,-2.933277000000000193e-03,1.984549999999999964e-04,3.208626999999999920e-03,-9.955009000000000774e-03,-1.086228999999999971e-03,9.757154999999999995e-03,-2.914747440592096745e-03,1.985045040710640594e-04,3.197364060192590344e-03,-9.919329327181099221e-03,-1.081627556128633314e-03,9.722745032594985390e-03,-7.147858176167801170e-02,-2.706165064576575929e+01,1.316453905758459797e+01,2.082113614892474374e+00,7.676177709531349647e-02,4.898014663717537107e-04,9.071260099881328642e+01,9.080665099827456288e+01,6.414399794605494254e-01,-1.027101240424058203e-04,5.414399800460154566e-01,6.414399832703271409e-01,-1.028208949443834200e-04,5.414399129241890263e-01
1.350000000000000921e-01,-2.159372589999999925e-01,2.772805460000000166e-01,-1.650064462000000010e+00,-5.610802270000000425e-01,4.144357129999999834e-01,5.220241429999999960e-01,-2.159372186208255440e-01,2.772806890092806564e-01,-1.650063344836440349e+00,-5.610838740639488842e-01,4.144353516520133396e-01,5.220277533428591132e-01,-3.151670999999999986e-03,2.131930000000000034e-04,3.446999000000000070e-03,-1.069588200000000031e-02,-1.166465999999999901e-03,1.048329299999999943e-02,-3.132988589553663012e-03,2.132053754535441254e-04,3.435133509425878154e-03,-1.065805783150591303e-02,-1.161586686914055193e-03,1.044681814557771662e-02,-7.386592339231896898e-02,-2.706178655378428743e+01,1.316494607571611652e+01,2.081887397767688164e+00,7.675943903403092961e-02,4.897516778442284136e-04,8.960174199819448404e+01,8.970317099738167599e+01,6.414399742220564526e-01,-1.147144779062980177e-04,5.414399749418663532e-01,6.414399795389508219e-01,-1.148468364466974053e-04,5.414399065658028753e-01
1.400000000000000966e-01,-2.159535780000000071e-01,2.772816499999999906e-01,-1.650046616000000022e+00,-5.611356069999999807e-01,4.144296760000000246e-01,5.220784219999999864e-01,-2.159535589189337246e-01,2.772818005360545013e-01,-1.650045432596515926e+00,-5.611394551745991777e-01,4.144292949250115154e-01,5.220822327086362957e-01,-3.376993000000000009e-03,2.283900000000000003e-04,3.692832999999999966e-03,-1.146019700000000009e-02,-1.249127000000000050e-03,1.123240399999999965e-02,-3.358174038011801400e-03,2.283674513971097313e-04,3.680358450722364706e-03,-1.142021435354074674e-02,-1.243968525083151682e-03,1.119384309941005504e-02,-7.621748992997394445e-02,-2.706191938397600083e+01,1.316536052829740377e+01,2.081658844159034238e+00,7.675695438191507125e-02,4.897000323942127774e-04,8.939008500237832777e+01,8.953454400034388527e+01,6.414399687027705355e-01,-1.275954211941124252e-04,5.414399691988865948e-01,6.414399749645769422e-01,-1.277503357652092983e-04,5.414398994720560632e-01
1.450000000000001010e-01,-2.159710410000000025e-01,2.772828310000000074e-01,-1.650027520000000081e+00,-5.611948690000000406e-01,4.144232159999999832e-01,5.221365059999999447e-01,-2.159710456738618556e-01,2.772829892279031760e-01,-1.650026272150736384e+00,-5.611989166453810185e-01,4.144228190579558047e-01,5.221405153786362607e-01,-3.609147000000000050e-03,2.440400000000000013e-04,3.946011999999999610e-03,-1.224762199999999968e-02,-1.334162000000000065e-03,1.200416299999999999e-02,-3.590207358440265090e-03,2.439807977641572569e-04,3.932922698057566765e-03,-1.220546104191067190e-02,-1.328721754584133181e-03,1.196349582711638340e-02,-7.853653385976701318e-02,-2.706205454826801216e+01,1.316577097707580535e+01,2.081428664263917927e+00,7.675430919981918176e-02,4.896496354697547123e-04,8.757913299996289425e+01,8.767449999868404120e+01,6.414399623631583669e-01,-1.413798325087393438e-04,5.414399629692188132e-01,6.414399694121283302e-01,-1.415585892247276463e-04,5.414398915067580864e-01
1.500000000000001055e-01,-2.159896809999999889e-01,2.772840910000000103e-01,-1.650007140999999899e+00,-5.612581239999999694e-01,4.144163269999999732e-01,5.221985030000000361e-01,-2.159897128348867990e-01,2.772842573268289312e-01,-1.650005827161477701e+00,-5.612623729422134833e-01,4.144159123512567433e-01,5.222027135198448189e-01,-3.848036999999999899e-03,2.601360000000000044e-04,4.206416999999999622e-03,-1.305782100000000071e-02,-1.421516000000000056e-03,1.279824000000000066e-02,-3.828991994794889598e-03,2.600406246934121898e-04,4.192705981017256708e-03,-1.301346648363778218e-02,-1.415792729176049754e-03,1.275544937397923330e-02,-8.082321794993782560e-02,-2.706218952079332496e+01,1.316617626627461490e+01,2.081196490584487968e+00,7.675148025605382784e-02,4.895998162991826129e-04,9.335273099713958800e+01,9.344906800106400624e+01,6.414399546713352995e-01,-1.560934119949682227e-04,5.414399556476685582e-01,6.414399627335708454e-01,-1.562984164012241027e-04,5.414398825182816788e-01
1.550000000000001099e-01,-2.160095320000000041e-01,2.772854330000000256e-01,-1.649985446000000078e+00,-5.613254819999999867e-01,4.144090000000000273e-01,5.222645230000000360e-01,-2.160095938680532957e-01,2.772856070432307973e-01,-1.649984061883450037e+00,-5.613299368514822474e-01,4.144085633713989747e-01,5.222689376630068603e-01,-4.093567000000000213e-03,2.766690000000000035e-04,4.473925999999999598e-03,-1.389045900000000083e-02,-1.511137999999999978e-03,1.361430700000000084e-02,-4.074431238701980811e-03,2.765395912308230507e-04,4.459591043634946080e-03,-1.384389181495393820e-02,-1.505128536566419008e-03,1.356937633336751693e-02,-8.307739344358794353e-02,-2.706232592961082517e+01,1.316657725755744224e+01,2.080962383316575792e+00,7.674847380133281716e-02,4.895510657848624369e-04,9.152592200189246796e+01,9.162106800067704171e+01,6.414399453540028384e-01,-1.717626879765193676e-04,5.414399458643291974e-01,6.414399547688772740e-01,-1.719962600888464538e-04,5.414398723398882174e-01
1.600000000000001144e-01,-2.160306280000000023e-01,2.772868589999999966e-01,-1.649962391999999944e+00,-5.613970640000000012e-01,4.144012140000000177e-01,5.223346810000000229e-01,-2.160307217490437803e-01,2.772870405358976997e-01,-1.649960941180865115e+00,-5.614017195002820593e-01,4.144007609483286170e-01,5.223392967083909655e-01,-4.345640999999999914e-03,2.936319999999999967e-04,4.748421000000000065e-03,-1.474519999999999997e-02,-1.602972000000000034e-03,1.445203400000000075e-02,-4.326426106613733870e-03,2.934653879835042345e-04,4.733452897619762345e-03,-1.469640988641758919e-02,-1.596676646007330527e-03,1.440495152143786775e-02,-8.529838088700232579e-02,-2.706246469025889922e+01,1.316697350511523190e+01,2.080726084124270514e+00,7.674528303936564710e-02,4.895026607377580760e-04,8.840691799923661165e+01,8.851174699884722941e+01,6.414399348906320020e-01,-1.884154056104582974e-04,5.414399350677816525e-01,6.414399453378101246e-01,-1.886781815318660214e-04,5.414398607915130723e-01
1.650000000000001188e-01,-2.160529999999999951e-01,2.772883700000000062e-01,-1.649937946999999960e+00,-5.614729729999999863e-01,4.143929630000000031e-01,5.224090820000000246e-01,-2.160531289512391817e-01,2.772885599319058758e-01,-1.649936430520039687e+00,-5.614778303483017874e-01,4.143924941918336602e-01,5.224138979150875217e-01,-4.604162999999999659e-03,3.110170000000000209e-04,5.029778999999999847e-03,-1.562170899999999925e-02,-1.696961999999999993e-03,1.531109100000000063e-02,-4.584875152029526529e-03,3.108156504879409487e-04,5.014174175391603733e-03,-1.557068303386902573e-02,-1.690378812439020549e-03,1.526184470483737260e-02,-8.748567503432432002e-02,-2.706260325058598326e+01,1.316736490453606656e+01,2.080487550911922945e+00,7.674190738306865822e-02,4.894550438834507694e-04,9.058059699964360334e+01,9.076003600057447329e+01,6.414399228081203441e-01,-2.060757331095305553e-04,5.414399238482103804e-01,6.414399342454307762e-01,-2.063698535278736524e-04,5.414398476734038068e-01
1.700000000000001232e-01,-2.160766799999999932e-01,2.772899690000000250e-01,-1.649912083999999890e+00,-5.615533150000000528e-01,4.143842429999999855e-01,5.224878259999999885e-01,-2.160768474631890590e-01,2.772901673242244014e-01,-1.649910495967666701e+00,-5.615583771759888876e-01,4.143837524883978718e-01,5.224928468991837383e-01,-4.869036999999999671e-03,3.288170000000000199e-04,5.317877999999999841e-03,-1.651964699999999842e-02,-1.793052999999999965e-03,1.619114699999999948e-02,-4.849684393885019158e-03,3.285805861604804796e-04,5.301633005027939043e-03,-1.646637665770571413e-02,-1.786181648936287052e-03,1.613972840810228709e-02,-8.964127700342762461e-02,-2.706274379299815891e+01,1.316775190553154573e+01,2.080246610544413954e+00,7.673833101055724248e-02,4.894081309555440304e-04,8.839870799783966504e+01,8.849875299711129628e+01,6.414399080964127142e-01,-2.247683882049252100e-04,5.414399089980035384e-01,6.414399212822665675e-01,-2.250965720938949768e-04,5.414398327697993452e-01
1.750000000000001277e-01,-2.161017000000000077e-01,2.772916590000000236e-01,-1.649884756999999924e+00,-5.616382049999999460e-01,4.143750290000000058e-01,5.225710279999999930e-01,-2.161019087966958019e-01,2.772918647715577611e-01,-1.649883104202478412e+00,-5.616434660851651328e-01,4.143745255078671863e-01,5.225762476366903053e-01,-5.140167000000001908e-03,3.470230000000001230e-04,5.612594000000001998e-03,-1.743867700000000312e-02,-1.891186000000000646e-03,1.709187200000000448e-02,-5.120757568851982966e-03,3.467553020570438428e-04,5.595706630050220967e-03,-1.738315432109666797e-02,-1.884026307989379676e-03,1.703827429307231897e-02,-9.176464362533173769e-02,-2.706288450406679047e+01,1.316813389132807899e+01,2.080003075088474596e+00,7.673454757883067801e-02,4.893620803397142867e-04,9.057943299922044389e+01,9.074540400251862593e+01,6.414398922270643233e-01,-2.445200765590596799e-04,5.414398931653744418e-01,6.414399062221673997e-01,-2.448832615692157159e-04,5.414398158442143005e-01
1.800000000000001321e-01,-2.161280919999999939e-01,2.772934400000000021e-01,-1.649855947000000045e+00,-5.617277370000000047e-01,4.143653259999999783e-01,5.226587790000000178e-01,-2.161283439747518076e-01,2.772936542930886095e-01,-1.649854222522428637e+00,-5.617332014979158350e-01,4.143648032084810140e-01,5.226642024451361168e-01,-5.417454999999999840e-03,3.656290000000000191e-04,5.913802999999999595e-03,-1.837845899999999977e-02,-1.991304000000000164e-03,1.801292999999999991e-02,-5.397995914224159100e-03,3.653298862068262505e-04,5.896270489522905181e-03,-1.832068044143352753e-02,-1.983855905390180009e-03,1.795714846163696393e-02,-9.385494813256063662e-02,-2.706302726425298388e+01,1.316851129608383353e+01,2.079756914705755300e+00,7.673056074685619121e-02,4.893162858377645384e-04,8.770773200012627058e+01,8.780555900011677295e+01,6.414398729555540468e-01,-2.653543568783861442e-04,5.414398736346074381e-01,6.414398888198925563e-01,-2.657544667544402641e-04,5.414397966400951168e-01
1.850000000000001366e-01,-2.161558849999999921e-01,2.772953160000000139e-01,-1.649825611000000025e+00,-5.618220219999999765e-01,4.143551149999999961e-01,5.227511889999999495e-01,-2.161561835343361604e-01,2.772955378661525194e-01,-1.649823818849989632e+00,-5.618276861496981356e-01,4.143545758425742354e-01,5.227568119916571332e-01,-5.700806000000000102e-03,3.846249999999999843e-04,6.221380999999999786e-03,-1.933865599999999921e-02,-2.093347000000000176e-03,1.895399199999999937e-02,-5.681303265831179512e-03,3.842969977070564654e-04,6.203199459688156850e-03,-1.927861656922276803e-02,-2.085610347543014661e-03,1.889602341835634400e-02,-9.591299108004298912e-02,-2.706317109510801089e+01,1.316888387499212421e+01,2.079507950995930443e+00,7.672635974960398397e-02,4.892715823483889106e-04,8.594196600097347982e+01,8.604060300058335997e+01,6.414398516992589894e-01,-2.872955714001628282e-04,5.414398520820717930e-01,6.414398688099254286e-01,-2.877343545933844877e-04,5.414397748813256639e-01
1.900000000000001410e-01,-2.161851100000000137e-01,2.772972870000000034e-01,-1.649793720999999991e+00,-5.619211579999999762e-01,4.143443880000000079e-01,5.228483529999999879e-01,-2.161854575170157333e-01,2.772975174310919888e-01,-1.649791861724938746e+00,-5.619270210885960459e-01,4.143438339600264420e-01,5.228541752851154634e-01,-5.990124000000000316e-03,4.040030000000000010e-04,6.535201000000000031e-03,-2.031892600000000104e-02,-2.197254000000000047e-03,1.991472099999999981e-02,-5.970578594164415408e-03,4.036491994955678083e-04,6.516371196577489498e-03,-2.025662591846700070e-02,-2.189230530744067961e-03,1.985456477239764747e-02,-9.793742986886126711e-02,-2.706331656340310943e+01,1.316925194272792687e+01,2.079256166045619914e+00,7.672195064865675040e-02,4.892271819095440248e-04,8.991079000043100677e+01,9.003483099877485074e+01,6.414398273940722373e-01,-3.103677561998131949e-04,5.414398283310656312e-01,6.414398459084057480e-01,-3.108467090646318642e-04,5.414397502730931011e-01
1.950000000000001454e-01,-2.162157959999999879e-01,2.772993559999999968e-01,-1.649760249000000067e+00,-5.620252439999999794e-01,4.143331399999999887e-01,5.229503680000000543e-01,-2.162161954741906034e-01,2.772995948836938229e-01,-1.649758320321739635e+00,-5.620313056649495209e-01,4.143325684188975400e-01,5.229563896667452916e-01,-6.285312000000000364e-03,4.237569999999999748e-04,6.855136999999999863e-03,-2.131892900000000035e-02,-2.302963999999999792e-03,2.089478399999999958e-02,-6.265725861832468872e-03,4.233765977871822698e-04,6.835655709577891613e-03,-2.125436713658481955e-02,-2.294653146178904281e-03,2.083243961193048666e-02,-9.992955454383313507e-02,-2.706346375161423978e+01,1.316961511949933694e+01,2.079001337321245479e+00,7.671731920331704979e-02,4.891836533912382722e-04,8.745990500028710812e+01,8.772465600122814067e+01,6.414397995405478614e-01,-3.345936903194246699e-04,5.414398004688928401e-01,6.414398198091486591e-01,-3.351149334232116257e-04,5.414397225009082160e-01
2.000000000000001499e-01,-2.162479730000000100e-01,2.773015249999999932e-01,-1.649725160000000024e+00,-5.621343800000000446e-01,4.143213559999999740e-01,5.230573320000000415e-01,-2.162484264776004250e-01,2.773017720775100003e-01,-1.649723164451137869e+00,-5.621406375324694560e-01,4.143207703872315850e-01,5.230635508138439249e-01,-6.586273999999999601e-03,4.438770000000000194e-04,7.181060999999999868e-03,-2.233832300000000021e-02,-2.410414000000000046e-03,2.189384600000000153e-02,-6.566649205446060261e-03,4.434717102216700728e-04,7.160927573345400761e-03,-2.227150228743053628e-02,-2.401817087241081648e-03,2.182931526919858201e-02,-1.018895781464462802e-01,-2.706361229485424857e+01,1.316997361070251316e+01,2.078743358707257904e+00,7.671245936653575681e-02,4.891406832086665031e-04,8.668884600047022104e+01,8.679787299843155779e+01,6.414397684667045851e-01,-3.599975509803655829e-04,5.414397694645822767e-01,6.414397901835618976e-01,-3.605620575631652072e-04,5.414396912285495134e-01
2.050000000000001543e-01,-2.162816680000000102e-01,2.773037959999999913e-01,-1.649688427999999929e+00,-5.622486589999999840e-01,4.143090329999999932e-01,5.231693370000000121e-01,-2.162821791115290548e-01,2.773040508290103845e-01,-1.649686364554226126e+00,-5.622551126411885480e-01,4.143084313419711506e-01,5.231757527323178669e-01,-6.892912000000001906e-03,4.643550000000001171e-04,7.512844000000002027e-03,-2.337676600000000715e-02,-2.519541000000000575e-03,2.291156900000000662e-02,-6.873250047252033902e-03,4.639271643533741094e-04,7.492060298001517599e-03,-2.330768880749714903e-02,-2.510660141308718694e-03,2.284485642942947481e-02,-1.038166804911374586e-01,-2.706376227430526882e+01,1.317032740510044420e+01,2.078482175459801518e+00,7.670736962660702762e-02,4.890984441152001127e-04,8.832634700229391456e+01,8.851046199924894609e+01,6.414397334662496064e-01,-3.866004972648048182e-04,5.414397340543160020e-01,6.414397566827922947e-01,-3.872107339589166207e-04,5.414396560985497153e-01
2.100000000000001588e-01,-2.163169110000000006e-01,2.773061700000000185e-01,-1.649650022999999965e+00,-5.623681780000000519e-01,4.142961589999999972e-01,5.232864780000000549e-01,-2.163174814685435154e-01,2.773064329174714238e-01,-1.649647891716614190e+00,-5.623748252394231706e-01,4.142955430751310009e-01,5.232930877549293314e-01,-7.205131000000000036e-03,4.851839999999999951e-04,7.850357000000000515e-03,-2.443391500000000049e-02,-2.630280999999999939e-03,2.394761800000000038e-02,-7.185430198652786524e-03,4.847354773877658469e-04,7.828923379778628469e-03,-2.436258787218716776e-02,-2.621118775279453455e-03,2.387872895786674263e-02,-1.057110082559657993e-01,-2.706391324377922558e+01,1.317067604400796021e+01,2.078217564673336959e+00,7.670203870007993863e-02,4.890567810452508017e-04,8.859717599989380687e+01,8.872963099929620512e+01,6.414396940243222156e-01,-4.144262939206497741e-04,5.414396941556096632e-01,6.414397189351277451e-01,-4.150832347922506476e-04,5.414396167260567827e-01
2.150000000000001632e-01,-2.163537289999999946e-01,2.773086479999999909e-01,-1.649609912999999928e+00,-5.624930299999999495e-01,4.142827250000000183e-01,5.234088449999999559e-01,-2.163543611649918208e-01,2.773089200772234086e-01,-1.649607717682847641e+00,-5.624998678580519496e-01,4.142820977134129556e-01,5.234156465272065129e-01,-7.522833999999999945e-03,5.063539999999999838e-04,8.193469000000000099e-03,-2.550942499999999877e-02,-2.742567999999999916e-03,2.500165400000000163e-02,-7.503096377721308989e-03,5.058866558731889718e-04,8.171384184799217881e-03,-2.543585292353682525e-02,-2.733123798116539500e-03,2.493059323614812972e-02,-1.075738249419190273e-01,-2.706406605029601664e+01,1.317101984030720274e+01,2.077949447779521286e+00,7.669646744238645120e-02,4.890158156409843112e-04,8.970734900140087120e+01,8.983565800008364022e+01,6.414396501522041660e-01,-4.434966113206592793e-04,5.414396514099015789e-01,6.414396765427274882e-01,-4.442014602277045499e-04,5.414395727008488590e-01
2.200000000000001676e-01,-2.163921480000000064e-01,2.773112340000000176e-01,-1.649568080000000103e+00,-5.626233010000000201e-01,4.142687319999999729e-01,5.235365229999999759e-01,-2.163928453284666431e-01,2.773115140079144281e-01,-1.649565814836690736e+00,-5.626303313122789085e-01,4.142680877132561279e-01,5.235435180106635666e-01,-7.845925000000000121e-03,5.278579999999999731e-04,8.542051000000000158e-03,-2.660295199999999916e-02,-2.856335000000000211e-03,2.607333900000000093e-02,-7.826147852528827359e-03,5.273758013765463513e-04,8.519318071361912589e-03,-2.652714314757071215e-02,-2.846611440832130541e-03,2.600011437590558569e-02,-1.094032647425220439e-01,-2.706421983766564310e+01,1.317135894624718517e+01,2.077677803005697044e+00,7.669065529594304431e-02,4.889754621505799578e-04,8.706003000042983331e+01,8.717290499771479517e+01,6.414396006668325878e-01,-4.738314538790607705e-04,5.414396008260593529e-01,6.414396290865217454e-01,-4.745869324231790721e-04,5.414395235895850256e-01
2.250000000000001721e-01,-2.164321969999999928e-01,2.773139279999999873e-01,-1.649524484000000069e+00,-5.627590900000000174e-01,4.142541590000000107e-01,5.236696079999999531e-01,-2.164329605979226911e-01,2.773142163618361189e-01,-1.649522156223773184e+00,-5.627663047066906454e-01,4.142535058544598026e-01,5.236767894856119154e-01,-8.174305999999999239e-03,5.496869999999999838e-04,8.895969000000000099e-03,-2.771415299999999832e-02,-2.971516999999999908e-03,2.716233499999999926e-02,-8.154488897041383549e-03,5.491903940327425970e-04,8.872587520973057584e-03,-2.763611558598005197e-02,-2.961516445285583121e-03,2.708695527152638755e-02,-1.112004811019459138e-01,-2.706437599316321396e+01,1.317169296559706027e+01,2.077402395307072602e+00,7.668458549426442061e-02,4.889357703338944585e-04,9.412008599974797107e+01,9.421127700261422433e+01,6.414395462803241799e-01,-5.054548253523084324e-04,5.414395465779461292e-01,6.414395761194977563e-01,-5.062607952961013487e-04,5.414394689320438658e-01
2.300000000000001765e-01,-2.164738999999999969e-01,2.773167309999999830e-01,-1.649479109999999915e+00,-5.629004730000000123e-01,4.142390129999999893e-01,5.238081759999999587e-01,-2.164747331190532975e-01,2.773170287438177506e-01,-1.649476715553993333e+00,-5.629078754132849083e-01,4.142383452610205463e-01,5.238155465358563800e-01,-8.507881000000000124e-03,5.718319999999999827e-04,9.255091000000000012e-03,-2.884267800000000007e-02,-3.088042999999999951e-03,2.826829999999999968e-02,-8.488018906881047640e-03,5.713229595514012025e-04,9.231062798460094865e-03,-2.876242138699958845e-02,-3.077767600981291991e-03,2.819077519508166041e-02,-1.129641956814670944e-01,-2.706453384583205946e+01,1.317202229640391309e+01,2.077123285787998874e+00,7.667827530880061415e-02,4.888968680507779080e-04,8.702783099943189882e+01,8.711882399802561849e+01,6.414394852456675178e-01,-5.383846778524428375e-04,5.414394859825579776e-01,6.414395171672692131e-01,-5.392438103941146754e-04,5.414394082448777956e-01
2.350000000000001810e-01,-2.165172840000000043e-01,2.773196459999999752e-01,-1.649431928000000047e+00,-5.630475419999999565e-01,4.142232800000000270e-01,5.239523160000000290e-01,-2.165181885578031928e-01,2.773199527212640292e-01,-1.649429467189492016e+00,-5.630551290836705025e-01,4.142225993983482679e-01,5.239598730461829668e-01,-8.846553000000001790e-03,5.942840000000001533e-04,9.619283000000001041e-03,-2.998818100000000611e-02,-3.205845000000001003e-03,2.939089300000000821e-02,-8.826645034082656119e-03,5.937660060038269048e-04,9.594612988521924665e-03,-2.990571969324595097e-02,-3.195298592853404885e-03,2.931123499492902656e-02,-1.146967636580457084e-01,-2.706469296165417404e+01,1.317234674240346592e+01,2.076840183759156133e+00,7.667169719747238266e-02,4.888582014841503284e-04,8.768557700022938661e+01,8.778644400081248023e+01,6.414394176992178620e-01,-5.726430248936488412e-04,5.414394181895594294e-01,6.414394517311442501e-01,-5.735563674631554126e-04,5.414393410192536171e-01
2.400000000000001854e-01,-2.165623740000000019e-01,2.773226739999999912e-01,-1.649382907999999981e+00,-5.632003829999999711e-01,4.142069509999999899e-01,5.241021129999999806e-01,-2.165633520921320943e-01,2.773229898167842711e-01,-1.649380386163552981e+00,-5.632081496402201459e-01,4.142062620757610003e-01,5.241098512096816764e-01,-9.190225999999999257e-03,6.170359999999999517e-04,9.988411000000000858e-03,-3.115031700000000028e-02,-3.324853999999999917e-03,3.052977600000000152e-02,-9.170266514373087360e-03,6.165095961513278496e-04,9.963101662632223646e-03,-3.106566137027595709e-02,-3.314039011741327489e-03,3.044799691107365203e-02,-1.163957137021778276e-01,-2.706485407134324106e+01,1.317266613178644441e+01,2.076553107169459622e+00,7.666486052239220028e-02,4.888206736000852686e-04,8.744869400106836110e+01,8.755256199947325513e+01,6.414393436809849858e-01,-6.082501135578959007e-04,5.414393448265665265e-01,6.414393792838810615e-01,-6.092184783634392673e-04,5.414392667180989438e-01
2.450000000000001898e-01,-2.166091940000000049e-01,2.773258169999999745e-01,-1.649332032000000003e+00,-5.633590750000000424e-01,4.141900250000000172e-01,5.242576429999999954e-01,-2.166102484198625666e-01,2.773261415104824601e-01,-1.649329448188014302e+00,-5.633670192622716177e-01,4.141893274630669697e-01,5.242655615081964759e-01,-9.538803000000000212e-03,6.400789999999999952e-04,1.036233999999999940e-02,-3.232873599999999681e-02,-3.444996999999999990e-03,3.168460299999999868e-02,-9.518790476971015699e-03,6.395461863158837879e-04,1.033639359731862266e-02,-3.224189820074471746e-02,-3.433915649875602175e-03,3.160071573758234387e-02,-1.180634252493207859e-01,-2.706501624682296026e+01,1.317298039212434801e+01,2.076261832445709388e+00,7.665775120594474357e-02,4.887835076682547778e-04,8.857457999692996964e+01,8.868042800168041140e+01,6.414392619322739630e-01,-6.452246075247334428e-04,5.414392628990566392e-01,6.414392992695239215e-01,-6.462497812642929501e-04,5.414391847745714248e-01
2.500000000000001665e-01,-2.166577699999999995e-01,2.773290760000000077e-01,-1.649279278999999931e+00,-5.635236959999999629e-01,4.141725019999999979e-01,5.244189830000000052e-01,-2.166589017524240546e-01,2.773294092445461323e-01,-1.649276629645470171e+00,-5.635318183945434711e-01,4.141717900817231679e-01,5.244270827128313384e-01,-9.892187999999999676e-03,6.634030000000000179e-04,1.074093299999999938e-02,-3.352308700000000002e-02,-3.566203999999999902e-03,3.285503199999999929e-02,-9.872116703447569516e-03,6.628681668727428884e-04,1.071435536509660925e-02,-3.343408416244707942e-02,-3.554860112924380314e-03,3.276905140257689586e-02,-1.196978390932934566e-01,-2.706517994042461694e+01,1.317328967054240607e+01,2.075966364505375417e+00,7.665037037451424839e-02,4.887469805906395843e-04,8.771812499981024303e+01,8.782625499952700920e+01,6.414391715005011152e-01,-6.835864568893048427e-04,5.414391716663787824e-01,6.414392111049002088e-01,-6.846695383053065260e-04,5.414390945910695363e-01
2.550000000000001710e-01,-2.167081240000000020e-01,2.773324509999999798e-01,-1.649224618999999947e+00,-5.636943290000000495e-01,4.141543659999999960e-01,5.245862159999999941e-01,-2.167093358067345155e-01,2.773327944160964287e-01,-1.649221907603613868e+00,-5.637026257443575883e-01,4.141536448122037362e-01,5.245944918870262264e-01,-1.025028199999999945e-02,6.870010000000000179e-04,1.112405300000000007e-02,-3.473302200000000228e-02,-3.688400000000000099e-03,3.404071899999999706e-02,-1.023014716771028683e-02,6.864655885809946333e-04,1.109684756019834427e-02,-3.464187084301861841e-02,-3.676798341371750097e-03,3.395266143587501867e-02,-1.212994693441951100e-01,-2.706534540263217536e+01,1.317359368805385600e+01,2.075666538899602287e+00,7.664271474548628449e-02,4.887111231366967658e-04,8.596658200258389115e+01,8.605565700054285116e+01,6.414390723553151652e-01,-7.233542963430808796e-04,5.414390731560345671e-01,6.414391141758157833e-01,-7.244966296107440036e-04,5.414389955381245789e-01
2.600000000000001754e-01,-2.167602799999999996e-01,2.773359459999999999e-01,-1.649168031000000090e+00,-5.638710519999999837e-01,4.141356159999999842e-01,5.247594159999999786e-01,-2.167615738172212758e-01,2.773362983727175046e-01,-1.649165259818785589e+00,-5.638795182688307595e-01,4.141348869006147293e-01,5.247678643772168972e-01,-1.061298999999999923e-02,7.108629999999999463e-04,1.151156400000000017e-02,-3.595819100000000046e-02,-3.811512999999999880e-03,3.524131999999999959e-02,-1.059278638916253366e-02,7.103285719566503151e-04,1.148373357979946482e-02,-3.586490715406533136e-02,-3.799657847388367062e-03,3.515120185270103476e-02,-1.228690637463255575e-01,-2.706551300306857044e+01,1.317389285810458155e+01,2.075362311422598083e+00,7.663477934358250976e-02,4.886759610464933012e-04,8.912741500171250664e+01,8.922094300214666873e+01,6.414389641513665863e-01,-7.645470337880593426e-04,5.414389646681774249e-01,6.414390078360447944e-01,-7.657495604724437683e-04,5.414388869578846686e-01
2.650000000000001799e-01,-2.168142620000000076e-01,2.773395610000000122e-01,-1.649109493000000093e+00,-5.640539380000000325e-01,4.141162460000000212e-01,5.249386560000000035e-01,-2.168156385341167280e-01,2.773399224193379142e-01,-1.649106664733707817e+00,-5.640625711722254687e-01,4.141155119640983484e-01,5.249472738094549396e-01,-1.098021400000000029e-02,7.349789999999999709e-04,1.190332700000000000e-02,-3.719824299999999889e-02,-3.935468000000000126e-03,3.645649000000000112e-02,-1.095993662199860885e-02,7.344494846579310583e-04,1.187487570735340330e-02,-3.710284290888712921e-02,-3.923363294511190633e-03,3.636432855194443592e-02,-1.244060426133336561e-01,-2.706568183766139057e+01,1.317418678413354449e+01,2.075053542196141798e+00,7.662656059449972357e-02,4.886414621852880336e-04,8.572440699936123565e+01,8.584250499916379340e+01,6.414388461297573230e-01,-8.071835818176067339e-04,5.414388466778069509e-01,6.414388914090500826e-01,-8.084464607606243070e-04,5.414387681617905956e-01
2.700000000000001843e-01,-2.168700899999999876e-01,2.773432969999999886e-01,-1.649048985999999939e+00,-5.642430619999999619e-01,4.140962550000000242e-01,5.251240080000000310e-01,-2.168715522198456369e-01,2.773436678226055552e-01,-1.649046101475868609e+00,-5.642518578990241007e-01,4.140955160027566806e-01,5.251327920814269357e-01,-1.135185900000000060e-02,7.593429999999999971e-04,1.229920299999999987e-02,-3.845282299999999709e-02,-4.060189999999999980e-03,3.768588300000000335e-02,-1.133150042642649090e-02,7.588206547634500582e-04,1.227013750780321308e-02,-3.835532501078436213e-02,-4.047837270566529561e-03,3.759169484965661084e-02,-1.259104832852168121e-01,-2.706585219791105601e+01,1.317447571322201583e+01,2.074740191348350749e+00,7.661806088734758602e-02,4.886076102121640619e-04,8.769224500065320171e+01,8.781556600297335535e+01,6.414387171530320231e-01,-8.512800495147691783e-04,5.414387178248336596e-01,6.414387641893218861e-01,-8.526050825013510061e-04,5.414386384306482114e-01
2.750000000000001887e-01,-2.169277870000000108e-01,2.773471550000000119e-01,-1.648986492999999998e+00,-5.644384909999999866e-01,4.140756409999999943e-01,5.253155390000000535e-01,-2.169293366561493852e-01,2.773475357962795762e-01,-1.648983549872331089e+00,-5.644474501352637619e-01,4.140748953933938159e-01,5.253244893518322911e-01,-1.172782600000000022e-02,7.839430000000000530e-04,1.269905099999999940e-02,-3.972157999999999939e-02,-4.185603000000000413e-03,3.892914900000000317e-02,-1.170738253341692924e-02,7.834295670631245215e-04,1.266937675496624879e-02,-3.962200274775941333e-02,-4.173005833167542367e-03,3.883295224282975328e-02,-1.273828965158962934e-01,-2.706602520824042557e+01,1.317475958017260318e+01,2.074422107473947730e+00,7.660926680509053122e-02,4.885740541403760760e-04,8.706964099837932736e+01,8.717225399959716015e+01,6.414385761950959219e-01,-8.968542689358544777e-04,5.414385767575147224e-01,6.414386254367299145e-01,-8.982428040412048691e-04,5.414384970162129385e-01
2.800000000000001932e-01,-2.169873750000000101e-01,2.773511359999999981e-01,-1.648921990999999920e+00,-5.646402990000000122e-01,4.140543999999999891e-01,5.255133199999999505e-01,-2.169890131333439831e-01,2.773515275067242047e-01,-1.648918990453008382e+00,-5.646494178085168514e-01,4.140536468887499599e-01,5.255224340536188699e-01,-1.210802000000000059e-02,8.087720000000000282e-04,1.310273099999999941e-02,-4.100415999999999783e-02,-4.311628999999999982e-03,4.018594200000000227e-02,-1.208748264605544361e-02,8.082687666427200174e-04,1.307245399223048478e-02,-4.090252381236299251e-02,-4.298792982508760178e-03,4.008775785368836470e-02,-1.288219742224138153e-01,-2.706619945667233296e+01,1.317503810430440403e+01,2.074099230507044034e+00,7.660017853445741376e-02,4.885414763245741815e-04,8.859699200183968060e+01,8.869593600320513360e+01,6.414384227776104286e-01,-9.439239539798409189e-04,5.414384238590714826e-01,6.414384743769651065e-01,-9.453766237308015418e-04,5.414383431362370658e-01
2.850000000000001976e-01,-2.170488740000000027e-01,2.773552429999999736e-01,-1.648855460999999911e+00,-5.648485540000000027e-01,4.140325260000000118e-01,5.257174190000000191e-01,-2.170506024633120368e-01,2.773556440829829661e-01,-1.648852404454233422e+00,-5.648578290835142290e-01,4.140317676221685894e-01,5.257266928870623079e-01,-1.249234400000000418e-02,8.338200000000003075e-04,1.351010200000000473e-02,-4.230020800000001274e-02,-4.438191000000001919e-03,4.145591300000001089e-02,-1.247170815007721430e-02,8.333307831401392911e-04,1.347922672659061794e-02,-4.219653550038013345e-02,-4.425122534265219822e-03,4.135576274591537538e-02,-1.302299251426117799e-01,-2.706637443850706504e+01,1.317531103458722086e+01,2.073771330419064363e+00,7.659077521152343748e-02,4.885093738411037251e-04,8.894691400200827047e+01,8.911705200080177747e+01,6.414382565310768891e-01,-9.925054631391028864e-04,5.414382569852272953e-01,6.414383102031147033e-01,-9.940231686134872336e-04,5.414381759675591654e-01
2.900000000000002021e-01,-2.171123050000000054e-01,2.773594750000000220e-01,-1.648786885000000035e+00,-5.650633229999999507e-01,4.140100179999999797e-01,5.259279000000000037e-01,-2.171141249651675487e-01,2.773598866009671648e-01,-1.648783773811961062e+00,-5.650727503504225924e-01,4.140092551248966690e-01,5.259373308095394162e-01,-1.288070000000000014e-02,8.590779999999999901e-04,1.392102199999999991e-02,-4.360937000000000147e-02,-4.565210999999999575e-03,4.273871499999999657e-02,-1.285995653109628031e-02,8.586028859828762332e-04,1.388955675494912140e-02,-4.350368146663619734e-02,-4.551912660897186776e-03,4.263661861572210637e-02,-1.316037466586258420e-01,-2.706655313575456034e+01,1.317557954818136068e+01,2.073438662244429409e+00,7.658110099105797097e-02,4.884780104520145601e-04,8.693311099705169909e+01,8.702577399890287779e+01,6.414380761381166529e-01,-1.042615320459559921e-03,5.414380766119952781e-01,6.414381320739007686e-01,-1.044198683878396492e-03,5.414379946623316675e-01
2.950000000000002065e-01,-2.171776880000000076e-01,2.773638339999999758e-01,-1.648716244999999914e+00,-5.652846700000000446e-01,4.139868729999999775e-01,5.261448269999999816e-01,-2.171796004747418851e-01,2.773642561038899834e-01,-1.648713081178355022e+00,-5.652942462252394940e-01,4.139861073162806604e-01,5.261544110354100523e-01,-1.327299200000000082e-02,8.845380000000000343e-04,1.433534799999999949e-02,-4.493128999999999873e-02,-4.692609999999999837e-03,4.403399599999999886e-02,-1.325213503671299545e-02,8.840826626797020299e-04,1.430329748598967166e-02,-4.482360792341498479e-02,-4.679088565100587502e-03,4.392997669607376365e-02,-1.329465200964079497e-01,-2.706673020529227003e+01,1.317584144711966410e+01,2.073100636907224903e+00,7.657108035201769247e-02,4.884473579058603654e-04,9.018746800211374648e+01,9.028128299905802123e+01,6.414378810603601488e-01,-1.094269599721808817e-03,5.414378815481137863e-01,6.414379391151250331e-01,-1.095919040153712273e-03,5.414377983266045469e-01
3.000000000000002109e-01,-2.172450419999999993e-01,2.773683209999999733e-01,-1.648643523999999916e+00,-5.655126579999999459e-01,4.139630890000000063e-01,5.263682619999999757e-01,-2.172470483575921207e-01,2.773687535847894070e-01,-1.648640309912883462e+00,-5.655223795461397085e-01,4.139623225170974696e-01,5.263779950231978200e-01,-1.366912300000000004e-02,9.101880000000000344e-04,1.475293800000000016e-02,-4.626561099999999815e-02,-4.820307000000000237e-03,4.534140500000000129e-02,-1.364814874280511486e-02,9.097549965342313595e-04,1.472031088799152961e-02,-4.615595815998854018e-02,-4.806566318238507558e-03,4.523548425644061816e-02,-1.342573165361742316e-01,-2.706691185791606102e+01,1.317609936081622024e+01,2.072757644898885587e+00,7.656078140611813354e-02,4.884169988899937035e-04,8.815019499888876453e+01,8.834295599808683619e+01,6.414376704384383565e-01,-1.147483603522756000e-03,5.414376709848071068e-01,6.414377304174336825e-01,-1.149199740863254696e-03,5.414375860371840599e-01
3.050000000000002154e-01,-2.173143859999999983e-01,2.773729360000000144e-01,-1.648568709000000077e+00,-5.657473469999999560e-01,4.139386680000000096e-01,5.265982620000000392e-01,-2.173164874889489118e-01,2.773733799838851710e-01,-1.648565444091876886e+00,-5.657572113656296198e-01,4.139378994495499509e-01,5.266081424778397135e-01,-1.406899600000000028e-02,9.360220000000000042e-04,1.517364700000000018e-02,-4.761197500000000082e-02,-4.948222999999999858e-03,4.666059100000000126e-02,-1.404789748889634371e-02,9.356123589657481306e-04,1.514045003749076891e-02,-4.750037480181581312e-02,-4.934268082447763361e-03,4.655279196022614474e-02,-1.355347674042785000e-01,-2.706709420429556445e+01,1.317635132449020396e+01,2.072409352816547035e+00,7.655015829134509397e-02,4.883875654314301503e-04,8.962143700045999140e+01,8.972349000032409094e+01,6.414374427298225045e-01,-1.202272191877177664e-03,5.414374436170054095e-01,6.414375050345448859e-01,-1.204055908974768167e-03,5.414373568398952452e-01
3.100000000000002198e-01,-2.173857379999999950e-01,2.773776809999999871e-01,-1.648491785000000043e+00,-5.659887949999999890e-01,4.139136090000000157e-01,5.268348849999999750e-01,-2.173879362513641555e-01,2.773781361887943664e-01,-1.648488468513444438e+00,-5.659988009560241728e-01,4.139128372339921369e-01,5.268449113474461543e-01,-1.447251500000000003e-02,9.620279999999999717e-04,1.559733100000000074e-02,-4.897002500000000036e-02,-5.076276000000000226e-03,4.799119999999999775e-02,-1.445128382142858020e-02,9.616422346816880023e-04,1.556357229954774199e-02,-4.885650273971665208e-02,-5.062113049520008783e-03,4.788154712595864976e-02,-1.367795902336989000e-01,-2.706727965884220666e+01,1.317659844674201430e+01,2.072055810180609914e+00,7.653923147200181187e-02,4.883584146489874976e-04,8.685554800104000606e+01,8.694451599876629189e+01,6.414371972210826112e-01,-1.258649876976381627e-03,5.414371978173435629e-01,6.414372619820669641e-01,-1.260502285889342731e-03,5.414371097462131743e-01
3.150000000000002243e-01,-2.174591160000000079e-01,2.773825560000000023e-01,-1.648412734999999962e+00,-5.662370629999999849e-01,4.138879100000000255e-01,5.270781890000000303e-01,-2.174614125547514598e-01,2.773830230469173652e-01,-1.648409368702164146e+00,-5.662472057987767426e-01,4.138871353954067245e-01,5.270883578246883250e-01,-1.487958300000000005e-02,9.881980000000000278e-04,1.602384399999999889e-02,-5.033940099999999890e-02,-5.204384000000000267e-03,4.933288100000000204e-02,-1.485821516232527402e-02,9.878395614860990565e-04,1.598953061737055578e-02,-5.022398179837608834e-02,-5.190020233324787492e-03,4.922139976513757731e-02,-1.379933047628848497e-01,-2.706746477537095785e+01,1.317683945484570529e+01,2.071696698955199256e+00,7.652796244483422994e-02,4.883303604431559353e-04,8.836900200185482390e+01,8.851442900049732998e+01,6.414369329193667646e-01,-1.316631310414532368e-03,5.414369336789910392e-01,6.414370002397469239e-01,-1.318553244299504974e-03,5.414368437253228583e-01
3.200000000000002287e-01,-2.175345389999999990e-01,2.773875630000000037e-01,-1.648331543999999926e+00,-5.664922049999999709e-01,4.138615680000000130e-01,5.273282299999999534e-01,-2.175369338244468320e-01,2.773880413651985122e-01,-1.648328130906295153e+00,-5.665024815824908355e-01,4.138607938711573175e-01,5.273385363350436839e-01,-1.529010299999999933e-02,1.014523000000000031e-03,1.645304100000000158e-02,-5.171974599999999700e-02,-5.332464999999999775e-03,5.068527899999999975e-02,-1.526859170344763497e-02,1.014194228784355773e-03,1.641818181104558183e-02,-5.160245451848458759e-02,-5.317906182128471874e-03,5.057199417718008516e-02,-1.391737560172305876e-01,-2.706765218247702265e+01,1.317707533399781639e+01,2.071332177126057328e+00,7.651638455465849253e-02,4.883025659252567723e-04,8.625942599974223413e+01,8.635837399924639612e+01,6.414366493042398254e-01,-1.376231704526205066e-03,5.414366499224363416e-01,6.414367187518301705e-01,-1.378222780346896386e-03,5.414365577065806123e-01
3.250000000000002331e-01,-2.176120229999999878e-01,2.773927019999999910e-01,-1.648248198999999969e+00,-5.667542780000000002e-01,4.138345840000000053e-01,5.275850600000000501e-01,-2.176145170017710628e-01,2.773931918926149098e-01,-1.648244742096192095e+00,-5.667646822089845715e-01,4.138338130074654675e-01,5.275954995401885839e-01,-1.570397800000000038e-02,1.040991999999999916e-03,1.688477700000000012e-02,-5.311069899999999733e-02,-5.460437000000000277e-03,5.204804100000000322e-02,-1.568231864422287361e-02,1.040693654382365005e-03,1.684938064453394418e-02,-5.299156364956599669e-02,-5.445690261621007403e-03,5.193297959843845568e-02,-1.403223270987699056e-01,-2.706784248546827598e+01,1.317730619834370387e+01,2.070962120366532488e+00,7.650448424216141352e-02,4.882754303540571151e-04,8.856042499974137172e+01,8.883437299664365128e+01,6.414363449522337834e-01,-1.437464088587375342e-03,5.414363455636379552e-01,6.414364164231837195e-01,-1.439524513734719447e-03,5.414362505901865186e-01
3.300000000000002376e-01,-2.176915849999999930e-01,2.773979739999999916e-01,-1.648162686999999904e+00,-5.670233340000000455e-01,4.138069580000000025e-01,5.278487320000000427e-01,-2.176941785317120792e-01,2.773984753374304502e-01,-1.648159189977577821e+00,-5.670338597776855005e-01,4.138061935771695787e-01,5.278592983236971570e-01,-1.612111299999999942e-02,1.067596999999999990e-03,1.731890499999999902e-02,-5.451190000000000202e-02,-5.588216000000000017e-03,5.342081199999999808e-02,-1.609929373970954425e-02,1.067332655028679564e-03,1.728297882884395967e-02,-5.439094660349401422e-02,-5.573284041512597577e-03,5.330399721005628366e-02,-1.414369678817982701e-01,-2.706803276334946062e+01,1.317753086584655442e+01,2.070586389347588430e+00,7.649225865149275605e-02,4.882488656487983482e-04,8.683319500050856732e+01,8.693376399969565682e+01,6.414360189078357477e-01,-1.500342129098655589e-03,5.414360195516521035e-01,6.414360921215488398e-01,-1.502471678948051875e-03,5.414359212338026861e-01
3.350000000000002420e-01,-2.177732390000000073e-01,2.774033779999999783e-01,-1.648075007000000092e+00,-5.672994139999999463e-01,4.137787030000000255e-01,5.281192839999999666e-01,-2.177759343916861878e-01,2.774038923599908557e-01,-1.648071462983810465e+00,-5.673100645647762841e-01,4.137779367706571065e-01,5.281299817801594632e-01,-1.654140999999999945e-02,1.094328000000000098e-03,1.775527500000000092e-02,-5.592298300000000250e-02,-5.715717999999999840e-03,5.480323100000000086e-02,-1.651942929521488246e-02,1.094098713690276527e-03,1.771883268743375608e-02,-5.580023739428100621e-02,-5.700607308869547890e-03,5.468468993149355056e-02,-1.425217049331606312e-01,-2.706822615402733589e+01,1.317775093333388980e+01,2.070205009735595958e+00,7.647969710045768310e-02,4.882230664378821913e-04,8.634410199738340452e+01,8.650735999981407076e+01,6.414356685107546197e-01,-1.564876118250698497e-03,5.414356690535609973e-01,6.414357446782221750e-01,-1.567077143647234352e-03,5.414355684625994369e-01
3.400000000000002465e-01,-2.178570039999999930e-01,2.774089169999999771e-01,-1.647985135999999962e+00,-5.675825759999999498e-01,4.137498070000000250e-01,5.283967750000000407e-01,-2.178598000836963200e-01,2.774094435659967828e-01,-1.647981550290925634e+00,-5.675933450437780081e-01,4.137490441827739729e-01,5.284075972395554377e-01,-1.696477299999999896e-02,1.121175999999999987e-03,1.819374299999999833e-02,-5.734358999999999984e-02,-5.842858999999999726e-03,5.619494600000000256e-02,-1.694262530159920330e-02,1.120981959536375763e-03,1.815679045510647238e-02,-5.721907916836645180e-02,-5.827578738649304840e-03,5.607470765358398002e-02,-1.435730998165065664e-01,-2.706842078580685396e+01,1.317796490394185760e+01,2.069817761323268002e+00,7.646679275565099188e-02,4.881981222106848402e-04,8.592898599817999639e+01,8.604213299986440688e+01,6.414352944330079520e-01,-1.631082292335093477e-03,5.414352946152071189e-01,6.414353728830588519e-01,-1.633353404103221086e-03,5.414351910626501452e-01
3.450000000000002509e-01,-2.179428919999999992e-01,2.774145900000000164e-01,-1.647893062000000075e+00,-5.678728680000000306e-01,4.137202700000000011e-01,5.286812520000000459e-01,-2.179457906113367038e-01,2.774151295181531141e-01,-1.647889441810532096e+00,-5.678837479020947265e-01,4.137195178350422942e-01,5.286921902568528786e-01,-1.739110500000000392e-02,1.148131000000000151e-03,1.863416100000000325e-02,-5.877336000000001059e-02,-5.969555000000001388e-03,5.759560100000001709e-02,-1.736878229449777961e-02,1.147974641125754005e-03,1.859670812702782575e-02,-5.864711449469849763e-02,-5.954110339810541989e-03,5.747369214860582887e-02,-1.445914071737517403e-01,-2.706861682720080253e+01,1.317817343779114481e+01,2.069424681111291520e+00,7.645356591182278505e-02,4.881732556574037247e-04,8.613563399921986274e+01,8.625540900175110437e+01,6.414348953332257297e-01,-1.698970970960176361e-03,5.414348965045603368e-01,6.414349754870306564e-01,-1.701312570551904730e-03,5.414347877768500572e-01
3.500000000000002554e-01,-2.180309189999999897e-01,2.774203980000000125e-01,-1.647798791000000040e+00,-5.681703240000000044e-01,4.136901130000000260e-01,5.289727450000000220e-01,-2.180339205019705962e-01,2.774209507334746694e-01,-1.647795128197963033e+00,-5.681813179951116233e-01,4.136893601880356486e-01,5.289838045735518746e-01,-1.782031100000000187e-02,1.175184000000000124e-03,1.907637700000000200e-02,-6.021192300000001441e-02,-6.095718000000001704e-03,5.900483000000001504e-02,-1.779780783903112118e-02,1.175066695974004774e-03,1.903843380823666553e-02,-6.008397102734926859e-02,-6.080114441186492899e-03,5.888127778310286303e-02,-1.455783690679901543e-01,-2.706881434174405499e+01,1.317837626597670564e+01,2.069025659869029532e+00,7.643999261514208832e-02,4.881491147124464693e-04,8.639582300020265393e+01,8.648469800027669407e+01,6.414344682110760809e-01,-1.768553064956366423e-03,5.414344689920528308e-01,6.414345512027601615e-01,-1.770966379135644007e-03,5.414343573098193696e-01
3.550000000000002598e-01,-2.181211000000000122e-01,2.774263419999999924e-01,-1.647702299000000092e+00,-5.684749989999999809e-01,4.136593179999999981e-01,5.292713110000000221e-01,-2.181242038054893861e-01,2.774269076788363209e-01,-1.647698600853062967e+00,-5.684860983510806598e-01,4.136585741161889485e-01,5.292824821540276226e-01,-1.825229399999999877e-02,1.202324999999999965e-03,1.952024499999999857e-02,-6.165892099999999848e-02,-6.221265999999999602e-03,6.042228200000000077e-02,-1.822960440009028030e-02,1.202248118842701467e-03,1.948182060074001021e-02,-6.152928799400544241e-02,-6.205511554547501162e-03,6.029711597714861038e-02,-1.465326979359576898e-01,-2.706901382130504174e+01,1.317857368088462522e+01,2.068620675941263976e+00,7.642607270784215756e-02,4.881262082819279682e-04,9.010007999677327462e+01,9.019598699887865223e+01,6.414340136089720090e-01,-1.839842517450521187e-03,5.414340142149555168e-01,6.414340987031043051e-01,-1.842326192284537718e-03,5.414338983274650241e-01
3.600000000000002642e-01,-2.182134470000000048e-01,2.774324220000000119e-01,-1.647603584999999926e+00,-5.687869269999999977e-01,4.136278999999999928e-01,5.295769820000000294e-01,-2.182166540860816795e-01,2.774330007778892382e-01,-1.647599851908918334e+00,-5.687981302022065977e-01,4.136271629221113799e-01,5.295882631729155188e-01,-1.868695700000000057e-02,1.229543999999999949e-03,1.996561599999999853e-02,-6.311398599999999692e-02,-6.346110999999999766e-03,6.184759399999999879e-02,-1.866407509919527224e-02,1.229511171914066288e-03,1.992672203229806788e-02,-6.298270726675915532e-02,-6.330211965505226634e-03,6.172084257485323244e-02,-1.474546614952747525e-01,-2.706921440293557168e+01,1.317876543127614397e+01,2.068209594142243368e+00,7.641181737574721800e-02,4.881029424521962233e-04,8.643142700020689517e+01,8.652165999956196174e+01,6.414335293955362172e-01,-1.912848245900168262e-03,5.414335298241524930e-01,6.414336166225889091e-01,-1.915402994172912040e-03,5.414334094552214482e-01
3.650000000000002687e-01,-2.183079739999999880e-01,2.774386380000000152e-01,-1.647502640999999990e+00,-5.691061509999999490e-01,4.135958590000000101e-01,5.298897989999999947e-01,-2.183112844358251758e-01,2.774392304016002342e-01,-1.647498874250001633e+00,-5.691174529406695104e-01,4.135951303389838740e-01,5.299011860004505525e-01,-1.912420499999999829e-02,1.256832000000000045e-03,2.041233900000000157e-02,-6.457675499999999957e-02,-6.470168000000000100e-03,6.328040599999999738e-02,-1.910112715102826528e-02,1.256843452107482854e-03,2.037298529870607000e-02,-6.444385429674337473e-02,-6.454131978514460535e-03,6.315209891822023969e-02,-1.483450900118740146e-01,-2.706941734613215189e+01,1.317895170697623897e+01,2.067792436919241972e+00,7.639720580141981521e-02,4.880812067284345736e-04,8.743692200005170889e+01,8.753803799845627509e+01,6.414330140275709136e-01,-1.987581750968594584e-03,5.414330142573705595e-01,6.414331035548910265e-01,-1.990207396960355993e-03,5.414328892813590199e-01
3.700000000000002731e-01,-2.184046930000000108e-01,2.774449900000000024e-01,-1.647399459999999927e+00,-5.694327070000000379e-01,4.135632000000000197e-01,5.302097980000000099e-01,-2.184081074559778013e-01,2.774455968729991340e-01,-1.647395661507594422e+00,-5.694441041437128259e-01,4.135624805308567575e-01,5.302212872087770368e-01,-1.956393999999999841e-02,1.284179000000000093e-03,2.086026499999999936e-02,-6.604685999999999890e-02,-6.593350000000000426e-03,6.472035800000000560e-02,-1.954065880461259078e-02,1.284237248766190295e-03,2.082046334299211474e-02,-6.591237384646513042e-02,-6.577183786086147031e-03,6.459052478919388718e-02,-1.492017741204653136e-01,-2.706962139135054457e+01,1.317913215812872352e+01,2.067369077980577785e+00,7.638225664764576595e-02,4.880592654061072450e-04,8.953593999831355177e+01,8.965295400048489682e+01,6.414324661779231551e-01,-2.064052797029048477e-03,5.414324668370580351e-01,6.414325580531367033e-01,-2.066749629695438691e-03,5.414323363529569555e-01
3.750000000000002776e-01,-2.185036170000000111e-01,2.774514790000000009e-01,-1.647294035000000045e+00,-5.697666329999999668e-01,4.135299250000000204e-01,5.305370149999999452e-01,-2.185071352811248369e-01,2.774521004625347675e-01,-1.647290208065647743e+00,-5.697781195454416636e-01,4.135292180946747442e-01,5.305486015650137110e-01,-2.000606799999999838e-02,1.311576000000000061e-03,2.130924400000000149e-02,-6.752393600000000662e-02,-6.715571000000000040e-03,6.616708799999999890e-02,-1.998258233586526489e-02,1.311680175420021138e-03,2.126900332294516180e-02,-6.738788839988774093e-02,-6.699281646706011298e-03,6.603575869402708576e-02,-1.500283412204050926e-01,-2.706982773516573815e+01,1.317930722599560944e+01,2.066939492256450350e+00,7.636694358553064443e-02,4.880388338415683758e-04,9.365580499797943048e+01,9.374513000147999264e+01,6.414318846027127208e-01,-2.142272078798661793e-03,5.414318857409460284e-01,6.414319786294468972e-01,-2.145039552347106481e-03,5.414317491798720239e-01
3.800000000000002820e-01,-2.186047570000000106e-01,2.774581059999999821e-01,-1.647186366999999985e+00,-5.701079559999999713e-01,4.134960469999999777e-01,5.308714789999999795e-01,-2.186083795652200290e-01,2.774587414001390973e-01,-1.647182509054969879e+00,-5.701195330580154375e-01,4.134953480618577815e-01,5.308831620224164771e-01,-2.045049300000000014e-02,1.339013000000000009e-03,2.175912600000000016e-02,-6.900761399999999490e-02,-6.836743000000000160e-03,6.762023200000000234e-02,-2.042679601564199518e-02,1.339166983717519476e-03,2.171845819068514774e-02,-6.887004236322441519e-02,-6.820337915590229602e-03,6.748743704927395726e-02,-1.508212206452619331e-01,-2.707003423353193483e+01,1.317947616934092281e+01,2.066503542943482596e+00,7.635128239841020015e-02,4.880179699720116056e-04,8.763470499980030581e+01,8.772692600177833810e+01,6.414312673955696598e-01,-2.222247886496783644e-03,5.414312678034269855e-01,6.414313637571731341e-01,-2.225086647896739982e-03,5.414311262273056036e-01
3.850000000000002864e-01,-2.187081260000000027e-01,2.774648699999999746e-01,-1.647076441000000058e+00,-5.704567200000000282e-01,4.134615580000000068e-01,5.312132290000000090e-01,-2.187118514733608632e-01,2.774655198677309365e-01,-1.647072560353109782e+00,-5.704683767598824895e-01,4.134608758958284724e-01,5.312249997333040596e-01,-2.089711799999999925e-02,1.366480999999999902e-03,2.220976100000000147e-02,-7.049753000000000269e-02,-6.956781000000000423e-03,6.907943199999999617e-02,-2.087320471067038996e-02,1.366685168114468822e-03,2.216867707458262254e-02,-7.035846160176117969e-02,-6.940267040339002935e-03,6.894520196918196842e-02,-1.515818809127874589e-01,-2.707024344650342940e+01,1.317963984378249265e+01,2.066061349299570971e+00,7.633526850410812803e-02,4.879986712703729044e-04,8.974994100208277814e+01,8.984444500310928561e+01,6.414306137938023955e-01,-2.303991850835150190e-03,5.414306145509827362e-01,6.414307118699698052e-01,-2.306900016291162179e-03,5.414304659218323046e-01
3.900000000000002909e-01,-2.188137320000000108e-01,2.774717709999999782e-01,-1.646964266999999982e+00,-5.708129429999999616e-01,4.134264799999999851e-01,5.315622840000000515e-01,-2.188175616967602266e-01,2.774724359919224503e-01,-1.646960358590625839e+00,-5.708246808757941881e-01,4.134258074963236274e-01,5.315741440249400762e-01,-2.134584800000000060e-02,1.393968999999999894e-03,2.266099599999999922e-02,-7.199331100000000427e-02,-7.075595999999999969e-03,7.054431799999999475e-02,-2.132171388060372444e-02,1.394224629860511735e-03,2.261950956233432786e-02,-7.185277768145993671e-02,-7.058980636608268994e-03,7.040868373208569730e-02,-1.523106143728921724e-01,-2.707045436483121392e+01,1.317979789931349011e+01,2.065612754335708345e+00,7.631889944366831990e-02,4.879794298175589161e-04,8.611566200124798343e+01,8.620507699743029661e+01,6.414299207428026950e-01,-2.387509322929374112e-03,5.414299212038612419e-01,6.414300213603176815e-01,-2.390488382442741613e-03,5.414297666559624300e-01
3.950000000000002953e-01,-2.189215870000000008e-01,2.774788089999999929e-01,-1.646849835000000040e+00,-5.711766590000000310e-01,4.133908090000000257e-01,5.319186769999999509e-01,-2.189255204461520166e-01,2.774794898564986179e-01,-1.646845901149766700e+00,-5.711884738079400226e-01,4.133901491936450290e-01,5.319306224140424311e-01,-2.179658799999999869e-02,1.421469000000000074e-03,2.311268199999999898e-02,-7.349459099999999800e-02,-7.193101999999999829e-03,7.201453100000000662e-02,-2.177222639159620554e-02,1.421777825552855180e-03,2.307080537525163857e-02,-7.335262874653526721e-02,-7.176394124713545916e-03,7.187752534354063805e-02,-1.530068128748519607e-01,-2.707066592497342228e+01,1.317994987478186353e+01,2.065157624833533490e+00,7.630216383022908611e-02,4.879608898334542727e-04,8.657335899988538586e+01,8.667940799932694063e+01,6.414291874252022740e-01,-2.472810744920456247e-03,5.414291879763943882e-01,6.414292905806133760e-01,-2.475860093459112277e-03,5.414290267763999243e-01
4.000000000000002998e-01,-2.190317009999999953e-01,2.774859849999999906e-01,-1.646733138999999957e+00,-5.715478980000000542e-01,4.133545499999999873e-01,5.322824379999999689e-01,-2.190357374677343871e-01,2.774866814929820014e-01,-1.646729186172631643e+00,-5.715597821115399046e-01,4.133539077463749267e-01,5.322944606066692952e-01,-2.224924099999999946e-02,1.448969999999999946e-03,2.356466800000000042e-02,-7.500100199999999717e-02,-7.309213000000000168e-03,7.348970600000000186e-02,-2.222465215362040905e-02,1.449332363226433096e-03,2.352241142562424420e-02,-7.485764041775692934e-02,-7.292421149677529371e-03,7.335136128465710725e-02,-1.536722054088723866e-01,-2.707087974025072441e+01,1.318009633437370631e+01,2.064695990512746882e+00,7.628505993838716193e-02,4.879432869985891332e-04,8.726030499747139402e+01,8.737602899782359600e+01,6.414284128139252639e-01,-2.559904634351774233e-03,5.414284139077358837e-01,6.414285178412014732e-01,-2.563023127255375285e-03,5.414282445890274964e-01
4.050000000000003042e-01,-2.191440829999999895e-01,2.774932990000000266e-01,-1.646614181999999982e+00,-5.719266819999999640e-01,4.133177129999999755e-01,5.326535869999999839e-01,-2.191482220367827749e-01,2.774940108774156533e-01,-1.646610212553532904e+00,-5.719386304803888432e-01,4.133170903645968508e-01,5.326656824713879024e-01,-2.270371200000000089e-02,1.476462999999999907e-03,2.401680399999999924e-02,-7.651217300000000276e-02,-7.423840000000000126e-03,7.496947700000000658e-02,-2.267889425139364354e-02,1.476878010676426585e-03,2.397417904419801155e-02,-7.636744185035125587e-02,-7.406968800657254791e-03,7.482982277939409510e-02,-1.543049267841697381e-01,-2.707109562310200701e+01,1.318023739994833576e+01,2.064227889841235175e+00,7.626761255603474454e-02,4.879260331022341329e-04,8.875561399690923281e+01,8.891433299868367612e+01,6.414275946884437918e-01,-2.648798056405372511e-03,5.414275959304551966e-01,6.414277014116925857e-01,-2.651985086570728383e-03,5.414274183683832620e-01
4.100000000000003086e-01,-2.192587410000000070e-01,2.775007500000000182e-01,-1.646492971000000027e+00,-5.723130269999999742e-01,4.132803150000000092e-01,5.330321399999999876e-01,-2.192629829364661220e-01,2.775014779498674033e-01,-1.646488979944076725e+00,-5.723250417653746869e-01,4.132797046957698006e-01,5.330443100367838749e-01,-2.315990600000000441e-02,1.503938000000000236e-03,2.446893600000000363e-02,-7.802773100000001683e-02,-7.536896000000001261e-03,7.645347400000000737e-02,-2.313485325849359842e-02,1.504409597383696284e-03,2.442595492288110459e-02,-7.788166601576414216e-02,-7.519953246566624984e-03,7.631254239254048333e-02,-1.549043940258110208e-01,-2.707131096906373458e+01,1.318037179385663116e+01,2.063753078435423660e+00,7.624978395645010121e-02,4.879090985031141062e-04,9.041054800036363304e+01,9.053124199999729171e+01,6.414267303093820205e-01,-2.739496744704887285e-03,5.414267311319659326e-01,6.414268395232745057e-01,-2.742753186929504112e-03,5.414265463393699296e-01
4.150000000000003131e-01,-2.193756849999999869e-01,2.775083380000000211e-01,-1.646369498000000098e+00,-5.727069620000000416e-01,4.132423530000000067e-01,5.334181239999999935e-01,-2.193800284739787776e-01,2.775090825952286067e-01,-1.646365488742426608e+00,-5.727190369753955013e-01,4.132417588058188707e-01,5.334303635208202943e-01,-2.361772900000000397e-02,1.531386000000000249e-03,2.492091500000000182e-02,-7.954730800000001101e-02,-7.648295000000001134e-03,7.794133600000001383e-02,-2.359243680023474440e-02,1.531912178337251507e-03,2.487759242404724569e-02,-7.939994364208244337e-02,-7.631290903341657328e-03,7.779916157746716299e-02,-1.554724005181853386e-01,-2.707153027274884138e+01,1.318050156289851316e+01,2.063271770822823648e+00,7.623160153982855292e-02,4.878931974566838559e-04,8.969102699848008342e+01,8.980685100323171355e+01,6.414258187666346256e-01,-2.832009723425659136e-03,5.414258195495190717e-01,6.414259303663144562e-01,-2.835334267034011774e-03,5.414256266924519778e-01
4.200000000000003175e-01,-2.194949210000000095e-01,2.775160640000000067e-01,-1.646243764999999915e+00,-5.731085040000000186e-01,4.132038370000000183e-01,5.338115570000000476e-01,-2.194993664872996464e-01,2.775168246535778538e-01,-1.646239740102121818e+00,-5.731206352730973119e-01,4.132032611893954877e-01,5.338238613213291961e-01,-2.407708399999999860e-02,1.558797000000000004e-03,2.537259000000000042e-02,-8.107053399999999965e-02,-7.757950999999999910e-03,7.943269599999999708e-02,-2.405155005347882000e-02,1.559380778865131862e-03,2.532893752494380646e-02,-8.092190553798647712e-02,-7.740894605850621307e-03,7.928931269676206539e-02,-1.560084226248324990e-01,-2.707174876899914295e+01,1.318062460419447213e+01,2.062783610381633714e+00,7.621303329406990679e-02,4.878777903246932809e-04,8.860530800302512944e+01,8.871249500225530937e+01,6.414248584434769640e-01,-2.926342165549059883e-03,5.414248586189026602e-01,6.414249720913702824e-01,-2.929734792122679760e-03,5.414246575744330325e-01
4.250000000000003220e-01,-2.196164579999999866e-01,2.775239259999999764e-01,-1.646115774000000087e+00,-5.735176720000000339e-01,4.131647769999999831e-01,5.342124560000000022e-01,-2.196210043481288121e-01,2.775247039170392060e-01,-1.646111735934526088e+00,-5.735298539534842144e-01,4.131642207896513708e-01,5.342248199904650052e-01,-2.453787699999999961e-02,1.586161999999999902e-03,2.582380999999999913e-02,-8.259703599999999868e-02,-7.865775000000000197e-03,8.092718599999999818e-02,-2.451210080659022711e-02,1.586802730589988034e-03,2.577984030915249011e-02,-8.244717532541982752e-02,-7.848672982844362433e-03,8.078262565603497314e-02,-1.565129369703651685e-01,-2.707197003977240257e+01,1.318074248361782708e+01,2.062288824576405943e+00,7.619411100704159834e-02,4.878630816632197531e-04,9.448591299951658584e+01,9.457595500134630129e+01,6.414238469663335884e-01,-3.022501112694382826e-03,5.414238474056232153e-01,6.414239628093354462e-01,-3.025960853456074757e-03,5.414236370937129950e-01
4.300000000000003264e-01,-2.197403019999999985e-01,2.775319250000000126e-01,-1.645985527999999976e+00,-5.739344800000000246e-01,4.131251819999999797e-01,5.346208340000000447e-01,-2.197449489592812888e-01,2.775327201302265623e-01,-1.645981478904938511e+00,-5.739467084502222205e-01,4.131246469756477135e-01,5.346332542409981681e-01,-2.500001300000000148e-02,1.613471000000000002e-03,2.627442400000000108e-02,-8.412644199999999572e-02,-7.971683000000000241e-03,8.242443700000000317e-02,-2.497399423777013280e-02,1.614170642099081211e-03,2.623014941971077083e-02,-8.397538352189500011e-02,-7.954544998775309878e-03,8.227873409903428692e-02,-1.569853936663770932e-01,-2.707219171828257132e+01,1.318085419135081438e+01,2.061787203560477622e+00,7.617480134057623420e-02,4.878489530514219970e-04,8.916983499875641428e+01,8.936560599977383390e+01,6.414227826973021296e-01,-3.120491729725785417e-03,5.414227831862958862e-01,6.414229005918428150e-01,-3.124018167588467083e-03,5.414225633189279074e-01
4.350000000000003308e-01,-2.198664600000000136e-01,2.775400610000000046e-01,-1.645853030000000050e+00,-5.743589409999999562e-01,4.130850629999999746e-01,5.350367040000000296e-01,-2.198712067356249911e-01,2.775408729849382361e-01,-1.645848972426453560e+00,-5.743712123425904759e-01,4.130845495498009501e-01,5.350491769506524609e-01,-2.546339800000000167e-02,1.640713999999999931e-03,2.672428199999999851e-02,-8.565838100000000566e-02,-8.075587000000000390e-03,8.392408299999999655e-02,-2.543713091155099318e-02,1.641471835515218025e-03,2.667971650594351887e-02,-8.550615836408252679e-02,-8.058420245096696577e-03,8.377727062317955053e-02,-1.574242832783232515e-01,-2.707241640427282547e+01,1.318096073247185807e+01,2.061278948028498093e+00,7.615514810179060956e-02,4.878354119251987519e-04,8.860354300122708082e+01,8.871840099891414866e+01,6.414216638275470617e-01,-3.220319671157031993e-03,5.414216641771166794e-01,6.414217834708466626e-01,-3.223912063298758814e-03,5.414214342848326922e-01
4.400000000000003353e-01,-2.199949380000000010e-01,2.775483320000000087e-01,-1.645718285999999919e+00,-5.747910670000000444e-01,4.130444300000000180e-01,5.354600779999999505e-01,-2.199997836316946453e-01,2.775491621248308838e-01,-1.645714220665737582e+00,-5.748033773476370900e-01,4.130439387434434728e-01,5.354725991535829177e-01,-2.592793700000000159e-02,1.667882000000000088e-03,2.717323199999999855e-02,-8.719247900000000329e-02,-8.177402999999999755e-03,8.542575299999999316e-02,-2.590142367287242772e-02,1.668698715643279155e-03,2.712838928814391773e-02,-8.703912699171190148e-02,-8.160216041294132694e-03,8.527786567909197146e-02,-1.578332356712320861e-01,-2.707264127538129728e+01,1.318106109854736374e+01,2.060763706783379501e+00,7.613509660824296921e-02,4.878224469653845777e-04,8.739356699879863299e+01,8.748382300109369680e+01,6.414204877049780595e-01,-3.321989804298247379e-03,5.414204884888520475e-01,6.414206094390958457e-01,-3.325647498687044935e-03,5.414202479871859097e-01
4.450000000000003397e-01,-2.201257410000000136e-01,2.775567389999999968e-01,-1.645581299999999914e+00,-5.752308680000000063e-01,4.130032929999999936e-01,5.358909640000000252e-01,-2.201306851291437439e-01,2.775575871483209056e-01,-1.645577228544552462e+00,-5.752432133194381736e-01,4.130028252140482969e-01,5.359035300427203996e-01,-2.639353599999999869e-02,1.694966000000000007e-03,2.762112499999999984e-02,-8.872836300000000453e-02,-8.277044000000000762e-03,8.692908000000000579e-02,-2.636677299687886777e-02,1.695841265384547252e-03,2.757601759796769400e-02,-8.857391703493810997e-02,-8.259845481755475824e-03,8.678015193694466056e-02,-1.582086045211255065e-01,-2.707286782487854282e+01,1.318115571531067332e+01,2.060241675998376820e+00,7.611468319592050447e-02,4.878102213366512438e-04,9.074659600082668476e+01,9.084100900145131163e+01,6.414192527140530897e-01,-3.425506536154888752e-03,5.414192535515884863e-01,6.414193764506440631e-01,-3.429229052647591366e-03,5.414190023799630991e-01
4.500000000000003442e-01,-2.202588749999999929e-01,2.775652820000000243e-01,-1.645442077000000003e+00,-5.756783530000000315e-01,4.129616629999999788e-01,5.363293709999999992e-01,-2.202639162268011097e-01,2.775661476110105053e-01,-1.645438001735179512e+00,-5.756907282539746040e-01,4.129612200460002769e-01,5.363419769641654122e-01,-2.686010100000000081e-02,1.721955999999999964e-03,2.806780999999999859e-02,-9.026566099999999704e-02,-8.374426000000000786e-03,8.843369299999999378e-02,-2.683308429083827717e-02,1.722891891441690913e-03,2.802245138520794918e-02,-9.011015741830796788e-02,-8.357224219076461735e-03,8.828375871368722427e-02,-1.585518742436093920e-01,-2.707309492083766500e+01,1.318124427357323825e+01,2.059712702817671381e+00,7.609388937194594416e-02,4.877983486544721628e-04,8.777416199882281944e+01,8.786565799891832285e+01,6.414179569112424817e-01,-3.530874779595193341e-03,5.414179571775995514e-01,6.414180824219219978e-01,-3.534660918137354571e-03,5.414176953753123689e-01
4.550000000000003486e-01,-2.203943439999999920e-01,2.775739589999999812e-01,-1.645300621999999935e+00,-5.761335279999999504e-01,4.129195509999999958e-01,5.367753039999999531e-01,-2.203994814652310563e-01,2.775748430154975632e-01,-1.645296546651391800e+00,-5.761459282760201805e-01,4.129191347500535403e-01,5.367879454189146138e-01,-2.732753599999999949e-02,1.748842000000000018e-03,2.851313800000000037e-02,-9.180399899999999724e-02,-8.469463999999999465e-03,8.993922499999999765e-02,-2.730026786079914683e-02,1.749837987825708348e-03,2.846754352935240012e-02,-9.164747183206052583e-02,-8.452266380629062936e-03,8.978831813741403045e-02,-1.588642622172399266e-01,-2.707332482876967816e+01,1.318132783595141788e+01,2.059176902159030043e+00,7.607272965810885079e-02,4.877873907503405557e-04,9.087218599961488508e+01,9.097010500045143999e+01,6.414165980928802080e-01,-3.638098013691468298e-03,5.414165988237177318e-01,6.414167252317496404e-01,-3.641946916674230518e-03,5.414163248556828067e-01
4.600000000000003531e-01,-2.205321520000000091e-01,2.775827699999999787e-01,-1.645156942999999927e+00,-5.765963979999999545e-01,4.128769669999999836e-01,5.372287679999999677e-01,-2.205373849210366388e-01,2.775836728095649186e-01,-1.645152870454393179e+00,-5.766088176450963054e-01,4.128765812561150939e-01,5.372414390652244798e-01,-2.779575000000000101e-02,1.775616000000000043e-03,2.895696000000000034e-02,-9.334300500000000667e-02,-8.562073999999999380e-03,9.144530500000000450e-02,-2.776822884771959141e-02,1.776669686549603878e-03,2.891114297775235556e-02,-9.318548944591414918e-02,-8.544889518149936108e-03,9.129346125391150923e-02,-1.591443619386802011e-01,-2.707355596071655768e+01,1.318140543617742466e+01,2.058634121919740601e+00,7.605118954738332437e-02,4.877769361146834775e-04,8.774532200186513364e+01,8.783551699889358133e+01,6.414151740424665071e-01,-3.747179755797374560e-03,5.414151753344949025e-01,6.414153027198193913e-01,-3.751090494139440630e-03,5.414148886706461328e-01
4.650000000000003575e-01,-2.206723019999999869e-01,2.775917150000000166e-01,-1.645011055000000111e+00,-5.770669600000000177e-01,4.128339329999999863e-01,5.376897590000000449e-01,-2.206776301977831367e-01,2.775926364057098028e-01,-1.645006981059861317e+00,-5.770793987342577314e-01,4.128335719223548694e-01,5.377024596859973915e-01,-2.826464799999999986e-02,1.802266999999999975e-03,2.939912500000000165e-02,-9.488229800000000380e-02,-8.652171000000000167e-03,9.295155700000000409e-02,-2.823687281064938756e-02,1.803381804174860551e-03,2.935309895193459126e-02,-9.472382870390606835e-02,-8.635005864141304804e-03,9.279880895823354459e-02,-1.593922513089428561e-01,-2.707378668617129591e+01,1.318147671049129599e+01,2.058084343277128525e+00,7.602926707700775888e-02,4.877670475238461397e-04,9.186704300009296276e+01,9.195816899955389090e+01,6.414136818732167900e-01,-3.858121799863510441e-03,5.414136823765426376e-01,6.414138126909579851e-01,-3.862094713705973171e-03,5.414133846247602966e-01
4.700000000000003619e-01,-2.208147990000000060e-01,2.776007919999999851e-01,-1.644862959999999985e+00,-5.775452170000000551e-01,4.127904550000000006e-01,5.381582790000000172e-01,-2.208202204404553781e-01,2.776017331687553602e-01,-1.644858887123742397e+00,-5.775576720566651945e-01,4.127901195101180698e-01,5.381710072246104204e-01,-2.873413700000000681e-02,1.828787000000000121e-03,2.983948500000000240e-02,-9.642151000000001582e-02,-8.739675000000002303e-03,9.445761600000000813e-02,-2.870610984874642779e-02,1.829961905145861432e-03,2.979326522475603256e-02,-9.626212405437517550e-02,-8.722539556157879806e-03,9.430400085280529754e-02,-1.596092699651928681e-01,-2.707401989089451533e+01,1.318154274287383743e+01,2.057527559908151282e+00,7.600696110519772342e-02,4.877578807447174587e-04,8.858113200039952062e+01,8.866797000155202113e+01,6.414121199693646469e-01,-3.970928624743782186e-03,5.414121207691395821e-01,6.414122529133893247e-01,-3.974962266233817397e-03,5.414118104862014613e-01
4.750000000000003664e-01,-2.209596450000000101e-01,2.776100020000000224e-01,-1.644712664999999907e+00,-5.780311729999999537e-01,4.127465419999999940e-01,5.386343329999999652e-01,-2.209651583228021687e-01,2.776109624163806688e-01,-1.644708598049988701e+00,-5.780436362713573528e-01,4.127462371860049495e-01,5.386470797935474231e-01,-2.920412200000000597e-02,1.855167000000000231e-03,3.027789300000000364e-02,-9.796026700000001752e-02,-8.824501000000001955e-03,9.596311200000001707e-02,-2.917584281611986657e-02,1.856402564666351056e-03,3.023148995643186454e-02,-9.780000120698037480e-02,-8.807406106675852442e-03,9.580866695110604181e-02,-1.597932633370596767e-01,-2.707425324779191911e+01,1.318160237007329982e+01,2.056963711287819407e+00,7.598427415841538246e-02,4.877495219873383310e-04,9.347718700155382976e+01,9.357329499835032038e+01,6.414104864994565336e-01,-4.085602643812503119e-03,5.414104872556206871e-01,6.414106211174922523e-01,-4.089695461055579961e-03,5.414101639821046197e-01
4.800000000000003708e-01,-2.211068409999999984e-01,2.776193439999999901e-01,-1.644560180000000038e+00,-5.785248229999999658e-01,4.127022089999999865e-01,5.391179130000000042e-01,-2.211124460488963495e-01,2.776203234130580344e-01,-1.644556123970373651e+00,-5.785372881582814264e-01,4.127019385431875409e-01,5.391306736383223441e-01,-2.967451100000000064e-02,1.881396000000000023e-03,3.071420199999999948e-02,-9.949819399999999814e-02,-8.906568999999999597e-03,9.746767400000000414e-02,-2.964597991695329740e-02,1.882690997132494427e-03,3.066763177699421972e-02,-9.933708336708345354e-02,-8.889519668453735313e-03,9.731243162881186848e-02,-1.599456501800360364e-01,-2.707449001241425535e+01,1.318165749834448519e+01,2.056393038129931128e+00,7.596123706949775567e-02,4.877414188248140004e-04,9.297884199986583553e+01,9.315439100100775249e+01,6.414087792272828992e-01,-4.202144880991876344e-03,5.414087801216267426e-01,6.414089149992019401e-01,-4.206296224625857838e-03,5.414084428167562635e-01
4.850000000000003753e-01,-2.212563899999999972e-01,2.776288160000000005e-01,-1.644405526999999978e+00,-5.790261519999999607e-01,4.126574829999999916e-01,5.396090059999999466e-01,-2.212620853622956074e-01,2.776298153827240767e-01,-1.644401475753600739e+00,-5.790386226128940717e-01,4.126572375826028094e-01,5.396217831247396290e-01,-3.014521300000000056e-02,1.907466999999999930e-03,3.114826100000000000e-02,-1.010349110000000050e-01,-8.985796000000000755e-03,9.897092200000000284e-02,-3.011642884202169607e-02,1.908822214088081370e-03,3.110153930065109526e-02,-1.008729936170033453e-01,-8.968801573558794413e-03,9.881491877833666060e-02,-1.600663868146259272e-01,-2.707472582943102068e+01,1.318170596461149913e+01,2.055815179461347952e+00,7.593779616750162553e-02,4.877338347918955090e-04,9.020778500052983873e+01,9.031206199870212004e+01,6.414069943523277306e-01,-4.320556272144858434e-03,5.414069950146390697e-01,6.414071322216290394e-01,-4.324766106529808266e-03,5.414066446582396219e-01
4.900000000000003797e-01,-2.214082930000000060e-01,2.776384179999999979e-01,-1.644248702999999923e+00,-5.795351669999999622e-01,4.126123589999999841e-01,5.401076179999999560e-01,-2.214140775447996645e-01,2.776394375021093430e-01,-1.644244665002564165e+00,-5.795476326660738975e-01,4.126121486918370995e-01,5.401204007932857154e-01,-3.061613100000000129e-02,1.933370000000000010e-03,3.157992700000000069e-02,-1.025700519999999949e-01,-9.062105000000000854e-03,1.004724979999999934e-01,-3.058709721019475802e-02,1.934783805852903103e-03,3.153306873151014156e-02,-1.024073617538259762e-01,-9.045175402891045963e-03,1.003157707420631456e-01,-1.601553654669535254e-01,-2.707496434510740357e+01,1.318174937740276675e+01,2.055230343386599934e+00,7.591398276249514132e-02,4.877276502933486574e-04,9.358085900021251291e+01,9.367359899988514371e+01,6.414051312012387651e-01,-4.440839789512340298e-03,5.414051323752404610e-01,6.414052704131784077e-01,-4.445106279140754665e-03,5.414047671392967498e-01
4.950000000000003841e-01,-2.215625519999999959e-01,2.776481499999999825e-01,-1.644089730999999999e+00,-5.800518500000000355e-01,4.125668650000000048e-01,5.406137290000000428e-01,-2.215684234102958949e-01,2.776491889004532587e-01,-1.644085704058864339e+00,-5.800643094824045054e-01,4.125666866607175520e-01,5.406265173212203567e-01,-3.108717600000000109e-02,1.959095000000000107e-03,3.200905200000000311e-02,-1.041032350000000023e-01,-9.135413999999999687e-03,1.019720199999999966e-01,-3.105789063680246612e-02,1.960568214820771187e-03,3.196206970902510519e-02,-1.039398125302699039e-01,-9.118558044366675830e-03,1.018146049290738903e-01,-1.602119778425568075e-01,-2.707520295095140739e+01,1.318178644051961257e+01,2.054638361173142691e+00,7.588978684592803670e-02,4.877212581574601863e-04,8.847362999949837103e+01,8.872364800117793493e+01,6.414031863736172623e-01,-4.562995686753926541e-03,5.414031866130945003e-01,6.414033271670758207e-01,-4.567317531575416055e-03,5.414028078568186020e-01
5.000000000000003331e-01,-2.217191649999999958e-01,2.776580089999999834e-01,-1.643928617999999897e+00,-5.805761950000000171e-01,4.125210109999999930e-01,5.411273330000000437e-01,-2.217251233144934552e-01,2.776590686617168569e-01,-1.643924605989943055e+00,-5.805886423529904583e-01,4.125208666776214450e-01,5.411401215252223951e-01,-3.155825400000000086e-02,1.984633999999999877e-03,3.243549099999999685e-02,-1.056340899999999999e-01,-9.205645000000000147e-03,1.034691219999999967e-01,-3.152871931764944513e-02,1.986165386783128334e-03,3.238840053709596961e-02,-1.054699716623619943e-01,-9.188872074909057094e-03,1.033110562492136619e-01,-1.602375282278889479e-01,-2.707544347894031489e+01,1.318181840617358525e+01,2.054039366168749936e+00,7.586521619555386398e-02,4.877159654208132814e-04,8.804176400008145720e+01,8.815865100041264668e+01,6.414011577009890441e-01,-4.687023392116098502e-03,5.414011583768940650e-01,6.414013000443787860e-01,-4.691400275400175839e-03,5.414007643768822264e-01
5.050000000000003375e-01,-2.218781340000000046e-01,2.776679959999999725e-01,-1.643765380999999914e+00,-5.811081869999999983e-01,4.124748140000000229e-01,5.416484160000000214e-01,-2.218841771571724852e-01,2.776690758273420156e-01,-1.643761384580546991e+00,-5.811206186931727746e-01,4.124747043163399240e-01,5.416612003696720246e-01,-3.202927199999999752e-02,2.009978999999999846e-03,3.285910000000000220e-02,-1.071622410000000053e-01,-9.272722000000000603e-03,1.049634309999999959e-01,-3.199949114441170972e-02,2.011567851248840643e-03,3.281191658932910982e-02,-1.069974634676506969e-01,-9.256040660247846080e-03,1.048047507098706088e-01,-1.602313411585855052e-01,-2.707568456958425429e+01,1.318184458229450584e+01,2.053433276825540332e+00,7.584026110561135903e-02,4.877112077952821677e-04,9.057340199797181413e+01,9.085102999961236492e+01,6.413990427407831874e-01,-4.812924122947513823e-03,5.413990429068669119e-01,6.413991865761905498e-01,-4.817354546019046203e-03,5.413986342359491388e-01
5.100000000000003419e-01,-2.220394579999999951e-01,2.776781079999999791e-01,-1.643600031000000072e+00,-5.816478130000000135e-01,4.124282879999999762e-01,5.421769629999999562e-01,-2.220455843776908689e-01,2.776792093934925543e-01,-1.643596054339895973e+00,-5.816602240447253935e-01,4.124282155407711370e-01,5.421897389544347856e-01,-3.250013999999999681e-02,2.035119000000000164e-03,3.327973599999999726e-02,-1.086873129999999937e-01,-9.336567000000000477e-03,1.064545749999999957e-01,-3.247011404716548810e-02,2.036765495746068605e-03,3.323247280292163791e-02,-1.085219139266168087e-01,-9.319985008062189186e-03,1.062953161803854296e-01,-1.601933340142276396e-01,-2.707592710100669464e+01,1.318186517052383522e+01,2.052820107420125773e+00,7.581493199153716001e-02,4.877070025472279293e-04,8.856675500283017755e+01,8.866700599901378155e+01,6.413968390490729643e-01,-4.940697430298037623e-03,5.413968402413774639e-01,6.413969842620690365e-01,-4.945179998068106528e-03,5.413964149391655711e-01
5.150000000000003464e-01,-2.222031349999999961e-01,2.776883459999999748e-01,-1.643432589999999971e+00,-5.821950529999999624e-01,4.123814550000000079e-01,5.427129539999999697e-01,-2.222093439544721438e-01,2.776894683138887987e-01,-1.643428630491653886e+00,-5.822074420754060897e-01,4.123814166963176708e-01,5.427257205196233114e-01,-3.297076499999999910e-02,2.060047000000000180e-03,3.369725300000000340e-02,-1.102089309999999961e-01,-9.397103999999999874e-03,1.079421809999999982e-01,-3.294049575958219594e-02,2.061750914101615796e-03,3.364992774965247513e-02,-1.100429477618135171e-01,-9.380630499233700431e-03,1.077823808765167451e-01,-1.601234948752217058e-01,-2.707617040743144088e+01,1.318188021206729488e+01,2.052199876110787358e+00,7.578922296996834507e-02,4.877034868591142514e-04,9.217354100110242143e+01,9.226405899971723557e+01,6.413945436657848553e-01,-5.070341410199315398e-03,5.413945443729739626e-01,6.413946905724291492e-01,-5.074875904831821841e-03,5.413941039623610951e-01
5.200000000000003508e-01,-2.223691650000000075e-01,2.776987089999999880e-01,-1.643263061999999941e+00,-5.827498979999999884e-01,4.123343199999999764e-01,5.432563809999999549e-01,-2.223754544125520205e-01,2.776998514972260912e-01,-1.643259128969529304e+00,-5.827622545911231855e-01,4.123343244984749023e-01,5.432691264673927822e-01,-3.344105399999999784e-02,2.084752999999999953e-03,3.411151199999999661e-02,-1.117267259999999984e-01,-9.454260000000000788e-03,1.094258850000000005e-01,-3.341054666178288474e-02,2.086514035400941977e-03,3.406413904399440556e-02,-1.115601945889434787e-01,-9.437903535487224965e-03,1.092655800473273375e-01,-1.600225325746629235e-01,-2.707641516702489071e+01,1.318188979967313479e+01,2.051572528412011209e+00,7.576313407790094545e-02,4.877008675303393776e-04,8.538046400281018578e+01,8.547118100250372663e+01,6.413921554112568257e-01,-5.201857224570011727e-03,5.413921560627183993e-01,6.413923029482216931e-01,-5.206441162859602560e-03,5.413916987529338032e-01
5.250000000000003553e-01,-2.225375450000000033e-01,2.777091939999999926e-01,-1.643091478999999966e+00,-5.833123140000000539e-01,4.122869169999999750e-01,5.438072069999999592e-01,-2.225439138139349571e-01,2.777103578093149117e-01,-1.643087566425870838e+00,-5.833246415203849899e-01,4.122869560333063399e-01,5.438199363170825862e-01,-3.391091799999999823e-02,2.109230000000000133e-03,3.452236799999999772e-02,-1.132403139999999947e-01,-9.507961000000000537e-03,1.109053019999999973e-01,-3.388017215514433494e-02,2.111047278338434776e-03,3.447496207446084510e-02,-1.130732755830112790e-01,-9.491729682511648725e-03,1.107445293042681467e-01,-1.598889073742651989e-01,-2.707666034542160460e+01,1.318189344389490181e+01,2.050938106444241349e+00,7.573666455936504949e-02,4.876982103075680236e-04,8.923266099736792967e+01,8.934103400315507315e+01,6.413896696698261346e-01,-5.335240767503896149e-03,5.413896699937720269e-01,6.413898188011643020e-01,-5.339874283852538359e-03,5.413891967262896010e-01
5.300000000000003597e-01,-2.227082730000000121e-01,2.777198000000000166e-01,-1.642917849000000041e+00,-5.838822890000000543e-01,4.122392520000000005e-01,5.443654220000000432e-01,-2.227147197689706704e-01,2.777209860712547274e-01,-1.642913960217410541e+00,-5.838945809195935643e-01,4.122393287468524292e-01,5.443781277408585861e-01,-3.438026400000000066e-02,2.133467000000000002e-03,3.492968300000000303e-02,-1.147493289999999971e-01,-9.558133999999999381e-03,1.123800709999999980e-01,-3.434928475222728123e-02,2.135340793706576052e-03,3.488225846478440473e-02,-1.145818193036021865e-01,-9.542038589381201044e-03,1.122188692258791337e-01,-1.597247128791892123e-01,-2.707690717945644465e+01,1.318189198146021468e+01,2.050296610371075356e+00,7.570981630818685026e-02,4.876969859436530827e-04,9.000691300025209785e+01,9.013492400117684156e+01,6.413870847843252676e-01,-5.470491663260627045e-03,5.413870855360460865e-01,6.413872355154963678e-01,-5.475173401813596998e-03,5.413865952718052155e-01
5.350000000000003642e-01,-2.228813470000000074e-01,2.777305279999999765e-01,-1.642742187000000076e+00,-5.844598009999999455e-01,4.121913400000000172e-01,5.449310010000000259e-01,-2.228878694375430736e-01,2.777317350693022657e-01,-1.642738328392377545e+00,-5.844720489958790122e-01,4.121914604401127336e-01,5.449436765792892157e-01,-3.484900199999999698e-02,2.157458000000000119e-03,3.533331800000000245e-02,-1.162533979999999939e-01,-9.604710000000000678e-03,1.138498230000000028e-01,-3.481779262098434746e-02,2.159389533207360049e-03,3.528588997840076402e-02,-1.160854570053692081e-01,-9.588758858953915984e-03,1.136882289430150017e-01,-1.595288028929484625e-01,-2.707715378024581199e+01,1.318188469589877343e+01,2.049647969355939736e+00,7.568258719977521976e-02,4.876960527826871032e-04,9.340627299752668478e+01,9.350082899982226081e+01,6.413843989501774034e-01,-5.607608625803422141e-03,5.413843996118653523e-01,6.413845504510560236e-01,-5.612336274351893521e-03,5.413838917490607638e-01
5.400000000000003686e-01,-2.230567619999999918e-01,2.777413750000000126e-01,-1.642564517000000057e+00,-5.850448190000000492e-01,4.121432050000000125e-01,5.455039149999999504e-01,-2.230633595192507701e-01,2.777426035418197325e-01,-1.642560689693499221e+00,-5.850570200826166190e-01,4.121433692790050229e-01,5.455165568029908263e-01,-3.531704000000000093e-02,2.181194000000000015e-03,3.573313399999999973e-02,-1.177521460000000020e-01,-9.647617000000000692e-03,1.153141830000000007e-01,-3.528560355300785351e-02,2.183180897480889796e-03,3.568571728434009882e-02,-1.175838099833891315e-01,-9.631816471028517915e-03,1.151522324326939434e-01,-1.593006932041800550e-01,-2.707740309469588524e+01,1.318187253173558915e+01,2.048992412047849321e+00,7.565500148264830971e-02,4.876957177217637065e-04,8.930456199959735386e+01,8.939880300022196025e+01,6.413816086161745478e-01,-5.746587202574749559e-03,5.413816093899608273e-01,6.413817609417512555e-01,-5.751360273078051991e-03,5.413810834983796560e-01
5.450000000000003730e-01,-2.232345159999999940e-01,2.777523390000000147e-01,-1.642384862999999973e+00,-5.856373120000000210e-01,4.120948709999999737e-01,5.460841320000000554e-01,-2.232411862599167074e-01,2.777535901795721296e-01,-1.642381063559428478e+00,-5.856494666292036966e-01,4.120950737714521028e-01,5.460967405119127038e-01,-3.578428899999999691e-02,2.204666000000000091e-03,3.612899099999999919e-02,-1.192451949999999983e-01,-9.686787999999999996e-03,1.167727759999999948e-01,-3.575262776018526406e-02,2.206707420314619507e-03,3.608160130614204014e-02,-1.190765027655117797e-01,-9.671146791948786320e-03,1.166105068694942848e-01,-1.590412222584318691e-01,-2.707765290094401678e+01,1.318185475656695615e+01,2.048329780017859925e+00,7.562702679238825221e-02,4.876960784759079288e-04,9.111582800323958509e+01,9.124882800097111613e+01,6.413787104108049641e-01,-5.887424918051441768e-03,5.413787114146940693e-01,6.413788642962036102e-01,-5.892242387293580679e-03,5.413781678389878449e-01
5.500000000000003775e-01,-2.234146029999999894e-01,2.777634210000000103e-01,-1.642203239000000092e+00,-5.862372569999999561e-01,4.120463489999999784e-01,5.466716289999999923e-01,-2.234213454562216927e-01,2.777646936362783148e-01,-1.642199470108359982e+00,-5.862493592345208171e-01,4.120465927550276408e-01,5.466841979701901888e-01,-3.625065699999999863e-02,2.227865999999999787e-03,3.652075500000000197e-02,-1.207321789999999950e-01,-9.722154999999999686e-03,1.182252379999999964e-01,-3.621877538530071661e-02,2.229961730491592485e-03,3.647340825851944773e-02,-1.205631688770786858e-01,-9.706683047150388433e-03,1.180626889135749091e-01,-1.587504682576625914e-01,-2.707790355178254060e+01,1.318183173222617377e+01,2.047660087266780060e+00,7.559867987505156095e-02,4.876971682355307476e-04,8.918119000009028241e+01,8.928059800018672831e+01,6.413757027284547885e-01,-6.030118168408775750e-03,5.413757028605272748e-01,6.413758578009485234e-01,-6.034979228280939502e-03,5.413751420644248302e-01
5.550000000000003819e-01,-2.235970200000000074e-01,2.777746170000000014e-01,-1.642019665000000073e+00,-5.868446210000000107e-01,4.119976579999999888e-01,5.472663719999999454e-01,-2.236038324636352159e-01,2.777759125282710517e-01,-1.642015930137096014e+00,-5.868566666472164739e-01,4.119979453935533331e-01,5.472788976112185066e-01,-3.671605399999999797e-02,2.250785999999999846e-03,3.690829100000000279e-02,-1.222127259999999938e-01,-9.753654000000000490e-03,1.196712010000000048e-01,-3.668395926110807476e-02,2.252936280255893667e-03,3.686100114035911063e-02,-1.220434359406961378e-01,-9.738361025167391674e-03,1.195084105930465102e-01,-1.584290623924130559e-01,-2.707815466188180409e+01,1.318180317601341400e+01,2.046983304127176773e+00,7.556994750762494051e-02,4.876991283133792570e-04,8.873677500014309771e+01,8.885093400022014976e+01,6.413725824995699654e-01,-6.174664109972380875e-03,5.413725832181682796e-01,6.413727387207500685e-01,-6.179567033177004939e-03,5.413720034425811845e-01
5.600000000000003864e-01,-2.237817619999999952e-01,2.777859280000000153e-01,-1.641834162999999958e+00,-5.874593719999999797e-01,4.119488190000000216e-01,5.478683290000000428e-01,-2.237886421725978903e-01,2.777872454268450197e-01,-1.641830465107581238e+00,-5.874713557661346286e-01,4.119491511780042359e-01,5.478808060171470595e-01,-3.718039000000000066e-02,2.273418000000000140e-03,3.729146400000000333e-02,-1.236864639999999960e-01,-9.781219000000000718e-03,1.211102929999999939e-01,-3.714808248755251119e-02,2.275621088406635552e-03,3.724424958261524782e-02,-1.235169356604168822e-01,-9.766114503867771510e-03,1.209473001929554786e-01,-1.580741704215702370e-01,-2.707840808180683823e+01,1.318176993777121453e+01,2.046299690523962767e+00,7.554087017420273165e-02,4.877012077120881418e-04,9.103614100240520202e+01,9.116290900055901147e+01,6.413693473280130952e-01,-6.321058708295186450e-03,5.413693479595373947e-01,6.413695042995493090e-01,-6.326001648328081692e-03,5.413687492265361056e-01
5.650000000000003908e-01,-2.239688220000000118e-01,2.777973510000000257e-01,-1.641646756999999957e+00,-5.880814739999999929e-01,4.118998520000000108e-01,5.484774629999999984e-01,-2.239757690257254130e-01,2.777986908681286393e-01,-1.641643097153668407e+00,-5.880933916287209851e-01,4.119002299213454510e-01,5.484898879199878730e-01,-3.764357600000000498e-02,2.295755000000000452e-03,3.767014300000001009e-02,-1.251530220000000304e-01,-9.804788999999999519e-03,1.225421470000000318e-01,-3.761106038797970563e-02,2.298011087305835282e-03,3.762301654048022526e-02,-1.249832931493797955e-01,-9.789880322552216643e-03,1.223789888568918988e-01,-1.576892762341691734e-01,-2.707866076474831729e+01,1.318173078531329523e+01,2.045608943754180231e+00,7.551139941195128547e-02,4.877043610024068871e-04,8.841023400236736052e+01,8.851302000039140694e+01,6.413659938922342540e-01,-6.469296325472504230e-03,5.413659945531945628e-01,6.413661517623175934e-01,-6.474278539005927542e-03,5.413653766459378680e-01
5.700000000000003952e-01,-2.241581960000000040e-01,2.778088850000000054e-01,-1.641457468999999891e+00,-5.887108899999999867e-01,4.118507779999999729e-01,5.490937380000000534e-01,-2.241652070197854008e-01,2.778102473406142137e-01,-1.641453849072056270e+00,-5.887227374186350115e-01,4.118512017475430831e-01,5.491061062058197884e-01,-3.810552100000001025e-02,2.317788000000000313e-03,3.804419400000001034e-02,-1.266120300000000143e-01,-9.824302000000000035e-03,1.239663930000000219e-01,-3.807280079547398915e-02,2.320093776592069799e-03,3.799717243914145504e-02,-1.264421404565157503e-01,-9.809596941656404182e-03,1.238031072304207197e-01,-1.572721103932981368e-01,-2.707891649579595850e+01,1.318168723551587185e+01,2.044911387590005347e+00,7.548158019315362455e-02,4.877077931478381360e-04,9.237106599903199822e+01,9.245835399997304194e+01,6.413625196249139737e-01,-6.619373332382660034e-03,5.413625203688104959e-01,6.413626783137862386e-01,-6.624392789716423112e-03,5.413618829168143076e-01
5.750000000000003997e-01,-2.243498750000000042e-01,2.778205280000000110e-01,-1.641266322999999971e+00,-5.893475809999999537e-01,4.118016159999999815e-01,5.497171140000000067e-01,-2.243569497122640255e-01,2.778219132932182589e-01,-1.641262744310776345e+00,-5.893593544755892921e-01,4.118020870781549658e-01,5.497294219310390195e-01,-3.856613700000000727e-02,2.339509000000000467e-03,3.841348900000000899e-02,-1.280631190000000308e-01,-9.839697999999999153e-03,1.253826660000000315e-01,-3.853321872554454214e-02,2.341864297990498521e-03,3.836658656236351800e-02,-1.278931082838027644e-01,-9.825206211572295664e-03,1.252192917034173625e-01,-1.568248717449002294e-01,-2.707917186531777887e+01,1.318163820895711069e+01,2.044206785096009060e+00,7.545137575053537105e-02,4.877122503106097592e-04,8.632171100180130452e+01,8.641143599743372761e+01,6.413589215689291523e-01,-6.771282824314437884e-03,5.413589225476843625e-01,6.413590811416953752e-01,-6.776339108687914718e-03,5.413582652391580874e-01
5.800000000000004041e-01,-2.245438549999999867e-01,2.778322799999999870e-01,-1.641073342999999962e+00,-5.899915079999999978e-01,4.117523880000000247e-01,5.503475509999999904e-01,-2.245509902061943452e-01,2.778336871503693239e-01,-1.641069806958109334e+00,-5.900032022911227969e-01,4.117529066222587741e-01,5.503597943216050892e-01,-3.902533300000000233e-02,2.360912000000000167e-03,3.877789799999999815e-02,-1.295059199999999966e-01,-9.850921000000000330e-03,1.267905990000000038e-01,-3.899221934794014355e-02,2.363317727575953674e-03,3.873113264962832480e-02,-1.293358268287545243e-01,-9.836651081362977195e-03,1.266271745921357106e-01,-1.563446824810499347e-01,-2.707942760222452705e+01,1.318158408717295416e+01,2.043495362835938245e+00,7.542081073832176963e-02,4.877174081085764801e-04,9.253110499776084907e+01,9.262082100030966103e+01,6.413551971402406959e-01,-6.925021036353481811e-03,5.413551972440452387e-01,6.413553574223506137e-01,-6.930111818122152573e-03,5.413545207919949753e-01
5.850000000000004086e-01,-2.247401260000000123e-01,2.778441369999999910e-01,-1.640878551999999990e+00,-5.906426270000000311e-01,4.117031139999999811e-01,5.509850059999999994e-01,-2.247473211605548471e-01,2.778455672964463274e-01,-1.640875061750411090e+00,-5.906542385126831718e-01,4.117036813789510807e-01,5.509971807660669629e-01,-3.948302100000000009e-02,2.381987999999999814e-03,3.913729400000000302e-02,-1.309400659999999939e-01,-9.857914000000000607e-03,1.281898260000000067e-01,-3.944971786281128989e-02,2.384443998445604819e-03,3.909067886079773541e-02,-1.307699279780979718e-01,-9.843872931704092388e-03,1.280263885961901160e-01,-1.558342341070202419e-01,-2.707968463052579011e+01,1.318152484256039969e+01,2.042776992381867718e+00,7.538987708585800918e-02,4.877231544499279099e-04,8.795687599922530353e+01,8.804577000046265312e+01,6.413513433826018018e-01,-7.080580159013480715e-03,5.413513440518123998e-01,6.413515043162441032e-01,-7.085704858257618581e-03,5.413506467388491394e-01
5.900000000000004130e-01,-2.249386820000000009e-01,2.778560990000000230e-01,-1.640681975999999986e+00,-5.913008950000000485e-01,4.116538140000000068e-01,5.516294360000000285e-01,-2.249459348025728000e-01,2.778575520663343346e-01,-1.640678534057740778e+00,-5.913124189512142248e-01,4.116544326214287008e-01,5.516415368370340966e-01,-3.993911099999999936e-02,2.402730999999999964e-03,3.949155199999999921e-02,-1.323651909999999932e-01,-9.860621999999999443e-03,1.295799840000000092e-01,-3.990562688415018322e-02,2.405233323913779156e-03,3.944510186582435990e-02,-1.321950450259316012e-01,-9.846819496040758526e-03,1.294165733212725156e-01,-1.552928155919547359e-01,-2.707994380516796795e+01,1.318146127670909884e+01,2.042051865937079214e+00,7.535858636479847439e-02,4.877298906218966042e-04,9.150376899924594909e+01,9.167569299825117923e+01,6.413473576111526908e-01,-7.237955058193577471e-03,5.413473585265466959e-01,6.413475189682161792e-01,-7.243111794815786098e-03,5.413466402376833075e-01
5.950000000000004174e-01,-2.251395150000000123e-01,2.778681639999999731e-01,-1.640483640000000021e+00,-5.919662679999999622e-01,4.116045090000000073e-01,5.522807950000000465e-01,-2.251468229097751683e-01,2.778696397597315015e-01,-1.640480249869419538e+00,-5.919776975943242814e-01,4.116051818934374218e-01,5.522928162830942345e-01,-4.039351599999999737e-02,2.423133000000000058e-03,3.984054800000000340e-02,-1.337809299999999924e-01,-9.858993999999999397e-03,1.309607090000000085e-01,-4.035985476682915629e-02,2.425680499243305921e-03,3.979427747548193450e-02,-1.336108147204138896e-01,-9.845435458231821882e-03,1.307973610768514705e-01,-1.547192870073131887e-01,-2.708020315579188875e+01,1.318139255839971469e+01,2.041319915792106698e+00,7.532694002891687779e-02,4.877367999237974014e-04,8.957641600136412308e+01,8.967226900131208822e+01,6.413432369407572331e-01,-7.397139170238097548e-03,5.413432381626116507e-01,6.413433985124904479e-01,-7.402325807659544676e-03,5.413424984363595094e-01
6.000000000000004219e-01,-2.253426139999999966e-01,2.778803300000000087e-01,-1.640283579999999963e+00,-5.926386879999999691e-01,4.115552310000000213e-01,5.529390269999999719e-01,-2.253499768151105143e-01,2.778818286509732172e-01,-1.640280235789797425e+00,-5.926500265921863519e-01,4.115559509971939978e-01,5.529509710072088025e-01,-4.084614699999999932e-02,2.443186999999999876e-03,4.018415599999999865e-02,-1.351869089999999940e-01,-9.852978000000000083e-03,1.323316280000000067e-01,-4.081231441273444616e-02,2.445780540352083653e-03,4.013808348482262450e-02,-1.350168668031608565e-01,-9.839671559797879413e-03,1.321683818320236459e-01,-1.541148454126598510e-01,-2.708046273027224515e+01,1.318131896055152730e+01,2.040581208821127923e+00,7.529492628665895859e-02,4.877442337689374464e-04,8.797418199901585467e+01,8.819856700210948475e+01,6.413389775401941995e-01,-7.558122587267306416e-03,5.413389780637204440e-01,6.413391400765168227e-01,-7.563339693297235246e-03,5.413382184688544374e-01
6.050000000000004263e-01,-2.255479730000000127e-01,2.778925950000000200e-01,-1.640081813999999971e+00,-5.933181149999999793e-01,4.115059930000000143e-01,5.536040890000000214e-01,-2.255553874001623993e-01,2.778941169747343176e-01,-1.640078519039075422e+00,-5.933293562914332409e-01,4.115067619727762471e-01,5.536159511197989991e-01,-4.129691600000000296e-02,2.462886000000000068e-03,4.052225699999999903e-02,-1.365827729999999907e-01,-9.842526000000000747e-03,1.336923889999999948e-01,-4.126291342973683468e-02,2.465523549707739244e-03,4.047639609101968960e-02,-1.364128469889200890e-01,-9.829481373299425381e-03,1.335292848150526901e-01,-1.534779670538571894e-01,-2.708072394691921048e+01,1.318124048831324302e+01,2.039835749275796140e+00,7.526255979716711675e-02,4.877525878637429158e-04,8.765203900111373514e+01,8.774962100142147392e+01,6.413345773709971942e-01,-7.720900820085909062e-03,5.413345777852263119e-01,6.413347407764914410e-01,-7.726145860312956526e-03,5.413337974573385614e-01
6.100000000000004308e-01,-2.257555800000000112e-01,2.779049579999999797e-01,-1.639878366999999892e+00,-5.940044979999999919e-01,4.114568140000000041e-01,5.542759329999999984e-01,-2.257630451135083094e-01,2.779065029314715107e-01,-1.639875127437328217e+00,-5.940156352281354968e-01,4.114576370965796759e-01,5.542877049467155315e-01,-4.174573200000000067e-02,2.482223999999999889e-03,4.085473299999999724e-02,-1.379681610000000058e-01,-9.827591999999999578e-03,1.350426329999999953e-01,-4.171156907521801627e-02,2.484904720069240364e-03,4.080909788304392521e-02,-1.377983879965332392e-01,-9.814817098281143626e-03,1.348797090648840569e-01,-1.528113929250699554e-01,-2.708098549518756215e+01,1.318115747362097423e+01,2.039083588393626023e+00,7.522983219748480277e-02,4.877619818148726965e-04,9.076598999672569335e+01,9.089099900302244350e+01,6.413300341428282980e-01,-7.885464664745125279e-03,5.413300349141259016e-01,6.413301977216619987e-01,-7.890736340187007661e-03,5.413292325166495500e-01
6.150000000000004352e-01,-2.259654269999999965e-01,2.779174169999999999e-01,-1.639673270999999932e+00,-5.946977829999999798e-01,4.114077199999999768e-01,5.549545019999999607e-01,-2.259729399760748436e-01,2.779189846897398564e-01,-1.639670089394908326e+00,-5.947088101025541640e-01,4.114085988761266299e-01,5.549661790087949687e-01,-4.219251000000000251e-02,2.501192000000000172e-03,4.118146599999999991e-02,-1.393427100000000085e-01,-9.808130999999999447e-03,1.363819990000000038e-01,-4.215819395823311444e-02,2.503916622315274960e-03,4.113607038712428082e-02,-1.391731228014563004e-01,-9.795633581655964484e-03,1.362192936071889016e-01,-1.521136495033321712e-01,-2.708124825322656193e+01,1.318106999656370704e+01,2.038324842899434053e+00,7.519675314838084046e-02,4.877724220243479002e-04,8.841989400025340728e+01,8.851126599984127097e+01,6.413253443868713877e-01,-8.051806701496154461e-03,5.413253453863173803e-01,6.413255080180685352e-01,-8.057102789018905781e-03,5.413245207597375819e-01
6.200000000000004396e-01,-2.261775020000000025e-01,2.779299689999999989e-01,-1.639466563999999904e+00,-5.953979050000000051e-01,4.113587419999999995e-01,5.556397330000000245e-01,-2.261850615599891867e-01,2.779315603800219803e-01,-1.639463433897599742e+00,-5.954088258238879883e-01,4.113596700432835540e-01,5.556513179962414561e-01,-4.263716299999999876e-02,2.519785999999999988e-03,4.150233799999999973e-02,-1.407060509999999987e-01,-9.784098999999999227e-03,1.377101169999999930e-01,-4.260269673678992314e-02,2.522551518438689161e-03,4.145720078613070875e-02,-1.405366991212629868e-01,-9.771886164080702611e-03,1.375476689350814685e-01,-1.513837504739052875e-01,-2.708151272605834947e+01,1.318097835124056871e+01,2.037559562061106888e+00,7.516334346520012200e-02,4.877818543333706063e-04,9.157346900246920995e+01,9.166517800258588977e+01,6.413205041100868975e-01,-8.219916059023647803e-03,5.413205047990371499e-01,6.413206687677643902e-01,-8.225236474234662309e-03,5.413196593017989278e-01
6.250000000000004441e-01,-2.263917950000000068e-01,2.779426139999999767e-01,-1.639258258999999995e+00,-5.961048230000000059e-01,4.113098880000000124e-01,5.563315819999999912e-01,-2.263993990059011419e-01,2.779442281031714312e-01,-1.639255190507169724e+00,-5.961156255191134568e-01,4.113108735331050814e-01,5.563430648442372339e-01,-4.307960000000000261e-02,2.537998999999999984e-03,4.181723700000000016e-02,-1.420578389999999913e-01,-9.755457000000000364e-03,1.390266480000000027e-01,-4.304499447751971436e-02,2.540804691088608454e-03,4.177237230873684370e-02,-1.418887577892971319e-01,-9.743536910241538951e-03,1.388644964296009143e-01,-1.506240385589003861e-01,-2.708177701251981162e+01,1.318088180290742528e+01,2.036787608815747497e+00,7.512956519155758461e-02,4.877937189023821059e-04,8.731561000240617432e+01,8.740895200025988743e+01,6.413155125280547431e-01,-8.389786167228350730e-03,5.413155134831184601e-01,6.413156770703243303e-01,-8.395128285802766835e-03,5.413146452513575291e-01
6.300000000000004485e-01,-2.266082939999999879e-01,2.779553490000000182e-01,-1.639048400000000072e+00,-5.968184650000000202e-01,4.112611939999999966e-01,5.570299800000000356e-01,-2.266159410188274548e-01,2.779569859283239075e-01,-1.639045389366499128e+00,-5.968291504963106897e-01,4.112622324751053493e-01,5.570413607025501701e-01,-4.351973600000000331e-02,2.555823999999999943e-03,4.212604899999999875e-02,-1.433977049999999864e-01,-9.722164999999999627e-03,1.403312220000000055e-01,-4.348499725584965142e-02,2.558668712481231618e-03,4.208146910996634488e-02,-1.432289320109970676e-01,-9.710546313643908176e-03,1.401694067569879687e-01,-1.498322666454868779e-01,-2.708204249387743445e+01,1.318078080692156462e+01,2.036009250203012932e+00,7.509544434396542290e-02,4.878059080018866877e-04,8.520725500056869350e+01,8.531077500083483756e+01,6.413103650770821673e-01,-8.561405422657359862e-03,5.413103655576715356e-01,6.413105300241008777e-01,-8.566768730921775141e-03,5.413094757127089318e-01
6.350000000000004530e-01,-2.268269880000000072e-01,2.779681720000000134e-01,-1.638837010999999899e+00,-5.975387779999999927e-01,4.112126759999999992e-01,5.577348730000000199e-01,-2.268346758492686688e-01,2.779698318866772322e-01,-1.638834061156970501e+00,-5.975493403152242200e-01,4.112137701895923203e-01,5.577461449369226498e-01,-4.395748199999999911e-02,2.573254000000000079e-03,4.242866499999999735e-02,-1.447253000000000012e-01,-9.684188999999999298e-03,1.416234929999999892e-01,-4.392261351291732591e-02,2.576135888687981507e-03,4.238438892905146277e-02,-1.445568835899061766e-01,-9.672877130963005929e-03,1.414620515168216464e-01,-1.490083525760551586e-01,-2.708231029973686077e+01,1.318067630368405929e+01,2.035224528665893651e+00,7.506101146334914764e-02,4.878177012535481042e-04,8.662099799767020158e+01,8.675588400001288392e+01,6.413050594840337126e-01,-8.734765289657121443e-03,5.413050596911782586e-01,6.413052247284087848e-01,-8.740147923785475392e-03,5.413041478000484297e-01
6.400000000000004574e-01,-2.270478649999999876e-01,2.779810810000000187e-01,-1.638624123999999904e+00,-5.982656969999999852e-01,4.111643589999999793e-01,5.584461950000000341e-01,-2.270555913289568073e-01,2.779827639879433598e-01,-1.638621237114291862e+00,-5.982761327254860761e-01,4.111655101627312847e-01,5.584573551542254544e-01,-4.439275200000000060e-02,2.590284999999999897e-03,4.272497699999999732e-02,-1.460402670000000014e-01,-9.641494000000000453e-03,1.429031040000000030e-01,-4.435776469670803940e-02,2.593204187518448681e-03,4.268101517782110776e-02,-1.458722346750588317e-01,-9.630498930565906807e-03,1.427420767380356004e-01,-1.481555464954400492e-01,-2.708257672892330703e+01,1.318056669334155373e+01,2.034433324527368470e+00,7.502619371342067467e-02,4.878322097506153148e-04,8.726496699819108471e+01,8.737950899740098976e+01,6.412995928791391798e-01,-8.909855425029658549e-03,5.412995931283348661e-01,6.412997582880149983e-01,-8.915255606458397791e-03,5.412986586250537746e-01
6.450000000000004619e-01,-2.272709109999999921e-01,2.779940739999999799e-01,-1.638409771000000070e+00,-5.989991599999999750e-01,4.111162680000000069e-01,5.591638829999999727e-01,-2.272786748445159710e-01,2.779957802067582473e-01,-1.638406949004864055e+00,-5.990094637408356348e-01,4.111174760503829018e-01,5.591749272007319194e-01,-4.482545899999999806e-02,2.606910999999999951e-03,4.301487699999999997e-02,-1.473422550000000053e-01,-9.594049000000000327e-03,1.441697070000000080e-01,-4.479035480202311903e-02,2.609863271609959377e-03,4.297124869363748434e-02,-1.471746585947503738e-01,-9.583375451428130867e-03,1.440091315947456263e-01,-1.472692860959515793e-01,-2.708284651733504589e+01,1.318045383277994631e+01,2.033635894854464610e+00,7.499108945853580344e-02,4.878451211346433746e-04,8.786954300012439489e+01,8.798157300043385476e+01,6.412939622425135600e-01,-9.086664275785853728e-03,5.412939627280606292e-01,6.412941278107047172e-01,-9.092081132524233028e-03,5.412930053069330283e-01
6.500000000000004663e-01,-2.274961149999999988e-01,2.780071490000000090e-01,-1.638193986999999963e+00,-5.997390959999999716e-01,4.110684279999999857e-01,5.598878680000000108e-01,-2.275039133555365745e-01,2.780088784981442629e-01,-1.638191229124074333e+00,-5.997492675832828413e-01,4.110696916633150844e-01,5.598987951607068414e-01,-4.525551600000000257e-02,2.623125000000000023e-03,4.329826199999999709e-02,-1.486309080000000060e-01,-9.541822999999999624e-03,1.454229469999999969e-01,-4.522030548618863333e-02,2.626113495250736486e-03,4.325497926950631206e-02,-1.484637759408984348e-01,-9.531479257525874577e-03,1.452628626855677341e-01,-1.463541545750597361e-01,-2.708311452925025975e+01,1.318033614207814175e+01,2.032832155272153329e+00,7.495560932851644265e-02,4.878609065022668678e-04,8.910854900022968650e+01,8.921677900070790201e+01,6.412881645425732025e-01,-9.265181803634527785e-03,5.412881650904062258e-01,6.412883304141530072e-01,-9.270613476817094953e-03,5.412871849689565584e-01
6.550000000000004707e-01,-2.277234619999999876e-01,2.780203050000000231e-01,-1.637976796000000013e+00,-6.004854499999999762e-01,4.110208539999999910e-01,5.606180929999999840e-01,-2.277312933828490038e-01,2.780220567875738014e-01,-1.637974110278354045e+00,-6.004954767561256901e-01,4.110221809451277686e-01,5.606288914101599241e-01,-4.568283399999999855e-02,2.638922000000000143e-03,4.357503000000000071e-02,-1.499058869999999877e-01,-9.484792000000000570e-03,1.466624900000000065e-01,-4.564752272013738316e-02,2.641944772195107139e-03,4.353211003764243664e-02,-1.497392668068143751e-01,-9.474784377615251552e-03,1.465029362522138334e-01,-1.454061355496145680e-01,-2.708338559946825796e+01,1.318021511809160273e+01,2.032022230989397826e+00,7.491983221052492259e-02,4.878760637820834991e-04,8.726675599973532371e+01,8.746685799997067079e+01,6.412821978393423716e-01,-9.445396877997218332e-03,5.412821984165627764e-01,6.412823632233261018e-01,-9.450841229802409496e-03,5.412811947414239988e-01
6.600000000000004752e-01,-2.279529379999999938e-01,2.780335369999999973e-01,-1.637758247999999917e+00,-6.012381319999999807e-01,4.109735880000000008e-01,5.613544700000000498e-01,-2.279608010186722211e-01,2.780353129656291666e-01,-1.637755625791159853e+00,-6.012480220001218401e-01,4.109749679746285689e-01,5.613651465459237322e-01,-4.610733100000000140e-02,2.654295999999999999e-03,4.384507800000000260e-02,-1.511668260000000041e-01,-9.422928000000000553e-03,1.478879670000000091e-01,-4.607192631794175541e-02,2.657352197008741330e-03,4.380253324840391316e-02,-1.510007570051915549e-01,-9.413263082133437043e-03,1.477289817936144334e-01,-1.444285293233110723e-01,-2.708365692560584037e+01,1.318008990629445876e+01,2.031206214871716931e+00,7.488370917871345345e-02,4.878920662389411682e-04,8.712989899868262000e+01,8.721896499991999008e+01,6.412760571831787049e-01,-9.627295272871098236e-03,5.412760580724280679e-01,6.412762233712619997e-01,-9.632752600365768886e-03,5.412750317676007228e-01
6.650000000000004796e-01,-2.281845299999999965e-01,2.780468469999999859e-01,-1.637538361000000053e+00,-6.019970890000000407e-01,4.109266380000000107e-01,5.620969439999999873e-01,-2.281924219318443303e-01,2.780486448988485071e-01,-1.637535809480166193e+00,-6.020068323068017424e-01,4.109280769399626942e-01,5.621074894621782558e-01,-4.652891700000000297e-02,2.669242999999999963e-03,4.410831199999999674e-02,-1.524133980000000055e-01,-9.356211999999999168e-03,1.490990560000000076e-01,-4.649342860589532334e-02,2.672331025449565644e-03,4.406615600504522334e-02,-1.522479129763161243e-01,-9.346897428642773897e-03,1.489406788174935381e-01,-1.434197454769157165e-01,-2.708392951158969808e+01,1.317996125053008782e+01,2.030384137712643700e+00,7.484726740518407584e-02,4.879098030941726727e-04,9.018672100137337111e+01,9.034572100063087419e+01,6.412697420623432176e-01,-9.810867902690549938e-03,5.412697423116571427e-01,6.412699080046608824e-01,-9.816335420590504082e-03,5.412686932032149123e-01
6.700000000000004841e-01,-2.284182230000000036e-01,2.780602300000000193e-01,-1.637317171000000071e+00,-6.027622470000000288e-01,4.108800280000000082e-01,5.628454419999999736e-01,-2.284261413338166957e-01,2.780620504210314370e-01,-1.637314695625166738e+00,-6.027718350050715879e-01,4.108815321328185277e-01,5.628558473693162645e-01,-4.694750400000000101e-02,2.683758000000000064e-03,4.436463699999999843e-02,-1.536452560000000078e-01,-9.284624000000000002e-03,1.502954109999999899e-01,-4.691193556789402530e-02,2.686873507409427621e-03,4.432288621014219415e-02,-1.534804029438001094e-01,-9.275664885175975358e-03,1.501376797805788754e-01,-1.423778291891117931e-01,-2.708420463143102452e+01,1.317982945582351206e+01,2.029556190043522612e+00,7.481053889501199095e-02,4.879266976802606949e-04,8.683500000188359991e+01,8.693300200320663862e+01,6.412632488516666340e-01,-9.996101847930764089e-03,5.412632494275336770e-01,6.412634142832852602e-01,-1.000157712598758949e-02,5.412621762249628654e-01
6.750000000000004885e-01,-2.286539999999999961e-01,2.780736830000000159e-01,-1.637094725999999945e+00,-6.035335170000000193e-01,4.108337989999999995e-01,5.635998740000000007e-01,-2.286619440212522003e-01,2.780755273515178039e-01,-1.637092318993069950e+00,-6.035429556710965038e-01,4.108353579373860698e-01,5.636101457262681080e-01,-4.736301099999999653e-02,2.697834999999999990e-03,4.461395399999999734e-02,-1.548620450000000037e-01,-9.208146000000000386e-03,1.514766780000000035e-01,-4.732737161629817918e-02,2.700979990553620952e-03,4.457262290312290903e-02,-1.546978638984144172e-01,-9.199549662052422874e-03,1.513196326085838317e-01,-1.413077997349628800e-01,-2.708447798854522759e+01,1.317969311207125038e+01,2.028722170508467926e+00,7.477344843569677657e-02,4.879451664585918559e-04,8.691575300326803699e+01,8.707569200123543851e+01,6.412565732971637900e-01,-1.018298112191833200e-02,5.412565742368349309e-01,6.412567393849006869e-01,-1.018846477881955002e-02,5.412554780174548830e-01
6.800000000000004929e-01,-2.288918470000000094e-01,2.780872070000000029e-01,-1.636871049000000022e+00,-6.043108360000000179e-01,4.107879609999999793e-01,5.643601769999999629e-01,-2.288998143690401110e-01,2.780890734884869930e-01,-1.636868714824135651e+00,-6.043201181493729202e-01,4.107895788092584266e-01,5.643703083169614443e-01,-4.777534800000000220e-02,2.711470000000000113e-03,4.485617599999999761e-02,-1.560634379999999988e-01,-9.126765000000000225e-03,1.526425339999999964e-01,-4.773964654774728172e-02,2.714643189600759229e-03,4.481527561737749105e-02,-1.558999606858624265e-01,-9.118538503755716645e-03,1.524862137462394129e-01,-1.402056018065069853e-01,-2.708475355278505248e+01,1.317955363941351621e+01,2.027882403839576853e+00,7.473605901265953366e-02,4.879652353839170368e-04,8.701614699748461135e+01,8.713264100151718594e+01,6.412497144432180995e-01,-1.037149526641992052e-02,5.412497147183512602e-01,6.412498805055277806e-01,-1.037698506386082291e-02,5.412485957788969460e-01
6.850000000000004974e-01,-2.291317479999999962e-01,2.781007970000000107e-01,-1.636646177000000035e+00,-6.050941250000000382e-01,4.107425410000000165e-01,5.651262719999999851e-01,-2.291397363048375269e-01,2.781026865922225366e-01,-1.636643918787165308e+00,-6.051032446355933958e-01,4.107442192734015451e-01,5.651362572643819915e-01,-4.818442900000000084e-02,2.724658000000000028e-03,4.509121499999999699e-02,-1.572490970000000043e-01,-9.040467999999999421e-03,1.537926420000000072e-01,-4.814867141720770988e-02,2.727855329725792626e-03,4.505076182696435977e-02,-1.570863671951881757e-01,-9.032617140662608027e-03,1.536370853034965678e-01,-1.390716918185959106e-01,-2.708503214872697029e+01,1.317941175088208006e+01,2.027037004512127538e+00,7.469839285516616245e-02,4.879847355264258532e-04,8.838648199889576063e+01,8.848297199801891111e+01,6.412426687853634011e-01,-1.056163026739043338e-02,5.412426695812539990e-01,6.412428348593278704e-01,-1.056712427388745330e-02,5.412415267413902553e-01
6.900000000000005018e-01,-2.293736859999999933e-01,2.781144529999999837e-01,-1.636420146000000075e+00,-6.058833030000000397e-01,4.106975620000000160e-01,5.658980789999999983e-01,-2.293816933239344602e-01,2.781163644078196162e-01,-1.636417966983092054e+00,-6.058922556595671693e-01,4.106993039053190575e-01,5.659079130165249882e-01,-4.859016900000000944e-02,2.737395000000000540e-03,4.531898300000000712e-02,-1.584186870000000302e-01,-8.949247999999998190e-03,1.549266690000000168e-01,-4.855436139592123751e-02,2.740616531597862490e-03,4.527899251715748752e-02,-1.582567455981816751e-01,-8.941778262921513606e-03,1.547719142670103687e-01,-1.379072107177464757e-01,-2.708530982997814718e+01,1.317926586298318448e+01,2.026185820962013828e+00,7.466040180069560828e-02,4.880053174654778027e-04,8.886591499685891904e+01,8.901534799952059984e+01,6.412354341326254037e-01,-1.075337187177344452e-02,5.412354347675009114e-01,6.412355996841433425e-01,-1.075886831895660374e-02,5.412342681551175483e-01
6.950000000000005063e-01,-2.296176440000000096e-01,2.781281709999999796e-01,-1.636192995000000039e+00,-6.066782889999999817e-01,4.106530509999999912e-01,5.666755159999999902e-01,-2.296256684891133937e-01,2.781301046659431786e-01,-1.636190895947513102e+00,-6.066870700719306786e-01,4.106548573215678122e-01,5.666851943588839813e-01,-4.899248000000000491e-02,2.749676000000000377e-03,4.553939800000000870e-02,-1.595718740000000302e-01,-8.853096999999999009e-03,1.560442830000000336e-01,-4.895662886394749197e-02,2.752921905106571476e-03,4.549988215418755699e-02,-1.594107614480907986e-01,-8.846013079040742494e-03,1.558903685367772907e-01,-1.367112222956098355e-01,-2.708558885371914116e+01,1.317911681959184733e+01,2.025329086865651718e+00,7.462211764529334823e-02,4.880266823705708750e-04,8.920767299787257798e+01,8.931307000239030458e+01,6.412280069942148941e-01,-1.094670526631653582e-02,5.412280076653845917e-01,6.412281722425954289e-01,-1.095220272463780752e-02,5.412268172871165239e-01
7.000000000000005107e-01,-2.298636049999999986e-01,2.781419489999999994e-01,-1.635964761999999961e+00,-6.074789969999999650e-01,4.106090359999999828e-01,5.674584969999999506e-01,-2.298716444466300246e-01,2.781439050658487955e-01,-1.635962742632721234e+00,-6.074876050433507535e-01,4.106109041605527366e-01,5.674680184230844748e-01,-4.939127900000001015e-02,2.761498000000000251e-03,4.575237700000000379e-02,-1.607083240000000413e-01,-8.752012999999997725e-03,1.571451540000000369e-01,-4.935539338922487890e-02,2.764764241178172769e-03,4.571334887258370755e-02,-1.605480777736935372e-01,-8.745320185651156777e-03,1.569921182772887613e-01,-1.354856845756259309e-01,-2.708587028277942110e+01,1.317896531233560431e+01,2.024466917106265917e+00,7.458353368483471024e-02,4.880491353590489501e-04,1.206193990001338534e+02,1.207416079996619374e+02,6.412203847230508735e-01,-1.114161551773981858e-02,5.412203855946783326e-01,6.412205498218609412e-01,-1.114711264140406249e-02,5.412191714383224328e-01
7.050000000000005151e-01,-2.301115509999999975e-01,2.781557849999999887e-01,-1.635735485000000100e+00,-6.082853419999999511e-01,4.105655409999999783e-01,5.682469380000000347e-01,-2.301196034196973939e-01,2.781577632927260679e-01,-1.635733544391614336e+00,-6.082937760998159415e-01,4.105674690665731541e-01,5.682563007063365923e-01,-4.978647800000000206e-02,2.772857000000000099e-03,4.595784099999999928e-02,-1.618277120000000124e-01,-8.645994000000000596e-03,1.582289570000000034e-01,-4.975056757487737735e-02,2.776143657055007638e-03,4.591931372525068916e-02,-1.616683710592292100e-01,-8.639698574799879044e-03,1.580768386350094867e-01,-1.342288988373342429e-01,-2.708615136408250379e+01,1.317881036321182719e+01,2.023599252475597687e+00,7.454465226033596403e-02,4.880721100173203799e-04,9.198359100264497101e+01,9.207767000043531880e+01,6.412125646296976678e-01,-1.133808726678200984e-02,5.412125653909974909e-01,6.412127297385683544e-01,-1.134358284218556744e-02,5.412113279339036964e-01
7.100000000000005196e-01,-2.303614639999999880e-01,2.781696770000000041e-01,-1.635505197999999938e+00,-6.090972430000000104e-01,4.105225869999999944e-01,5.690407549999999537e-01,-2.303695272021846208e-01,2.781716770245672432e-01,-1.635503338957879693e+00,-6.091054971510602156e-01,4.105245766821256637e-01,5.690499550974665866e-01,-5.017799199999999765e-02,2.783748999999999859e-03,4.615571499999999994e-02,-1.629297150000000027e-01,-8.535043000000000837e-03,1.592953729999999901e-01,-5.014206656753553148e-02,2.787057676225803554e-03,4.611770242449473450e-02,-1.627713182857822294e-01,-8.529149537723315286e-03,1.591442101063551273e-01,-1.329415118964473175e-01,-2.708643346178367750e+01,1.317865273173727658e+01,2.022726267591482330e+00,7.450548635755041560e-02,4.880959345420859377e-04,8.625400799792259932e+01,8.635435599717311561e+01,6.412045444349714352e-01,-1.153610555871852246e-02,5.412045449843688738e-01,6.412047093424927402e-01,-1.154159771904092815e-02,5.412032841235050462e-01
7.150000000000005240e-01,-2.306133250000000079e-01,2.781836220000000193e-01,-1.635273940999999898e+00,-6.099146090000000520e-01,4.104801989999999901e-01,5.698398609999999476e-01,-2.306213971487709735e-01,2.781856439121659363e-01,-1.635272164436223363e+00,-6.099226804931583423e-01,4.104822516272388921e-01,5.698488938847187102e-01,-5.056573400000000107e-02,2.794169999999999900e-03,4.634592500000000309e-02,-1.640140099999999879e-01,-8.419166000000000497e-03,1.603440809999999994e-01,-5.052980053602902644e-02,2.797498883497973390e-03,4.630844083304992698e-02,-1.638565969737497685e-01,-8.413679723077154005e-03,1.601939122266066717e-01,-1.316219084454346433e-01,-2.708671848232208035e+01,1.317849289581335270e+01,2.021848198362699467e+00,7.446605145930965119e-02,4.881204476290953390e-04,8.883195999806048349e+01,8.893830600209184922e+01,6.411963212699886006e-01,-1.173565394351721788e-02,5.411963217376953850e-01,6.411964860145592526e-01,-1.174114127579105153e-02,5.411950373957926663e-01
7.200000000000005285e-01,-2.308671150000000116e-01,2.781976179999999799e-01,-1.635041752000000015e+00,-6.107373529999999828e-01,4.104384030000000072e-01,5.706441669999999800e-01,-2.308751941871113322e-01,2.781996615843448373e-01,-1.635040059301080539e+00,-6.107452368202379578e-01,4.104405184922014782e-01,5.706530277692337672e-01,-5.094961900000000155e-02,2.804117000000000068e-03,4.652840200000000342e-02,-1.650802789999999964e-01,-8.298368999999999884e-03,1.613747660000000028e-01,-5.091368702274585295e-02,2.807464899305755265e-03,4.649145514321032652e-02,-1.649238881824359459e-01,-8.293294630381000537e-03,1.612256296586521420e-01,-1.302723316176427337e-01,-2.708700408006351878e+01,1.317833015516917783e+01,2.020964900564881983e+00,7.442633152434909027e-02,4.881458652918479893e-04,8.822021699961624108e+01,8.833030899768345989e+01,6.411878925721410383e-01,-1.193671612408448053e-02,5.411878928927631449e-01,6.411880571680278473e-01,-1.194219713524060505e-02,5.411865851732187149e-01
7.250000000000005329e-01,-2.311228140000000097e-01,2.782116620000000262e-01,-1.634808668000000020e+00,-6.115653840000000452e-01,4.103972220000000060e-01,5.714535809999999882e-01,-2.311308988184729019e-01,2.782137276577286711e-01,-1.634807062369105113e+00,-6.115730752386877578e-01,4.103994018184851100e-01,5.714622658732965155e-01,-5.132956000000000324e-02,2.813588000000000113e-03,4.670307499999999667e-02,-1.661282050000000010e-01,-8.172665000000000832e-03,1.623871129999999996e-01,-5.129363886648972276e-02,2.816953244299885521e-03,4.666668049799072016e-02,-1.659728753520265110e-01,-8.168006884737026921e-03,1.622390464011290168e-01,-1.288914578238310460e-01,-2.708729130844241695e+01,1.317816535103315623e+01,2.020076662344270968e+00,7.438634435363450370e-02,4.881718163708677967e-04,8.758251199833466671e+01,8.768449299896019511e+01,6.411792559601300345e-01,-1.213927514449474401e-02,5.411792570255564705e-01,6.411794202547189681e-01,-1.214474854095185657e-02,5.411779249148662707e-01
7.300000000000005373e-01,-2.313804030000000123e-01,2.782257530000000201e-01,-1.634574731999999919e+00,-6.123986070000000392e-01,4.103566819999999726e-01,5.722680089999999664e-01,-2.313884911078261386e-01,2.782278397293053707e-01,-1.634573212786669449e+00,-6.124061032742859068e-01,4.103589260878133804e-01,5.722765157587574869e-01,-5.170547300000000179e-02,2.822578000000000066e-03,4.686988000000000265e-02,-1.671574730000000009e-01,-8.042066000000000492e-03,1.633808119999999864e-01,-5.166956873886522500e-02,2.825959026107358746e-03,4.683405023920500510e-02,-1.670032427115309970e-01,-8.037828004829402836e-03,1.632338530353605321e-01,-1.274791085969293469e-01,-2.708758072588098287e+01,1.317799846575760725e+01,2.019183576668085678e+00,7.434610010216333165e-02,4.881988393050977698e-04,8.865120299742557108e+01,8.878648799873190001e+01,6.411704087381462358e-01,-1.234331422290417535e-02,5.411704094106116747e-01,6.411705727658462139e-01,-1.234877835020307089e-02,5.411690541246702013e-01
7.350000000000005418e-01,-2.316398620000000019e-01,2.782398870000000191e-01,-1.634339983999999912e+00,-6.132369250000000438e-01,4.103168110000000035e-01,5.730873549999999650e-01,-2.316479506911959529e-01,2.782419953788269340e-01,-1.634338550019852621e+00,-6.132442268909901184e-01,4.103191157023015623e-01,5.730956834316939252e-01,-5.207727100000000137e-02,2.831086000000000019e-03,4.702875399999999900e-02,-1.681677689999999947e-01,-7.906589999999999799e-03,1.643555499999999892e-01,-5.204139187309676090e-02,2.834479761496797035e-03,4.699350224738929604e-02,-1.680146802247889648e-01,-7.902776865629733069e-03,1.642097373057196663e-01,-1.260361406336520940e-01,-2.708787159841985215e+01,1.317782951293063221e+01,2.018285677306911108e+00,7.430558956930036207e-02,4.882261638493770161e-04,8.633962000021710992e+01,8.642794199840864167e+01,6.411613481818631000e-01,-1.254881567381908175e-02,5.411613490259613579e-01,6.411615122336717931e-01,-1.255426903930375801e-02,5.411599703500420411e-01
7.400000000000005462e-01,-2.319011689999999903e-01,2.782540620000000242e-01,-1.634104462000000035e+00,-6.140802469999999680e-01,4.102776289999999770e-01,5.739115280000000041e-01,-2.319092567720874021e-01,2.782561921816791295e-01,-1.634103113833033971e+00,-6.140873505250982189e-01,4.102799949627409237e-01,5.739196733815342677e-01,-5.244486799999999865e-02,2.839108999999999817e-03,4.717963800000000291e-02,-1.691587910000000028e-01,-7.766257999999999842e-03,1.653110289999999982e-01,-5.240902060303499060e-02,2.842515650898963086e-03,4.714497851171060849e-02,-1.690068854221488948e-01,-7.762874677340957097e-03,1.651664018916514098e-01,-1.245618518558064824e-01,-2.708816314596904107e+01,1.317765836073761676e+01,2.017383042376542868e+00,7.426482004140255722e-02,4.882544954457126996e-04,9.073041300143813714e+01,9.082113900149124674e+01,6.411520719996000039e-01,-1.275576129855001198e-02,5.411520730631023124e-01,6.411522362364250327e-01,-1.276120270347932614e-02,5.411506711771578715e-01
7.450000000000005507e-01,-2.321643039999999880e-01,2.782682770000000083e-01,-1.633868204999999962e+00,-6.149284769999999734e-01,4.102391599999999916e-01,5.747404299999999688e-01,-2.321723881223559660e-01,2.782704277069585341e-01,-1.633866944293043355e+00,-6.149353770854583123e-01,4.102415880640207235e-01,5.747483885968825978e-01,-5.280817799999999729e-02,2.846642999999999830e-03,4.732247400000000326e-02,-1.701302339999999913e-01,-7.621090999999999976e-03,1.662469480000000055e-01,-5.277236948606130185e-02,2.850064464805767469e-03,4.728841690042836360e-02,-1.699795508584297510e-01,-7.618142619931661183e-03,1.661035447896927753e-01,-1.230566668508117356e-01,-2.708845569303346679e+01,1.317748485071784970e+01,2.016475753509275215e+00,7.422379148880114963e-02,4.882838734539880115e-04,8.857000699936179444e+01,8.869836200028657913e+01,6.411425782027575515e-01,-1.296413375644650881e-02,5.411425785926831100e-01,6.411427423979517704e-01,-1.296956105589346792e-02,5.411411542293664834e-01
7.500000000000005551e-01,-2.324292440000000071e-01,2.782825279999999735e-01,-1.633631250999999951e+00,-6.157815159999999732e-01,4.102014270000000074e-01,5.755739640000000490e-01,-2.324373230869254403e-01,2.782846995046668326e-01,-1.633630081741197282e+00,-6.157882079604067860e-01,4.102039190782708067e-01,5.755817305765016378e-01,-5.316711400000000143e-02,2.853688000000000058e-03,4.745720900000000020e-02,-1.710818000000000061e-01,-7.471117000000000209e-03,1.671630119999999997e-01,-5.313135316944262582e-02,2.857121325124987923e-03,4.742376734829012452e-02,-1.709323747151462736e-01,-7.468607509135891803e-03,1.670208707778235990e-01,-1.215206485295428074e-01,-2.708875149843017738e+01,1.317731047230486396e+01,2.015564125524332173e+00,7.418253027505099240e-02,4.883142010065253356e-04,8.833392599990474992e+01,8.846903099765768275e+01,6.411328645444209773e-01,-1.317391358021061977e-02,5.411328653182837511e-01,6.411330283897243021e-01,-1.317932543071545157e-02,5.411314171855321487e-01
7.550000000000005596e-01,-2.326959670000000036e-01,2.782968129999999762e-01,-1.633393641999999923e+00,-6.166392659999999637e-01,4.101644520000000127e-01,5.764120310000000469e-01,-2.327040395930356220e-01,2.782990051079097804e-01,-1.633392566781656674e+00,-6.166457430369884918e-01,4.101670119447308194e-01,5.764195993411569408e-01,-5.352158900000000136e-02,2.860240999999999912e-03,4.758379199999999976e-02,-1.720131900000000102e-01,-7.316363999999999680e-03,1.680589269999999968e-01,-5.348588932305715915e-02,2.863683852408086070e-03,4.755097562745123907e-02,-1.718650578326595679e-01,-7.314295783352889671e-03,1.679180840620705106e-01,-1.199546789862191432e-01,-2.708904877611243478e+01,1.317713431229091192e+01,2.014648062468332945e+00,7.414102333163204162e-02,4.883453150186357981e-04,8.831030200235545635e+01,8.840806999796768650e+01,6.411229285075108475e-01,-1.338508193188407691e-02,5.411229295925463756e-01,6.411230919326856847e-01,-1.339047678927874491e-02,5.411214577803536985e-01
7.600000000000005640e-01,-2.329644519999999885e-01,2.783111300000000177e-01,-1.633155424999999994e+00,-6.175016159999999754e-01,4.101282689999999898e-01,5.772545209999999649e-01,-2.329725151274413264e-01,2.783133420523818957e-01,-1.633154440271857410e+00,-6.175078807145828463e-01,4.101308904491622331e-01,5.772618934249270639e-01,-5.387151999999999913e-02,2.866300999999999918e-03,4.770217399999999996e-02,-1.729241039999999952e-01,-7.156865000000000102e-03,1.689343939999999877e-01,-5.383588600099047106e-02,2.869754495850378954e-03,4.766999347501421624e-02,-1.727773038264005245e-01,-7.155240996924898747e-03,1.687948863396044052e-01,-1.183561271400954684e-01,-2.708934638694035613e+01,1.317695621563261810e+01,2.013727779271843765e+00,7.409927816966202507e-02,4.883767910071860766e-04,9.049436599889304489e+01,9.062932800225098617e+01,6.411127674919706587e-01,-1.359761926417578544e-02,5.411127681090230901e-01,6.411129308030940610e-01,-1.360299570689920724e-02,5.411112737926861982e-01
7.650000000000005684e-01,-2.332346750000000024e-01,2.783254749999999889e-01,-1.632916637999999976e+00,-6.183684680000000045e-01,4.100928959999999845e-01,5.781013360000000212e-01,-2.332427267392131742e-01,2.783277078560618678e-01,-1.632915743286922794e+00,-6.183745179624406951e-01,4.100955782020129781e-01,5.781085099260083737e-01,-5.421681899999999943e-02,2.871864999999999921e-03,4.781230899999999728e-02,-1.738142540000000014e-01,-6.992655999999999872e-03,1.697891320000000093e-01,-5.418125860183075487e-02,2.875325718465974404e-03,4.778078051207402394e-02,-1.736688336251074882e-01,-6.991479229435027497e-03,1.696509979016160574e-01,-1.167270923000904848e-01,-2.708964854460597849e+01,1.317677795056347279e+01,2.012803455610946202e+00,7.405732565147171709e-02,4.884085333963665348e-04,9.129181699972832575e+01,9.138607699787826277e+01,6.411023792341177252e-01,-1.381150562124387922e-02,5.411023799754810515e-01,6.411025428314868213e-01,-1.381686237669843727e-02,5.411008630653036944e-01
7.700000000000005729e-01,-2.335066120000000023e-01,2.783398480000000008e-01,-1.632677316999999961e+00,-6.192397229999999642e-01,4.100583509999999876e-01,5.789523770000000180e-01,-2.335146510500510086e-01,2.783421000308305970e-01,-1.632676517125057458e+00,-6.192455503020433127e-01,4.100610986254946133e-01,5.789593445514916725e-01,-5.455739800000000000e-02,2.876932000000000014e-03,4.791415699999999889e-02,-1.746833600000000097e-01,-6.823774999999999806e-03,1.706228650000000124e-01,-5.452192106572288643e-02,2.880400512320443855e-03,4.788328930860837745e-02,-1.745393507505172415e-01,-6.823049196719013776e-03,1.704861415803740066e-01,-1.150670857120121848e-01,-2.708995044832315457e+01,1.317659760882677666e+01,2.011875047349187984e+00,7.401512829523934633e-02,4.884425328793772988e-04,8.753497200086712837e+01,8.763516300314222462e+01,6.410917626766819977e-01,-1.402672123352988361e-02,5.410917628446505478e-01,6.410919259058323050e-01,-1.403205661531809617e-02,5.410902234958008261e-01
7.750000000000005773e-01,-2.337802409999999997e-01,2.783542439999999729e-01,-1.632437506000000038e+00,-6.201152699999999962e-01,4.100246619999999842e-01,5.798075329999999861e-01,-2.337882642545357215e-01,2.783565160945195016e-01,-1.632436803303546791e+00,-6.201208718019837196e-01,4.100274749444985933e-01,5.798142916006640002e-01,-5.489317199999999702e-02,2.881500999999999854e-03,4.800767899999999755e-02,-1.755311340000000053e-01,-6.650264000000000349e-03,1.714353100000000074e-01,-5.485778838867823304e-02,2.884978867038683753e-03,4.797747846689626866e-02,-1.753885686145791045e-01,-6.649990876991968350e-03,1.713000329425100887e-01,-1.133764528565455176e-01,-2.709025364689157911e+01,1.317641597395693509e+01,2.010942721021184987e+00,7.397270803502054015e-02,4.884771670527379272e-04,9.008887800155207515e+01,9.036661900245235302e+01,6.410809151070311351e-01,-1.424324604460037134e-02,5.410809161374616760e-01,6.410810779756991318e-01,-1.424855786276865710e-02,5.410793530303609211e-01
7.800000000000005818e-01,-2.340555360000000085e-01,2.783686619999999889e-01,-1.632197255999999985e+00,-6.209949959999999658e-01,4.099918579999999868e-01,5.806666919999999843e-01,-2.340635421024652441e-01,2.783709535498307130e-01,-1.632196643518427859e+00,-6.210003751517672033e-01,4.099947301656491905e-01,5.806732439532109602e-01,-5.522405500000000106e-02,2.885570999999999969e-03,4.809283500000000044e-02,-1.763572899999999999e-01,-6.472168999999999839e-03,1.722261820000000054e-01,-5.518876897451952673e-02,2.889055746622827114e-03,4.806331600973458990e-02,-1.762162186373024131e-01,-6.472350388484573482e-03,1.720923884681296590e-01,-1.116534161299644889e-01,-2.709056093087137995e+01,1.317623425555193784e+01,2.010006771393114455e+00,7.393010152990459050e-02,4.885108120374208633e-04,8.848100500108557753e+01,8.857954800259904005e+01,6.410698337221678589e-01,-1.446105718276780548e-02,5.410698338164008359e-01,6.410699970512289125e-01,-1.446634517388244688e-02,5.410682496842574851e-01
7.850000000000005862e-01,-2.343324730000000133e-01,2.783830990000000227e-01,-1.631956592999999955e+00,-6.218788060000000062e-01,4.099599480000000185e-01,5.815297590000000350e-01,-2.343404599094206231e-01,2.783854098904932073e-01,-1.631956079627129963e+00,-6.218839516554577340e-01,4.099628870544324566e-01,5.815360931662070243e-01,-5.554995599999999756e-02,2.889141000000000018e-03,4.816959700000000150e-02,-1.771615669999999920e-01,-6.289539000000000241e-03,1.729952299999999998e-01,-5.551477914467832508e-02,2.892631518148424449e-03,4.814076946762143455e-02,-1.770220181127457326e-01,-6.290177382917379323e-03,1.728629563536270564e-01,-1.099001616160455441e-01,-2.709087002493983221e+01,1.317605193416345344e+01,2.009067229979886626e+00,7.388728142492403950e-02,4.885475566947625366e-04,9.042681800201535225e+01,9.052381799847353250e+01,6.410585182217793943e-01,-1.468013557762515818e-02,5.410585187716171474e-01,6.410586812081255914e-01,-1.468539722581327193e-02,5.410569115445498234e-01
7.900000000000005906e-01,-2.346110269999999998e-01,2.783975519999999926e-01,-1.631715572999999919e+00,-6.227665759999999606e-01,4.099289689999999764e-01,5.823966090000000095e-01,-2.346189925693391853e-01,2.783998826111412916e-01,-1.631715153655522110e+00,-6.227714912163294647e-01,4.099319681265176096e-01,5.824027294393137044e-01,-5.587079200000000245e-02,2.892211000000000001e-03,4.823793199999999726e-02,-1.779436789999999935e-01,-6.102424999999999863e-03,1.737421700000000013e-01,-5.583573413264621838e-02,2.895706239097809321e-03,4.820980435001654546e-02,-1.778056886413852955e-01,-6.103522049214883151e-03,1.736114520559338958e-01,-1.081163551272774637e-01,-2.709118058352253655e+01,1.317586863155525734e+01,2.008124149552836357e+00,7.384425134826017034e-02,4.885841540535730901e-04,8.907586299756076187e+01,8.918195599835598841e+01,6.410469652121605355e-01,-1.490045776434877414e-02,5.410469659400601872e-01,6.410471285900495308e-01,-1.490569232500850612e-02,5.410453367613924369e-01
7.950000000000005951e-01,-2.348911720000000092e-01,2.784120199999999823e-01,-1.631474228999999943e+00,-6.236582040000000493e-01,4.098989339999999926e-01,5.832671409999999890e-01,-2.348991145308381989e-01,2.784143692064595110e-01,-1.631473907762055919e+00,-6.236628824291353679e-01,4.099019956359580830e-01,5.832730416514445571e-01,-5.618647300000000067e-02,2.894779000000000102e-03,4.829781500000000088e-02,-1.787033660000000024e-01,-5.910880999999999774e-03,1.744667510000000032e-01,-5.615154200436410503e-02,2.898279888205160595e-03,4.827039946351108918e-02,-1.785669797050492003e-01,-5.912438146332671569e-03,1.743376250780013514e-01,-1.063003378159093071e-01,-2.709149376579014046e+01,1.317568520240038055e+01,2.007177721635737822e+00,7.380104935261073973e-02,4.886211270872661220e-04,9.144025199930183589e+01,9.153279299789573997e+01,6.410351741460179609e-01,-1.512200264402622715e-02,5.410351748890755985e-01,6.410353374102060187e-01,-1.512720839589439328e-02,5.410335235522387709e-01
8.000000000000005995e-01,-2.351728829999999992e-01,2.784264989999999940e-01,-1.631232607000000057e+00,-6.245535730000000285e-01,4.098698660000000271e-01,5.841412400000000060e-01,-2.351807998008274836e-01,2.784288671645164248e-01,-1.631232384231565025e+00,-6.245580125404643912e-01,4.098729915464810469e-01,5.841469173922694269e-01,-5.649691200000000330e-02,2.896847000000000137e-03,4.834922199999999726e-02,-1.794403649999999906e-01,-5.714967999999999958e-03,1.751687110000000047e-01,-5.646211681018806910e-02,2.900350275004334732e-03,4.832252682020048845e-02,-1.793056089846253864e-01,-5.716986629948493832e-03,1.750412127257370831e-01,-1.044532710491929972e-01,-2.709180987338004698e+01,1.317550166067939976e+01,2.006228211496176250e+00,7.375765064139618021e-02,4.886601160690431846e-04,8.915146100116544403e+01,8.925182800157926977e+01,6.410231426328314441e-01,-1.534474798254983723e-02,5.410231437355661477e-01,6.410233059538594791e-01,-1.534992298218164353e-02,5.410214702110907048e-01
8.050000000000006040e-01,-2.354561320000000124e-01,2.784409880000000004e-01,-1.630990751999999988e+00,-6.254525690000000138e-01,4.098417919999999826e-01,5.850187890000000390e-01,-2.354640219468551177e-01,2.784433739762802174e-01,-1.630990625463264232e+00,-6.254567675045743513e-01,4.098449775253164007e-01,5.850242429608244477e-01,-5.680202200000000062e-02,2.898411999999999950e-03,4.839213199999999743e-02,-1.801544120000000138e-01,-5.514744999999999717e-03,1.758477950000000012e-01,-5.676736939045173846e-02,2.901919826775188876e-03,4.836616695884428385e-02,-1.800213339711390914e-01,-5.517225707674183743e-03,1.757219599727467829e-01,-1.025748808586990357e-01,-2.709212730797006330e+01,1.317531755321143194e+01,2.005275464021166965e+00,7.371407750904698797e-02,4.886984140315428580e-04,8.857547599836834706e+01,8.869791200049803592e+01,6.410108689572940888e-01,-1.556866961715808878e-02,5.410108691331754205e-01,6.410110325799576181e-01,-1.557381325039149632e-02,5.410091751001622207e-01
8.100000000000006084e-01,-2.357408940000000064e-01,2.784554830000000036e-01,-1.630748700000000051e+00,-6.263550789999999813e-01,4.098147260000000180e-01,5.858996789999999510e-01,-2.357487541088371386e-01,2.784578871301318093e-01,-1.630748673953986705e+00,-6.263590319552818642e-01,4.098179749168892605e-01,5.859049034080391349e-01,-5.710171399999999786e-02,2.899477000000000131e-03,4.842652900000000288e-02,-1.808452560000000098e-01,-5.310279999999999688e-03,1.765037600000000095e-01,-5.706721663784317111e-02,2.902986063790375087e-03,4.840130032401577381e-02,-1.807138762442411783e-01,-5.313224193934568129e-03,1.763796208552756706e-01,-1.006662757705405475e-01,-2.709244835399444185e+01,1.317513406864382475e+01,2.004319967407407699e+00,7.367031925936423642e-02,4.887397490260389716e-04,8.803430399711942300e+01,8.825812999930349179e+01,6.409983521047379895e-01,-1.579374620907038687e-02,5.409983525652839464e-01,6.409985157247954923e-01,-1.579885599714318106e-02,5.409966366620926337e-01
8.150000000000006128e-01,-2.360271399999999964e-01,2.784699820000000048e-01,-1.630506500000000081e+00,-6.272609829999999942e-01,4.097886949999999806e-01,5.867837889999999446e-01,-2.360349689897928982e-01,2.784724041170267284e-01,-1.630506572277168331e+00,-6.272646892757601789e-01,4.097920047352344719e-01,5.867887825413763414e-01,-5.739590000000000664e-02,2.900039999999999996e-03,4.845239900000000016e-02,-1.815126430000000290e-01,-5.101638999999995490e-03,1.771363549999999953e-01,-5.736156831914916709e-02,2.903551497578126146e-03,4.842791442503206062e-02,-1.813830045939271440e-01,-5.105046354774337748e-03,1.770139449175149038e-01,-9.872614929757950186e-02,-2.709277104537839875e+01,1.317495038281501607e+01,2.003361516902192108e+00,7.362640392393592081e-02,4.887797525796972950e-04,8.924115099944174290e+01,8.935675000248011202e+01,6.409855898991194678e-01,-1.601995241649725038e-02,5.409855901700246772e-01,6.409857539035728191e-01,-1.602502764601816676e-02,5.409838534166834245e-01
8.200000000000006173e-01,-2.363148439999999961e-01,2.784844819999999777e-01,-1.630264192000000056e+00,-6.281701640000000308e-01,4.097637179999999990e-01,5.876710019999999979e-01,-2.363226388754952612e-01,2.784869224262833676e-01,-1.630264363063542277e+00,-6.281736216042735910e-01,4.097670876450059119e-01,5.876757629582316511e-01,-5.768449100000000440e-02,2.900102999999999796e-03,4.846973000000000253e-02,-1.821563280000000340e-01,-4.888893999999995195e-03,1.777453430000000001e-01,-5.765034550455433449e-02,2.903613909238498929e-03,4.844599849906116446e-02,-1.820284582388187744e-01,-4.892765821247957100e-03,1.776246958231011142e-01,-9.675723201103769711e-02,-2.709309757206967717e+01,1.317476779296204015e+01,2.002400502962529139e+00,7.358231810808488205e-02,4.888220163573443831e-04,9.166590899985749274e+01,9.179816599862533621e+01,6.409725811712781995e-01,-1.624726560216101928e-02,5.409725818388353424e-01,6.409727457127656347e-01,-1.625230426093033156e-02,5.409708239698649557e-01
8.250000000000006217e-01,-2.366039759999999936e-01,2.784989820000000060e-01,-1.630021815000000096e+00,-6.290825089999999564e-01,4.097398099999999821e-01,5.885612049999999762e-01,-2.366117356094892266e-01,2.785014395501392848e-01,-1.630022088982608253e+00,-6.290857098815045845e-01,4.097432439439372409e-01,5.885657260891518083e-01,-5.796739700000000384e-02,2.899665999999999962e-03,4.847851799999999822e-02,-1.827760720000000116e-01,-4.672120999999995229e-03,1.783304940000000061e-01,-5.793345339886764311e-02,2.903175750785023587e-03,4.845554680576305562e-02,-1.826500119021932378e-01,-4.676455827745048220e-03,1.782116422421749224e-01,-9.475551936569215350e-02,-2.709342628190173485e+01,1.317458543157670903e+01,2.001436927943690769e+00,7.353809269734530585e-02,4.888640770274972147e-04,8.887207000225316733e+01,8.897121300105936825e+01,6.409593251872489628e-01,-1.647566100580595203e-02,5.409593258107849856e-01,6.409594898326516077e-01,-1.648066153270597370e-02,5.409575470116640972e-01
8.300000000000006262e-01,-2.368945080000000036e-01,2.785134779999999810e-01,-1.629779421999999922e+00,-6.299978840000000080e-01,4.097170039999999958e-01,5.894542659999999490e-01,-2.369022306035430681e-01,2.785159529861709893e-01,-1.629779792743510924e+00,-6.300008338256756213e-01,4.097204935472946175e-01,5.894585521716855236e-01,-5.824453200000000858e-02,2.898730999999999877e-03,4.847875399999999890e-02,-1.833716270000000093e-01,-4.451396999999994962e-03,1.788915640000000029e-01,-5.821081127014553908e-02,2.902237168493144136e-03,4.845654996651885260e-02,-1.832474083303445855e-01,-4.456195056144230358e-03,1.787745407770415518e-01,-9.272452729014624140e-02,-2.709375773010275523e+01,1.317440375427525190e+01,2.000471024576583101e+00,7.349370046017775215e-02,4.889074986510395272e-04,9.220890800133929588e+01,9.229836699887528084e+01,6.409458195264424729e-01,-1.670511263554651932e-02,5.409458198457930411e-01,6.409459850297177796e-01,-1.671007478496145185e-02,5.409440213157591382e-01
8.350000000000006306e-01,-2.371864110000000136e-01,2.785279680000000146e-01,-1.629537041000000075e+00,-6.309161840000000465e-01,4.096953030000000107e-01,5.903500799999999993e-01,-2.371940948234000091e-01,2.785304602399049645e-01,-1.629537517050081208e+00,-6.309188719865138628e-01,4.096988559626545956e-01,5.903541203378736002e-01,-5.851580299999999818e-02,2.897297000000000067e-03,4.847044100000000300e-02,-1.839427740000000033e-01,-4.226805999999999619e-03,1.794283469999999880e-01,-5.848232425881489532e-02,2.900800714771520870e-03,4.844901601072607727e-02,-1.838204295845506930e-01,-4.232066959375349602e-03,1.793131852483791921e-01,-9.066084613716118845e-02,-2.709409257152064754e+01,1.317422352162056143e+01,1.999503015175543519e+00,7.344919071018911338e-02,4.889521188957356677e-04,8.829233200231101364e+01,8.838949300115928054e+01,6.409320645557645690e-01,-1.693559757070804347e-02,5.409320658802959647e-01,6.409322301624149620e-01,-1.694051896923795195e-02,5.409302457495592797e-01
8.400000000000006350e-01,-2.374796560000000112e-01,2.785424499999999970e-01,-1.629294730000000024e+00,-6.318372730000000326e-01,4.096747399999999817e-01,5.912485109999999766e-01,-2.374872987983273898e-01,2.785449588296567414e-01,-1.629295304602199845e+00,-6.318397017793588866e-01,4.096783502868299731e-01,5.912523085899198394e-01,-5.878112099999999868e-02,2.895366999999999819e-03,4.845358000000000304e-02,-1.844892720000000097e-01,-3.998431000000000207e-03,1.799406050000000035e-01,-5.874791010895488025e-02,2.898868952197717133e-03,4.843294091068912899e-02,-1.843688428777809640e-01,-4.004152838557353301e-03,1.798273365449466477e-01,-8.856779365902300860e-02,-2.709442912369074818e+01,1.317404363234334674e+01,1.998532787774734976e+00,7.340452993352811206e-02,4.889963864480826325e-04,9.148162500059697777e+01,9.157673400113708340e+01,6.409180576494490911e-01,-1.716708887558811986e-02,5.409180582981402141e-01,6.409182241808212277e-01,-1.717196867185775966e-02,5.409162192656399304e-01
8.450000000000006395e-01,-2.377742120000000126e-01,2.785569210000000129e-01,-1.629052524000000002e+00,-6.327610320000000010e-01,4.096553290000000125e-01,5.921494409999999986e-01,-2.377818126362010454e-01,2.785594462647194014e-01,-1.629053198088012078e+00,-6.327631994588021058e-01,4.096589951764988968e-01,5.921529938345447830e-01,-5.904039700000000140e-02,2.892941999999999909e-03,4.842817700000000281e-02,-1.850109020000000049e-01,-3.766362000000000095e-03,1.804281309999999916e-01,-5.900748318965967631e-02,2.896437165423435770e-03,4.840833127017570708e-02,-1.848924165371979567e-01,-3.772545216149044821e-03,1.803167889668680912e-01,-8.644427331450166285e-02,-2.709477146380054080e+01,1.317386605019988366e+01,1.997560859631362318e+00,7.335974890180059493e-02,4.890429174623799101e-04,8.923977099766489118e+01,8.933941999930539168e+01,6.409037987050927310e-01,-1.739956076997616410e-02,5.409037990714322675e-01,6.409039661253906894e-01,-1.740439812276733597e-02,5.409019409195758854e-01
8.500000000000006439e-01,-2.380700500000000053e-01,2.785713790000000079e-01,-1.628810459999999960e+00,-6.336873419999999868e-01,4.096370810000000140e-01,5.930527530000000436e-01,-2.380776059982741832e-01,2.785739200674162142e-01,-1.628811240144673267e+00,-6.336892401910305672e-01,4.096408088408033943e-01,5.930560519462685365e-01,-5.929353799999999980e-02,2.890022999999999811e-03,4.839424099999999757e-02,-1.855074509999999899e-01,-3.530689000000000050e-03,1.808907200000000048e-01,-5.926095170844982579e-02,2.893512841569037975e-03,4.837519968976161655e-02,-1.853909422662005924e-01,-3.537331602937777725e-03,1.807813356354591172e-01,-8.428912513895925329e-02,-2.709511510819682201e+01,1.317368938452978355e+01,1.996587103556390685e+00,7.331485545774794887e-02,4.890897567434460700e-04,8.852996200221241452e+01,8.870573300009709783e+01,6.408892875012557333e-01,-1.763298883706324732e-02,5.408892883356797299e-01,6.408894551350514668e-01,-1.763778118419094890e-02,5.408874098644057549e-01
8.550000000000006484e-01,-2.383671370000000067e-01,2.785858210000000112e-01,-1.628568593000000009e+00,-6.346160669999999504e-01,4.096200249999999987e-01,5.939583099999999893e-01,-2.383746481017495478e-01,2.785883777752145574e-01,-1.628569473359184228e+00,-6.346176980704819615e-01,4.096238090243902175e-01,5.939613577357674146e-01,-5.954045499999999908e-02,2.886613000000000113e-03,4.835178500000000129e-02,-1.859786940000000000e-01,-3.291509000000000188e-03,1.813281559999999903e-01,-5.950822883961744830e-02,2.890096038121984720e-03,4.833355449470089910e-02,-1.858642017288344439e-01,-3.298608502976663540e-03,1.812207599047742090e-01,-8.210340877829747086e-02,-2.709546234713258173e+01,1.317351418920906703e+01,1.995611762070616635e+00,7.326984157234722739e-02,4.891368079095217676e-04,8.934774999943329021e+01,8.955260300353984348e+01,6.408745218075073691e-01,-1.786734364773600106e-02,5.408745221065001108e-01,6.408746904474657002e-01,-1.787209135324879100e-02,5.408726253450772958e-01
8.600000000000006528e-01,-2.386654440000000044e-01,2.786002439999999969e-01,-1.628326960000000101e+00,-6.355470819999999854e-01,4.096041750000000148e-01,5.948659880000000122e-01,-2.386729077348333505e-01,2.786028169339731519e-01,-1.628327940253460282e+00,-6.355484461035065813e-01,4.096080129836859318e-01,5.948687849887929202e-01,-5.978105599999999908e-02,2.882712999999999855e-03,4.830082299999999967e-02,-1.864244230000000058e-01,-3.048919000000000195e-03,1.817402399999999973e-01,-5.974922946363627613e-02,2.886189514639290760e-03,4.828341183667026609e-02,-1.863119778364263346e-01,-3.056474332132022402e-03,1.816348646141496548e-01,-7.988772392088328012e-02,-2.709581287923770532e+01,1.317334091713525623e+01,1.994635041416163324e+00,7.322471707196798185e-02,4.891856029988117440e-04,8.856668000225909054e+01,8.866502599994419143e+01,6.408595015647327031e-01,-1.810260020158858604e-02,5.408595021264155367e-01,6.408596714014793694e-01,-1.810730177198697013e-02,5.408575867094352896e-01
8.650000000000006573e-01,-2.389649369999999884e-01,2.786146469999999931e-01,-1.628085599999999911e+00,-6.364802670000000440e-01,4.095895430000000004e-01,5.957756669999999533e-01,-2.389723532327566735e-01,2.786172350954777555e-01,-1.628086683253536338e+00,-6.364813562758078191e-01,4.095934374733808392e-01,5.957782065390486714e-01,-6.001524800000000021e-02,2.878325000000000154e-03,4.824137600000000248e-02,-1.868444410000000000e-01,-2.803021000000000158e-03,1.821267870000000122e-01,-5.998385932990690783e-02,2.881793407250483885e-03,4.822479291338049173e-02,-1.867340751530954801e-01,-2.811030736301157584e-03,1.820234639090111683e-01,-7.763966476892592006e-02,-2.709616802594833018e+01,1.317316991998965037e+01,1.993657152488091722e+00,7.317951413066069166e-02,4.892352494704794042e-04,9.362716600298881531e+01,9.380978999979561195e+01,6.408442266569071011e-01,-1.833873054392933660e-02,5.408442271272294599e-01,6.408443974391064835e-01,-1.834338521565734986e-02,5.408422934142379512e-01
8.700000000000006617e-01,-2.392655850000000028e-01,2.786290269999999736e-01,-1.627844555000000026e+00,-6.374154899999999735e-01,4.095761450000000026e-01,5.966872189999999909e-01,-2.392729524901812954e-01,2.786316298268201042e-01,-1.627845744673443340e+00,-6.374162995811153420e-01,4.095800987343381494e-01,5.966894942616003394e-01,-6.024293900000000229e-02,2.873453000000000205e-03,4.817346599999999812e-02,-1.872385470000000052e-01,-2.553920999999999795e-03,1.824876039999999977e-01,-6.021203441156740971e-02,2.876912728277732957e-03,4.815772093457323239e-02,-1.871302933559210457e-01,-2.562381238149256685e-03,1.823863621903139554e-01,-7.536223153647148010e-02,-2.709652581211234690e+01,1.317300089100599081e+01,1.992678097354058764e+00,7.313421188777552429e-02,4.892852689910556687e-04,8.797947800121619366e+01,8.807460800016997382e+01,6.408286967057544858e-01,-1.857570769548159278e-02,5.408286975327906143e-01,6.408288681091237615e-01,-1.858031410296607719e-02,5.408267450219256256e-01
8.750000000000006661e-01,-2.395673560000000091e-01,2.786433810000000233e-01,-1.627603877999999948e+00,-6.383526109999999587e-01,4.095640070000000077e-01,5.976005030000000051e-01,-2.395746729513565099e-01,2.786459987053710452e-01,-1.627605166716360019e+00,-6.383531460067192187e-01,4.095680124783866449e-01,5.976025190587903602e-01,-6.046403799999999773e-02,2.868097999999999915e-03,4.809711700000000173e-02,-1.876065349999999909e-01,-2.301726000000000032e-03,1.828224970000000005e-01,-6.043366058448496059e-02,2.871547562590743424e-03,4.808221738389254624e-02,-1.875004305705504637e-01,-2.310633181709301990e-03,1.827233656731945544e-01,-7.305231871665940346e-02,-2.709688809789458475e+01,1.317283411806801752e+01,1.991698251627269212e+00,7.308883529147605640e-02,4.893359531666181469e-04,9.142316300130914897e+01,9.151463499802048318e+01,6.408129100887610674e-01,-1.881350266932734980e-02,5.408129104657329878e-01,6.408130830677282175e-01,-1.881806048936227743e-02,5.408109412035313479e-01
8.800000000000006706e-01,-2.398702149999999977e-01,2.786577069999999767e-01,-1.627363603000000047e+00,-6.392915059999999539e-01,4.095531379999999833e-01,5.985153949999999501e-01,-2.398774816258017473e-01,2.786603393171437903e-01,-1.627364991457110888e+00,-6.392917645652695935e-01,4.095571938570760628e-01,5.985171509359665798e-01,-6.067845100000000130e-02,2.862264000000000214e-03,4.801235899999999751e-02,-1.879482219999999981e-01,-2.046548999999999938e-03,1.831312940000000000e-01,-6.064865568350762820e-02,2.865700735690125244e-03,4.799831072935571707e-02,-1.878442965403805953e-01,-2.055901771051394343e-03,1.830343045902167731e-01,-7.071364863899720632e-02,-2.709725399209703411e+01,1.317266982750731685e+01,1.990717572087580933e+00,7.304336459668245296e-02,4.893883323918300950e-04,8.754675399904954247e+01,8.763600800011772662e+01,6.407968675774136091e-01,-1.905208682012808630e-02,5.407968678177172972e-01,6.407970420798342337e-01,-1.905659608020707219e-02,5.407948817409884423e-01
8.850000000000006750e-01,-2.401741289999999862e-01,2.786720019999999742e-01,-1.627123770999999941e+00,-6.402320460000000546e-01,4.095435490000000067e-01,5.994317679999999759e-01,-2.401813450623463686e-01,2.786746492689139432e-01,-1.627125260798782946e+00,-6.402320233573988162e-01,4.095476574535216741e-01,5.994332590460317300e-01,-6.088608200000000109e-02,2.855952000000000143e-03,4.791922400000000332e-02,-1.882634260000000115e-01,-1.788504000000000005e-03,1.834138250000000026e-01,-6.085692091681100396e-02,2.859377284516035050e-03,4.790603924289636717e-02,-1.881617141529959292e-01,-1.798299693834233721e-03,1.833190080271151767e-01,-6.834168363630221954e-02,-2.709762388667149224e+01,1.317250843253537873e+01,1.989736458489092863e+00,7.299785280301243628e-02,4.894411325404209858e-04,9.124212599999736995e+01,9.133686999848578125e+01,6.407805689025185547e-01,-1.929143209931145908e-02,5.407805696163597853e-01,6.407807450263786064e-01,-1.929589221878886748e-02,5.407785665310337331e-01
8.900000000000006795e-01,-2.404790639999999924e-01,2.786862649999999886e-01,-1.626884423999999996e+00,-6.411740970000000539e-01,4.095352560000000142e-01,6.003494910000000129e-01,-2.404862293601998657e-01,2.786889261930570183e-01,-1.626886016479418107e+00,-6.411737895777938068e-01,4.095394172781887665e-01,6.003507116867791149e-01,-6.108683899999999695e-02,2.849167000000000106e-03,4.781774700000000072e-02,-1.885519669999999870e-01,-1.527708000000000017e-03,1.836699210000000138e-01,-6.105837226840028775e-02,2.852582385784576801e-03,4.780543243146619103e-02,-1.884524995433412842e-01,-1.537942718383388842e-03,1.835773049312458549e-01,-6.594052998800692400e-02,-2.709799624741198798e+01,1.317234905736005146e+01,1.988754772418336980e+00,7.295225952804049174e-02,4.894949877640562439e-04,8.751341400056844577e+01,8.760178200100199319e+01,6.407640143691493151e-01,-1.953150933350994781e-02,5.407640152072409334e-01,6.407641919046616064e-01,-1.953591989358294256e-02,5.407619955777288601e-01
8.950000000000006839e-01,-2.407849850000000069e-01,2.787004929999999936e-01,-1.626645603000000051e+00,-6.421175260000000495e-01,4.095282720000000265e-01,6.012684289999999931e-01,-2.407921001696648466e-01,2.787031677323782430e-01,-1.626647300048267519e+00,-6.421169295297355362e-01,4.095324867444478101e-01,6.012693763201170105e-01,-6.128062599999999777e-02,2.841910999999999916e-03,4.770796800000000337e-02,-1.888136689999999895e-01,-1.264284000000000067e-03,1.838994190000000084e-01,-6.125291610854899371e-02,2.845316065178488552e-03,4.769653355834408553e-02,-1.887164782009554953e-01,-1.274952705714884520e-03,1.838090307591159211e-01,-6.350748530413641291e-02,-2.709837473643379369e+01,1.317219358964032949e+01,1.987773074201640400e+00,7.290663650434495158e-02,4.895494048581282894e-04,9.098574900053790770e+01,9.123629699752200395e+01,6.407472040193264995e-01,-1.977228878185923258e-02,5.407472052556012709e-01,6.407473828290477513e-01,-1.977664974055930863e-02,5.407451690089887242e-01
9.000000000000006883e-01,-2.410918579999999922e-01,2.787146839999999903e-01,-1.626407353999999916e+00,-6.430621930000000042e-01,4.095226129999999798e-01,6.021884450000000166e-01,-2.410989226721201584e-01,2.787173715376886629e-01,-1.626409152849313866e+00,-6.430613086469909589e-01,4.095268786507540448e-01,6.021891195995202617e-01,-6.146734899999999752e-02,2.834188999999999979e-03,4.758992799999999662e-02,-1.890483589999999992e-01,-9.983559999999999397e-04,1.841021589999999875e-01,-6.144045854459075084e-02,2.837580974627979587e-03,4.757938220918706690e-02,-1.889534766770908092e-01,-1.009453398490608783e-03,1.840140257765157938e-01,-6.104251061268017864e-02,-2.709875771275530099e+01,1.317204118251257583e+01,1.986791407806798304e+00,7.286097398131366476e-02,4.896048243934154410e-04,8.663109600092866458e+01,8.672250999734387733e+01,6.407301377084582139e-01,-2.001374069520504839e-02,5.407301385791491999e-01,6.407303180331795911e-01,-2.001805203251255313e-02,5.407280870813709894e-01
9.050000000000006928e-01,-2.413996469999999950e-01,2.787288339999999809e-01,-1.626169718999999958e+00,-6.440079619999999894e-01,4.095182940000000049e-01,6.031094030000000439e-01,-2.414066616019998335e-01,2.787315352731099538e-01,-1.626171616021238053e+00,-6.440067915146574506e-01,4.095226051599613060e-01,6.031098074005740717e-01,-6.164691199999999816e-02,2.826003000000000109e-03,4.746367099999999895e-02,-1.892558709999999922e-01,-7.300520000000000230e-04,1.842779870000000042e-01,-6.162091318559144437e-02,2.829379784036289373e-03,4.745402043267227948e-02,-1.891633277553878001e-01,-7.415741759791782224e-04,1.841921372173125349e-01,-5.854787044903209114e-02,-2.709914502553517224e+01,1.317189196831871456e+01,1.985809823470602309e+00,7.281526134028704078e-02,4.896612561671640461e-04,8.875089799767010845e+01,8.906140800172579475e+01,6.407128153573674600e-01,-2.025583422151106677e-02,5.407128165107006890e-01,6.407129978704518836e-01,-2.026009669525098700e-02,5.407107501722250298e-01
9.100000000000006972e-01,-2.417083160000000064e-01,2.787429430000000208e-01,-1.625932734999999907e+00,-6.449547009999999636e-01,4.095153209999999877e-01,6.040311739999999485e-01,-2.417152812404837203e-01,2.787456566310358985e-01,-1.625934730457957889e+00,-6.449532419249197623e-01,4.095196777878467032e-01,6.040313048739527346e-01,-6.181921900000000164e-02,2.817356999999999934e-03,4.732924599999999843e-02,-1.894360489999999952e-01,-4.595010000000000175e-04,1.844267629999999936e-01,-6.179418653570191433e-02,2.820720137892166954e-03,4.732050178762117060e-02,-1.893458786555182738e-01,-4.714444859668049997e-04,1.843432253352714767e-01,-5.602189719667616252e-02,-2.709953593109092296e+01,1.317174625482680739e+01,1.984828566856331689e+00,7.276952805759343001e-02,4.897185474093645715e-04,8.626061399991158396e+01,8.637300099871936254e+01,6.406952383099628889e-01,-2.049853950493877794e-02,5.406952389235054612e-01,6.406954228213026514e-01,-2.050275330847771416e-02,5.406931587806447226e-01
9.150000000000007017e-01,-2.420178269999999909e-01,2.787570070000000011e-01,-1.625696443000000047e+00,-6.459022739999999985e-01,4.095137059999999773e-01,6.049536229999999959e-01,-2.420247454007387611e-01,2.787597333269843936e-01,-1.625698536798384497e+00,-6.459005228960222889e-01,4.095181073849013531e-01,6.049534764636448347e-01,-6.198417199999999710e-02,2.808254999999999953e-03,4.718670600000000187e-02,-1.895887400000000056e-01,-1.868390000000000046e-04,1.845483460000000020e-01,-6.196018491702933589e-02,2.811604648554788533e-03,4.717887557542056742e-02,-1.895009732959338500e-01,-1.991998013794965365e-04,1.844671477773237311e-01,-5.346432993833727387e-02,-2.709993180912150734e+01,1.317160416421429581e+01,1.983847867663344866e+00,7.272377433612664532e-02,4.897767276244841374e-04,8.667596299710567109e+01,8.676458400077535771e+01,6.406774067482176038e-01,-2.074182447829509002e-02,5.406774073233843181e-01,6.406775934939540340e-01,-2.074599109823367996e-02,5.406753135314342762e-01
9.200000000000007061e-01,-2.423281449999999948e-01,2.787710250000000056e-01,-1.625460882999999912e+00,-6.468505409999999456e-01,4.095134570000000251e-01,6.058766110000000094e-01,-2.423350174284472913e-01,2.787737630971025005e-01,-1.625463075422030279e+00,-6.468484966908716327e-01,4.095179041293247058e-01,6.058761859218325663e-01,-6.214167300000000144e-02,2.798702000000000134e-03,4.703610400000000219e-02,-1.897137939999999912e-01,8.779900000000000421e-05,1.846426009999999895e-01,-6.211881494862409037e-02,2.802038451456257545e-03,4.702919539836562107e-02,-1.896284639941445693e-01,7.502608824701238201e-05,1.845637688856461844e-01,-5.087544881077543657e-02,-2.710033191827367460e+01,1.317146565697122895e+01,1.982867847169581754e+00,7.267801264998439981e-02,4.898356376248437548e-04,8.984563899866770953e+01,8.993892700163996778e+01,6.406593218178238125e-01,-2.098565919965180576e-02,5.406593219467025202e-01,6.406595106245053239e-01,-2.098977893842675010e-02,5.406572151756924294e-01
9.250000000000007105e-01,-2.426392310000000108e-01,2.787849929999999810e-01,-1.625226094999999926e+00,-6.477993659999999876e-01,4.095145869999999855e-01,6.068000030000000322e-01,-2.426460602019224200e-01,2.787877436881242565e-01,-1.625228386423440030e+00,-6.477970248307984846e-01,4.095190775125573390e-01,6.067992963435406839e-01,-6.229162600000000272e-02,2.788701000000000201e-03,4.687749799999999661e-02,-1.898110660000000005e-01,3.642729999999999731e-04,1.847093999999999958e-01,-6.226998309058071057e-02,2.792021652624303990e-03,4.687152051473959802e-02,-1.897282020537266467e-01,3.510934497702213053e-04,1.846329600878790778e-01,-4.825510259062038010e-02,-2.710073883759767455e+01,1.317133194804318563e+01,1.981888897943490768e+00,7.263226324058771888e-02,4.898957997396895768e-04,8.706601000085356645e+01,8.715489399764919654e+01,6.406409839449369592e-01,-2.123001078999972591e-02,5.406409848118407524e-01,6.406411750790486082e-01,-2.123408535284103393e-02,5.406388646060287240e-01
9.300000000000007150e-01,-2.429510480000000028e-01,2.787989109999999826e-01,-1.624992119999999929e+00,-6.487486070000000327e-01,4.095171020000000217e-01,6.077236599999999989e-01,-2.429578361323956326e-01,2.788016728700239422e-01,-1.624994509602182280e+00,-6.487459681305426384e-01,4.095216363155883554e-01,6.077226701882850746e-01,-6.243393099999999807e-02,2.778257000000000122e-03,4.671094900000000161e-02,-1.898804179999999953e-01,6.424389999999999658e-04,1.847486180000000033e-01,-6.241359600404168539e-02,2.781561928698296320e-03,4.670590974790747585e-02,-1.898000511190211514e-01,6.288586130392569877e-04,1.846745953046502187e-01,-4.560370759735232760e-02,-2.710114916344085501e+01,1.317120174655129716e+01,1.980910923904418031e+00,7.258650606344414780e-02,4.899565142263198874e-04,8.880796700032078661e+01,8.903214200108777732e+01,6.406223945428128896e-01,-2.147484793142663898e-02,5.406223951014546003e-01,6.406225878568805321e-01,-2.147887851920537647e-02,5.406202628468236293e-01
9.350000000000007194e-01,-2.432635579999999909e-01,2.788127750000000127e-01,-1.624758997000000038e+00,-6.496981250000000152e-01,4.095210120000000176e-01,6.086474450000000092e-01,-2.432703071567644815e-01,2.788155484433132436e-01,-1.624761484448197679e+00,-6.496951867220016608e-01,4.095255885999682377e-01,6.086461693074282087e-01,-6.256849000000000438e-02,2.767373999999999962e-03,4.653652199999999683e-02,-1.899217149999999910e-01,9.221519999999999761e-04,1.847601369999999910e-01,-6.254955779935741922e-02,2.770664341598397945e-03,4.653242709536764554e-02,-1.898438745205606459e-01,9.081775382457082327e-04,1.846885559126444087e-01,-4.292048287442895571e-02,-2.710156452964386986e+01,1.317107589651967459e+01,1.979934293297335390e+00,7.254076892131501586e-02,4.900183342256727963e-04,8.894407700063311495e+01,8.904276799876242876e+01,6.406035544053442221e-01,-2.172013833904340094e-02,5.406035553838008934e-01,6.406037500941006435e-01,-2.172412626712293474e-02,5.406014110527075367e-01
9.400000000000007239e-01,-2.435767199999999966e-01,2.788265839999999884e-01,-1.624526766000000011e+00,-6.506477790000000372e-01,4.095263239999999971e-01,6.095712170000000540e-01,-2.435834347406158340e-01,2.788293682265525764e-01,-1.624529350110126558e+00,-6.506445400836756709e-01,4.095309416944251102e-01,6.095696549800819763e-01,-6.269520100000000595e-02,2.756057999999999598e-03,4.635428199999998972e-02,-1.899348299999999989e-01,1.203264000000006185e-03,1.847438459999999893e-01,-6.267777529500306866e-02,2.759331533900091955e-03,4.635114366144436199e-02,-1.898595456079063548e-01,1.188901974181585247e-03,1.846747302802697055e-01,-4.020634205985507137e-02,-2.710198639595375525e+01,1.317095528078462330e+01,1.978959232356719111e+00,7.249506701163864475e-02,4.900808453749729834e-04,9.001395299856085330e+01,9.013052400041487999e+01,6.405844649989239636e-01,-2.196584794853378292e-02,5.405844658546717918e-01,6.405846630652591855e-01,-2.196979608276690768e-02,5.405823105263343198e-01
9.450000000000007283e-01,-2.438904960000000122e-01,2.788403349999999947e-01,-1.624295465999999966e+00,-6.515974279999999785e-01,4.095330449999999844e-01,6.104948390000000114e-01,-2.438971798682804115e-01,2.788431300738425378e-01,-1.624298145402229165e+00,-6.515938870607508315e-01,4.095377021743639712e-01,6.104929879337384069e-01,-6.281396599999999886e-02,2.744311999999999620e-03,4.616429999999999145e-02,-1.899196370000000023e-01,1.485622000000006316e-03,1.846996360000000004e-01,-6.279815018864241816e-02,2.747573590801226200e-03,4.616212350734849590e-02,-1.898469377572271077e-01,1.470879635971717369e-03,1.846330090000372071e-01,-3.745994532967467094e-02,-2.710241096198614130e+01,1.317083806398343526e+01,1.977985729576700935e+00,7.244937609381232879e-02,4.901445004749573498e-04,8.672866800043266267e+01,8.682877999672200531e+01,6.405651275058595884e-01,-2.221194447946745962e-02,5.405651284113101029e-01,6.405653281859436943e-01,-2.221585510543883785e-02,5.405629626998933457e-01
9.500000000000007327e-01,-2.442048460000000032e-01,2.788540270000000043e-01,-1.624065134999999938e+00,-6.525469299999999695e-01,4.095411809999999764e-01,6.114181690000000113e-01,-2.442115030404009568e-01,2.788568318524585754e-01,-1.624067908781480218e+00,-6.525430858925226341e-01,4.095458758506798080e-01,6.114160283786730377e-01,-6.292468199999999567e-02,2.732141999999999470e-03,4.596664899999999138e-02,-1.898760190000000070e-01,1.769073000000006201e-03,1.846274079999999929e-01,-6.291058678190457332e-02,2.735388181382995051e-03,4.596544302205157750e-02,-1.898059334508168383e-01,1.753957210134598306e-03,1.845632926375850857e-01,-3.468194586104655919e-02,-2.710284431124721038e+01,1.317072700293197585e+01,1.977014314025849817e+00,7.240375271271870528e-02,4.902089703955022412e-04,8.727383299992652610e+01,8.738630199877661653e+01,6.405455438127871659e-01,-2.245839445936403250e-02,5.405455441854579712e-01,6.405457470112466689e-01,-2.246227012784069235e-02,5.405433691554510922e-01
9.550000000000007372e-01,-2.445197289999999912e-01,2.788676560000000193e-01,-1.623835810999999962e+00,-6.534961419999999466e-01,4.095507360000000263e-01,6.123410679999999884e-01,-2.445263642720932884e-01,2.788704714551435426e-01,-1.623838678331675167e+00,-6.534919942418125904e-01,4.095554677587265879e-01,6.123386360360432157e-01,-6.302724899999999353e-02,2.719551999999999647e-03,4.576140399999999164e-02,-1.898038619999999899e-01,2.053460000000006513e-03,1.845270659999999896e-01,-6.301498702666082086e-02,2.722785349086641240e-03,4.576117567625995197e-02,-1.897364189192006501e-01,2.037978382437389668e-03,1.844654844835773855e-01,-3.187201346709733762e-02,-2.710328108374885048e+01,1.317062007328804363e+01,1.976044882463820151e+00,7.235816616116930167e-02,4.902744283715150878e-04,9.401548800087766722e+01,9.417396400021971203e+01,6.405257153029683126e-01,-2.270516362863978996e-02,5.405257161255696552e-01,6.405259212401643865e-01,-2.270900759835835225e-02,5.405235316200607265e-01
9.600000000000007416e-01,-2.448351049999999973e-01,2.788812210000000125e-01,-1.623607532000000075e+00,-6.544449220000000400e-01,4.095617149999999929e-01,6.132633950000000445e-01,-2.448417230880730044e-01,2.788840468103102044e-01,-1.623610491752879081e+00,-6.544404692208354302e-01,4.095664821421964863e-01,6.132606701584452091e-01,-6.312156400000000500e-02,2.706548999999999934e-03,4.554864499999999872e-02,-1.897030580000000077e-01,2.338623000000000177e-03,1.843985190000000107e-01,-6.311125281745931515e-02,2.709770289053269401e-03,4.554940040152407471e-02,-1.896382865068118873e-01,2.322783471911309214e-03,1.843394928588425186e-01,-2.903014094409472889e-02,-2.710372364873308015e+01,1.317051833725351884e+01,1.975077763286151145e+00,7.231264051409444504e-02,4.903406129409119182e-04,8.924702700096531771e+01,8.937554699878091924e+01,6.405056439411749292e-01,-2.295221842794538392e-02,5.405056452377304810e-01,6.405058527189873008e-01,-2.295603362132135269e-02,5.405034519597198273e-01
9.650000000000007461e-01,-2.451509309999999886e-01,2.788947210000000121e-01,-1.623380335000000008e+00,-6.553931259999999925e-01,4.095741219999999849e-01,6.141850079999999767e-01,-2.451575385301823229e-01,2.788975558570970792e-01,-1.623383386343471457e+00,-6.553883674125952075e-01,4.095789224392357708e-01,6.141819895618072511e-01,-6.320752400000000104e-02,2.693136999999999961e-03,4.532845099999999877e-02,-1.895735040000000038e-01,2.624399999999999823e-03,1.842416829999999894e-01,-6.319928859620946304e-02,2.696343113860264016e-03,4.533019847369974820e-02,-1.895114316133065802e-01,2.608210414130605805e-03,1.841852333595727087e-01,-2.615700465211312498e-02,-2.710417407714705007e+01,1.317042260839397372e+01,1.974113227364130418e+00,7.226719176267855371e-02,4.904077593291656214e-04,8.810198699939064682e+01,8.824272900164942257e+01,6.404853320655412574e-01,-2.319952332670250847e-02,5.404853331422899698e-01,6.404855434385497981e-01,-2.320331396344239502e-02,5.404831321995960947e-01
9.700000000000007505e-01,-2.454671659999999866e-01,2.789081520000000203e-01,-1.623154259000000099e+00,-6.563406109999999627e-01,4.095879590000000015e-01,6.151057650000000265e-01,-2.454737691552272560e-01,2.789109965649889111e-01,-1.623157398988887667e+00,-6.563355448964891536e-01,4.095927912694422024e-01,6.151024526557834493e-01,-6.328502499999999475e-02,2.679322000000000040e-03,4.510090900000000153e-02,-1.894151010000000024e-01,2.910625999999999925e-03,1.840564789999999951e-01,-6.327899638499792645e-02,2.682513864230033108e-03,4.510365335961000199e-02,-1.893557561414470902e-01,2.894094395974789249e-03,1.840026268671609289e-01,-2.325227209251456983e-02,-2.710462856932377562e+01,1.317033170821421351e+01,1.973151291877864200e+00,7.222180608646111555e-02,4.904759042079749696e-04,9.148963600091519766e+01,9.159865600304328837e+01,6.404647810242363182e-01,-2.344704392789749917e-02,5.404647820892964916e-01,6.404649955396066741e-01,-2.345081405624742377e-02,5.404625745127417114e-01
9.750000000000007550e-01,-2.457837669999999863e-01,2.789215139999999815e-01,-1.622929338000000055e+00,-6.572872300000000001e-01,4.096032279999999859e-01,6.160255260000000455e-01,-2.457903730224894334e-01,2.789243669389396274e-01,-1.622932566141049637e+00,-6.572818572739571596e-01,4.096080904207575202e-01,6.160219174673414733e-01,-6.335396299999999925e-02,2.665109000000000141e-03,4.486610399999999693e-02,-1.892277549999999975e-01,3.197133000000000006e-03,1.838428330000000110e-01,-6.335027565696348117e-02,2.668287670105128160e-03,4.486985391988196348e-02,-1.891711662032545815e-01,3.180268071217181008e-03,1.837915985985719980e-01,-2.031519056612562935e-02,-2.710508962220382045e+01,1.317024672575939448e+01,1.972192344740151482e+00,7.217651324487878162e-02,4.905448924182701257e-04,9.500696100076311268e+01,9.509588500077370554e+01,6.404439940769961481e-01,-2.369474473126044825e-02,5.404439946430040775e-01,6.404442113169075412e-01,-2.369849899158290793e-02,5.404417812222597206e-01
9.800000000000007594e-01,-2.461006910000000103e-01,2.789348030000000089e-01,-1.622705609000000049e+00,-6.582328400000000412e-01,4.096199300000000210e-01,6.169441469999999983e-01,-2.461073076886522992e-01,2.789376650092329490e-01,-1.622708923815367132e+00,-6.582271597024161869e-01,4.096248208393243884e-01,6.169402416652288723e-01,-6.341423300000000041e-02,2.650504000000000141e-03,4.462412600000000007e-02,-1.890113780000000077e-01,3.483752000000000116e-03,1.836006759999999904e-01,-6.341302589308943360e-02,2.653669555344774500e-03,4.462888642022439650e-02,-1.889575764168230643e-01,3.466562400398097345e-03,1.835520790352661580e-01,-1.734587652712726857e-02,-2.710555669772071141e+01,1.317016718069511505e+01,1.971236460140579627e+00,7.213131258567133386e-02,4.906145043158631610e-04,9.024716399653698318e+01,9.049324899751809426e+01,6.404229730161967726e-01,-2.394259005494402473e-02,5.404229738642201131e-01,6.404231932167623320e-01,-2.394633352059759995e-02,5.404207548040456111e-01
9.850000000000007638e-01,-2.464178949999999979e-01,2.789480180000000198e-01,-1.622483107999999952e+00,-6.591772959999999681e-01,4.096380649999999957e-01,6.178614860000000153e-01,-2.464245301985043546e-01,2.789508888321373670e-01,-1.622486507566633263e+00,-6.591713069607059161e-01,4.096429826232523275e-01,6.178572825927172163e-01,-6.346572999999999798e-02,2.635512999999999918e-03,4.437506699999999721e-02,-1.887658869999999933e-01,3.770311000000000148e-03,1.833299469999999931e-01,-6.346714347009202450e-02,2.638664832817979710e-03,4.438084688885295809e-02,-1.887149175401924839e-01,3.752807398234631400e-03,1.832840060605959165e-01,-1.434375091009365555e-02,-2.710603058669222420e+01,1.317009379884065012e+01,1.970283900145750833e+00,7.208623358010210480e-02,4.906838620865547080e-04,8.928260799802956171e+01,8.938277799825300463e+01,6.404017205605171403e-01,-2.419054432481582140e-02,5.404017215476022429e-01,6.404019438385228913e-01,-2.419428205245096122e-02,5.403994978890269696e-01
9.900000000000007683e-01,-2.467353330000000011e-01,2.789611570000000151e-01,-1.622261869999999995e+00,-6.601204510000000525e-01,4.096576330000000210e-01,6.187773989999999502e-01,-2.467419970776377203e-01,2.789640364997966748e-01,-1.622265352434308028e+00,-6.601141536346623040e-01,4.096625750256567278e-01,6.187728972879735778e-01,-6.350834700000000665e-02,2.620140999999999876e-03,4.411902200000000079e-02,-1.884912029999999961e-01,4.056635000000000275e-03,1.830305869999999946e-01,-6.351252439979671038e-02,2.623281919803753439e-03,4.412584308224581919e-02,-1.884431714205795083e-01,4.038834729116679186e-03,1.829873194047853535e-01,-1.130961655826534518e-02,-2.710651048589101819e+01,1.317002657513652863e+01,1.969334528754374869e+00,7.204130269766349792e-02,4.907486531593966295e-04,9.158732600189978257e+01,9.172750500147230923e+01,6.403802396042034273e-01,-2.443856988677321762e-02,5.403802408136989532e-01,6.403804659362062335e-01,-2.444230866017309267e-02,5.403780132596655017e-01
9.950000000000007727e-01,-2.470529629999999865e-01,2.789742190000000233e-01,-1.622041929000000104e+00,-6.610621589999999825e-01,4.096786310000000153e-01,6.196917440000000443e-01,-2.470596643011603033e-01,2.789771061487822390e-01,-1.622045492801132971e+00,-6.610555549380714435e-01,4.096835965236084176e-01,6.196869424952198280e-01,-6.354197799999999896e-02,2.604394999999999800e-03,4.385608800000000140e-02,-1.881872509999999998e-01,4.342547999999999894e-03,1.827025429999999950e-01,-6.354905450422342061e-02,2.607530014619556698e-03,4.386402205258206621e-02,-1.881425594613596319e-01,4.324497973327697149e-03,1.826619612539332471e-01,-8.244265632928460263e-03,-2.710699663793245051e+01,1.316996552773891871e+01,1.968387056649393063e+00,7.199665966345428214e-02,4.907883055184546423e-04,8.885793099761940539e+01,8.895646599921747111e+01,6.403585332977651534e-01,-2.468663188987207588e-02,5.403585342253975909e-01,6.403587623995696809e-01,-2.469037709543880910e-02,5.403563038137095820e-01
1.000000000000000666e+00,-2.473707380000000067e-01,2.789872010000000180e-01,-1.621823320000000068e+00,-6.620022749999999734e-01,4.097010569999999796e-01,6.206043770000000404e-01,-2.473774870607158283e-01,2.789900960074092051e-01,-1.621826961687814483e+00,-6.619953704278498385e-01,4.097060451167580108e-01,6.205992746386930214e-01,-6.356651400000000451e-02,2.588280000000000095e-03,4.358636500000000191e-02,-1.878539610000000137e-01,4.627870000000000074e-03,1.823457679999999914e-01,-6.357654872112053490e-02,2.591433565637525291e-03,4.359573969607983407e-02,-1.878143815975198694e-01,4.609735787505865427e-03,1.823078633340962929e-01,-5.144538265222209361e-03,-2.710749039329684607e+01,1.316991285029594927e+01,1.967435664477895640e+00,7.195295721887490226e-02,4.907080787248899612e-04,9.307470000203466043e+01,9.316414500062819570e+01,6.403366043368688976e-01,-2.493469204999572073e-02,5.403366050708040547e-01,6.403368361796812902e-01,-2.493845079814988042e-02,5.403343724238812706e-01
1.005000000000000115e+00,-2.476886210000000255e-01,2.790001010000000004e-01,-1.621606070999999982e+00,-6.629406740000000076e-01,4.097249090000000260e-01,6.215151770000000298e-01,-2.476954201726880855e-01,2.790030047161700666e-01,-1.621609786409191623e+00,-6.629334862071125656e-01,4.097299177435279605e-01,6.215097911882292436e-01,-6.358663300000000351e-02,2.571996999999999044e-03,4.331320699999998552e-02,-1.875053709999999763e-01,4.912798000000013349e-03,1.819739039999999641e-01,-6.359500520635935628e-02,2.575113696705912548e-03,4.332266021843324960e-02,-1.874666184000640112e-01,4.894236592707696884e-03,1.819387515972351321e-01,-2.172398812259501710e-03,-2.710798376711102620e+01,1.316988615234917681e+01,1.966435567365546921e+00,7.191171080220674916e-02,4.911597637932697520e-04,1.015913539995381143e+02,1.016847369974129833e+02,6.403144554314940118e-01,-2.518271953125716597e-02,5.403144567581061875e-01,6.403146898226502737e-01,-2.518649425373414158e-02,5.403122209362840600e-01
1.009999999999999565e+00,-2.480066049999999911e-01,2.790129210000000248e-01,-1.621390187999999899e+00,-6.638773260000000453e-01,4.097501849999999890e-01,6.224241139999999728e-01,-2.480134450106695476e-01,2.790158319633739836e-01,-1.621393976433423978e+00,-6.638698629251831296e-01,4.097552130792128655e-01,6.224184576313936956e-01,-6.360708299999999482e-02,2.555739000000000014e-03,4.303990399999999689e-02,-1.871555659999999954e-01,5.197644000000000396e-03,1.816006300000000129e-01,-6.361327766326453637e-02,2.558839492935837366e-03,4.304962209630114334e-02,-1.871187889783024749e-01,5.178791661728541183e-03,1.815681393659573373e-01,-2.083637446196551224e-03,-2.710837558953294746e+01,1.317008425301303909e+01,1.965199714246004481e+00,7.186606723216737436e-02,4.910555703402952896e-04,9.701716400013538077e+01,9.710887800247292034e+01,6.402920876863953392e-01,-2.543070745743448990e-02,5.402920885518955885e-01,6.402923242152680494e-01,-2.543449248351484573e-02,5.402898496735580869e-01
1.014999999999999014e+00,-2.483246920000000413e-01,2.790256589999999814e-01,-1.621175671999999901e+00,-6.648122269999999778e-01,4.097768849999999796e-01,6.233311809999999564e-01,-2.483315624295868995e-01,2.790285779342572270e-01,-1.621179531743711655e+00,-6.648044981520966346e-01,4.097819311752843863e-01,6.233252663889015110e-01,-6.362786300000000672e-02,2.539508999999999257e-03,4.276645999999998532e-02,-1.868045569999999822e-01,5.482405000000013101e-03,1.812259559999999659e-01,-6.363195778430356941e-02,2.542596630170468157e-03,4.277656210861767450e-02,-1.867701937791765021e-01,5.463327648431086196e-03,1.811960011298168749e-01,-2.155364461850384217e-03,-2.710875873922776691e+01,1.317028979189632309e+01,1.963960977631060478e+00,7.181925072396300180e-02,4.910057444071309679e-04,9.243326599971624091e+01,9.253241300029912964e+01,6.402695005335540257e-01,-2.567865559629706543e-02,5.402695014685675590e-01,6.402697393497394085e-01,-2.568244473884705170e-02,5.402672585663760296e-01
1.019999999999998463e+00,-2.486428840000000084e-01,2.790383160000000085e-01,-1.620962524000000071e+00,-6.657453700000000030e-01,4.098050089999999979e-01,6.242363709999999566e-01,-2.486497745339175947e-01,2.790412427703595211e-01,-1.620966452693551219e+00,-6.657373867804160517e-01,4.098100717966443041e-01,6.242302099014338523e-01,-6.364897199999999811e-02,2.523304999999999992e-03,4.249287999999999677e-02,-1.864523539999999868e-01,5.767078000000000135e-03,1.808498920000000121e-01,-6.365106759663630154e-02,2.526380058961697449e-03,4.250339896701612469e-02,-1.864204071198110879e-01,5.747797797196883829e-03,1.808223609600677351e-01,-2.226664081343088242e-03,-2.710913640330534236e+01,1.317049076902502591e+01,1.962724475365494881e+00,7.177219990510803893e-02,4.909950609528343978e-04,8.785235400137025863e+01,8.795168399956310168e+01,6.402466941837281489e-01,-2.592656375420504533e-02,5.402466950185613737e-01,6.402469352638600064e-01,-2.593035096758817409e-02,5.402444477101449039e-01
1.024999999999997913e+00,-2.489611820000000031e-01,2.790508919999999948e-01,-1.620750743999999965e+00,-6.666767489999999574e-01,4.098345560000000165e-01,6.251396769999999492e-01,-2.489680834709366020e-01,2.790538265961849951e-01,-1.620754739852276805e+00,-6.666685226161989108e-01,4.098396345649114036e-01,6.251332807134235559e-01,-6.367040799999999778e-02,2.507127999999999961e-03,4.221916900000000084e-02,-1.860989680000000035e-01,6.051657000000000217e-03,1.804724500000000065e-01,-6.367060666949467262e-02,2.510187467117306302e-03,4.223011490534170354e-02,-1.860693506356879412e-01,6.032185550614951007e-03,1.804472374101296628e-01,-2.296515812388655320e-03,-2.710950941862709840e+01,1.317068774579485257e+01,1.961488260059067734e+00,7.172512665235933338e-02,4.909928628855714716e-04,9.259740799825522117e+01,9.268608200000016950e+01,6.402236687691533756e-01,-2.617443118457021475e-02,5.402236695964194313e-01,6.402239120145473139e-01,-2.617821110168191620e-02,5.402214172328951847e-01
1.029999999999997362e+00,-2.492795889999999959e-01,2.790633869999999961e-01,-1.620540332000000028e+00,-6.676063580000000108e-01,4.098655250000000083e-01,6.260410929999999929e-01,-2.492864913814223649e-01,2.790663295284067646e-01,-1.620544393829726371e+00,-6.675978992996597361e-01,4.098706190531939408e-01,6.260344714602940064e-01,-6.369216900000000681e-02,2.490978000000000029e-03,4.194533000000000289e-02,-1.857444089999999992e-01,6.336139000000000181e-03,1.800936429999999977e-01,-6.369057312211549859e-02,2.494017785872394786e-03,4.195670826328118386e-02,-1.857170212870235815e-01,6.316485785910875596e-03,1.800706484401732865e-01,-2.365716260901207235e-03,-2.710987793150041014e+01,1.317088106317378937e+01,1.960251907711362707e+00,7.167808408373514684e-02,4.909925038382148468e-04,9.860648600079002790e+01,9.869845399953192100e+01,6.402004243690344598e-01,-2.642225842168556202e-02,5.402004255955527023e-01,6.402006696585573753e-01,-2.642602506324264952e-02,5.401981672640483456e-01
1.034999999999996811e+00,-2.495981049999999868e-01,2.790758019999999839e-01,-1.620331291000000062e+00,-6.685341909999999999e-01,4.098979170000000005e-01,6.269406119999999527e-01,-2.496050003862740896e-01,2.790787516721598416e-01,-1.620335415225429232e+00,-6.685255104992837705e-01,4.099030248074260752e-01,6.269337748510804831e-01,-6.371425499999999742e-02,2.474856000000000104e-03,4.167136999999999925e-02,-1.853886879999999959e-01,6.620519000000000057e-03,1.797134790000000093e-01,-6.371096158150275912e-02,2.477867881512761140e-03,4.168318358220014092e-02,-1.853634305219930278e-01,6.600692863207472533e-03,1.796926066128463895e-01,-2.433458389596854232e-03,-2.711024334366542021e+01,1.317107140421433442e+01,1.959015502476118886e+00,7.163109500400353935e-02,4.909921507794176966e-04,9.185384699958376586e+01,9.203522399911889806e+01,6.401769608763863140e-01,-2.667004389087633542e-02,5.401769615455042084e-01,6.401772082495338356e-01,-2.667379276417899958e-02,5.401746979379946634e-01
1.039999999999996261e+00,-2.499167320000000025e-01,2.790881359999999867e-01,-1.620123618999999904e+00,-6.694602429999999549e-01,4.099317299999999942e-01,6.278382260000000548e-01,-2.499236125796178432e-01,2.790910931397271311e-01,-1.620127804630306700e+00,-6.694513499511768329e-01,4.099368513504815792e-01,6.278311836692235248e-01,-6.373666499999999790e-02,2.458762000000000187e-03,4.139729100000000273e-02,-1.850318139999999889e-01,6.904793999999999689e-03,1.793319700000000072e-01,-6.373176670487987194e-02,2.461742225718243846e-03,4.140954070383170288e-02,-1.850085932494970609e-01,6.884802854318994650e-03,1.793131283542193644e-01,-2.499959929472606035e-03,-2.711060200688194044e+01,1.317125722105913077e+01,1.957778804346648638e+00,7.158413550086167865e-02,4.909920735365975921e-04,8.980134600278688595e+01,8.990261500002816319e+01,6.401532784484046390e-01,-2.691778761449470370e-02,5.401532791908422171e-01,6.401535278396697226e-01,-2.692151410405779766e-02,5.401510093770344190e-01
1.044999999999995710e+00,-2.502354720000000143e-01,2.791003890000000043e-01,-1.619917317999999939e+00,-6.703845069999999629e-01,4.099669650000000165e-01,6.287339290000000247e-01,-2.502423300353359137e-01,2.791033540441252292e-01,-1.619921562630995515e+00,-6.703754114660586128e-01,4.099720981844361400e-01,6.287266907836985830e-01,-6.375939499999999649e-02,2.442695999999999843e-03,4.112309799999999682e-02,-1.846737989999999996e-01,7.188960000000000315e-03,1.789491290000000123e-01,-6.375298530653303319e-02,2.445638082152261968e-03,4.113578116103104587e-02,-1.846525243956178841e-01,7.168811448343669242e-03,1.789322312202840659e-01,-2.565679132364051540e-03,-2.711095692104162680e+01,1.317143962530553125e+01,1.956541974014071039e+00,7.153722293854875014e-02,4.909922100098840399e-04,9.508430999994743615e+01,9.518467399902874604e+01,6.401293769290193891e-01,-2.716548924613686536e-02,5.401293782786025233e-01,6.401296284771953449e-01,-2.716918897398658619e-02,5.401271016927221558e-01
1.049999999999995159e+00,-2.505543259999999939e-01,2.791125629999999802e-01,-1.619712387999999947e+00,-6.713069790000000259e-01,4.100036200000000131e-01,6.296277150000000322e-01,-2.505611548043882308e-01,2.791155344999264321e-01,-1.619716689792310094e+00,-6.712976889282382675e-01,4.100087647862133422e-01,6.296202891406685875e-01,-6.378244600000000653e-02,2.426658999999999847e-03,4.084879699999999919e-02,-1.843146529999999950e-01,7.473012000000000231e-03,1.785649659999999916e-01,-6.377461186930669101e-02,2.429557793466643675e-03,4.086191120520180770e-02,-1.842952385378418823e-01,7.452713135555469326e-03,1.785499292346194034e-01,-2.630099412270769932e-03,-2.711130674042440702e+01,1.317161850776297349e+01,1.955305059613975605e+00,7.149035662617306275e-02,4.909922783647209131e-04,9.362509799757390283e+01,9.379560299930744804e+01,6.401052567498548562e-01,-2.741314828673354145e-02,5.401052576097327140e-01,6.401055102094539428e-01,-2.741681725593875588e-02,5.401029749933579094e-01
1.054999999999994609e+00,-2.508732969999999951e-01,2.791246560000000265e-01,-1.619508830000000010e+00,-6.722276520000000088e-01,4.100416949999999838e-01,6.305195770000000532e-01,-2.508800889255818345e-01,2.791276346182929302e-01,-1.619513186663414483e+00,-6.722181762986555453e-01,4.100468506122817991e-01,6.305119717549880765e-01,-6.380581600000000131e-02,2.410649999999999859e-03,4.057439200000000079e-02,-1.839543859999999975e-01,7.756947000000000148e-03,1.781794909999999954e-01,-6.379664602062774803e-02,2.413498661332854830e-03,4.058793188491956194e-02,-1.839367514962828576e-01,7.736504773001686049e-03,1.781662359404582174e-01,-2.694565258274383979e-03,-2.711165265482194187e+01,1.317179392487705414e+01,1.954068000180152920e+00,7.144353518036423989e-02,4.909921205144685127e-04,9.768857299786759540e+01,9.779459000128554180e+01,6.400809174710067051e-01,-2.766076502619613936e-02,5.400809185669313006e-01,6.400811730804876198e-01,-2.766439882904888833e-02,5.400786293842596564e-01
1.059999999999994058e+00,-2.511923850000000180e-01,2.791366690000000039e-01,-1.619306643999999906e+00,-6.731465210000000532e-01,4.100811890000000126e-01,6.314095079999999527e-01,-2.511991344130177217e-01,2.791396545051862410e-01,-1.619311053778032194e+00,-6.731368676082755131e-01,4.100863550994574558e-01,6.314017317198011847e-01,-6.382950199999999630e-02,2.394669999999999785e-03,4.029988600000000004e-02,-1.835930090000000015e-01,8.040761000000000436e-03,1.777927169999999890e-01,-6.381907977337113180e-02,2.397460750657665063e-03,4.031384764725205738e-02,-1.835770760674972080e-01,8.020181904151423360e-03,1.777811684070421672e-01,-2.756924333560117901e-03,-2.711199424886873643e+01,1.317196591904864356e+01,1.952830969125975313e+00,7.139676964966482076e-02,4.909923239629525923e-04,9.207231399705051444e+01,9.221738999985973351e+01,6.400563593988350952e-01,-2.790833817326118793e-02,5.400563607849540038e-01,6.400566171313668562e-01,-2.791193356123035721e-02,5.400540649697167517e-01
1.064999999999993507e+00,-2.515115920000000060e-01,2.791486029999999952e-01,-1.619105830999999940e+00,-6.740635809999999672e-01,4.101221019999999884e-01,6.322975020000000113e-01,-2.515182932491301648e-01,2.791515942741839562e-01,-1.619110291649573208e+00,-6.740537569631068759e-01,4.101272776629884542e-01,6.322895622049012898e-01,-6.385350500000000484e-02,2.378719999999999966e-03,4.002528500000000072e-02,-1.832305330000000010e-01,8.324450000000000599e-03,1.774046549999999944e-01,-6.384190789666986665e-02,2.381446556935392506e-03,4.003966229826740747e-02,-1.832162287316438654e-01,8.303740312113769284e-03,1.773947408006890103e-01,-2.818087374785616106e-03,-2.711233034670534181e+01,1.317213406638342832e+01,1.951593855146393164e+00,7.135004939580952277e-02,4.909923584599365292e-04,9.062841700142598711e+01,9.074996500203269534e+01,6.400315826274651787e-01,-2.815586761668630381e-02,5.400315835134251730e-01,6.400318424035498222e-01,-2.815942130597935689e-02,5.400292818464819122e-01
1.069999999999992957e+00,-2.518309200000000136e-01,2.791604560000000013e-01,-1.618906391999999972e+00,-6.749788249999999490e-01,4.101644329999999949e-01,6.331835519999999828e-01,-2.518375673970907891e-01,2.791634540365582895e-01,-1.618910900769796157e+00,-6.749688385404002400e-01,4.101696176943258609e-01,6.331754564523419671e-01,-6.387782100000000129e-02,2.362799000000000062e-03,3.975059300000000073e-02,-1.828669679999999909e-01,8.608008999999999800e-03,1.770153160000000059e-01,-6.386512745721216466e-02,2.365453648295475896e-03,3.976538051683257274e-02,-1.828542222437500864e-01,8.587174877974340301e-03,1.770069677596433633e-01,-2.878550581865813029e-03,-2.711266301420063485e+01,1.317229916595993444e+01,1.950356793664083987e+00,7.130338331345670300e-02,4.909924679582203418e-04,8.946422199733206071e+01,8.958608900138642639e+01,6.400065867421900201e-01,-2.840335306759710077e-02,5.400065880481343950e-01,6.400068489369510338e-01,-2.840686190990258583e-02,5.400042801109420365e-01
1.074999999999992406e+00,-2.521503709999999843e-01,2.791722309999999929e-01,-1.618708325999999920e+00,-6.758922480000000288e-01,4.102081819999999768e-01,6.340676530000000088e-01,-2.521569587985363903e-01,2.791752339068248046e-01,-1.618712881607651477e+00,-6.758821065892014479e-01,4.102133745643615770e-01,6.340594077780558058e-01,-6.390245099999999900e-02,2.346907999999999980e-03,3.947581399999999796e-02,-1.825023249999999930e-01,8.891434999999999617e-03,1.766247119999999893e-01,-6.388873323200242038e-02,2.349484726825946425e-03,3.949100678580928780e-02,-1.824910720323233426e-01,8.870482160985839956e-03,1.766178641505726232e-01,-2.937817324312641531e-03,-2.711299021490722794e+01,1.317246049215729542e+01,1.949119714036299023e+00,7.125676628874347274e-02,4.909925485658119069e-04,8.903181599816889502e+01,8.913225300057092682e+01,6.399813725586643853e-01,-2.865079460161503236e-02,5.399813733183143061e-01,6.399816367713290211e-01,-2.865425521149673332e-02,5.399790598564142563e-01
1.079999999999991855e+00,-2.524699449999999734e-01,2.791839260000000267e-01,-1.618511634000000088e+00,-6.768038459999999867e-01,4.102533469999999904e-01,6.349497979999999542e-01,-2.524764693761186174e-01,2.791869340052854920e-01,-1.618516234623447403e+00,-6.767935554270400056e-01,4.102585476259451580e-01,6.349414095696793714e-01,-6.392739100000000008e-02,2.331045999999999813e-03,3.920095299999999672e-02,-1.821366150000000017e-01,9.174724999999999894e-03,1.762328539999999943e-01,-6.391272237494255437e-02,2.333539920106904655e-03,3.921654099718574482e-02,-1.821267906367211586e-01,9.153658441450994096e-03,1.762274439606552889e-01,-2.996440087327911783e-03,-2.711331238476335415e+01,1.317261791157826423e+01,1.947882599535700754e+00,7.121019179745946559e-02,4.909927968840800900e-04,9.140674499940359965e+01,9.149932900254498236e+01,6.399559395550780128e-01,-2.889819083403885949e-02,5.399559401595890318e-01,6.399562059447285733e-01,-2.890160104212467773e-02,5.399536211655878715e-01
1.084999999999991305e+00,-2.527896450000000073e-01,2.791955409999999915e-01,-1.618316316000000032e+00,-6.777136129999999925e-01,4.102999290000000077e-01,6.358299800000000168e-01,-2.527961010316331913e-01,2.791985544606236380e-01,-1.618320960257205288e+00,-6.777031794429542177e-01,4.103051362080618603e-01,6.358214552847826218e-01,-6.395264100000000451e-02,2.315214999999999808e-03,3.892601500000000131e-02,-1.817698480000000116e-01,9.457873000000000321e-03,1.758397529999999875e-01,-6.393708983120136025e-02,2.317621936811359567e-03,3.894198998435549619e-02,-1.817613935304809580e-01,9.436698246087532604e-03,1.758357211737954506e-01,-3.053939442769104673e-03,-2.711362937425698405e+01,1.317277182303378780e+01,1.946645551750883829e+00,7.116366830596010384e-02,4.909928874153531063e-04,8.926554800200392492e+01,8.938957400096114725e+01,6.399302877988451987e-01,-2.914554218156111334e-02,5.399302891206382293e-01,6.399305564957531445e-01,-2.914889922597244110e-02,5.399279641135116270e-01
1.089999999999990754e+00,-2.531094720000000020e-01,2.792070779999999974e-01,-1.618122373999999919e+00,-6.786215429999999937e-01,4.103479259999999740e-01,6.367081930000000334e-01,-2.531158556487161371e-01,2.792100954002770807e-01,-1.618127058912616878e+00,-6.786109730918558069e-01,4.103531396179059820e-01,6.366995384502399657e-01,-6.397819800000000001e-02,2.299414999999999966e-03,3.865100199999999681e-02,-1.814020349999999893e-01,9.740876000000000742e-03,1.754454199999999908e-01,-6.396183291794807491e-02,2.301728556119399943e-03,3.866736130087683465e-02,-1.813948923506417399e-01,9.719597962322457790e-03,1.754427095644927048e-01,-3.110825397817373883e-03,-2.711394323848202959e+01,1.317292301623775330e+01,1.945408702395637235e+00,7.111720945575863984e-02,4.909930134450530203e-04,9.015902100145467557e+01,9.031683600187534466e+01,6.399044175110982779e-01,-2.939284799065531098e-02,5.399044183099264149e-01,6.399046884643624367e-01,-2.939614958162823505e-02,5.399020887820488168e-01
1.094999999999990203e+00,-2.534294280000000121e-01,2.792185349999999899e-01,-1.617929806000000026e+00,-6.795276319999999926e-01,4.103973369999999732e-01,6.375844320000000343e-01,-2.534357350904892781e-01,2.792215569553517795e-01,-1.617934530971700591e+00,-6.795169308975164135e-01,4.104025571417961871e-01,6.375756526712964556e-01,-6.400406200000000045e-02,2.283644999999999946e-03,3.837592199999999981e-02,-1.810331880000000115e-01,1.002372999999999979e-02,1.750498689999999968e-01,-6.398694658525584666e-02,2.285862481104083271e-03,3.839265713507972189e-02,-1.810273022941369103e-01,1.000235303879088919e-02,1.750484260736288322e-01,-3.166556648801499563e-03,-2.711425135334435055e+01,1.317307017995325147e+01,1.944171885588179993e+00,7.107079571007632324e-02,4.909933574793728245e-04,9.189164999770582654e+01,9.210418200018466450e+01,6.398783285805040855e-01,-2.964010821898827377e-02,5.398783300472669300e-01,6.398786018905207040e-01,-2.964335192037683905e-02,5.398759952496737791e-01
1.099999999999989653e+00,-2.537495129999999821e-01,2.792299140000000235e-01,-1.617738614000000075e+00,-6.804318729999999649e-01,4.104481629999999770e-01,6.384586899999999954e-01,-2.537557411949029618e-01,2.792329392484420580e-01,-1.617743376811645595e+00,-6.804210474499189365e-01,4.104533880469767304e-01,6.384497916197792167e-01,-6.403023100000000689e-02,2.267906000000000089e-03,3.810077600000000286e-02,-1.806633149999999910e-01,1.030643099999999958e-02,1.746531090000000008e-01,-6.401242580968130591e-02,2.270019072379835055e-03,3.811787763689014619e-02,-1.806586352967414211e-01,1.028496015316229632e-02,1.746528815984965399e-01,-3.220894857693501478e-03,-2.711455642528654408e+01,1.317321406473356404e+01,1.942935258864113113e+00,7.102444394285925555e-02,4.909935664976199793e-04,8.753540900215739384e+01,8.763579600054072216e+01,6.398520213111950072e-01,-2.988732134931582074e-02,5.398520228139517263e-01,6.398522968093731667e-01,-2.989050604173565384e-02,5.398496835917471204e-01
1.104999999999989102e+00,-2.540697310000000209e-01,2.792412140000000154e-01,-1.617548798999999926e+00,-6.813342629999999955e-01,4.105004010000000148e-01,6.393309609999999754e-01,-2.540758757749873586e-01,2.792442424010188606e-01,-1.617553596779932601e+00,-6.813233174084819543e-01,4.105056315822255830e-01,6.393219490367728630e-01,-6.405670199999999315e-02,2.252198999999999868e-03,3.782557100000000228e-02,-1.802924300000000035e-01,1.058897599999999994e-02,1.742551529999999960e-01,-6.403826563325511201e-02,2.254201048420244324e-03,3.784303260836679311e-02,-1.802889065420212045e-01,1.056741536682807327e-02,1.742560919560006971e-01,-3.274159117568231636e-03,-2.711485670137922810e+01,1.317335479132893461e+01,1.941698843786656692e+00,7.097815459592718423e-02,4.909937455481969701e-04,8.827674799977103248e+01,8.837786499861977063e+01,6.398254952117949923e-01,-3.013448871657266326e-02,5.398254966071226457e-01,6.398257732565151290e-01,-3.013761173517391992e-02,5.398231538872008128e-01
1.109999999999988551e+00,-2.543900809999999901e-01,2.792524359999999928e-01,-1.617360359000000081e+00,-6.822347960000000322e-01,4.105540520000000027e-01,6.402012390000000330e-01,-2.543961406267458703e-01,2.792554665484018317e-01,-1.617365191204869435e+00,-6.822237354980873469e-01,4.105592869764349562e-01,6.401921187350131381e-01,-6.408347500000000085e-02,2.236522999999999810e-03,3.755030899999999700e-02,-1.799205409999999894e-01,1.087136099999999952e-02,1.738560120000000042e-01,-6.406446368581138195e-02,2.238411213309126485e-03,3.756812190606586416e-02,-1.799181277282685398e-01,1.084971467590426127e-02,1.738580704837210111e-01,-3.326984016885248252e-03,-2.711515090273869788e+01,1.317349129290101928e+01,1.940462479502297777e+00,7.093190425404038990e-02,4.909941455039229519e-04,9.072702000048593618e+01,9.083012499831966124e+01,6.397987509827386399e-01,-3.038160831592351049e-02,5.397987522793324944e-01,6.397990312694226134e-01,-3.038466878552287948e-02,5.397964062046377576e-01
1.114999999999988001e+00,-2.547105660000000271e-01,2.792635800000000112e-01,-1.617173296000000038e+00,-6.831334669999999942e-01,4.106091150000000245e-01,6.410695189999999766e-01,-2.547165375265333376e-01,2.792666118323192670e-01,-1.617178160391539388e+00,-6.831222965087778709e-01,4.106143534348550284e-01,6.410602945929579910e-01,-6.411054800000000331e-02,2.220877999999999915e-03,3.727499599999999774e-02,-1.795476609999999973e-01,1.115358099999999922e-02,1.734556969999999920e-01,-6.409101499798207369e-02,2.222649833834814716e-03,3.729315336574905854e-02,-1.795463127725467067e-01,1.113185287164838305e-02,1.734588301942009414e-01,-3.378644577183287367e-03,-2.711544105412571426e+01,1.317362474087984836e+01,1.939226395686121318e+00,7.088571747931753098e-02,4.909943663997094233e-04,9.106431500185863115e+01,9.116885299954446964e+01,6.397717883177361786e-01,-3.062868065140227428e-02,5.397717891474226315e-01,6.397720708866829753e-01,-3.063167697135296685e-02,5.397694406086495089e-01
1.119999999999987450e+00,-2.550311869999999925e-01,2.792746449999999880e-01,-1.616987608999999937e+00,-6.840302710000000230e-01,4.106655880000000258e-01,6.419357949999999757e-01,-2.550370682262757538e-01,2.792776783884549641e-01,-1.616992504613856241e+00,-6.840189952893052094e-01,4.106708301428215191e-01,6.419264705590590481e-01,-6.413791900000000157e-02,2.205265999999999997e-03,3.699963600000000241e-02,-1.791737989999999947e-01,1.143563300000000060e-02,1.730542210000000081e-01,-6.411791473995354096e-02,2.206914717193979476e-03,3.701813215283251274e-02,-1.791734719645493301e-01,1.141382678908966011e-02,1.730583857416796434e-01,-3.429045753323922696e-03,-2.711572786322117778e+01,1.317375520915624421e+01,1.937990647433879055e+00,7.083959938457325134e-02,4.909948674120661336e-04,8.714017300007981248e+01,8.723954599918215536e+01,6.397446072353549784e-01,-3.087570507919425167e-02,5.397446084745626260e-01,6.397448921472148609e-01,-3.087863606114196746e-02,5.397422571724849183e-01
1.124999999999986899e+00,-2.553519450000000246e-01,2.792856320000000059e-01,-1.616803299000000083e+00,-6.849252030000000380e-01,4.107234710000000066e-01,6.428000600000000064e-01,-2.553577344693100937e-01,2.792886663565648520e-01,-1.616808224136018435e+00,-6.849138267618621878e-01,4.107287162658391222e-01,6.427906406480013990e-01,-6.416558599999999668e-02,2.189686000000000150e-03,3.672423300000000196e-02,-1.787989680000000026e-01,1.171751300000000058e-02,1.726515939999999916e-01,-6.414516326844348082e-02,2.191208682871020191e-03,3.674305806199542473e-02,-1.787996229216762822e-01,1.169563192852063858e-02,1.726567494300694783e-01,-3.479892674559836863e-03,-2.711600840867021134e+01,1.317388135761243717e+01,1.936754916422631201e+00,7.079351662885158269e-02,4.909949877272855095e-04,8.972033600002760068e+01,8.991285800220794044e+01,6.397172078505617421e-01,-3.112268085800226278e-02,5.397172095001224745e-01,6.397174950877229094e-01,-3.112554582374058021e-02,5.397148559598808903e-01
1.129999999999986349e+00,-2.556728429999999830e-01,2.792965419999999810e-01,-1.616620366999999892e+00,-6.858182590000000411e-01,4.107827629999999952e-01,6.436623089999999880e-01,-2.556785379779986100e-01,2.792995758829918129e-01,-1.616625319199344490e+00,-6.858067859133932798e-01,4.107880109499522647e-01,6.436527989434301933e-01,-6.419354700000000358e-02,2.174137999999999071e-03,3.644879199999998681e-02,-1.784231769999999606e-01,1.199921700000001167e-02,1.722478289999999634e-01,-6.417275335422940874e-02,2.175532046519462748e-03,3.646793885570803750e-02,-1.784247754817354648e-01,1.197726480360531906e-02,1.722539360436710631e-01,-3.528863219901756665e-03,-2.711628502105944705e+01,1.317400450050886462e+01,1.935519604033078878e+00,7.074750644741853445e-02,4.909954407539393519e-04,8.628115700048510917e+01,8.638064499973552302e+01,6.396895901609862545e-01,-3.136960863072202343e-02,5.396895912553466568e-01,6.396898797461518793e-01,-3.137240602079930524e-02,5.396872370307896905e-01
1.134999999999985798e+00,-2.559938809999999787e-01,2.793073739999999971e-01,-1.616438811000000086e+00,-6.867094339999999519e-01,4.108434630000000198e-01,6.445225359999999792e-01,-2.559994804461823148e-01,2.793104071153873491e-01,-1.616443790021869775e+00,-6.866978677890840377e-01,4.108487133199093533e-01,6.445129395972493125e-01,-6.422180199999999450e-02,2.158623000000000139e-03,3.617331599999999703e-02,-1.780464380000000013e-01,1.228074099999999953e-02,1.718429370000000012e-01,-6.420068030971841366e-02,2.159885034013431238e-03,3.619277711960700722e-02,-1.780489424977341195e-01,1.225872064063573096e-02,1.718499584761488397e-01,-3.576705820726333585e-03,-2.711655696387934711e+01,1.317412401958781132e+01,1.934284574404839585e+00,7.070155286987264698e-02,4.909958908430827164e-04,8.925669400196056813e+01,8.936560700021800585e+01,6.396617543718636778e-01,-3.161648709670224905e-02,5.396617555520983878e-01,6.396620461612889663e-01,-3.161921640158051744e-02,5.396594004455673721e-01
1.139999999999985247e+00,-2.563150619999999824e-01,2.793181279999999989e-01,-1.616258634000000027e+00,-6.875987220000000510e-01,4.109055699999999978e-01,6.453807360000000104e-01,-2.563205635522314285e-01,2.793211602102886881e-01,-1.616263636801216874e+00,-6.875870675009853050e-01,4.109108224825500644e-01,6.453710568292119198e-01,-6.425034699999999932e-02,2.143139999999999108e-03,3.589781099999998781e-02,-1.776687619999999801e-01,1.256208200000001260e-02,1.714369299999999596e-01,-6.422894210313129237e-02,2.144270456829832413e-03,3.591757793377984426e-02,-1.776721376849035583e-01,1.253999665406353714e-02,1.714448307440525898e-01,-3.624281903601866972e-03,-2.711682345509642644e+01,1.317423988187699635e+01,1.933049795870764864e+00,7.065565442087438919e-02,4.909963480624051236e-04,8.790075400247587822e+01,8.800217099997098558e+01,6.396337000692677854e-01,-3.186331668202110889e-02,5.396337013610803535e-01,6.396339943730217081e-01,-3.186597671180507740e-02,5.396313462581225906e-01
1.144999999999984697e+00,-2.566363850000000224e-01,2.793288050000000133e-01,-1.616079832999999910e+00,-6.884861199999999792e-01,4.109690830000000128e-01,6.462369040000000009e-01,-2.566417889569547195e-01,2.793318353232382423e-01,-1.616084859709920440e+00,-6.884743802213605379e-01,4.109743375271472376e-01,6.462271449232109832e-01,-6.427918200000000415e-02,2.127691000000000131e-03,3.562227899999999975e-02,-1.772901590000000027e-01,1.284323599999999919e-02,1.710298189999999996e-01,-6.425753423532966357e-02,2.128686108923080050e-03,3.564234627336262951e-02,-1.772943719685987907e-01,1.282108884644410016e-02,1.710385648811887094e-01,-3.670713155691673890e-03,-2.711708657524257760e+01,1.317435273687381603e+01,1.931815447963688648e+00,7.060982564523599070e-02,4.909967966465426242e-04,9.269689699794980697e+01,9.286144400175544433e+01,6.396054279479150839e-01,-3.211009568103951467e-02,5.396054294579224475e-01,6.396057244215000992e-01,-3.211268669173823753e-02,5.396030745251856331e-01
1.149999999999984146e+00,-2.569578539999999856e-01,2.793394049999999851e-01,-1.615902410999999983e+00,-6.893716220000000172e-01,4.110340020000000094e-01,6.470910330000000377e-01,-2.569631583063378688e-01,2.793424326061357821e-01,-1.615907458895453841e+00,-6.893598011846752138e-01,4.110392575219681821e-01,6.470811982276651886e-01,-6.430830499999999617e-02,2.112274999999998962e-03,3.534672699999998752e-02,-1.769106399999999801e-01,1.312419900000001173e-02,1.706216159999999760e-01,-6.428645476474947884e-02,2.113132246868412202e-03,3.536708717455099710e-02,-1.769156587955827420e-01,1.310199288220057628e-02,1.706311743699285843e-01,-3.716842250389928992e-03,-2.711734525062701096e+01,1.317446225459390874e+01,1.930581443238333250e+00,7.056405634532039728e-02,4.909971827148006075e-04,8.764919499662937596e+01,8.776507899892749265e+01,6.395769375602322615e-01,-3.235682509934534323e-02,5.395769388948545853e-01,6.395772363464197197e-01,-3.235934607815307840e-02,5.395745853074540577e-01
1.154999999999983595e+00,-2.572794689999999829e-01,2.793499280000000251e-01,-1.615726366000000080e+00,-6.902552250000000278e-01,4.111003249999999887e-01,6.479431180000000401e-01,-2.572846732217471954e-01,2.793529522121394604e-01,-1.615731434487375662e+00,-6.902433256945891271e-01,4.111055815179506800e-01,6.479332111598030686e-01,-6.433771300000000470e-02,2.096892999999999847e-03,3.507115699999999864e-02,-1.765302169999999893e-01,1.340496799999999974e-02,1.702123329999999934e-01,-6.431569677924164896e-02,2.097609118690087118e-03,3.509180325081941165e-02,-1.765360122671463805e-01,1.338270587477486534e-02,1.702226731589480957e-01,-3.761223547313896631e-03,-2.711759929765788968e+01,1.317456811815890561e+01,1.929347829966395533e+00,7.051835381205104336e-02,4.909975642653390589e-04,9.093870399738079868e+01,9.110966099979123101e+01,6.395482292069097907e-01,-3.260350384191237905e-02,5.395482305231130704e-01,6.395485301868681915e-01,-3.260595459815852915e-02,5.395458786626480263e-01
1.159999999999983045e+00,-2.576012320000000133e-01,2.793603740000000224e-01,-1.615551699000000063e+00,-6.911369229999999586e-01,4.111680509999999789e-01,6.487931540000000386e-01,-2.576063353046658677e-01,2.793633943032291511e-01,-1.615556786593292493e+00,-6.911249491107729348e-01,4.111733085436079516e-01,6.487831782077311260e-01,-6.436740500000000254e-02,2.081543999999999842e-03,3.479557400000000272e-02,-1.761489009999999966e-01,1.368553800000000056e-02,1.698019829999999897e-01,-6.434525825940339006e-02,2.082119499984940933e-03,3.481650007706652700e-02,-1.761554416471456941e-01,1.366322227506620510e-02,1.698130755700496264e-01,-3.805288515005944561e-03,-2.711784805702312084e+01,1.317467046163678290e+01,1.928114606634617090e+00,7.047270496772051196e-02,4.909983414435667567e-04,8.873589600261766464e+01,8.883684399916091934e+01,6.395193028165557791e-01,-3.285013178211065865e-02,5.395193042465359357e-01,6.395196059840994041e-01,-3.285251197262255285e-02,5.395169546439081421e-01
1.164999999999982494e+00,-2.579231430000000214e-01,2.793707440000000042e-01,-1.615378409999999931e+00,-6.920167120000000338e-01,4.112371799999999800e-01,6.496411359999999524e-01,-2.579281461399882680e-01,2.793737590477202715e-01,-1.615383515295391259e+00,-6.920046668532964240e-01,4.112424376081838528e-01,6.496310939194165357e-01,-6.439737900000000459e-02,2.066230000000000063e-03,3.451998199999999767e-02,-1.757667019999999969e-01,1.396590600000000015e-02,1.693905749999999877e-01,-6.437513502187321157e-02,2.066663652074865725e-03,3.454118240888064129e-02,-1.757739608910493800e-01,1.394353936074597261e-02,1.694023920070989730e-01,-3.848411255044981161e-03,-2.711809239232768931e+01,1.317476941630607712e+01,1.926881814686095984e+00,7.042712400251269211e-02,4.909987526748044043e-04,9.297662199969636276e+01,9.306662900053197518e+01,6.394901586355359324e-01,-3.309670763252090669e-02,5.394901596429537705e-01,6.394904637812500736e-01,-3.309901791833538831e-02,5.394878133027235512e-01
1.169999999999981943e+00,-2.582452060000000049e-01,2.793810369999999987e-01,-1.615206498999999907e+00,-6.928945890000000052e-01,4.113077099999999930e-01,6.504870579999999514e-01,-2.582501072992162139e-01,2.793840466074913875e-01,-1.615211620659230407e+00,-6.928824744091651722e-01,4.113129677024949249e-01,6.504769529059085675e-01,-6.442763299999999804e-02,2.050948999999999828e-03,3.424438600000000166e-02,-1.753836310000000120e-01,1.424606800000000062e-02,1.689781220000000084e-01,-6.440532539165064185e-02,2.051239255217942974e-03,3.426585261820710993e-02,-1.753915830031880230e-01,1.422365280565274573e-02,1.689906365579364467e-01,-3.891227715336453841e-03,-2.711833297695902445e+01,1.317486506514958222e+01,1.925649453414394197e+00,7.038160581962871198e-02,4.909991976299857199e-04,8.951029200034099631e+01,8.960671699969680049e+01,6.394607963143230656e-01,-3.334323272524507970e-02,5.394607972542039276e-01,6.394611036189101760e-01,-3.334547214928330200e-02,5.394584546921148416e-01
1.174999999999981393e+00,-2.585674199999999923e-01,2.793912530000000061e-01,-1.615035967000000072e+00,-6.937705469999999597e-01,4.113796399999999909e-01,6.513309160000000375e-01,-2.585722203374187234e-01,2.793942571406916042e-01,-1.615041102728846045e+00,-6.937583673240143023e-01,4.113848977991494960e-01,6.513207498456168310e-01,-6.445816599999999730e-02,2.035702999999999818e-03,3.396878899999999923e-02,-1.749997000000000080e-01,1.452602100000000007e-02,1.685646359999999899e-01,-6.443582500780023481e-02,2.035846612520907269e-03,3.399051629707551536e-02,-1.750083188556588176e-01,1.450355942490982181e-02,1.685778222825103090e-01,-3.933014233019171968e-03,-2.711856929341132982e+01,1.317495746890810082e+01,1.924417612734741656e+00,7.033615782421628881e-02,4.909997569707881277e-04,9.008839099988108501e+01,9.022304899917799048e+01,6.394312159335591161e-01,-3.358970497622202483e-02,5.394312171070070328e-01,6.394315255370194295e-01,-3.359187437474009386e-02,5.394288788683095914e-01
1.179999999999980842e+00,-2.588897880000000096e-01,2.794013940000000251e-01,-1.614866812000000040e+00,-6.946445839999999539e-01,4.114529699999999734e-01,6.521727029999999647e-01,-2.588944867886745493e-01,2.794043908143428734e-01,-1.614871961522065913e+00,-6.946323412033588163e-01,4.114582268501927320e-01,6.521624794823634996e-01,-6.448897600000000341e-02,2.020492000000000034e-03,3.369319600000000164e-02,-1.746149190000000073e-01,1.480575999999999941e-02,1.681501290000000093e-01,-6.446662978075039241e-02,2.020488479581172923e-03,3.371517845308608097e-02,-1.746241811584876846e-01,1.478325448783424610e-02,1.681639622760840724e-01,-3.973939054976005636e-03,-2.711880025774947711e+01,1.317504621959280264e+01,1.923186234920496229e+00,7.029077024524540973e-02,4.910003322318375356e-04,8.935438100161263719e+01,8.945909900285187177e+01,6.394014180478861942e-01,-3.383612524338156652e-02,5.394014188377594943e-01,6.394017295782912225e-01,-3.383822429748341992e-02,5.393990858847174108e-01
1.184999999999980291e+00,-2.592123100000000013e-01,2.794114580000000014e-01,-1.614699034999999894e+00,-6.955166950000000181e-01,4.115276979999999973e-01,6.530124149999999572e-01,-2.592169081590162127e-01,2.794144478089137240e-01,-1.614704197038930866e+00,-6.955043917136866094e-01,4.115329537902109869e-01,6.530021366236739011e-01,-6.452006000000000407e-02,2.005315000000000136e-03,3.341761099999999984e-02,-1.742293000000000036e-01,1.508528299999999968e-02,1.677346120000000051e-01,-6.449773308823959772e-02,2.005167501414262081e-03,3.343984167660455503e-02,-1.742391817621261330e-01,1.506273532851495553e-02,1.677490690419373986e-01,-4.013235398623526962e-03,-2.711902569649972605e+01,1.317513105777050875e+01,1.921955347913601120e+00,7.024544766848919708e-02,4.910010002831509141e-04,8.774303000245708972e+01,8.786465299999690615e+01,6.393714021871650388e-01,-3.408249212515444826e-02,5.393714033950794962e-01,6.393717157880319801e-01,-3.408452160909153372e-02,5.393690757852757089e-01
1.189999999999979741e+00,-2.595349889999999937e-01,2.794214469999999895e-01,-1.614532634999999994e+00,-6.963868760000000435e-01,4.116038220000000081e-01,6.538500480000000170e-01,-2.595394859443293512e-01,2.794244282958799896e-01,-1.614537809259423806e+00,-6.963745145815266602e-01,4.116090775378207778e-01,6.538397161439900573e-01,-6.455141699999999982e-02,1.990173999999999936e-03,3.314203699999999919e-02,-1.738428529999999916e-01,1.536458599999999952e-02,1.673180979999999984e-01,-6.452913596329307166e-02,1.989878917534487236e-03,3.316451092528125560e-02,-1.738533327706902887e-01,1.534199840537047756e-02,1.673331565424479861e-01,-4.052957533355217024e-03,-2.711924863542206054e+01,1.317521323016970669e+01,1.920725033997629616e+00,7.020019818133305112e-02,4.910016574372324995e-04,9.075427100106026046e+01,9.094212199852336198e+01,6.393411688560149964e-01,-3.432880648225974940e-02,5.393411700312760182e-01,6.393414842093885220e-01,-3.433076600018929864e-02,5.393388486198491538e-01
1.194999999999979190e+00,-2.598578249999999867e-01,2.794313600000000175e-01,-1.614367614000000062e+00,-6.972551219999999494e-01,4.116813429999999774e-01,6.546855950000000091e-01,-2.598622216381135108e-01,2.794343324527029382e-01,-1.614372798138512533e+00,-6.972427055976225807e-01,4.116865969924964896e-01,6.546752129771969964e-01,-6.458304400000000611e-02,1.975067000000000055e-03,3.286647899999999706e-02,-1.734555899999999928e-01,1.564366500000000104e-02,1.669005970000000116e-01,-6.456083692153986864e-02,1.974627896503371172e-03,3.288919123267707717e-02,-1.734666475204316993e-01,1.562103969737193600e-02,1.669162352830874385e-01,-4.092645662647331761e-03,-2.711946520695103047e+01,1.317529145837574944e+01,1.919495153767013962e+00,7.015500218366541030e-02,4.910020733929821614e-04,8.875123100006021559e+01,8.885401299994555302e+01,6.393107176315008244e-01,-3.457506673981421835e-02,5.393107188467116675e-01,6.393110348867049320e-01,-3.457695716685738052e-02,5.393084044364079288e-01
1.199999999999978639e+00,-2.601808199999999793e-01,2.794411980000000018e-01,-1.614203971000000015e+00,-6.981214310000000145e-01,4.117602590000000173e-01,6.555190520000000465e-01,-2.601851167037876889e-01,2.794441604529535050e-01,-1.614209163619729770e+00,-6.981089606097174993e-01,4.117655110313000466e-01,6.555086221217109044e-01,-6.461494099999999519e-02,1.959997000000000215e-03,3.259094199999999775e-02,-1.730675210000000019e-01,1.592251600000000114e-02,1.664821220000000102e-01,-6.459282692599170594e-02,1.959409695416164388e-03,3.261388305341113986e-02,-1.730791361214381041e-01,1.589985441464018823e-02,1.664983197720968922e-01,-4.129790521788523350e-03,-2.711967899646097280e+01,1.317536647086956769e+01,1.918265983058476509e+00,7.010988695342695864e-02,4.910028326931138287e-04,9.176899700105423108e+01,9.188972099946113303e+01,6.392800487379451946e-01,-3.482127315445883442e-02,5.392800494716913917e-01,6.392803678627394515e-01,-3.482309479177413819e-02,5.392777432815315519e-01
1.204999999999978089e+00,-2.605039749999999987e-01,2.794509600000000260e-01,-1.614041704999999993e+00,-6.989857959999999926e-01,4.118405680000000180e-01,6.563504150000000203e-01,-2.605081725901028378e-01,2.794539124760539450e-01,-1.614046905616089322e+00,-6.989732755246819140e-01,4.118458185144441841e-01,6.563399386428724336e-01,-6.464710499999999638e-02,1.944961000000000042e-03,3.231542899999999968e-02,-1.726786580000000126e-01,1.620113600000000140e-02,1.660626849999999877e-01,-6.462510711198371505e-02,1.944229427252458899e-03,3.233859625700281903e-02,-1.726908115334353233e-01,1.617844013709607287e-02,1.660794226364313841e-01,-4.167684832665718986e-03,-2.711988699987399443e+01,1.317543812698130523e+01,1.917037336466051789e+00,7.006483446329078713e-02,4.910034614312514456e-04,8.835913500297465362e+01,8.845777999886195175e+01,6.392491622974841858e-01,-3.506742502175377862e-02,5.392491634102584142e-01,6.392494831830319857e-01,-3.506917855518739552e-02,5.392468652034481114e-01
1.209999999999977538e+00,-2.608272910000000167e-01,2.794606470000000065e-01,-1.613880815999999996e+00,-6.998482160000000230e-01,4.119222699999999793e-01,6.571796770000000176e-01,-2.608313907289876998e-01,2.794635887123867457e-01,-1.613886024012427756e+00,-6.998356463081680801e-01,4.119275182841103944e-01,6.571691576677975988e-01,-6.467953399999999686e-02,1.929961999999999910e-03,3.203994400000000076e-02,-1.722890119999999914e-01,1.647952100000000045e-02,1.656422969999999939e-01,-6.465767111522970068e-02,1.929087336306832979e-03,3.206333365579144834e-02,-1.723016847134851148e-01,1.645679246661808579e-02,1.656595560523402288e-01,-4.203964703823670490e-03,-2.712009047375804016e+01,1.317550621448328485e+01,1.915809337892172115e+00,7.001985273195723836e-02,4.910041794114287103e-04,9.215629899699706584e+01,9.224902699861559086e+01,6.392180583570992169e-01,-3.531352183870697936e-02,5.392180598650740952e-01,6.392183808966940273e-01,-3.531520813383243890e-02,5.392157702477139436e-01
1.214999999999976987e+00,-2.611507710000000038e-01,2.794702600000000259e-01,-1.613721305000000106e+00,-7.007086850000000533e-01,4.120053630000000133e-01,6.580068359999999839e-01,-2.611547725284178445e-01,2.794731893382972343e-01,-1.613726518688075595e+00,-7.006960689853749535e-01,4.120106091644269997e-01,6.579962743832822314e-01,-6.471222599999999769e-02,1.914998000000000004e-03,3.176449099999999887e-02,-1.718985929999999884e-01,1.675766799999999987e-02,1.652209689999999953e-01,-6.469051519453930532e-02,1.913978580784872876e-03,3.178809520920478776e-02,-1.719117682013715787e-01,1.673490831955068772e-02,1.652387317913852072e-01,-4.239267848040961795e-03,-2.712029097787286958e+01,1.317557103980043642e+01,1.914581997641963573e+00,6.997494701855776211e-02,4.910047724124478761e-04,8.885049699892988428e+01,8.894707200306584127e+01,6.391867370076637078e-01,-3.555956425112188901e-02,5.391867380273449584e-01,6.391870610479848391e-01,-3.556118319415021295e-02,5.391844584622177416e-01
1.219999999999976437e+00,-2.614744139999999883e-01,2.794797969999999743e-01,-1.613563171000000018e+00,-7.015672010000000292e-01,4.120898459999999819e-01,6.588318859999999777e-01,-2.614783193851822896e-01,2.794827145357225429e-01,-1.613568389500414257e+00,-7.015545396436396741e-01,4.120950899630319575e-01,6.588212840455874852e-01,-6.474517999999999940e-02,1.900070999999999921e-03,3.148907499999999832e-02,-1.715074129999999974e-01,1.703557299999999830e-02,1.647987160000000117e-01,-6.472363811505557618e-02,1.898908252528521681e-03,3.151288826040908597e-02,-1.715210743455484466e-01,1.701278425590973045e-02,1.648169651564182214e-01,-4.274614235607598900e-03,-2.712048546336898269e+01,1.317563221726478062e+01,1.913355241167358445e+00,6.993010334232564740e-02,4.910055864735938429e-04,9.173533500143093988e+01,9.188610799901653081e+01,6.391551979652850823e-01,-3.580555038018483349e-02,5.391551994892125332e-01,6.391555236823336372e-01,-3.580710340226646998e-02,5.391529298924028213e-01
1.224999999999975886e+00,-2.617982229999999966e-01,2.794892600000000171e-01,-1.613406413999999955e+00,-7.024237580000000092e-01,4.121757180000000242e-01,6.596548220000000295e-01,-2.618020326823877753e-01,2.794921644899737712e-01,-1.613411636283635264e+00,-7.024110544296372494e-01,4.121809594665350462e-01,6.596441819712407506e-01,-6.477839200000000408e-02,1.885181000000000096e-03,3.121369800000000153e-02,-1.711154830000000127e-01,1.731323200000000131e-02,1.643755470000000107e-01,-6.475703613955367810e-02,1.883874081568109914e-03,3.123771564300093645e-02,-1.711296146916800043e-01,1.729041556049069894e-02,1.643942660333085615e-01,-4.309058653942043904e-03,-2.712067634627105406e+01,1.317569015299193147e+01,1.912129194465767457e+00,6.988533322779164059e-02,4.910061768903533795e-04,8.899477699742419645e+01,8.909686300103203394e+01,6.391234416808408980e-01,-3.605148090823185464e-02,5.391234433641853840e-01,6.391237688463385913e-01,-3.605296842254517714e-02,5.391211845832442062e-01
1.229999999999975335e+00,-2.621221979999999729e-01,2.794986489999999879e-01,-1.613251033999999917e+00,-7.032783540000000500e-01,4.122629780000000022e-01,6.604756400000000305e-01,-2.621259137921015392e-01,2.795015393896448930e-01,-1.613256258850972014e+00,-7.032656095464584478e-01,4.122682164494020918e-01,6.604649635328176949e-01,-6.481186199999999786e-02,1.870326999999999970e-03,3.093836599999999840e-02,-1.707228130000000010e-01,1.759064399999999903e-02,1.639514729999999865e-01,-6.479070807960965461e-02,1.868878675567898530e-03,3.096258245384599095e-02,-1.707374003441008703e-01,1.756780132970115621e-02,1.639706465100924382e-01,-4.343462624356142499e-03,-2.712086194309343767e+01,1.317574452449158962e+01,1.910903790054563345e+00,6.984063277772301070e-02,4.910068045903653563e-04,8.868666000125813298e+01,8.880976199725409970e+01,6.390914680861032870e-01,-3.629735466697859431e-02,5.390914695233771647e-01,6.390917965874818307e-01,-3.629877791853898528e-02,5.390892225793822989e-01
1.234999999999974785e+00,-2.624463419999999991e-01,2.795079639999999976e-01,-1.613097030999999903e+00,-7.041309850000000425e-01,4.123516240000000277e-01,6.612943350000000109e-01,-2.624499640652178112e-01,2.795108394289797515e-01,-1.613102256996493011e+00,-7.041182012510978083e-01,4.123568596640575512e-01,6.612836241734955101e-01,-6.484558699999999620e-02,1.855508999999999978e-03,3.066308200000000123e-02,-1.703294150000000118e-01,1.786780199999999860e-02,1.635265089999999866e-01,-6.482464766999340711e-02,1.853922179183328583e-03,3.068749168221433440e-02,-1.703444418684635919e-01,1.784493481868968529e-02,1.635461220623852518e-01,-4.376285249971800795e-03,-2.712104308599896285e+01,1.317579536571521537e+01,1.909679141926623247e+00,6.979600225808921254e-02,4.910078428580141874e-04,9.093769000173779204e+01,9.104912700058775954e+01,6.390592771131279326e-01,-3.654317238398870765e-02,5.390592780039761278e-01,6.390596069548516445e-01,-3.654453154713217106e-02,5.390570439223338894e-01
1.239999999999974234e+00,-2.627706550000000196e-01,2.795172040000000191e-01,-1.612944402999999971e+00,-7.049816469999999891e-01,4.124416559999999898e-01,6.621109029999999729e-01,-2.627741848375126366e-01,2.795200647951889272e-01,-1.612949630495134956e+00,-7.049688258664769114e-01,4.124468878472302147e-01,6.621001593970718968e-01,-6.487956599999999963e-02,1.840728999999999933e-03,3.038784900000000150e-02,-1.699353010000000108e-01,1.814470600000000003e-02,1.631006640000000063e-01,-6.485885404830919743e-02,1.839002151703110748e-03,3.041244771204814831e-02,-1.699507541895157459e-01,1.812181529550319775e-02,1.631207025733899807e-01,-4.409094285171555327e-03,-2.712122077267577325e+01,1.317584313317956912e+01,1.908455215603079624e+00,6.975145305848262645e-02,4.910083240066652737e-04,8.823128600124618970e+01,8.832950599753530696e+01,6.390268689127028834e-01,-3.678893277398957024e-02,5.390268705679193140e-01,6.390271999957043425e-01,-3.679022896188662017e-02,5.390246486574841178e-01
1.244999999999973683e+00,-2.630951380000000062e-01,2.795263709999999957e-01,-1.612793152000000063e+00,-7.058303369999999743e-01,4.125330709999999734e-01,6.629253400000000296e-01,-2.630985774250976794e-01,2.795292156786465809e-01,-1.612798379090335965e+00,-7.058174797741071371e-01,4.125382997172973298e-01,6.629145647709668854e-01,-6.491379499999999636e-02,1.825985999999999929e-03,3.011267299999999952e-02,-1.695404799999999934e-01,1.842134999999999953e-02,1.626739520000000105e-01,-6.489332123467121682e-02,1.824121274523946056e-03,3.013745811940135577e-02,-1.695563468876054858e-01,1.839843713003296716e-02,1.626944026617356542e-01,-4.440483485539603592e-03,-2.712139360137166832e+01,1.317588759799840759e+01,1.907232122470573499e+00,6.970697938939780791e-02,4.910091712251261334e-04,7.984305500212940387e+01,7.993110000097658485e+01,6.389942435283153532e-01,-3.703463542309813616e-02,5.389942448588466162e-01,6.389945757600727916e-01,-3.703586981111407772e-02,5.389920368342006052e-01
