time,wall_ms,reference_ms,dynamics_ms,matrices_ms,qp_ms,qp_iterations
0.000000000000000000e+00,5.763830995419993997e+00,3.285600000000000326e-02,1.328310000000000046e-01,4.108769999999999922e-01,5.128810999999999787e+00,9.000000000000000000e+01
1.000000000000000021e-03,7.230119954328984022e-01,2.508799999999999919e-02,1.733649999999999913e-01,3.303719999999999990e-01,1.733159999999999978e-01,0.000000000000000000e+00
2.000000000000000042e-03,6.247359997360035777e-01,2.522500000000000089e-02,1.624150000000000038e-01,2.728889999999999927e-01,1.463029999999999886e-01,0.000000000000000000e+00
3.000000000000000062e-03,5.208389993640594184e-01,1.449199999999999967e-02,1.026050000000000018e-01,2.650919999999999943e-01,1.291650000000000020e-01,0.000000000000000000e+00
4.000000000000000083e-03,5.220889943302609026e-01,1.406600000000000038e-02,1.018330000000000068e-01,2.595830000000000082e-01,1.381179999999999908e-01,0.000000000000000000e+00
5.000000000000000104e-03,5.252889968687668443e-01,1.383200000000000054e-02,1.009440000000000059e-01,2.737569999999999726e-01,1.284200000000000064e-01,0.000000000000000000e+00
6.000000000000000125e-03,5.144820024725049734e-01,1.390899999999999949e-02,1.019530000000000020e-01,2.624190000000000134e-01,1.275570000000000037e-01,0.000000000000000000e+00
7.000000000000000146e-03,5.465890062623657286e-01,1.491699999999999970e-02,1.061020000000000019e-01,2.697109999999999785e-01,1.445099999999999996e-01,0.000000000000000000e+00
8.000000000000000167e-03,5.523209983948618174e-01,1.488000000000000086e-02,1.052310000000000051e-01,2.895119999999999916e-01,1.324579999999999924e-01,0.000000000000000000e+00
9.000000000000001055e-03,5.326949976733885705e-01,1.505899999999999947e-02,1.059179999999999983e-01,2.667100000000000026e-01,1.345069999999999877e-01,0.000000000000000000e+00
1.000000000000000194e-02,5.508350004674866796e-01,1.586600000000000163e-02,1.085310000000000025e-01,2.794860000000000122e-01,1.350439999999999974e-01,0.000000000000000000e+00
1.100000000000000283e-02,5.421890018624253571e-01,1.458100000000000021e-02,1.137859999999999983e-01,2.696749999999999980e-01,1.334329999999999961e-01,0.000000000000000000e+00
1.200000000000000372e-02,5.818469944642856717e-01,1.757200000000000081e-02,1.130349999999999966e-01,2.830070000000000086e-01,1.525729999999999864e-01,0.000000000000000000e+00
1.300000000000000461e-02,6.196529939188621938e-01,2.225399999999999948e-02,1.259139999999999981e-01,3.054080000000000128e-01,1.445889999999999953e-01,0.000000000000000000e+00
1.400000000000000550e-02,5.451640026876702905e-01,1.573499999999999899e-02,1.081580000000000041e-01,2.761970000000000258e-01,1.330749999999999988e-01,0.000000000000000000e+00
1.500000000000000638e-02,5.147929987288080156e-01,1.413900000000000053e-02,1.025749999999999995e-01,2.617979999999999752e-01,1.279619999999999924e-01,0.000000000000000000e+00
1.600000000000000727e-02,5.107929973746649921e-01,1.388099999999999924e-02,1.017620000000000052e-01,2.596189999999999887e-01,1.271819999999999895e-01,0.000000000000000000e+00
1.700000000000000816e-02,5.790979994344525039e-01,2.133799999999999933e-02,1.412140000000000062e-01,2.754539999999999766e-01,1.290900000000000103e-01,0.000000000000000000e+00
1.800000000000000905e-02,5.127709955559112132e-01,1.426299999999999964e-02,1.012750000000000039e-01,2.607369999999999965e-01,1.283569999999999989e-01,0.000000000000000000e+00
1.900000000000000994e-02,5.119050038047134876e-01,1.391599999999999955e-02,1.025340000000000001e-01,2.597909999999999942e-01,1.273430000000000117e-01,0.000000000000000000e+00
2.000000000000001082e-02,5.144179958733730018e-01,1.376800000000000072e-02,1.001989999999999964e-01,2.578159999999999896e-01,1.347200000000000064e-01,0.000000000000000000e+00
2.100000000000001171e-02,5.161939989193342626e-01,1.374700000000000054e-02,1.005790000000000017e-01,2.678730000000000278e-01,1.262159999999999949e-01,0.000000000000000000e+00
2.200000000000001260e-02,5.064399956609122455e-01,1.379999999999999977e-02,1.004779999999999979e-01,2.585290000000000088e-01,1.258630000000000027e-01,0.000000000000000000e+00
2.300000000000001349e-02,5.043869969085790217e-01,1.371400000000000050e-02,9.981800000000000395e-02,2.571499999999999897e-01,1.261770000000000114e-01,0.000000000000000000e+00
2.400000000000001438e-02,5.042560005676932633e-01,1.372300000000000082e-02,1.000889999999999974e-01,2.572960000000000247e-01,1.255880000000000052e-01,0.000000000000000000e+00
2.500000000000001527e-02,5.217580037424340844e-01,1.382000000000000069e-02,1.003440000000000026e-01,2.707860000000000267e-01,1.282959999999999934e-01,0.000000000000000000e+00
2.600000000000001615e-02,6.004640017636120319e-01,1.813700000000000034e-02,1.144359999999999961e-01,3.110660000000000092e-01,1.409809999999999952e-01,0.000000000000000000e+00
2.700000000000001704e-02,5.300270058796741068e-01,1.521999999999999915e-02,1.049149999999999944e-01,2.742640000000000078e-01,1.268269999999999953e-01,0.000000000000000000e+00
2.800000000000001793e-02,5.197499995119869709e-01,1.389600000000000037e-02,1.131449999999999956e-01,2.577610000000000179e-01,1.266339999999999966e-01,0.000000000000000000e+00
2.900000000000001882e-02,5.052999986219219863e-01,1.380100000000000077e-02,1.001979999999999954e-01,2.571109999999999784e-01,1.264710000000000001e-01,0.000000000000000000e+00
3.000000000000001971e-02,5.049989995313808322e-01,1.386300000000000032e-02,1.000859999999999944e-01,2.576080000000000036e-01,1.258610000000000007e-01,0.000000000000000000e+00
3.100000000000002059e-02,5.182949971640482545e-01,1.371099999999999923e-02,1.002510000000000068e-01,2.571309999999999985e-01,1.390079999999999927e-01,0.000000000000000000e+00
3.200000000000002148e-02,5.250769972917623818e-01,1.399500000000000050e-02,1.025070000000000009e-01,2.724389999999999867e-01,1.277149999999999952e-01,0.000000000000000000e+00
3.300000000000002237e-02,5.049980027251876891e-01,1.379700000000000024e-02,1.001250000000000057e-01,2.570919999999999872e-01,1.262620000000000131e-01,0.000000000000000000e+00
3.400000000000002326e-02,5.047590020694769919e-01,1.374300000000000001e-02,1.003899999999999931e-01,2.570709999999999940e-01,1.258920000000000039e-01,0.000000000000000000e+00
3.500000000000002415e-02,5.115940002724528313e-01,1.382000000000000069e-02,9.987400000000000444e-02,2.570640000000000147e-01,1.328789999999999971e-01,0.000000000000000000e+00
3.600000000000002504e-02,5.089979968033730984e-01,1.373800000000000021e-02,1.002799999999999941e-01,2.615720000000000267e-01,1.258130000000000082e-01,0.000000000000000000e+00
3.700000000000002592e-02,5.089799960842356086e-01,1.375900000000000040e-02,1.043929999999999997e-01,2.573219999999999952e-01,1.258569999999999967e-01,0.000000000000000000e+00
3.800000000000002681e-02,5.053150016465224326e-01,1.387099999999999965e-02,1.001110000000000055e-01,2.579870000000000219e-01,1.258539999999999937e-01,0.000000000000000000e+00
3.900000000000002770e-02,5.915820001973770559e-01,1.777400000000000160e-02,1.136069999999999997e-01,2.854829999999999868e-01,1.576619999999999966e-01,0.000000000000000000e+00
4.000000000000002859e-02,5.237779987510293722e-01,1.546400000000000031e-02,1.056139999999999995e-01,2.640299999999999869e-01,1.289490000000000081e-01,0.000000000000000000e+00
4.100000000000002948e-02,5.061670017312280834e-01,1.391200000000000075e-02,1.003590000000000038e-01,2.580020000000000091e-01,1.260050000000000059e-01,0.000000000000000000e+00
4.200000000000003036e-02,5.117029941175132990e-01,1.368399999999999998e-02,9.995500000000000218e-02,2.571069999999999744e-01,1.328910000000000091e-01,0.000000000000000000e+00
4.300000000000003125e-02,5.101600036141462624e-01,1.379599999999999924e-02,1.002510000000000068e-01,2.617269999999999874e-01,1.262979999999999936e-01,0.000000000000000000e+00
4.400000000000003214e-02,5.087219979031942785e-01,1.770100000000000146e-02,1.003200000000000064e-01,2.572400000000000242e-01,1.256760000000000099e-01,0.000000000000000000e+00
4.500000000000003303e-02,5.115160020068287849e-01,1.423600000000000039e-02,1.019950000000000023e-01,2.589620000000000255e-01,1.282679999999999931e-01,0.000000000000000000e+00
4.600000000000003392e-02,5.051369953434914351e-01,1.375400000000000060e-02,1.008330000000000060e-01,2.574460000000000082e-01,1.255090000000000094e-01,0.000000000000000000e+00
4.700000000000003481e-02,5.088399993837811053e-01,1.363900000000000008e-02,1.001019999999999965e-01,2.613820000000000032e-01,1.259079999999999921e-01,0.000000000000000000e+00
4.800000000000003569e-02,5.216339995968155563e-01,1.370000000000000037e-02,1.161819999999999936e-01,2.578550000000000009e-01,1.256889999999999952e-01,0.000000000000000000e+00
4.900000000000003658e-02,5.051629996160045266e-01,1.389600000000000037e-02,1.001869999999999983e-01,2.574569999999999914e-01,1.258589999999999987e-01,0.000000000000000000e+00
5.000000000000003747e-02,5.049780011177062988e-01,1.372600000000000035e-02,1.003399999999999986e-01,2.571669999999999789e-01,1.259000000000000119e-01,0.000000000000000000e+00
5.100000000000003836e-02,5.102060022181831300e-01,1.377100000000000025e-02,1.000469999999999970e-01,2.580430000000000224e-01,1.303769999999999929e-01,0.000000000000000000e+00
5.200000000000003925e-02,6.108149973442777991e-01,1.468099999999999961e-02,1.276210000000000122e-01,3.127670000000000172e-01,1.418310000000000126e-01,0.000000000000000000e+00
5.300000000000004013e-02,5.471869953908026218e-01,1.652800000000000102e-02,1.085730000000000028e-01,2.661290000000000044e-01,1.440099999999999991e-01,0.000000000000000000e+00
5.400000000000004102e-02,5.191309974179603159e-01,1.398499999999999917e-02,1.014789999999999998e-01,2.688340000000000174e-01,1.262699999999999934e-01,0.000000000000000000e+00
5.500000000000004191e-02,5.058800015831366181e-01,1.375299999999999960e-02,1.005159999999999942e-01,2.572300000000000142e-01,1.265400000000000136e-01,0.000000000000000000e+00
5.600000000000004280e-02,5.049280007369816303e-01,1.384099999999999914e-02,1.005950000000000039e-01,2.572110000000000229e-01,1.258319999999999994e-01,0.000000000000000000e+00
5.700000000000004369e-02,5.043989949626848102e-01,1.380600000000000056e-02,1.002129999999999965e-01,2.570450000000000235e-01,1.258529999999999927e-01,0.000000000000000000e+00
5.800000000000004458e-02,5.224280030233785510e-01,1.378799999999999991e-02,1.007809999999999956e-01,2.704199999999999937e-01,1.290530000000000010e-01,0.000000000000000000e+00
5.900000000000004546e-02,5.225500062806531787e-01,1.388499999999999977e-02,1.147449999999999998e-01,2.588849999999999763e-01,1.265719999999999901e-01,0.000000000000000000e+00
6.000000000000004635e-02,5.073639986221678555e-01,1.372400000000000009e-02,1.008170000000000038e-01,2.587909999999999933e-01,1.260330000000000061e-01,0.000000000000000000e+00
6.100000000000004724e-02,5.057629969087429345e-01,1.366400000000000080e-02,1.003369999999999956e-01,2.580359999999999876e-01,1.259720000000000006e-01,0.000000000000000000e+00
6.200000000000004813e-02,5.173719982849434018e-01,1.376499999999999946e-02,1.005589999999999956e-01,2.686180000000000234e-01,1.263569999999999971e-01,0.000000000000000000e+00
6.300000000000004208e-02,5.159180000191554427e-01,1.372999999999999915e-02,1.078589999999999965e-01,2.603840000000000043e-01,1.260129999999999861e-01,0.000000000000000000e+00
6.400000000000004297e-02,5.068370010121725500e-01,1.378399999999999938e-02,1.002350000000000046e-01,2.573369999999999824e-01,1.276490000000000125e-01,0.000000000000000000e+00
6.500000000000004385e-02,5.699219982489012182e-01,1.451999999999999992e-02,1.058889999999999970e-01,2.946119999999999850e-01,1.417559999999999931e-01,0.000000000000000000e+00
6.600000000000004474e-02,5.471469994517974555e-01,1.737800000000000109e-02,1.106660000000000005e-01,2.675000000000000155e-01,1.339750000000000107e-01,0.000000000000000000e+00
6.700000000000004563e-02,5.086309975013136864e-01,1.408200000000000077e-02,1.010449999999999959e-01,2.590540000000000065e-01,1.261980000000000046e-01,0.000000000000000000e+00
6.800000000000004652e-02,5.151520017534494400e-01,1.364800000000000041e-02,1.001739999999999992e-01,2.574830000000000174e-01,1.357869999999999910e-01,0.000000000000000000e+00
6.900000000000004741e-02,5.157050036359578371e-01,1.376400000000000019e-02,9.963600000000000234e-02,2.677959999999999785e-01,1.266500000000000126e-01,0.000000000000000000e+00
7.000000000000004829e-02,5.177700004423968494e-01,2.572999999999999940e-02,1.004560000000000036e-01,2.572889999999999899e-01,1.260920000000000096e-01,0.000000000000000000e+00
7.100000000000004918e-02,5.126959949848242104e-01,1.406100000000000058e-02,1.011070000000000024e-01,2.606950000000000101e-01,1.285799999999999998e-01,0.000000000000000000e+00
7.200000000000005007e-02,5.181790038477629423e-01,1.379400000000000071e-02,1.012910000000000060e-01,2.581910000000000038e-01,1.364769999999999872e-01,0.000000000000000000e+00
7.300000000000005096e-02,5.168839998077601194e-01,1.381499999999999916e-02,1.003430000000000016e-01,2.688829999999999831e-01,1.256190000000000084e-01,0.000000000000000000e+00
7.400000000000005185e-02,5.094189982628449798e-01,1.374099999999999974e-02,1.046190000000000037e-01,2.571880000000000277e-01,1.263350000000000029e-01,0.000000000000000000e+00
7.500000000000005274e-02,5.051140033174306154e-01,1.372800000000000062e-02,1.004089999999999983e-01,2.572300000000000142e-01,1.260930000000000106e-01,0.000000000000000000e+00
7.600000000000005362e-02,5.050269974162802100e-01,1.377500000000000079e-02,1.004310000000000064e-01,2.571189999999999864e-01,1.261240000000000139e-01,0.000000000000000000e+00
7.700000000000005451e-02,5.119990019011311233e-01,1.372199999999999982e-02,1.001640000000000030e-01,2.640790000000000082e-01,1.259939999999999949e-01,0.000000000000000000e+00
7.800000000000005540e-02,5.663110059686005116e-01,1.419400000000000002e-02,1.025569999999999954e-01,2.943859999999999810e-01,1.446840000000000070e-01,0.000000000000000000e+00
7.900000000000005629e-02,5.568319975282065570e-01,1.752799999999999844e-02,1.110499999999999959e-01,2.676700000000000190e-01,1.471339999999999870e-01,0.000000000000000000e+00
8.000000000000005718e-02,5.218130027060396969e-01,1.407300000000000044e-02,1.003840000000000010e-01,2.734449999999999936e-01,1.256629999999999969e-01,0.000000000000000000e+00
8.100000000000005806e-02,5.048249950050376356e-01,1.392299999999999961e-02,1.003890000000000060e-01,2.572059999999999902e-01,1.256490000000000107e-01,0.000000000000000000e+00
8.200000000000005895e-02,5.038949966547079384e-01,1.371700000000000003e-02,9.977500000000000258e-02,2.570140000000000202e-01,1.256750000000000089e-01,0.000000000000000000e+00
8.300000000000005984e-02,5.093979998491704464e-01,1.385899999999999979e-02,1.005449999999999955e-01,2.571459999999999857e-01,1.298940000000000095e-01,0.000000000000000000e+00
8.400000000000006073e-02,5.210029994486831129e-01,1.373599999999999995e-02,1.007580000000000003e-01,2.713900000000000201e-01,1.266089999999999993e-01,0.000000000000000000e+00
8.500000000000006162e-02,5.129439960001036525e-01,1.791399999999999937e-02,1.018369999999999970e-01,2.590899999999999870e-01,1.262649999999999884e-01,0.000000000000000000e+00
8.600000000000006251e-02,5.050370018579997122e-01,1.369300000000000031e-02,1.000100000000000017e-01,2.582209999999999783e-01,1.255139999999999867e-01,0.000000000000000000e+00
8.700000000000006339e-02,5.049629980931058526e-01,1.376499999999999946e-02,1.004059999999999953e-01,2.571539999999999937e-01,1.257780000000000009e-01,0.000000000000000000e+00
8.800000000000006428e-02,5.139779968885704875e-01,1.371299999999999950e-02,9.914499999999999702e-02,2.676220000000000265e-01,1.255370000000000097e-01,0.000000000000000000e+00
8.900000000000006517e-02,5.120660061948001385e-01,1.372800000000000062e-02,9.990000000000000269e-02,2.645449999999999746e-01,1.259750000000000036e-01,0.000000000000000000e+00
9.000000000000006606e-02,5.044770005042664707e-01,1.370299999999999990e-02,1.000100000000000017e-01,2.572619999999999907e-01,1.257830000000000059e-01,0.000000000000000000e+00
9.100000000000006695e-02,5.182460008654743433e-01,1.369500000000000058e-02,1.007819999999999966e-01,2.634409999999999807e-01,1.312020000000000131e-01,0.000000000000000000e+00
9.200000000000006783e-02,5.802589948871172965e-01,1.870700000000000141e-02,1.182700000000000001e-01,2.900059999999999860e-01,1.372960000000000014e-01,0.000000000000000000e+00
9.300000000000006872e-02,5.118430053698830307e-01,1.421500000000000020e-02,1.025510000000000033e-01,2.597829999999999862e-01,1.269139999999999990e-01,0.000000000000000000e+00
9.400000000000006961e-02,5.055849978816695511e-01,1.377399999999999979e-02,1.004940000000000000e-01,2.573690000000000144e-01,1.261130000000000029e-01,0.000000000000000000e+00
9.500000000000007050e-02,5.134530001669190824e-01,1.381899999999999969e-02,1.005410000000000054e-01,2.647649999999999726e-01,1.262560000000000071e-01,0.000000000000000000e+00
9.600000000000007139e-02,5.090100021334365010e-01,1.374700000000000054e-02,1.002119999999999955e-01,2.613639999999999852e-01,1.258610000000000007e-01,0.000000000000000000e+00
9.700000000000007228e-02,5.045489961048588157e-01,1.374700000000000054e-02,1.000390000000000029e-01,2.572169999999999734e-01,1.258110000000000062e-01,0.000000000000000000e+00
9.800000000000007316e-02,5.052929991506971419e-01,1.372400000000000009e-02,1.008580000000000032e-01,2.578010000000000024e-01,1.251369999999999982e-01,0.000000000000000000e+00
9.900000000000007405e-02,5.189930016058497131e-01,1.413799999999999953e-02,1.027320000000000039e-01,2.587740000000000040e-01,1.347879999999999912e-01,0.000000000000000000e+00
1.000000000000000749e-01,5.094200023449957371e-01,1.374000000000000048e-02,1.001890000000000003e-01,2.621519999999999961e-01,1.254129999999999967e-01,0.000000000000000000e+00
1.010000000000000758e-01,5.082880015834234655e-01,1.767399999999999874e-02,1.001210000000000017e-01,2.570999999999999952e-01,1.257199999999999984e-01,0.000000000000000000e+00
1.020000000000000767e-01,5.049809988122433424e-01,1.378000000000000058e-02,1.005029999999999951e-01,2.571590000000000265e-01,1.256069999999999964e-01,0.000000000000000000e+00
1.030000000000000776e-01,5.044149947934783995e-01,1.388499999999999977e-02,1.003659999999999969e-01,2.570760000000000267e-01,1.255920000000000092e-01,0.000000000000000000e+00
1.040000000000000785e-01,5.100990019855089486e-01,1.380499999999999956e-02,1.006510000000000044e-01,2.614449999999999830e-01,1.260640000000000094e-01,0.000000000000000000e+00
1.050000000000000794e-01,5.960609996691346169e-01,3.094900000000000082e-02,1.142330000000000012e-01,2.870719999999999938e-01,1.471760000000000013e-01,0.000000000000000000e+00
1.060000000000000803e-01,5.197030041017569602e-01,1.468900000000000067e-02,1.040900000000000020e-01,2.631149999999999878e-01,1.283440000000000136e-01,0.000000000000000000e+00
1.070000000000000812e-01,5.125339957885444164e-01,1.392900000000000041e-02,1.001979999999999954e-01,2.633980000000000210e-01,1.270050000000000068e-01,0.000000000000000000e+00
1.080000000000000820e-01,5.078489994048140943e-01,1.378200000000000085e-02,1.042199999999999932e-01,2.571379999999999777e-01,1.251130000000000020e-01,0.000000000000000000e+00
1.090000000000000829e-01,5.037540031480602920e-01,1.377899999999999958e-02,1.000359999999999999e-01,2.569870000000000210e-01,1.254379999999999939e-01,0.000000000000000000e+00
1.100000000000000838e-01,5.037009977968409657e-01,1.377199999999999952e-02,9.986599999999999644e-02,2.568730000000000180e-01,1.254840000000000122e-01,0.000000000000000000e+00
1.110000000000000847e-01,5.084770018584094942e-01,1.371999999999999956e-02,1.000989999999999935e-01,2.571769999999999889e-01,1.298259999999999970e-01,0.000000000000000000e+00
1.120000000000000856e-01,5.211459938436746597e-01,1.375799999999999940e-02,1.001329999999999998e-01,2.728900000000000214e-01,1.265650000000000108e-01,0.000000000000000000e+00
1.130000000000000865e-01,5.131329962750896811e-01,1.469499999999999973e-02,1.033319999999999933e-01,2.597030000000000172e-01,1.270469999999999933e-01,0.000000000000000000e+00
1.140000000000000874e-01,5.054819994256831706e-01,1.411199999999999954e-02,1.004749999999999949e-01,2.575620000000000132e-01,1.257050000000000112e-01,0.000000000000000000e+00
1.150000000000000883e-01,5.283030041027814150e-01,1.415199999999999965e-02,1.023460000000000064e-01,2.615210000000000035e-01,1.411330000000000084e-01,0.000000000000000000e+00
1.160000000000000892e-01,5.183230023249052465e-01,1.389600000000000037e-02,1.012809999999999960e-01,2.684719999999999884e-01,1.262610000000000121e-01,0.000000000000000000e+00
1.170000000000000900e-01,5.129570054123178124e-01,1.387500000000000018e-02,1.001370000000000038e-01,2.650529999999999831e-01,1.260670000000000124e-01,0.000000000000000000e+00
1.180000000000000909e-01,5.930549959884956479e-01,1.559100000000000069e-02,1.215930000000000066e-01,2.990659999999999985e-01,1.428250000000000075e-01,0.000000000000000000e+00
1.190000000000000918e-01,5.355600005714222789e-01,1.577999999999999889e-02,1.080080000000000068e-01,2.677820000000000200e-01,1.324450000000000072e-01,0.000000000000000000e+00
1.200000000000000927e-01,5.061010015197098255e-01,1.400200000000000056e-02,1.010910000000000003e-01,2.578599999999999781e-01,1.255809999999999982e-01,0.000000000000000000e+00
1.210000000000000936e-01,5.091589991934597492e-01,1.380200000000000003e-02,1.003229999999999955e-01,2.571559999999999957e-01,1.262580000000000091e-01,0.000000000000000000e+00
1.220000000000000945e-01,5.091760031064040959e-01,1.377600000000000005e-02,9.993399999999999506e-02,2.615910000000000180e-01,1.260360000000000091e-01,0.000000000000000000e+00
1.230000000000000954e-01,5.095629967399872839e-01,1.375000000000000007e-02,1.049110000000000043e-01,2.576169999999999849e-01,1.257649999999999879e-01,0.000000000000000000e+00
1.240000000000000963e-01,5.041620024712756276e-01,1.370000000000000037e-02,1.000069999999999987e-01,2.571820000000000217e-01,1.257900000000000129e-01,0.000000000000000000e+00
1.250000000000000833e-01,5.297690004226751626e-01,1.381199999999999962e-02,9.994599999999999318e-02,2.790239999999999942e-01,1.281110000000000027e-01,0.000000000000000000e+00
1.260000000000000842e-01,5.242099941824562848e-01,1.495999999999999934e-02,1.040119999999999933e-01,2.665239999999999831e-01,1.291029999999999955e-01,0.000000000000000000e+00
1.270000000000000850e-01,5.195900012040510774e-01,1.385699999999999953e-02,1.136729999999999963e-01,2.576590000000000269e-01,1.265290000000000026e-01,0.000000000000000000e+00
1.280000000000000859e-01,5.049239989602938294e-01,1.380800000000000083e-02,1.005189999999999972e-01,2.570959999999999912e-01,1.257649999999999879e-01,0.000000000000000000e+00
1.290000000000000868e-01,5.049609972047619522e-01,1.380299999999999930e-02,1.003970000000000001e-01,2.570959999999999912e-01,1.257790000000000019e-01,0.000000000000000000e+00
1.300000000000000877e-01,5.156389961484819651e-01,1.378899999999999917e-02,9.992499999999999993e-02,2.569810000000000150e-01,1.365319999999999867e-01,0.000000000000000000e+00
1.310000000000000886e-01,5.595309994532726705e-01,1.551699999999999954e-02,1.082779999999999992e-01,2.886589999999999989e-01,1.355999999999999983e-01,0.000000000000000000e+00
1.320000000000000895e-01,5.817159981233999133e-01,1.771999999999999964e-02,1.126950000000000035e-01,2.906730000000000147e-01,1.450529999999999875e-01,0.000000000000000000e+00
1.330000000000000904e-01,5.196440033614635468e-01,1.474100000000000063e-02,1.031689999999999968e-01,2.658869999999999845e-01,1.272159999999999958e-01,0.000000000000000000e+00
1.340000000000000913e-01,5.056280060671269894e-01,1.389499999999999937e-02,1.005039999999999961e-01,2.570890000000000120e-01,1.264230000000000076e-01,0.000000000000000000e+00
1.350000000000000921e-01,5.051070038462057710e-01,1.389100000000000057e-02,9.994999999999999718e-02,2.572550000000000114e-01,1.262749999999999984e-01,0.000000000000000000e+00
1.360000000000000930e-01,5.085619995952583849e-01,1.375099999999999933e-02,9.984999999999999432e-02,2.575580000000000092e-01,1.296829999999999927e-01,0.000000000000000000e+00
1.370000000000000939e-01,5.086340024718083441e-01,1.376499999999999946e-02,1.001390000000000058e-01,2.613820000000000032e-01,1.257030000000000092e-01,0.000000000000000000e+00
1.380000000000000948e-01,5.084910008008591831e-01,1.375099999999999933e-02,1.043319999999999942e-01,2.572929999999999939e-01,1.255340000000000067e-01,0.000000000000000000e+00
1.390000000000000957e-01,5.075249937362968922e-01,1.379000000000000017e-02,1.005110000000000031e-01,2.588190000000000213e-01,1.266619999999999968e-01,0.000000000000000000e+00
1.400000000000000966e-01,5.125719981151632965e-01,1.416500000000000051e-02,1.029680000000000040e-01,2.598289999999999766e-01,1.271889999999999965e-01,0.000000000000000000e+00
1.410000000000000975e-01,5.103289950056932867e-01,1.392999999999999967e-02,1.005859999999999949e-01,2.618809999999999749e-01,1.258980000000000099e-01,0.000000000000000000e+00
1.420000000000000984e-01,5.172130040591582656e-01,1.374099999999999974e-02,1.002099999999999935e-01,2.694099999999999828e-01,1.258400000000000074e-01,0.000000000000000000e+00
1.430000000000000993e-01,5.058440001448616385e-01,1.379700000000000024e-02,1.005209999999999992e-01,2.571399999999999797e-01,1.265830000000000011e-01,0.000000000000000000e+00
1.440000000000001001e-01,5.546609972952865064e-01,1.441399999999999973e-02,1.043700000000000044e-01,2.839579999999999882e-01,1.405279999999999863e-01,0.000000000000000000e+00
1.450000000000001010e-01,5.534109950531274080e-01,1.635599999999999901e-02,1.254379999999999939e-01,2.661240000000000272e-01,1.334359999999999991e-01,0.000000000000000000e+00
1.460000000000001019e-01,5.074319997220300138e-01,1.394500000000000080e-02,1.006920000000000037e-01,2.584969999999999768e-01,1.261639999999999984e-01,0.000000000000000000e+00
1.470000000000001028e-01,5.051510015618987381e-01,1.376600000000000046e-02,1.001400000000000068e-01,2.574310000000000209e-01,1.260560000000000014e-01,0.000000000000000000e+00
1.480000000000001037e-01,5.135100000188685954e-01,1.375799999999999940e-02,1.006709999999999966e-01,2.649079999999999768e-01,1.260239999999999971e-01,0.000000000000000000e+00
1.490000000000001046e-01,5.103960065753199160e-01,1.381499999999999916e-02,1.046669999999999962e-01,2.573440000000000172e-01,1.267379999999999896e-01,0.000000000000000000e+00
1.500000000000001055e-01,5.039449970354326069e-01,1.360500000000000077e-02,1.000019999999999937e-01,2.575370000000000159e-01,1.253759999999999875e-01,0.000000000000000000e+00
1.510000000000001064e-01,5.036409929743967950e-01,1.370999999999999996e-02,9.957299999999999485e-02,2.572349999999999914e-01,1.257240000000000024e-01,0.000000000000000000e+00
1.520000000000001072e-01,5.084769945824518800e-01,1.372300000000000082e-02,9.977600000000000358e-02,2.575219999999999732e-01,1.297270000000000090e-01,0.000000000000000000e+00
1.530000000000001081e-01,5.089020050945691764e-01,1.378300000000000011e-02,1.001969999999999944e-01,2.616800000000000237e-01,1.257050000000000112e-01,0.000000000000000000e+00
1.540000000000001090e-01,5.150599972694180906e-01,1.395300000000000012e-02,1.069579999999999975e-01,2.589750000000000107e-01,1.267770000000000008e-01,0.000000000000000000e+00
1.550000000000001099e-01,5.052830019849352539e-01,1.377199999999999952e-02,1.007070000000000048e-01,2.574520000000000142e-01,1.257209999999999994e-01,0.000000000000000000e+00
1.560000000000001108e-01,5.050719992141239345e-01,1.380800000000000083e-02,1.000970000000000054e-01,2.573219999999999952e-01,1.261609999999999954e-01,0.000000000000000000e+00
1.570000000000001117e-01,5.271059999358840287e-01,1.374799999999999980e-02,1.003340000000000065e-01,2.753180000000000072e-01,1.290779999999999983e-01,0.000000000000000000e+00
1.580000000000001126e-01,5.845039995620027184e-01,1.833900000000000113e-02,1.185100000000000042e-01,2.950499999999999790e-01,1.381310000000000038e-01,0.000000000000000000e+00
1.590000000000001135e-01,5.210989984334446490e-01,1.460299999999999966e-02,1.039459999999999967e-01,2.602860000000000174e-01,1.332010000000000138e-01,0.000000000000000000e+00
1.600000000000001144e-01,5.090939957881346345e-01,1.371299999999999950e-02,1.002880000000000021e-01,2.617519999999999847e-01,1.254589999999999872e-01,0.000000000000000000e+00
1.610000000000001152e-01,5.088940015411935747e-01,1.783600000000000116e-02,1.003219999999999945e-01,2.570560000000000067e-01,1.261390000000000011e-01,0.000000000000000000e+00
1.620000000000001161e-01,5.039129973738454282e-01,1.376999999999999925e-02,9.991200000000000081e-02,2.571919999999999762e-01,1.255940000000000112e-01,0.000000000000000000e+00
1.630000000000001170e-01,5.042340053478255868e-01,1.368100000000000045e-02,9.992299999999999793e-02,2.570270000000000055e-01,1.260539999999999994e-01,0.000000000000000000e+00
1.640000000000001179e-01,5.086560049676336348e-01,1.373899999999999948e-02,1.001319999999999988e-01,2.570700000000000207e-01,1.299130000000000007e-01,0.000000000000000000e+00
1.650000000000001188e-01,5.929589970037341118e-01,1.378599999999999964e-02,1.363580000000000070e-01,3.066070000000000184e-01,1.269319999999999893e-01,0.000000000000000000e+00
1.660000000000001197e-01,5.103859948576427996e-01,1.405299999999999952e-02,1.025729999999999975e-01,2.589810000000000167e-01,1.263710000000000111e-01,0.000000000000000000e+00
1.670000000000001206e-01,5.140180001035332680e-01,1.399199999999999923e-02,1.029479999999999978e-01,2.594369999999999732e-01,1.284909999999999941e-01,0.000000000000000000e+00
1.680000000000001215e-01,5.184179972275160253e-01,1.395399999999999939e-02,1.006050000000000000e-01,2.694400000000000128e-01,1.260890000000000066e-01,0.000000000000000000e+00
1.690000000000001223e-01,5.185469999560154974e-01,1.382199999999999922e-02,1.129789999999999961e-01,2.575749999999999984e-01,1.260689999999999866e-01,0.000000000000000000e+00
1.700000000000001232e-01,5.078989997855387628e-01,1.366700000000000033e-02,1.007249999999999951e-01,2.583670000000000133e-01,1.272639999999999882e-01,0.000000000000000000e+00
1.710000000000001241e-01,6.093780029914341867e-01,1.856100000000000111e-02,1.133129999999999971e-01,3.198639999999999817e-01,1.416010000000000046e-01,0.000000000000000000e+00
1.720000000000001250e-01,5.176240010769106448e-01,1.511700000000000023e-02,1.043609999999999954e-01,2.628480000000000261e-01,1.265989999999999893e-01,0.000000000000000000e+00
1.730000000000001259e-01,5.061960036982782185e-01,1.390599999999999996e-02,1.007099999999999940e-01,2.576189999999999869e-01,1.261529999999999874e-01,0.000000000000000000e+00
1.740000000000001268e-01,5.131289944984018803e-01,1.374599999999999954e-02,1.002230000000000065e-01,2.573269999999999724e-01,1.335050000000000125e-01,0.000000000000000000e+00
1.750000000000001277e-01,5.094690059195272624e-01,1.378300000000000011e-02,9.987400000000000444e-02,2.620319999999999871e-01,1.259760000000000046e-01,0.000000000000000000e+00
1.760000000000001286e-01,5.075850058346986771e-01,1.364499999999999914e-02,1.043940000000000007e-01,2.570540000000000047e-01,1.249890000000000029e-01,0.000000000000000000e+00
1.770000000000001295e-01,5.042850025347433984e-01,1.376299999999999919e-02,1.005140000000000061e-01,2.569790000000000130e-01,1.254760000000000042e-01,0.000000000000000000e+00
1.780000000000001303e-01,5.043339988333173096e-01,1.362099999999999943e-02,1.002170000000000005e-01,2.574799999999999867e-01,1.254850000000000132e-01,0.000000000000000000e+00
1.790000000000001312e-01,5.084799995529465377e-01,1.374599999999999954e-02,1.003040000000000043e-01,2.569850000000000190e-01,1.297580000000000122e-01,0.000000000000000000e+00
1.800000000000001321e-01,5.256229997030459344e-01,1.364300000000000061e-02,1.012910000000000060e-01,2.746359999999999912e-01,1.275959999999999872e-01,0.000000000000000000e+00
1.810000000000001330e-01,5.084120057290419936e-01,1.386700000000000085e-02,1.014110000000000011e-01,2.590250000000000052e-01,1.263309999999999989e-01,0.000000000000000000e+00
1.820000000000001339e-01,5.047439990448765457e-01,1.381699999999999942e-02,1.003170000000000034e-01,2.573480000000000212e-01,1.256510000000000127e-01,0.000000000000000000e+00
1.830000000000001348e-01,5.142160007380880415e-01,1.375700000000000013e-02,1.004469999999999946e-01,2.587039999999999895e-01,1.331569999999999976e-01,0.000000000000000000e+00
1.840000000000001357e-01,5.872219990123994648e-01,1.611599999999999838e-02,1.101110000000000005e-01,3.045919999999999739e-01,1.427249999999999908e-01,0.000000000000000000e+00
1.850000000000001366e-01,5.306620005285367370e-01,1.631700000000000164e-02,1.074039999999999995e-01,2.647470000000000101e-01,1.313120000000000120e-01,0.000000000000000000e+00
1.860000000000001374e-01,5.181169981369748712e-01,1.389499999999999937e-02,1.001469999999999999e-01,2.699019999999999753e-01,1.259089999999999931e-01,0.000000000000000000e+00
1.870000000000001383e-01,5.138950000400654972e-01,1.377199999999999952e-02,1.081040000000000056e-01,2.578190000000000204e-01,1.261400000000000021e-01,0.000000000000000000e+00
1.880000000000001392e-01,5.050530016887933016e-01,1.374799999999999980e-02,1.001760000000000012e-01,2.576979999999999826e-01,1.257820000000000049e-01,0.000000000000000000e+00
1.890000000000001401e-01,5.044900026405230165e-01,1.371499999999999976e-02,1.001699999999999952e-01,2.573300000000000032e-01,1.255499999999999949e-01,0.000000000000000000e+00
1.900000000000001410e-01,5.099729969515465200e-01,1.370200000000000064e-02,1.000690000000000052e-01,2.569069999999999965e-01,1.312349999999999905e-01,0.000000000000000000e+00
1.910000000000001419e-01,5.116909960634075105e-01,1.375400000000000060e-02,1.005189999999999972e-01,2.639369999999999772e-01,1.256180000000000074e-01,0.000000000000000000e+00
1.920000000000001428e-01,5.099519985378719866e-01,1.363400000000000029e-02,1.052909999999999957e-01,2.574199999999999822e-01,1.258599999999999997e-01,0.000000000000000000e+00
1.930000000000001437e-01,5.065669975010678172e-01,1.380299999999999930e-02,1.006670000000000065e-01,2.572800000000000087e-01,1.266809999999999881e-01,0.000000000000000000e+00
1.940000000000001446e-01,5.339149938663467765e-01,1.458899999999999954e-02,1.032209999999999933e-01,2.644859999999999989e-01,1.414249999999999952e-01,0.000000000000000000e+00
1.950000000000001454e-01,5.381230002967640758e-01,1.513899999999999968e-02,1.039619999999999989e-01,2.786159999999999748e-01,1.301849999999999952e-01,0.000000000000000000e+00
1.960000000000001463e-01,5.207580034038983285e-01,1.399099999999999996e-02,1.018150000000000027e-01,2.695339999999999958e-01,1.273660000000000070e-01,0.000000000000000000e+00
1.970000000000001472e-01,5.467009978019632399e-01,1.546299999999999931e-02,1.100890000000000063e-01,2.735859999999999959e-01,1.355049999999999866e-01,0.000000000000000000e+00
1.980000000000001481e-01,5.969729973003268242e-01,1.721400000000000013e-02,1.117169999999999969e-01,3.080930000000000057e-01,1.372549999999999881e-01,0.000000000000000000e+00
1.990000000000001490e-01,5.148209966137073934e-01,1.455099999999999970e-02,1.038779999999999981e-01,2.606559999999999988e-01,1.269589999999999885e-01,0.000000000000000000e+00
2.000000000000001499e-01,5.164350004633888602e-01,1.383999999999999987e-02,1.001630000000000020e-01,2.680879999999999930e-01,1.261309999999999931e-01,0.000000000000000000e+00
2.010000000000001508e-01,5.137389962328597903e-01,1.380900000000000009e-02,1.000889999999999974e-01,2.651399999999999868e-01,1.266049999999999953e-01,0.000000000000000000e+00
2.020000000000001517e-01,5.044690042268484831e-01,1.383700000000000034e-02,1.000169999999999948e-01,2.569710000000000050e-01,1.260550000000000004e-01,0.000000000000000000e+00
2.030000000000001525e-01,5.046750011388212442e-01,1.369300000000000031e-02,9.989000000000000656e-02,2.578159999999999896e-01,1.257969999999999922e-01,0.000000000000000000e+00
2.040000000000001534e-01,5.091579951113089919e-01,1.383500000000000008e-02,1.007279999999999981e-01,2.573619999999999797e-01,1.292619999999999880e-01,0.000000000000000000e+00
2.050000000000001543e-01,5.091450002510100603e-01,1.380800000000000083e-02,1.003949999999999981e-01,2.617530000000000134e-01,1.257769999999999999e-01,0.000000000000000000e+00
2.060000000000001552e-01,5.093340005259960890e-01,1.382399999999999948e-02,1.046300000000000008e-01,2.575620000000000132e-01,1.255580000000000029e-01,0.000000000000000000e+00
2.070000000000001561e-01,5.039099996793083847e-01,1.381499999999999916e-02,1.001569999999999960e-01,2.569469999999999810e-01,1.255110000000000114e-01,0.000000000000000000e+00
2.080000000000001570e-01,5.110659985803067684e-01,1.435900000000000024e-02,1.020630000000000009e-01,2.585480000000000000e-01,1.277270000000000072e-01,0.000000000000000000e+00
2.090000000000001579e-01,5.113319930387660861e-01,1.380699999999999983e-02,1.010289999999999938e-01,2.626890000000000058e-01,1.262070000000000136e-01,0.000000000000000000e+00
2.100000000000001588e-01,5.743049987358972430e-01,1.473600000000000083e-02,1.115059999999999940e-01,2.948810000000000042e-01,1.402299999999999935e-01,0.000000000000000000e+00
2.110000000000001597e-01,5.471609983942471445e-01,1.716000000000000164e-02,1.100259999999999988e-01,2.678039999999999865e-01,1.401110000000000133e-01,0.000000000000000000e+00
2.120000000000001605e-01,5.171510056243278086e-01,1.405700000000000005e-02,1.005319999999999964e-01,2.682660000000000045e-01,1.262439999999999951e-01,0.000000000000000000e+00
2.130000000000001614e-01,5.058000024291686714e-01,1.382199999999999922e-02,1.003060000000000063e-01,2.578329999999999789e-01,1.256430000000000047e-01,0.000000000000000000e+00
2.140000000000001623e-01,5.042490010964684188e-01,1.367100000000000086e-02,9.974500000000000033e-02,2.575140000000000207e-01,1.257610000000000117e-01,0.000000000000000000e+00
2.150000000000001632e-01,5.042830016463994980e-01,1.372699999999999962e-02,9.998999999999999555e-02,2.571499999999999897e-01,1.258720000000000117e-01,0.000000000000000000e+00
2.160000000000001641e-01,5.096520035294815898e-01,1.374500000000000027e-02,9.959400000000000197e-02,2.628179999999999961e-01,1.257560000000000067e-01,0.000000000000000000e+00
2.170000000000001650e-01,5.083029973320662975e-01,1.366200000000000053e-02,9.994200000000000306e-02,2.614389999999999770e-01,1.256150000000000044e-01,0.000000000000000000e+00
2.180000000000001659e-01,5.052320047980174422e-01,1.380100000000000077e-02,1.002890000000000031e-01,2.580399999999999916e-01,1.255360000000000087e-01,0.000000000000000000e+00
2.190000000000001668e-01,5.058559981989674270e-01,1.378700000000000064e-02,1.007630000000000053e-01,2.574640000000000262e-01,1.261059999999999959e-01,0.000000000000000000e+00
2.200000000000001676e-01,5.099059999338351190e-01,1.372100000000000056e-02,1.003170000000000034e-01,2.573500000000000232e-01,1.309109999999999996e-01,0.000000000000000000e+00
2.210000000000001685e-01,5.242230035946704447e-01,1.394100000000000027e-02,1.005869999999999959e-01,2.737410000000000121e-01,1.276180000000000092e-01,0.000000000000000000e+00
2.220000000000001694e-01,5.202820029808208346e-01,2.604300000000000018e-02,1.015410000000000063e-01,2.583849999999999758e-01,1.261160000000000059e-01,0.000000000000000000e+00
2.230000000000001703e-01,5.364309981814585626e-01,1.388499999999999977e-02,1.023460000000000064e-01,2.672939999999999761e-01,1.429529999999999967e-01,0.000000000000000000e+00
2.240000000000001712e-01,5.614239998976700008e-01,1.825999999999999845e-02,1.116439999999999932e-01,2.805770000000000208e-01,1.348380000000000134e-01,0.000000000000000000e+00
2.250000000000001721e-01,5.092779974802397192e-01,1.403199999999999933e-02,1.013470000000000065e-01,2.590219999999999745e-01,1.264059999999999906e-01,0.000000000000000000e+00
2.260000000000001730e-01,5.044159988756291568e-01,1.375600000000000087e-02,1.004150000000000043e-01,2.571339999999999737e-01,1.255280000000000007e-01,0.000000000000000000e+00
2.270000000000001739e-01,5.168110001250170171e-01,1.375700000000000013e-02,1.001940000000000053e-01,2.681560000000000055e-01,1.265610000000000068e-01,0.000000000000000000e+00
2.280000000000001747e-01,5.174510006327182055e-01,1.375900000000000040e-02,1.003659999999999969e-01,2.692080000000000028e-01,1.260340000000000071e-01,0.000000000000000000e+00
2.290000000000001756e-01,5.050050021964125335e-01,1.370399999999999917e-02,1.001220000000000027e-01,2.572650000000000214e-01,1.263019999999999976e-01,0.000000000000000000e+00
2.300000000000001765e-01,5.063069984316825867e-01,1.378500000000000038e-02,1.006330000000000002e-01,2.581829999999999958e-01,1.259609999999999896e-01,0.000000000000000000e+00
2.310000000000001774e-01,5.121220019645988941e-01,1.392499999999999988e-02,1.001969999999999944e-01,2.573460000000000192e-01,1.325929999999999886e-01,0.000000000000000000e+00
2.320000000000001783e-01,5.108609984745271504e-01,1.377500000000000079e-02,1.002780000000000060e-01,2.632539999999999880e-01,1.258799999999999919e-01,0.000000000000000000e+00
2.330000000000001792e-01,5.105860036564990878e-01,1.373899999999999948e-02,1.055809999999999943e-01,2.573079999999999812e-01,1.261490000000000111e-01,0.000000000000000000e+00
2.340000000000001801e-01,5.129709970788098872e-01,1.404900000000000072e-02,1.027050000000000046e-01,2.593500000000000250e-01,1.285669999999999868e-01,0.000000000000000000e+00
2.350000000000001810e-01,5.097140019643120468e-01,1.426499999999999990e-02,1.017590000000000022e-01,2.588860000000000050e-01,1.269019999999999870e-01,0.000000000000000000e+00
2.360000000000001819e-01,5.241700055194087327e-01,1.372999999999999915e-02,1.005650000000000016e-01,2.726430000000000242e-01,1.286080000000000001e-01,0.000000000000000000e+00
2.370000000000001827e-01,5.922090058447793126e-01,1.866400000000000003e-02,1.165159999999999946e-01,3.024240000000000261e-01,1.392029999999999934e-01,0.000000000000000000e+00
2.380000000000001836e-01,5.276879965094849467e-01,1.489799999999999978e-02,1.043520000000000003e-01,2.609639999999999738e-01,1.386020000000000030e-01,0.000000000000000000e+00
2.390000000000001845e-01,5.173589961486868560e-01,1.386300000000000032e-02,1.001340000000000008e-01,2.693209999999999771e-01,1.260249999999999981e-01,0.000000000000000000e+00
2.400000000000001854e-01,5.057309972471557558e-01,1.380100000000000077e-02,1.006969999999999948e-01,2.575479999999999992e-01,1.258559999999999957e-01,0.000000000000000000e+00
2.410000000000001863e-01,5.041939948569051921e-01,1.377100000000000025e-02,9.976999999999999758e-02,2.571649999999999769e-01,1.259550000000000114e-01,0.000000000000000000e+00
2.420000000000001872e-01,5.077250025351531804e-01,1.357399999999999926e-02,1.000260000000000038e-01,2.571379999999999777e-01,1.293719999999999870e-01,0.000000000000000000e+00
2.430000000000001881e-01,5.087530007585883141e-01,1.364600000000000014e-02,1.001350000000000018e-01,2.614029999999999965e-01,1.255890000000000062e-01,0.000000000000000000e+00
2.440000000000001890e-01,5.081720009911805391e-01,1.378000000000000058e-02,1.041669999999999957e-01,2.573739999999999917e-01,1.251859999999999917e-01,0.000000000000000000e+00
2.450000000000001898e-01,5.048390012234449387e-01,1.380200000000000003e-02,1.003489999999999938e-01,2.570910000000000140e-01,1.260259999999999991e-01,0.000000000000000000e+00
2.460000000000001907e-01,5.045010038884356618e-01,1.370799999999999970e-02,1.001139999999999947e-01,2.571160000000000112e-01,1.258859999999999979e-01,0.000000000000000000e+00
2.470000000000001916e-01,5.156850020284764469e-01,1.363999999999999935e-02,1.001129999999999937e-01,2.575379999999999892e-01,1.363590000000000080e-01,0.000000000000000000e+00
2.480000000000001925e-01,5.166229966562241316e-01,1.392900000000000041e-02,1.029700000000000060e-01,2.646060000000000079e-01,1.268450000000000133e-01,0.000000000000000000e+00
2.490000000000001934e-01,5.078169997432269156e-01,1.522500000000000069e-02,1.008519999999999972e-01,2.578030000000000044e-01,1.258330000000000004e-01,0.000000000000000000e+00
2.500000000000001665e-01,5.819640064146369696e-01,1.600700000000000039e-02,1.126319999999999960e-01,2.936489999999999934e-01,1.444749999999999923e-01,0.000000000000000000e+00
2.510000000000001674e-01,5.319970005075447261e-01,1.526699999999999932e-02,1.110509999999999969e-01,2.650890000000000191e-01,1.306450000000000111e-01,0.000000000000000000e+00
2.520000000000001683e-01,5.066480007371865213e-01,1.428300000000000056e-02,1.007200000000000040e-01,2.580239999999999756e-01,1.259049999999999891e-01,0.000000000000000000e+00
2.530000000000001692e-01,5.042830016463994980e-01,1.384200000000000014e-02,9.988600000000000256e-02,2.573039999999999772e-01,1.256750000000000089e-01,0.000000000000000000e+00
2.540000000000001701e-01,5.152749945409595966e-01,1.383000000000000028e-02,1.000230000000000008e-01,2.572420000000000262e-01,1.358409999999999895e-01,0.000000000000000000e+00
2.550000000000001710e-01,5.095059968880377710e-01,1.393199999999999994e-02,1.000930000000000014e-01,2.613770000000000260e-01,1.264129999999999976e-01,0.000000000000000000e+00
2.560000000000001719e-01,5.056110021541826427e-01,1.372100000000000056e-02,1.008529999999999982e-01,2.575089999999999879e-01,1.257949999999999902e-01,0.000000000000000000e+00
2.570000000000001728e-01,5.043099954491481185e-01,1.379200000000000044e-02,1.001039999999999985e-01,2.568110000000000115e-01,1.261120000000000019e-01,0.000000000000000000e+00
2.580000000000001736e-01,5.044729987275786698e-01,1.361899999999999916e-02,1.000690000000000052e-01,2.572869999999999879e-01,1.259160000000000001e-01,0.000000000000000000e+00
2.590000000000001745e-01,5.160779983270913363e-01,1.381499999999999916e-02,1.000589999999999952e-01,2.682080000000000020e-01,1.257510000000000017e-01,0.000000000000000000e+00
2.600000000000001754e-01,5.191539967199787498e-01,1.375900000000000040e-02,1.139040000000000052e-01,2.576829999999999954e-01,1.257999999999999952e-01,0.000000000000000000e+00
2.610000000000001763e-01,5.121630019857548177e-01,1.399000000000000070e-02,1.019759999999999972e-01,2.593289999999999762e-01,1.282250000000000056e-01,0.000000000000000000e+00
2.620000000000001772e-01,5.085329976282082498e-01,1.372400000000000009e-02,1.003799999999999970e-01,2.594569999999999932e-01,1.268960000000000088e-01,0.000000000000000000e+00
2.630000000000001781e-01,5.973709994577802718e-01,1.482799999999999917e-02,1.063520000000000021e-01,3.207900000000000196e-01,1.414030000000000009e-01,0.000000000000000000e+00
2.640000000000001790e-01,5.382069939514622092e-01,1.644599999999999881e-02,1.094600000000000017e-01,2.670669999999999988e-01,1.336239999999999928e-01,0.000000000000000000e+00
2.650000000000001799e-01,5.154280006536282599e-01,1.405499999999999979e-02,1.003870000000000040e-01,2.588019999999999765e-01,1.341769999999999907e-01,0.000000000000000000e+00
2.660000000000001807e-01,5.216429999563843012e-01,1.370900000000000070e-02,1.010149999999999937e-01,2.732870000000000021e-01,1.257659999999999889e-01,0.000000000000000000e+00
2.670000000000001816e-01,5.051609987276606262e-01,1.384299999999999940e-02,1.002860000000000001e-01,2.570180000000000242e-01,1.262449999999999961e-01,0.000000000000000000e+00
2.680000000000001825e-01,5.046970036346465349e-01,1.376699999999999972e-02,1.001100000000000045e-01,2.574239999999999862e-01,1.258259999999999934e-01,0.000000000000000000e+00
2.690000000000001834e-01,5.108889963594265282e-01,1.384299999999999940e-02,1.000069999999999987e-01,2.572530000000000094e-01,1.320179999999999965e-01,0.000000000000000000e+00
2.700000000000001843e-01,5.088620018796063960e-01,1.377399999999999979e-02,1.003610000000000058e-01,2.617639999999999967e-01,1.252919999999999867e-01,0.000000000000000000e+00
2.710000000000001852e-01,5.092569990665651858e-01,1.377199999999999952e-02,1.041249999999999953e-01,2.575629999999999864e-01,1.260409999999999864e-01,0.000000000000000000e+00
2.720000000000001861e-01,5.043560013291426003e-01,1.374599999999999954e-02,1.003290000000000015e-01,2.570160000000000222e-01,1.257040000000000102e-01,0.000000000000000000e+00
2.730000000000001870e-01,5.050100007792934775e-01,1.372800000000000062e-02,1.002279999999999976e-01,2.574380000000000002e-01,1.260979999999999879e-01,0.000000000000000000e+00
2.740000000000001878e-01,5.163710011402145028e-01,1.364499999999999914e-02,1.008550000000000002e-01,2.614130000000000065e-01,1.325689999999999924e-01,0.000000000000000000e+00
2.750000000000001887e-01,5.117390028317458928e-01,1.392200000000000035e-02,1.016770000000000035e-01,2.626669999999999838e-01,1.258380000000000054e-01,0.000000000000000000e+00
2.760000000000001896e-01,5.483560016728006303e-01,1.399500000000000050e-02,1.023329999999999934e-01,2.668880000000000141e-01,1.549969999999999959e-01,0.000000000000000000e+00
2.770000000000001905e-01,5.599760042969137430e-01,1.715200000000000058e-02,1.099730000000000013e-01,2.823200000000000154e-01,1.370149999999999979e-01,0.000000000000000000e+00
2.780000000000001914e-01,5.086900055175647140e-01,1.434299999999999985e-02,1.011790000000000050e-01,2.590500000000000025e-01,1.260880000000000056e-01,0.000000000000000000e+00
2.790000000000001923e-01,5.048360035289078951e-01,1.369100000000000004e-02,1.002450000000000008e-01,2.574500000000000122e-01,1.257260000000000044e-01,0.000000000000000000e+00
2.800000000000001932e-01,5.097140019643120468e-01,1.375099999999999933e-02,1.000680000000000042e-01,2.576080000000000036e-01,1.302109999999999934e-01,0.000000000000000000e+00
2.810000000000001941e-01,5.095000014989636838e-01,1.362099999999999943e-02,1.001240000000000047e-01,2.612800000000000122e-01,1.267540000000000056e-01,0.000000000000000000e+00
2.820000000000001950e-01,5.090539998491294682e-01,1.370200000000000064e-02,1.044080000000000008e-01,2.573779999999999957e-01,1.259290000000000131e-01,0.000000000000000000e+00
2.830000000000001958e-01,5.046579972258768976e-01,1.370000000000000037e-02,1.001549999999999940e-01,2.572949999999999959e-01,1.256760000000000099e-01,0.000000000000000000e+00
2.840000000000001967e-01,5.162510060472413898e-01,1.428699999999999935e-02,1.034150000000000069e-01,2.600279999999999814e-01,1.293890000000000040e-01,0.000000000000000000e+00
2.850000000000001976e-01,5.113220031489618123e-01,1.378399999999999938e-02,1.007740000000000025e-01,2.622369999999999979e-01,1.265479999999999938e-01,0.000000000000000000e+00
2.860000000000001985e-01,5.086550008854828775e-01,1.378200000000000085e-02,1.039770000000000000e-01,2.574029999999999929e-01,1.259780000000000066e-01,0.000000000000000000e+00
2.870000000000001994e-01,5.089259939268231392e-01,1.382399999999999948e-02,1.002870000000000011e-01,2.586260000000000225e-01,1.281319999999999959e-01,0.000000000000000000e+00
2.880000000000002003e-01,5.085729935672134161e-01,1.377100000000000025e-02,1.012770000000000059e-01,2.592840000000000145e-01,1.263440000000000119e-01,0.000000000000000000e+00
2.890000000000002012e-01,5.282190031721256673e-01,1.377500000000000079e-02,1.017649999999999944e-01,2.672260000000000191e-01,1.364080000000000015e-01,0.000000000000000000e+00
2.900000000000002021e-01,5.610590014839544892e-01,1.830800000000000136e-02,1.187480000000000063e-01,2.701680000000000192e-01,1.372510000000000119e-01,0.000000000000000000e+00
2.910000000000002029e-01,5.162750021554529667e-01,1.438099999999999969e-02,1.003369999999999956e-01,2.593280000000000030e-01,1.334710000000000063e-01,0.000000000000000000e+00
2.920000000000002038e-01,5.116100001032464206e-01,1.376800000000000072e-02,1.004300000000000054e-01,2.634630000000000027e-01,1.259550000000000114e-01,0.000000000000000000e+00
2.930000000000002047e-01,5.140199937159195542e-01,1.370099999999999964e-02,1.089859999999999995e-01,2.571300000000000252e-01,1.262649999999999884e-01,0.000000000000000000e+00
2.940000000000002056e-01,5.039149982621893287e-01,1.376299999999999919e-02,9.990400000000000669e-02,2.570689999999999920e-01,1.255680000000000129e-01,0.000000000000000000e+00
2.950000000000002065e-01,5.037920054746791720e-01,1.379200000000000044e-02,9.978399999999999770e-02,2.568019999999999747e-01,1.260149999999999881e-01,0.000000000000000000e+00
2.960000000000002074e-01,5.081550043541938066e-01,1.376800000000000072e-02,1.003180000000000044e-01,2.570640000000000147e-01,1.295419999999999905e-01,0.000000000000000000e+00
2.970000000000002083e-01,5.083910000394098461e-01,1.371400000000000050e-02,1.002780000000000060e-01,2.615770000000000040e-01,1.253990000000000105e-01,0.000000000000000000e+00
2.980000000000002092e-01,5.052370033808983862e-01,1.371600000000000076e-02,1.003069999999999934e-01,2.574930000000000274e-01,1.260280000000000011e-01,0.000000000000000000e+00
2.990000000000002101e-01,5.062860000180080533e-01,1.367799999999999919e-02,1.001569999999999960e-01,2.586809999999999943e-01,1.263289999999999969e-01,0.000000000000000000e+00
3.000000000000002109e-01,5.076700035715475678e-01,1.382899999999999928e-02,9.989800000000000069e-02,2.597479999999999789e-01,1.264790000000000081e-01,0.000000000000000000e+00
3.010000000000002118e-01,5.212479954934678972e-01,1.436899999999999983e-02,1.021370000000000056e-01,2.695359999999999978e-01,1.266740000000000088e-01,0.000000000000000000e+00
3.020000000000002127e-01,5.210369999986141920e-01,1.390300000000000043e-02,1.129310000000000036e-01,2.584420000000000051e-01,1.275159999999999905e-01,0.000000000000000000e+00
3.030000000000002136e-01,5.946849996689707041e-01,1.807800000000000032e-02,1.151029999999999970e-01,2.992000000000000215e-01,1.465529999999999888e-01,0.000000000000000000e+00
3.040000000000002145e-01,5.317350005498155951e-01,1.462399999999999985e-02,1.047259999999999996e-01,2.758559999999999901e-01,1.271170000000000078e-01,0.000000000000000000e+00
3.050000000000002154e-01,5.067979946034029126e-01,1.385300000000000073e-02,1.008679999999999993e-01,2.579609999999999959e-01,1.259639999999999926e-01,0.000000000000000000e+00
3.060000000000002163e-01,5.048800012446008623e-01,1.384099999999999914e-02,1.003050000000000053e-01,2.573300000000000032e-01,1.258910000000000029e-01,0.000000000000000000e+00
3.070000000000002172e-01,5.090310005471110344e-01,1.377800000000000032e-02,1.001350000000000018e-01,2.576760000000000161e-01,1.298489999999999922e-01,0.000000000000000000e+00
3.080000000000002180e-01,5.083369978819973767e-01,1.366000000000000027e-02,1.000540000000000040e-01,2.610000000000000098e-01,1.261549999999999894e-01,0.000000000000000000e+00
3.090000000000002189e-01,5.082730058347806334e-01,1.369199999999999931e-02,1.045370000000000049e-01,2.568790000000000240e-01,1.255529999999999979e-01,0.000000000000000000e+00
3.100000000000002198e-01,5.033810011809691787e-01,1.367200000000000013e-02,1.001200000000000007e-01,2.569819999999999882e-01,1.252729999999999955e-01,0.000000000000000000e+00
3.110000000000002207e-01,5.046040023444220424e-01,1.381699999999999942e-02,1.003740000000000049e-01,2.571300000000000252e-01,1.258960000000000079e-01,0.000000000000000000e+00
3.120000000000002216e-01,5.085070006316527724e-01,1.364600000000000014e-02,1.006330000000000002e-01,2.570770000000000000e-01,1.297079999999999900e-01,0.000000000000000000e+00
3.130000000000002225e-01,5.089429978397674859e-01,1.366299999999999980e-02,1.004680000000000017e-01,2.612639999999999962e-01,1.259790000000000076e-01,0.000000000000000000e+00
3.140000000000002234e-01,5.118989938637241721e-01,1.415499999999999918e-02,1.030039999999999983e-01,2.588949999999999863e-01,1.276460000000000095e-01,0.000000000000000000e+00
3.150000000000002243e-01,5.148970012669451535e-01,1.378599999999999964e-02,1.002119999999999955e-01,2.677370000000000028e-01,1.255950000000000122e-01,0.000000000000000000e+00
3.160000000000002252e-01,5.952089995844289660e-01,1.613399999999999904e-02,1.210399999999999948e-01,2.902420000000000000e-01,1.531119999999999981e-01,0.000000000000000000e+00
3.170000000000002260e-01,5.346610050764866173e-01,1.633499999999999883e-02,1.084439999999999987e-01,2.657700000000000062e-01,1.331110000000000071e-01,0.000000000000000000e+00
3.180000000000002269e-01,5.073569991509430110e-01,1.389199999999999983e-02,1.008980000000000016e-01,2.583199999999999941e-01,1.262860000000000094e-01,0.000000000000000000e+00
3.190000000000002278e-01,5.134659950272180140e-01,1.377300000000000052e-02,1.002220000000000055e-01,2.649070000000000036e-01,1.262389999999999901e-01,0.000000000000000000e+00
3.200000000000002287e-01,5.119390043546445668e-01,1.372100000000000056e-02,1.065880000000000022e-01,2.573940000000000117e-01,1.261869999999999936e-01,0.000000000000000000e+00
3.210000000000002296e-01,5.047449958510696888e-01,1.411600000000000008e-02,1.000599999999999962e-01,2.572659999999999947e-01,1.256150000000000044e-01,0.000000000000000000e+00
3.220000000000002305e-01,5.049529936513863504e-01,1.379400000000000071e-02,1.002259999999999956e-01,2.575430000000000219e-01,1.257820000000000049e-01,0.000000000000000000e+00
3.230000000000002314e-01,5.096759996376931667e-01,1.377699999999999932e-02,1.002839999999999981e-01,2.574040000000000217e-01,1.304649999999999976e-01,0.000000000000000000e+00
3.240000000000002323e-01,5.678329980582930148e-01,1.390199999999999943e-02,1.332770000000000066e-01,2.831940000000000013e-01,1.279460000000000042e-01,0.000000000000000000e+00
3.250000000000002331e-01,5.091130005894228816e-01,1.403599999999999987e-02,1.010169999999999957e-01,2.584620000000000251e-01,1.271239999999999870e-01,0.000000000000000000e+00
3.260000000000002340e-01,5.049920000601559877e-01,1.369199999999999931e-02,1.001520000000000049e-01,2.575339999999999852e-01,1.260139999999999871e-01,0.000000000000000000e+00
3.270000000000002349e-01,5.248990055406466126e-01,1.417200000000000057e-02,1.026340000000000030e-01,2.589600000000000235e-01,1.398760000000000003e-01,0.000000000000000000e+00
3.280000000000002358e-01,5.398130015237256885e-01,1.381600000000000016e-02,1.011640000000000039e-01,2.894360000000000266e-01,1.268819999999999948e-01,0.000000000000000000e+00
3.290000000000002367e-01,5.977719993097707629e-01,1.547499999999999917e-02,1.437589999999999979e-01,2.840869999999999784e-01,1.397019999999999929e-01,0.000000000000000000e+00
3.300000000000002376e-01,5.435470011434517801e-01,1.591100000000000153e-02,1.070460000000000023e-01,2.785750000000000171e-01,1.314180000000000070e-01,0.000000000000000000e+00
3.310000000000002385e-01,5.064389988547191024e-01,1.396099999999999945e-02,1.004779999999999979e-01,2.583840000000000026e-01,1.257890000000000119e-01,0.000000000000000000e+00
3.320000000000002394e-01,5.044089994044043124e-01,1.366299999999999980e-02,1.002890000000000031e-01,2.570810000000000040e-01,1.258499999999999897e-01,0.000000000000000000e+00
3.330000000000002403e-01,5.113430015626363456e-01,1.374900000000000080e-02,1.000909999999999994e-01,2.570640000000000147e-01,1.321039999999999992e-01,0.000000000000000000e+00
3.340000000000002411e-01,5.097840039525181055e-01,1.371799999999999929e-02,1.006670000000000065e-01,2.617140000000000022e-01,1.258299999999999974e-01,0.000000000000000000e+00
3.350000000000002420e-01,5.096480017527937889e-01,1.376199999999999993e-02,1.039989999999999942e-01,2.573860000000000037e-01,1.260739999999999916e-01,0.000000000000000000e+00
3.360000000000002429e-01,5.045010038884356618e-01,1.365000000000000067e-02,1.003480000000000066e-01,2.570770000000000000e-01,1.258239999999999914e-01,0.000000000000000000e+00
3.370000000000002438e-01,5.036779984948225319e-01,1.376400000000000019e-02,1.002200000000000035e-01,2.568289999999999740e-01,1.254500000000000060e-01,0.000000000000000000e+00
3.380000000000002447e-01,5.082429997855797410e-01,1.378399999999999938e-02,1.000329999999999969e-01,2.570709999999999940e-01,1.298429999999999862e-01,0.000000000000000000e+00
3.390000000000002456e-01,5.083590003778226674e-01,1.372899999999999988e-02,1.000859999999999944e-01,2.613510000000000000e-01,1.256839999999999902e-01,0.000000000000000000e+00
3.400000000000002465e-01,5.276279989629983902e-01,1.779800000000000132e-02,1.136479999999999990e-01,2.599870000000000236e-01,1.277079999999999882e-01,0.000000000000000000e+00
3.410000000000002474e-01,5.066419980721548200e-01,1.399399999999999950e-02,1.007539999999999963e-01,2.581709999999999838e-01,1.260709999999999886e-01,0.000000000000000000e+00
3.420000000000002482e-01,5.635279958369210362e-01,1.381100000000000036e-02,1.025530000000000053e-01,2.681379999999999875e-01,1.682619999999999949e-01,0.000000000000000000e+00
3.430000000000002491e-01,5.433350015664473176e-01,1.680999999999999855e-02,1.102739999999999970e-01,2.677899999999999725e-01,1.359019999999999950e-01,0.000000000000000000e+00
3.440000000000002500e-01,5.075520020909607410e-01,1.410999999999999928e-02,1.012649999999999939e-01,2.581720000000000126e-01,1.259490000000000054e-01,0.000000000000000000e+00
3.450000000000002509e-01,5.123559967614710331e-01,1.360800000000000030e-02,1.002519999999999939e-01,2.642849999999999921e-01,1.260749999999999926e-01,0.000000000000000000e+00
3.460000000000002518e-01,5.178749997867271304e-01,1.373800000000000021e-02,1.000069999999999987e-01,2.701930000000000165e-01,1.259160000000000001e-01,0.000000000000000000e+00
3.470000000000002527e-01,5.052349952165968716e-01,1.370399999999999917e-02,1.002780000000000060e-01,2.572200000000000042e-01,1.260749999999999926e-01,0.000000000000000000e+00
3.480000000000002536e-01,5.044279969297349453e-01,1.366099999999999953e-02,9.988299999999999956e-02,2.572690000000000254e-01,1.260030000000000039e-01,0.000000000000000000e+00
3.490000000000002545e-01,5.150840006535872817e-01,1.384299999999999940e-02,9.978099999999999470e-02,2.567989999999999995e-01,1.366880000000000039e-01,0.000000000000000000e+00
3.500000000000002554e-01,5.149019998498260975e-01,1.404500000000000019e-02,1.001480000000000009e-01,2.671620000000000106e-01,1.258309999999999984e-01,0.000000000000000000e+00
3.510000000000002562e-01,5.106019962113350630e-01,1.370799999999999970e-02,1.057629999999999959e-01,2.574699999999999767e-01,1.257479999999999987e-01,0.000000000000000000e+00
3.520000000000002571e-01,5.047349986853078008e-01,1.379900000000000050e-02,1.001810000000000062e-01,2.572249999999999814e-01,1.259800000000000086e-01,0.000000000000000000e+00
3.530000000000002580e-01,5.104180017951875925e-01,1.385300000000000073e-02,1.008769999999999945e-01,2.591579999999999995e-01,1.282629999999999881e-01,0.000000000000000000e+00
3.540000000000002589e-01,5.125480020069517195e-01,1.392299999999999961e-02,1.013199999999999934e-01,2.632840000000000180e-01,1.260300000000000031e-01,0.000000000000000000e+00
3.550000000000002598e-01,5.197620048420503736e-01,1.395099999999999986e-02,1.045880000000000004e-01,2.634819999999999940e-01,1.295630000000000115e-01,0.000000000000000000e+00
3.560000000000002607e-01,5.845220002811402082e-01,1.890299999999999966e-02,1.180139999999999939e-01,2.934470000000000134e-01,1.384890000000000010e-01,0.000000000000000000e+00
3.570000000000002616e-01,5.224429987720213830e-01,1.479600000000000012e-02,1.035220000000000029e-01,2.680980000000000030e-01,1.268900000000000028e-01,0.000000000000000000e+00
3.580000000000002625e-01,5.096889944979920983e-01,1.371600000000000076e-02,1.059090000000000031e-01,2.569179999999999797e-01,1.254460000000000020e-01,0.000000000000000000e+00
3.590000000000002633e-01,5.031730033806525171e-01,1.377600000000000005e-02,1.000000000000000056e-01,2.565939999999999888e-01,1.251819999999999877e-01,0.000000000000000000e+00
3.600000000000002642e-01,5.035970025346614420e-01,1.372100000000000056e-02,1.002979999999999983e-01,2.567539999999999822e-01,1.254260000000000097e-01,0.000000000000000000e+00
3.610000000000002651e-01,5.076819943496957421e-01,1.376699999999999972e-02,1.001070000000000015e-01,2.567110000000000225e-01,1.294849999999999890e-01,0.000000000000000000e+00
3.620000000000002660e-01,5.076829984318464994e-01,1.371200000000000023e-02,9.999500000000000055e-02,2.608539999999999748e-01,1.255499999999999949e-01,0.000000000000000000e+00
3.630000000000002669e-01,5.035390058765187860e-01,1.378000000000000058e-02,1.000800000000000023e-01,2.566570000000000240e-01,1.255350000000000077e-01,0.000000000000000000e+00
3.640000000000002678e-01,5.037149967392906547e-01,1.369199999999999931e-02,1.000479999999999980e-01,2.569679999999999742e-01,1.256859999999999922e-01,0.000000000000000000e+00
3.650000000000002687e-01,5.038149975007399917e-01,1.371400000000000050e-02,1.001879999999999993e-01,2.566339999999999733e-01,1.259010000000000129e-01,0.000000000000000000e+00
3.660000000000002696e-01,5.203900000196881592e-01,1.372999999999999915e-02,1.001240000000000047e-01,2.728289999999999882e-01,1.257709999999999939e-01,0.000000000000000000e+00
3.670000000000002705e-01,5.205720008234493434e-01,1.424599999999999998e-02,1.108750000000000013e-01,2.594650000000000012e-01,1.276909999999999989e-01,0.000000000000000000e+00
3.680000000000002713e-01,5.335550013114698231e-01,1.416000000000000071e-02,1.138109999999999955e-01,2.687289999999999957e-01,1.275940000000000130e-01,0.000000000000000000e+00
3.690000000000002722e-01,6.010380020597949624e-01,1.828700000000000117e-02,1.135729999999999934e-01,3.047540000000000249e-01,1.474409999999999887e-01,0.000000000000000000e+00
3.700000000000002731e-01,5.197169957682490349e-01,1.468799999999999967e-02,1.045029999999999987e-01,2.632550000000000168e-01,1.281779999999999864e-01,0.000000000000000000e+00
3.710000000000002740e-01,5.068419995950534940e-01,1.387399999999999918e-02,1.004879999999999940e-01,2.581609999999999738e-01,1.267000000000000071e-01,0.000000000000000000e+00
3.720000000000002749e-01,5.112300059408880770e-01,1.357000000000000046e-02,1.001279999999999948e-01,2.568550000000000000e-01,1.327500000000000069e-01,0.000000000000000000e+00
3.730000000000002758e-01,5.088969992357306182e-01,1.371299999999999950e-02,9.998899999999999455e-02,2.612140000000000017e-01,1.264170000000000016e-01,0.000000000000000000e+00
3.740000000000002767e-01,5.043040000600740314e-01,1.366099999999999953e-02,9.990300000000000569e-02,2.574480000000000102e-01,1.257709999999999939e-01,0.000000000000000000e+00
3.750000000000002776e-01,5.033530032960698009e-01,1.366700000000000033e-02,9.972100000000000408e-02,2.569899999999999962e-01,1.256349999999999967e-01,0.000000000000000000e+00
3.760000000000002784e-01,5.043660057708621025e-01,1.367499999999999966e-02,1.003079999999999944e-01,2.575120000000000187e-01,1.254329999999999889e-01,0.000000000000000000e+00
3.770000000000002793e-01,5.079780021333135664e-01,1.376699999999999972e-02,1.000690000000000052e-01,2.610660000000000203e-01,1.255610000000000059e-01,0.000000000000000000e+00
3.780000000000002802e-01,5.082549978396855295e-01,1.364100000000000035e-02,1.001220000000000027e-01,2.614630000000000010e-01,1.254679999999999962e-01,0.000000000000000000e+00
3.790000000000002811e-01,5.042039992986246943e-01,1.369199999999999931e-02,1.001579999999999970e-01,2.569379999999999997e-01,1.258650000000000047e-01,0.000000000000000000e+00
3.800000000000002820e-01,5.130520003149285913e-01,1.463399999999999944e-02,1.030510000000000037e-01,2.590169999999999972e-01,1.277580000000000104e-01,0.000000000000000000e+00
3.810000000000002829e-01,5.125520037836395204e-01,1.402699999999999954e-02,1.001569999999999960e-01,2.590459999999999985e-01,1.312190000000000023e-01,0.000000000000000000e+00
3.820000000000002838e-01,5.875379938515834510e-01,1.522599999999999995e-02,1.242410000000000042e-01,2.961099999999999843e-01,1.399710000000000121e-01,0.000000000000000000e+00
3.830000000000002847e-01,5.353890010155737400e-01,1.669800000000000104e-02,1.094760000000000039e-01,2.656890000000000085e-01,1.319970000000000032e-01,0.000000000000000000e+00
3.840000000000002855e-01,5.107940014568157494e-01,1.401099999999999915e-02,1.002699999999999980e-01,2.623889999999999834e-01,1.259919999999999929e-01,0.000000000000000000e+00
3.850000000000002864e-01,5.199980005272664130e-01,1.380400000000000030e-02,1.145089999999999997e-01,2.575850000000000084e-01,1.261760000000000104e-01,0.000000000000000000e+00
3.860000000000002873e-01,5.045599973527714610e-01,1.377800000000000032e-02,9.996800000000000130e-02,2.570270000000000055e-01,1.259240000000000081e-01,0.000000000000000000e+00
3.870000000000002882e-01,5.053760032751597464e-01,1.377699999999999932e-02,1.008440000000000031e-01,2.572010000000000129e-01,1.257999999999999952e-01,0.000000000000000000e+00
3.880000000000002891e-01,5.082450006739236414e-01,1.372300000000000082e-02,1.000250000000000028e-01,2.568889999999999785e-01,1.297830000000000095e-01,0.000000000000000000e+00
3.890000000000002900e-01,5.093180006952024996e-01,1.383400000000000081e-02,1.001969999999999944e-01,2.614569999999999950e-01,1.259820000000000106e-01,0.000000000000000000e+00
3.900000000000002909e-01,5.044140052632428706e-01,1.368899999999999978e-02,1.000069999999999987e-01,2.572800000000000087e-01,1.260020000000000029e-01,0.000000000000000000e+00
3.910000000000002918e-01,5.044649951742030680e-01,1.376299999999999919e-02,1.000209999999999988e-01,2.569500000000000117e-01,1.263420000000000099e-01,0.000000000000000000e+00
3.920000000000002927e-01,5.039140014559961855e-01,1.370099999999999964e-02,1.001250000000000057e-01,2.567519999999999802e-01,1.257890000000000119e-01,0.000000000000000000e+00
3.930000000000002935e-01,5.167770068510435522e-01,1.415199999999999965e-02,1.014940000000000009e-01,2.639299999999999979e-01,1.290290000000000048e-01,0.000000000000000000e+00
3.940000000000002944e-01,5.112939979881048203e-01,1.377899999999999958e-02,1.053359999999999991e-01,2.585560000000000080e-01,1.258799999999999919e-01,0.000000000000000000e+00
3.950000000000002953e-01,5.444769994937814772e-01,1.391399999999999929e-02,1.016959999999999947e-01,2.667660000000000031e-01,1.519439999999999957e-01,0.000000000000000000e+00
3.960000000000002962e-01,5.662659968947991729e-01,1.783699999999999869e-02,1.113490000000000035e-01,2.853879999999999750e-01,1.374160000000000104e-01,0.000000000000000000e+00
3.970000000000002971e-01,5.166080009075812995e-01,1.442399999999999932e-02,1.029690000000000050e-01,2.619319999999999982e-01,1.287349999999999883e-01,0.000000000000000000e+00
3.980000000000002980e-01,5.497370002558454871e-01,1.477099999999999941e-02,1.047099999999999975e-01,2.751589999999999869e-01,1.449280000000000013e-01,0.000000000000000000e+00
3.990000000000002989e-01,5.293959984555840492e-01,1.457600000000000041e-02,1.143190000000000039e-01,2.624420000000000086e-01,1.285469999999999946e-01,0.000000000000000000e+00
4.000000000000002998e-01,5.076439992990344763e-01,1.386700000000000085e-02,1.007780000000000065e-01,2.586470000000000158e-01,1.263469999999999871e-01,0.000000000000000000e+00
4.010000000000003006e-01,5.074479995528236032e-01,1.379700000000000024e-02,1.001650000000000040e-01,2.591200000000000170e-01,1.264210000000000056e-01,0.000000000000000000e+00
4.020000000000003015e-01,5.292439964250661433e-01,1.392900000000000041e-02,1.017620000000000052e-01,2.764179999999999970e-01,1.282889999999999864e-01,0.000000000000000000e+00
4.030000000000003024e-01,5.261870028334669769e-01,1.422000000000000000e-02,1.150400000000000034e-01,2.605279999999999818e-01,1.273579999999999990e-01,0.000000000000000000e+00
4.040000000000003033e-01,5.360979994293302298e-01,1.389899999999999990e-02,1.009710000000000052e-01,2.778340000000000254e-01,1.339269999999999905e-01,0.000000000000000000e+00
4.050000000000003042e-01,5.359360002330504358e-01,1.542600000000000048e-02,1.066300000000000026e-01,2.630719999999999725e-01,1.401000000000000023e-01,0.000000000000000000e+00
4.060000000000003051e-01,5.299040058162063360e-01,1.432899999999999972e-02,1.095190000000000052e-01,2.677680000000000060e-01,1.290630000000000110e-01,0.000000000000000000e+00
4.070000000000003060e-01,5.071310006314888597e-01,1.379400000000000071e-02,1.002299999999999996e-01,2.586339999999999750e-01,1.264639999999999931e-01,0.000000000000000000e+00
4.080000000000003069e-01,5.893050038139335811e-01,1.637999999999999873e-02,1.100890000000000063e-01,2.914430000000000076e-01,1.564550000000000107e-01,0.000000000000000000e+00
4.090000000000003078e-01,5.270260007819160819e-01,1.575199999999999864e-02,1.066450000000000037e-01,2.643170000000000242e-01,1.307200000000000029e-01,0.000000000000000000e+00
4.100000000000003086e-01,5.066430021543055773e-01,1.394399999999999980e-02,1.006599999999999995e-01,2.582349999999999923e-01,1.261120000000000019e-01,0.000000000000000000e+00
4.110000000000003095e-01,5.128129996592178941e-01,1.377300000000000052e-02,1.002099999999999935e-01,2.573940000000000117e-01,1.331910000000000038e-01,0.000000000000000000e+00
4.120000000000003104e-01,5.097069952171295881e-01,1.380299999999999930e-02,1.003060000000000063e-01,2.619810000000000194e-01,1.260189999999999921e-01,0.000000000000000000e+00
4.130000000000003113e-01,5.094469961477443576e-01,1.382399999999999948e-02,1.044780000000000014e-01,2.576030000000000264e-01,1.260270000000000001e-01,0.000000000000000000e+00
4.140000000000003122e-01,5.040510004619136453e-01,1.376400000000000019e-02,1.000219999999999998e-01,2.570239999999999747e-01,1.259490000000000054e-01,0.000000000000000000e+00
4.150000000000003131e-01,5.046959995524957776e-01,1.381699999999999942e-02,1.000459999999999960e-01,2.573030000000000039e-01,1.260910000000000086e-01,0.000000000000000000e+00
4.160000000000003140e-01,5.084700023871846497e-01,1.374000000000000048e-02,1.005589999999999956e-01,2.572570000000000134e-01,1.293350000000000055e-01,0.000000000000000000e+00
4.170000000000003149e-01,5.084220028948038816e-01,1.377800000000000032e-02,9.998899999999999455e-02,2.613739999999999952e-01,1.258080000000000032e-01,0.000000000000000000e+00
4.180000000000003157e-01,5.045090001658536494e-01,1.372199999999999982e-02,1.001940000000000053e-01,2.573059999999999792e-01,1.258479999999999877e-01,0.000000000000000000e+00
4.190000000000003166e-01,5.125969983055256307e-01,1.420100000000000008e-02,1.021719999999999989e-01,2.588539999999999730e-01,1.290090000000000126e-01,0.000000000000000000e+00
4.200000000000003175e-01,5.081209965283051133e-01,1.390899999999999949e-02,1.004479999999999956e-01,2.574600000000000222e-01,1.285880000000000078e-01,0.000000000000000000e+00
4.210000000000003184e-01,5.693359998986124992e-01,1.442700000000000059e-02,1.058469999999999966e-01,3.006099999999999883e-01,1.368649999999999867e-01,0.000000000000000000e+00
4.220000000000003193e-01,5.414440020103938878e-01,1.723799999999999985e-02,1.101390000000000008e-01,2.673240000000000061e-01,1.344160000000000077e-01,0.000000000000000000e+00
4.230000000000003202e-01,5.185949994483962655e-01,1.400900000000000062e-02,1.005199999999999982e-01,2.686169999999999947e-01,1.267709999999999948e-01,0.000000000000000000e+00
4.240000000000003211e-01,5.093849977129139006e-01,1.360399999999999977e-02,1.043629999999999974e-01,2.575959999999999916e-01,1.260139999999999871e-01,0.000000000000000000e+00
4.250000000000003220e-01,5.047759987064637244e-01,1.375600000000000087e-02,1.002770000000000050e-01,2.571740000000000137e-01,1.257850000000000079e-01,0.000000000000000000e+00
4.260000000000003229e-01,5.044339995947666466e-01,1.370399999999999917e-02,1.001090000000000035e-01,2.573429999999999884e-01,1.257959999999999912e-01,0.000000000000000000e+00
4.270000000000003237e-01,5.091479979455471039e-01,1.364499999999999914e-02,1.001120000000000065e-01,2.573799999999999977e-01,1.299379999999999979e-01,0.000000000000000000e+00
4.280000000000003246e-01,5.090859995107166469e-01,1.373399999999999968e-02,1.002890000000000031e-01,2.612360000000000237e-01,1.260680000000000134e-01,0.000000000000000000e+00
4.290000000000003255e-01,5.049019964644685388e-01,1.372100000000000056e-02,9.994999999999999718e-02,2.575999999999999956e-01,1.258420000000000094e-01,0.000000000000000000e+00
4.300000000000003264e-01,5.044629942858591676e-01,1.371099999999999923e-02,9.994999999999999718e-02,2.571109999999999784e-01,1.259830000000000116e-01,0.000000000000000000e+00
4.310000000000003273e-01,5.049229948781430721e-01,1.371200000000000023e-02,1.002439999999999998e-01,2.571049999999999724e-01,1.259750000000000036e-01,0.000000000000000000e+00
4.320000000000003282e-01,5.173089957679621875e-01,1.387000000000000038e-02,1.011019999999999974e-01,2.659429999999999850e-01,1.279230000000000089e-01,0.000000000000000000e+00
4.330000000000003291e-01,5.118439949001185596e-01,1.378700000000000064e-02,1.054309999999999969e-01,2.579420000000000046e-01,1.265100000000000113e-01,0.000000000000000000e+00
4.340000000000003300e-01,5.371240040403790772e-01,1.384299999999999940e-02,1.027639999999999942e-01,2.675440000000000040e-01,1.434159999999999879e-01,0.000000000000000000e+00
4.350000000000003308e-01,5.588310013990849257e-01,1.766799999999999968e-02,1.101629999999999970e-01,2.810329999999999773e-01,1.356209999999999916e-01,0.000000000000000000e+00
4.360000000000003317e-01,5.096550012240186334e-01,1.429300000000000015e-02,1.008550000000000002e-01,2.593340000000000090e-01,1.269560000000000133e-01,0.000000000000000000e+00
4.370000000000003326e-01,5.052470005466602743e-01,1.380699999999999983e-02,9.991700000000000581e-02,2.576640000000000041e-01,1.261799999999999866e-01,0.000000000000000000e+00
4.380000000000003335e-01,5.198119979468174279e-01,1.381699999999999942e-02,1.013389999999999985e-01,2.586280000000000245e-01,1.373179999999999956e-01,0.000000000000000000e+00
4.390000000000003344e-01,5.181609958526678383e-01,1.419100000000000049e-02,1.007440000000000002e-01,2.681499999999999995e-01,1.267919999999999880e-01,0.000000000000000000e+00
4.400000000000003353e-01,5.082909992779605091e-01,1.375099999999999933e-02,1.011640000000000039e-01,2.583269999999999733e-01,1.263630000000000031e-01,0.000000000000000000e+00
4.410000000000003362e-01,5.125199968460947275e-01,1.388799999999999930e-02,1.020989999999999953e-01,2.598099999999999854e-01,1.282359999999999889e-01,0.000000000000000000e+00
4.420000000000003371e-01,5.400259979069232941e-01,1.402499999999999927e-02,1.034459999999999963e-01,2.614070000000000005e-01,1.506280000000000119e-01,0.000000000000000000e+00
4.430000000000003380e-01,5.241010003373958170e-01,1.486799999999999927e-02,1.061499999999999944e-01,2.629020000000000246e-01,1.300330000000000097e-01,0.000000000000000000e+00
4.440000000000003388e-01,5.080289993202313781e-01,1.393800000000000074e-02,1.004099999999999993e-01,2.584620000000000251e-01,1.270020000000000038e-01,0.000000000000000000e+00
4.450000000000003397e-01,5.270260007819160819e-01,1.408599999999999956e-02,1.021989999999999982e-01,2.620799999999999796e-01,1.401689999999999880e-01,0.000000000000000000e+00
4.460000000000003406e-01,5.183699977351352572e-01,1.410299999999999922e-02,1.012220000000000064e-01,2.688159999999999994e-01,1.261510000000000131e-01,0.000000000000000000e+00
4.470000000000003415e-01,5.586650004261173308e-01,1.430900000000000054e-02,1.049059999999999993e-01,2.904160000000000075e-01,1.379440000000000111e-01,0.000000000000000000e+00
4.480000000000003424e-01,5.538830009754747152e-01,1.644699999999999981e-02,1.101850000000000052e-01,2.795750000000000179e-01,1.350109999999999921e-01,0.000000000000000000e+00
4.490000000000003433e-01,5.292360001476481557e-01,2.610600000000000073e-02,1.036979999999999985e-01,2.627860000000000196e-01,1.278430000000000122e-01,0.000000000000000000e+00
4.500000000000003442e-01,5.138859996804967523e-01,1.405900000000000032e-02,1.021019999999999983e-01,2.615100000000000202e-01,1.276150000000000062e-01,0.000000000000000000e+00
4.510000000000003451e-01,5.587599953287281096e-01,1.486799999999999927e-02,1.044899999999999995e-01,2.868029999999999746e-01,1.413119999999999932e-01,0.000000000000000000e+00
4.520000000000003459e-01,5.354829991119913757e-01,1.448200000000000008e-02,1.180390000000000050e-01,2.644750000000000156e-01,1.293600000000000028e-01,0.000000000000000000e+00
4.530000000000003468e-01,5.377640045480802655e-01,1.427999999999999929e-02,1.227929999999999994e-01,2.621060000000000056e-01,1.290489999999999970e-01,0.000000000000000000e+00
4.540000000000003477e-01,5.207919966778717935e-01,1.402899999999999980e-02,1.024420000000000053e-01,2.620210000000000039e-01,1.334190000000000098e-01,0.000000000000000000e+00
4.550000000000003486e-01,5.188010036363266408e-01,1.370000000000000037e-02,1.006200000000000011e-01,2.693240000000000078e-01,1.269029999999999880e-01,0.000000000000000000e+00
4.560000000000003495e-01,5.274970026221126318e-01,2.684599999999999834e-02,1.073540000000000050e-01,2.579609999999999959e-01,1.263529999999999931e-01,0.000000000000000000e+00
4.570000000000003504e-01,5.091389975859783590e-01,1.393400000000000021e-02,1.011829999999999952e-01,2.584089999999999998e-01,1.276100000000000012e-01,0.000000000000000000e+00
4.580000000000003513e-01,5.290470071486197412e-01,1.484599999999999982e-02,1.036040000000000016e-01,2.605759999999999743e-01,1.401000000000000023e-01,0.000000000000000000e+00
4.590000000000003522e-01,5.276029987726360559e-01,1.431800000000000087e-02,1.028649999999999981e-01,2.720920000000000005e-01,1.294540000000000135e-01,0.000000000000000000e+00
4.600000000000003531e-01,6.459080032072961330e-01,1.688600000000000170e-02,1.120069999999999955e-01,3.366950000000000220e-01,1.632570000000000132e-01,0.000000000000000000e+00
4.610000000000003539e-01,5.622989992843940854e-01,2.822300000000000156e-02,1.072329999999999950e-01,2.816009999999999902e-01,1.322409999999999974e-01,0.000000000000000000e+00
4.620000000000003548e-01,5.305219965521246195e-01,2.020299999999999874e-02,1.017809999999999965e-01,2.668579999999999841e-01,1.292679999999999940e-01,0.000000000000000000e+00
4.630000000000003557e-01,5.289039982017129660e-01,1.426000000000000011e-02,1.037519999999999970e-01,2.699690000000000145e-01,1.315000000000000058e-01,0.000000000000000000e+00
4.640000000000003566e-01,5.403609975473955274e-01,1.424599999999999998e-02,1.155909999999999993e-01,2.613300000000000067e-01,1.392919999999999991e-01,0.000000000000000000e+00
4.650000000000003575e-01,5.200779996812343597e-01,1.423199999999999986e-02,1.039299999999999946e-01,2.632039999999999935e-01,1.296450000000000102e-01,0.000000000000000000e+00
4.660000000000003584e-01,5.218000005697831511e-01,1.399300000000000023e-02,1.024430000000000063e-01,2.619349999999999734e-01,1.292010000000000103e-01,0.000000000000000000e+00
4.670000000000003593e-01,5.279050019453279674e-01,1.405200000000000025e-02,1.029019999999999935e-01,2.733479999999999799e-01,1.285139999999999894e-01,0.000000000000000000e+00
4.680000000000003602e-01,5.090170016046613455e-01,1.392000000000000008e-02,1.011360000000000037e-01,2.592229999999999812e-01,1.265000000000000013e-01,0.000000000000000000e+00
4.690000000000003610e-01,5.063599965069442987e-01,1.384900000000000020e-02,1.004609999999999947e-01,2.572840000000000127e-01,1.270340000000000080e-01,0.000000000000000000e+00
4.700000000000003619e-01,5.101700007799081504e-01,1.392900000000000041e-02,1.015500000000000014e-01,2.602490000000000081e-01,1.269230000000000080e-01,0.000000000000000000e+00
4.710000000000003628e-01,5.205819979892112315e-01,1.417400000000000083e-02,1.021360000000000046e-01,2.687120000000000064e-01,1.270499999999999963e-01,0.000000000000000000e+00
4.720000000000003637e-01,6.570080004166811705e-01,1.394699999999999933e-02,1.444880000000000053e-01,3.550949999999999940e-01,1.324990000000000057e-01,0.000000000000000000e+00
4.730000000000003646e-01,6.453480018535628915e-01,2.379799999999999971e-02,1.217550000000000021e-01,3.370560000000000223e-01,1.424570000000000003e-01,0.000000000000000000e+00
4.740000000000003655e-01,5.355429966584779322e-01,1.628399999999999986e-02,1.094500000000000056e-01,2.659739999999999882e-01,1.325629999999999864e-01,0.000000000000000000e+00
4.750000000000003664e-01,5.079199981992132962e-01,1.380100000000000077e-02,1.007289999999999991e-01,2.587709999999999733e-01,1.265830000000000011e-01,0.000000000000000000e+00
4.760000000000003673e-01,5.150360011612065136e-01,1.371799999999999929e-02,1.002040000000000014e-01,2.670879999999999921e-01,1.258690000000000087e-01,0.000000000000000000e+00
4.770000000000003681e-01,5.166619957890361547e-01,1.374599999999999954e-02,1.110690000000000011e-01,2.572550000000000114e-01,1.267570000000000086e-01,0.000000000000000000e+00
4.780000000000003690e-01,5.337740003596991301e-01,1.379999999999999977e-02,1.144400000000000001e-01,2.716890000000000138e-01,1.259699999999999986e-01,0.000000000000000000e+00
4.790000000000003699e-01,5.061150004621595144e-01,1.395300000000000012e-02,9.996199999999999530e-02,2.580040000000000111e-01,1.262580000000000091e-01,0.000000000000000000e+00
4.800000000000003708e-01,5.266529988148249686e-01,1.458199999999999948e-02,1.034039999999999959e-01,2.703720000000000012e-01,1.287550000000000083e-01,0.000000000000000000e+00
4.810000000000003717e-01,5.186679991311393678e-01,1.378500000000000038e-02,1.110870000000000052e-01,2.585939999999999905e-01,1.269849999999999868e-01,0.000000000000000000e+00
4.820000000000003726e-01,5.056320005678571761e-01,1.369199999999999931e-02,1.005589999999999956e-01,2.572619999999999907e-01,1.264800000000000091e-01,0.000000000000000000e+00
4.830000000000003735e-01,5.126159958308562636e-01,1.380900000000000009e-02,1.012799999999999950e-01,2.605689999999999951e-01,1.287190000000000001e-01,0.000000000000000000e+00
4.840000000000003744e-01,5.158710046089254320e-01,1.386399999999999959e-02,1.016999999999999987e-01,2.661250000000000004e-01,1.262870000000000104e-01,0.000000000000000000e+00
4.850000000000003753e-01,6.268949946388602257e-01,2.246400000000000133e-02,1.339319999999999955e-01,3.050089999999999746e-01,1.460069999999999979e-01,0.000000000000000000e+00
4.860000000000003761e-01,5.616199996438808739e-01,1.717499999999999930e-02,1.133030000000000009e-01,2.812370000000000148e-01,1.361989999999999867e-01,0.000000000000000000e+00
4.870000000000003770e-01,5.084669974166899920e-01,1.398600000000000017e-02,1.011750000000000010e-01,2.584609999999999963e-01,1.269329999999999903e-01,0.000000000000000000e+00
4.880000000000003779e-01,5.045930010965093970e-01,1.367499999999999966e-02,1.006930000000000047e-01,2.567380000000000217e-01,1.257929999999999882e-01,0.000000000000000000e+00
4.890000000000003788e-01,5.174350008019246161e-01,1.376800000000000072e-02,1.003560000000000008e-01,2.569859999999999922e-01,1.383850000000000080e-01,0.000000000000000000e+00
4.900000000000003797e-01,5.136760009918361902e-01,1.386399999999999959e-02,1.003150000000000014e-01,2.650000000000000133e-01,1.264160000000000006e-01,0.000000000000000000e+00
4.910000000000003806e-01,5.059570030425675213e-01,1.379599999999999924e-02,1.002500000000000058e-01,2.579190000000000094e-01,1.263259999999999939e-01,0.000000000000000000e+00
4.920000000000003815e-01,5.047660015407018363e-01,1.373899999999999948e-02,1.000400000000000039e-01,2.574130000000000029e-01,1.261740000000000084e-01,0.000000000000000000e+00
4.930000000000003824e-01,5.056279987911693752e-01,1.375700000000000013e-02,1.003330000000000055e-01,2.576620000000000021e-01,1.263100000000000056e-01,0.000000000000000000e+00
4.940000000000003832e-01,5.081530034658499062e-01,1.359299999999999918e-02,1.000790000000000013e-01,2.611330000000000040e-01,1.256970000000000032e-01,0.000000000000000000e+00
4.950000000000003841e-01,5.058139940956607461e-01,1.368499999999999925e-02,1.001390000000000058e-01,2.578869999999999774e-01,1.263330000000000009e-01,0.000000000000000000e+00
4.960000000000003850e-01,5.113320003147237003e-01,1.385199999999999973e-02,1.012379999999999947e-01,2.604009999999999936e-01,1.276639999999999997e-01,0.000000000000000000e+00
4.970000000000003859e-01,5.153759993845596910e-01,1.388200000000000024e-02,1.016370000000000051e-01,2.580919999999999881e-01,1.334500000000000131e-01,0.000000000000000000e+00
4.980000000000003868e-01,5.924680008320137858e-01,1.455000000000000043e-02,1.050029999999999991e-01,2.816100000000000270e-01,1.789449999999999930e-01,0.000000000000000000e+00
4.990000000000003877e-01,5.698000022675842047e-01,1.840100000000000069e-02,1.128979999999999984e-01,2.840630000000000099e-01,1.384869999999999990e-01,0.000000000000000000e+00
5.000000000000003331e-01,5.118889966979622841e-01,1.425399999999999931e-02,1.020839999999999942e-01,2.599659999999999749e-01,1.275000000000000022e-01,0.000000000000000000e+00
5.010000000000003340e-01,5.074520013295114040e-01,1.380299999999999930e-02,1.002510000000000068e-01,2.588409999999999878e-01,1.266200000000000103e-01,0.000000000000000000e+00
5.020000000000003348e-01,5.863960032002069056e-01,1.580700000000000160e-02,1.100789999999999963e-01,3.081530000000000102e-01,1.389660000000000062e-01,0.000000000000000000e+00
5.030000000000003357e-01,5.202139946050010622e-01,1.490099999999999932e-02,1.057479999999999948e-01,2.628599999999999826e-01,1.270660000000000123e-01,0.000000000000000000e+00
5.040000000000003366e-01,5.071300038252957165e-01,1.398499999999999917e-02,1.005510000000000015e-01,2.586330000000000018e-01,1.260469999999999924e-01,0.000000000000000000e+00
5.050000000000003375e-01,5.116459942655637860e-01,1.383999999999999987e-02,1.002099999999999935e-01,2.631800000000000250e-01,1.266889999999999961e-01,0.000000000000000000e+00
5.060000000000003384e-01,5.159779975656419992e-01,1.368199999999999972e-02,1.003170000000000034e-01,2.678470000000000018e-01,1.262520000000000031e-01,0.000000000000000000e+00
5.070000000000003393e-01,5.048070015618577600e-01,1.375900000000000040e-02,1.001869999999999983e-01,2.570709999999999940e-01,1.259969999999999979e-01,0.000000000000000000e+00
5.080000000000003402e-01,5.073210049886256456e-01,1.375700000000000013e-02,1.005189999999999972e-01,2.586749999999999883e-01,1.266019999999999923e-01,0.000000000000000000e+00
5.090000000000003411e-01,5.203079999773763120e-01,1.422999999999999959e-02,1.024420000000000053e-01,2.593599999999999794e-01,1.359960000000000058e-01,0.000000000000000000e+00
5.100000000000003419e-01,5.906129954382777214e-01,1.411500000000000081e-02,1.010449999999999959e-01,2.861190000000000122e-01,1.785640000000000005e-01,0.000000000000000000e+00
5.110000000000003428e-01,5.911420012125745416e-01,1.925400000000000028e-02,1.206779999999999936e-01,2.837870000000000115e-01,1.500249999999999917e-01,0.000000000000000000e+00
5.120000000000003437e-01,5.268059976515360177e-01,1.453400000000000004e-02,1.027050000000000046e-01,2.736799999999999788e-01,1.267020000000000091e-01,0.000000000000000000e+00
5.130000000000003446e-01,5.042359989602118731e-01,1.387399999999999918e-02,1.000140000000000057e-01,2.572200000000000042e-01,1.254850000000000132e-01,0.000000000000000000e+00
5.140000000000003455e-01,5.056489972048439085e-01,1.368499999999999925e-02,1.003349999999999936e-01,2.574560000000000182e-01,1.264089999999999936e-01,0.000000000000000000e+00
5.150000000000003464e-01,5.115150052006356418e-01,1.368399999999999998e-02,1.001719999999999972e-01,2.575720000000000232e-01,1.319879999999999942e-01,0.000000000000000000e+00
5.160000000000003473e-01,5.087890021968632936e-01,1.379299999999999971e-02,1.000800000000000023e-01,2.611319999999999752e-01,1.260630000000000084e-01,0.000000000000000000e+00
5.170000000000003482e-01,5.086070013931021094e-01,1.376499999999999946e-02,1.040800000000000058e-01,2.571470000000000145e-01,1.257179999999999964e-01,0.000000000000000000e+00
5.180000000000003491e-01,5.039570023654960096e-01,1.363800000000000082e-02,1.002669999999999950e-01,2.570200000000000262e-01,1.256029999999999924e-01,0.000000000000000000e+00
5.190000000000003499e-01,5.038380040787160397e-01,1.382800000000000001e-02,9.997799999999999743e-02,2.570729999999999960e-01,1.256470000000000087e-01,0.000000000000000000e+00
5.200000000000003508e-01,5.087259996798820794e-01,1.376800000000000072e-02,1.000349999999999989e-01,2.574190000000000089e-01,1.299639999999999962e-01,0.000000000000000000e+00
5.210000000000003517e-01,5.105759992147795856e-01,1.381800000000000042e-02,1.001530000000000059e-01,2.624679999999999791e-01,1.264270000000000116e-01,0.000000000000000000e+00
5.220000000000003526e-01,5.106570024508982897e-01,1.397999999999999937e-02,1.022549999999999987e-01,2.591300000000000270e-01,1.273259999999999947e-01,0.000000000000000000e+00
5.230000000000003535e-01,5.064509969088248909e-01,1.385699999999999953e-02,9.995099999999999818e-02,2.588219999999999965e-01,1.259770000000000056e-01,0.000000000000000000e+00
5.240000000000003544e-01,5.460239990497939289e-01,1.522500000000000069e-02,1.068640000000000007e-01,2.810840000000000005e-01,1.313880000000000048e-01,0.000000000000000000e+00
5.250000000000003553e-01,5.148149939486756921e-01,1.385800000000000053e-02,1.065149999999999986e-01,2.595399999999999929e-01,1.265759999999999941e-01,0.000000000000000000e+00
5.260000000000003562e-01,5.052459964645095170e-01,1.365599999999999974e-02,1.000439999999999940e-01,2.574529999999999874e-01,1.263420000000000099e-01,0.000000000000000000e+00
5.270000000000003570e-01,5.056230002082884312e-01,1.376299999999999919e-02,1.001269999999999938e-01,2.577189999999999759e-01,1.264049999999999896e-01,0.000000000000000000e+00
5.280000000000003579e-01,5.104340016259811819e-01,1.388099999999999924e-02,1.005830000000000057e-01,2.572650000000000214e-01,1.308479999999999921e-01,0.000000000000000000e+00
5.290000000000003588e-01,5.095950036775320768e-01,1.370500000000000017e-02,1.004110000000000003e-01,2.613619999999999832e-01,1.263450000000000129e-01,0.000000000000000000e+00
5.300000000000003597e-01,5.038210001657716930e-01,1.372999999999999915e-02,1.001999999999999974e-01,2.568869999999999765e-01,1.255090000000000094e-01,0.000000000000000000e+00
5.310000000000003606e-01,5.044339995947666466e-01,1.375400000000000060e-02,1.001969999999999944e-01,2.570430000000000215e-01,1.260010000000000019e-01,0.000000000000000000e+00
5.320000000000003615e-01,5.042439952376298606e-01,1.366799999999999959e-02,1.001009999999999955e-01,2.570100000000000162e-01,1.257389999999999897e-01,0.000000000000000000e+00
5.330000000000003624e-01,5.414379993453621864e-01,1.370999999999999996e-02,1.001189999999999997e-01,2.917750000000000066e-01,1.274129999999999985e-01,0.000000000000000000e+00
5.340000000000003633e-01,5.370710059651173651e-01,1.497500000000000046e-02,1.194360000000000005e-01,2.629879999999999995e-01,1.298980000000000135e-01,0.000000000000000000e+00
5.350000000000003642e-01,5.125919997226446867e-01,1.396700000000000025e-02,1.004079999999999973e-01,2.629310000000000258e-01,1.274839999999999862e-01,0.000000000000000000e+00
5.360000000000003650e-01,5.702500056941062212e-01,1.402199999999999974e-02,1.109519999999999951e-01,2.913160000000000194e-01,1.448129999999999973e-01,0.000000000000000000e+00
5.370000000000003659e-01,5.589069987763650715e-01,1.496399999999999987e-02,1.071740000000000054e-01,2.881409999999999805e-01,1.375159999999999993e-01,0.000000000000000000e+00
5.380000000000003668e-01,5.202989996178075671e-01,1.484599999999999982e-02,1.053439999999999932e-01,2.627269999999999883e-01,1.282069999999999876e-01,0.000000000000000000e+00
5.390000000000003677e-01,5.061310002929531038e-01,1.414299999999999932e-02,1.001900000000000013e-01,2.577309999999999879e-01,1.263110000000000066e-01,0.000000000000000000e+00
5.400000000000003686e-01,5.097649991512298584e-01,1.388600000000000077e-02,1.004140000000000033e-01,2.615859999999999852e-01,1.260560000000000014e-01,0.000000000000000000e+00
5.410000000000003695e-01,5.098859983263537288e-01,1.365399999999999947e-02,1.045289999999999969e-01,2.575109999999999899e-01,1.261319999999999941e-01,0.000000000000000000e+00
5.420000000000003704e-01,5.043479977757669985e-01,1.366700000000000033e-02,9.998500000000000443e-02,2.571910000000000029e-01,1.258579999999999977e-01,0.000000000000000000e+00
5.430000000000003713e-01,5.044539939262904227e-01,1.370299999999999990e-02,1.002389999999999948e-01,2.571300000000000252e-01,1.259570000000000134e-01,0.000000000000000000e+00
5.440000000000003721e-01,5.078550020698457956e-01,1.363499999999999955e-02,1.003050000000000053e-01,2.570000000000000062e-01,1.292190000000000005e-01,0.000000000000000000e+00
5.450000000000003730e-01,5.090749982628040016e-01,1.358600000000000085e-02,1.002569999999999989e-01,2.614150000000000085e-01,1.260219999999999951e-01,0.000000000000000000e+00
5.460000000000003739e-01,5.086009987280704081e-01,1.357599999999999953e-02,1.044039999999999968e-01,2.574580000000000202e-01,1.256110000000000004e-01,0.000000000000000000e+00
5.470000000000003748e-01,5.040350006311200559e-01,1.371499999999999976e-02,9.983499999999999319e-02,2.573250000000000259e-01,1.255050000000000054e-01,0.000000000000000000e+00
5.480000000000003757e-01,5.045580037403851748e-01,1.367400000000000039e-02,1.004280000000000034e-01,2.577840000000000131e-01,1.253710000000000102e-01,0.000000000000000000e+00
5.490000000000003766e-01,5.086329983896575868e-01,1.366700000000000033e-02,9.993299999999999406e-02,2.569330000000000225e-01,1.303850000000000009e-01,0.000000000000000000e+00
5.500000000000003775e-01,5.293330032145604491e-01,1.369599999999999984e-02,1.001699999999999952e-01,2.613920000000000132e-01,1.445460000000000078e-01,0.000000000000000000e+00
5.510000000000003784e-01,5.267829983495175838e-01,1.548500000000000050e-02,1.067519999999999997e-01,2.624969999999999803e-01,1.317750000000000032e-01,0.000000000000000000e+00
5.520000000000003793e-01,5.057110029156319797e-01,1.390199999999999943e-02,1.004440000000000055e-01,2.576729999999999854e-01,1.255410000000000137e-01,0.000000000000000000e+00
5.530000000000003801e-01,5.094540028949268162e-01,1.382700000000000075e-02,1.004519999999999996e-01,2.576010000000000244e-01,1.298739999999999895e-01,0.000000000000000000e+00
5.540000000000003810e-01,5.092849969514645636e-01,1.380299999999999930e-02,1.000980000000000064e-01,2.612539999999999862e-01,1.259359999999999924e-01,0.000000000000000000e+00
5.550000000000003819e-01,5.041440017521381378e-01,1.365800000000000000e-02,1.004410000000000025e-01,2.569919999999999982e-01,1.254750000000000032e-01,0.000000000000000000e+00
5.560000000000003828e-01,5.053540007793344557e-01,1.371499999999999976e-02,1.002829999999999971e-01,2.575040000000000107e-01,1.262199999999999989e-01,0.000000000000000000e+00
5.570000000000003837e-01,5.033519992139190435e-01,1.371700000000000003e-02,9.937699999999999312e-02,2.571450000000000125e-01,1.255719999999999892e-01,0.000000000000000000e+00
5.580000000000003846e-01,5.079320035292766988e-01,1.363499999999999955e-02,1.002760000000000040e-01,2.609199999999999853e-01,1.254629999999999912e-01,0.000000000000000000e+00
5.590000000000003855e-01,5.090240010758861899e-01,1.361000000000000057e-02,9.995999999999999330e-02,2.617300000000000182e-01,1.257290000000000074e-01,0.000000000000000000e+00
5.600000000000003864e-01,5.044690042268484831e-01,1.375499999999999987e-02,1.003180000000000044e-01,2.571490000000000165e-01,1.259609999999999896e-01,0.000000000000000000e+00
5.610000000000003872e-01,5.033699999330565333e-01,1.367400000000000039e-02,1.000640000000000002e-01,2.568889999999999785e-01,1.252840000000000065e-01,0.000000000000000000e+00
5.620000000000003881e-01,5.085090015199966729e-01,1.372600000000000035e-02,1.004580000000000056e-01,2.571829999999999949e-01,1.295129999999999892e-01,0.000000000000000000e+00
5.630000000000003890e-01,5.099879999761469662e-01,1.372400000000000009e-02,1.001589999999999980e-01,2.630730000000000013e-01,1.253170000000000117e-01,0.000000000000000000e+00
5.640000000000003899e-01,5.104309966554865241e-01,1.368800000000000051e-02,1.046860000000000013e-01,2.575839999999999796e-01,1.266220000000000123e-01,0.000000000000000000e+00
5.650000000000003908e-01,5.049510000390000641e-01,1.376400000000000019e-02,1.002870000000000011e-01,2.573949999999999849e-01,1.258450000000000124e-01,0.000000000000000000e+00
5.660000000000003917e-01,5.041140029788948596e-01,1.365000000000000067e-02,1.001790000000000042e-01,2.571760000000000157e-01,1.255890000000000062e-01,0.000000000000000000e+00
5.670000000000003926e-01,5.087310055387206376e-01,1.370299999999999990e-02,1.001500000000000029e-01,2.572809999999999819e-01,1.300640000000000129e-01,0.000000000000000000e+00
5.680000000000003935e-01,5.082339994260109961e-01,1.361500000000000037e-02,1.002740000000000020e-01,2.610979999999999968e-01,1.257020000000000082e-01,0.000000000000000000e+00
5.690000000000003944e-01,5.080580012872815132e-01,1.758399999999999894e-02,1.002590000000000009e-01,2.570060000000000122e-01,1.256770000000000109e-01,0.000000000000000000e+00
5.700000000000003952e-01,5.036400034441612661e-01,1.363600000000000055e-02,1.003180000000000044e-01,2.567860000000000142e-01,1.255280000000000007e-01,0.000000000000000000e+00
5.710000000000003961e-01,5.044339995947666466e-01,1.365500000000000047e-02,1.001319999999999988e-01,2.571019999999999972e-01,1.256609999999999949e-01,0.000000000000000000e+00
5.720000000000003970e-01,5.077829991932958364e-01,1.367200000000000013e-02,9.986000000000000432e-02,2.571849999999999969e-01,1.293880000000000030e-01,0.000000000000000000e+00
5.730000000000003979e-01,5.071050036349333823e-01,1.369000000000000078e-02,9.921499999999999764e-02,2.611109999999999820e-01,1.256799999999999862e-01,0.000000000000000000e+00
5.740000000000003988e-01,5.038289964431896806e-01,1.366999999999999986e-02,1.004000000000000031e-01,2.568250000000000255e-01,1.254720000000000002e-01,0.000000000000000000e+00
5.750000000000003997e-01,5.042150005465373397e-01,1.367499999999999966e-02,1.004509999999999986e-01,2.573010000000000019e-01,1.255100000000000104e-01,0.000000000000000000e+00
5.760000000000004006e-01,5.044040008215233684e-01,1.367299999999999939e-02,1.004769999999999969e-01,2.571829999999999949e-01,1.255979999999999874e-01,0.000000000000000000e+00
5.770000000000004015e-01,5.078849935671314597e-01,1.373300000000000042e-02,1.000500000000000000e-01,2.610779999999999768e-01,1.252840000000000065e-01,0.000000000000000000e+00
5.780000000000004023e-01,5.085840020910836756e-01,1.375700000000000013e-02,1.001309999999999978e-01,2.612309999999999910e-01,1.258759999999999879e-01,0.000000000000000000e+00
5.790000000000004032e-01,5.039249954279512167e-01,1.378599999999999964e-02,1.000430000000000069e-01,2.569460000000000077e-01,1.258579999999999977e-01,0.000000000000000000e+00
5.800000000000004041e-01,5.041109980084002018e-01,1.366599999999999933e-02,1.001490000000000019e-01,2.570290000000000075e-01,1.257749999999999979e-01,0.000000000000000000e+00
5.810000000000004050e-01,5.086379969725385308e-01,1.369800000000000011e-02,1.006470000000000004e-01,2.572240000000000082e-01,1.293120000000000103e-01,0.000000000000000000e+00
5.820000000000004059e-01,5.089070036774501204e-01,1.369599999999999984e-02,1.003720000000000029e-01,2.616060000000000052e-01,1.257800000000000029e-01,0.000000000000000000e+00
5.830000000000004068e-01,5.079309994471259415e-01,1.365099999999999994e-02,1.043150000000000049e-01,2.570600000000000107e-01,1.251960000000000017e-01,0.000000000000000000e+00
5.840000000000004077e-01,5.030789980082772672e-01,1.377300000000000052e-02,9.986299999999999344e-02,2.569899999999999962e-01,1.249740000000000018e-01,0.000000000000000000e+00
5.850000000000004086e-01,5.038279996369965374e-01,1.372400000000000009e-02,1.001599999999999990e-01,2.570259999999999767e-01,1.255749999999999922e-01,0.000000000000000000e+00
5.860000000000004095e-01,5.088569960207678378e-01,1.364399999999999988e-02,1.003140000000000004e-01,2.573110000000000119e-01,1.297200000000000020e-01,0.000000000000000000e+00
5.870000000000004103e-01,5.106460012029856443e-01,1.374700000000000054e-02,1.004550000000000026e-01,2.615739999999999732e-01,1.265950000000000131e-01,0.000000000000000000e+00
5.880000000000004112e-01,5.055740039097145200e-01,1.372899999999999988e-02,1.003799999999999970e-01,2.573819999999999997e-01,1.261649999999999994e-01,0.000000000000000000e+00
5.890000000000004121e-01,5.043510027462616563e-01,1.376800000000000072e-02,1.001869999999999983e-01,2.568630000000000080e-01,1.260749999999999926e-01,0.000000000000000000e+00
5.900000000000004130e-01,5.066559970146045089e-01,1.375299999999999960e-02,1.007819999999999966e-01,2.576609999999999734e-01,1.266710000000000058e-01,0.000000000000000000e+00
5.910000000000004139e-01,5.131099969730712473e-01,1.381600000000000016e-02,1.003679999999999989e-01,2.644560000000000244e-01,1.263509999999999911e-01,0.000000000000000000e+00
5.920000000000004148e-01,5.092860010336153209e-01,1.376100000000000066e-02,1.002880000000000021e-01,2.616220000000000212e-01,1.258279999999999954e-01,0.000000000000000000e+00
5.930000000000004157e-01,5.047100057709030807e-01,1.374300000000000001e-02,1.001839999999999953e-01,2.574279999999999902e-01,1.258289999999999964e-01,0.000000000000000000e+00
5.940000000000004166e-01,5.038080053054727614e-01,1.362700000000000022e-02,9.989099999999999369e-02,2.570089999999999875e-01,1.255419999999999869e-01,0.000000000000000000e+00
5.950000000000004174e-01,5.082650022814050317e-01,1.369000000000000078e-02,1.000709999999999933e-01,2.573130000000000139e-01,1.296420000000000072e-01,0.000000000000000000e+00
5.960000000000004183e-01,5.085529992356896400e-01,1.366000000000000027e-02,1.002979999999999983e-01,2.617289999999999894e-01,1.250999999999999890e-01,0.000000000000000000e+00
5.970000000000004192e-01,5.083459982415661216e-01,1.370999999999999996e-02,1.041569999999999996e-01,2.572670000000000234e-01,1.255830000000000002e-01,0.000000000000000000e+00
5.980000000000004201e-01,5.407870048657059669e-01,1.536700000000000045e-02,1.051929999999999948e-01,2.710250000000000159e-01,1.379009999999999958e-01,0.000000000000000000e+00
5.990000000000004210e-01,5.253109993645921350e-01,1.439700000000000008e-02,1.043469999999999953e-01,2.620319999999999871e-01,1.353590000000000071e-01,0.000000000000000000e+00
6.000000000000004219e-01,5.210620001889765263e-01,1.375000000000000007e-02,1.005700000000000066e-01,2.714099999999999846e-01,1.270030000000000048e-01,0.000000000000000000e+00
6.010000000000004228e-01,5.140659995959140360e-01,1.458300000000000048e-02,1.033870000000000067e-01,2.603119999999999878e-01,1.274510000000000087e-01,0.000000000000000000e+00
6.020000000000004237e-01,5.054959983681328595e-01,1.383299999999999981e-02,1.003870000000000040e-01,2.575749999999999984e-01,1.261390000000000011e-01,0.000000000000000000e+00
6.030000000000004245e-01,5.156179977348074317e-01,1.372800000000000062e-02,1.002929999999999933e-01,2.575649999999999884e-01,1.361290000000000000e-01,0.000000000000000000e+00
6.040000000000004254e-01,5.168209972907789052e-01,1.382300000000000022e-02,1.006819999999999937e-01,2.677780000000000160e-01,1.264010000000000133e-01,0.000000000000000000e+00
6.050000000000004263e-01,5.193789984332397580e-01,1.385800000000000053e-02,1.118829999999999963e-01,2.581709999999999838e-01,1.267419999999999936e-01,0.000000000000000000e+00
6.060000000000004272e-01,5.193760007387027144e-01,1.404500000000000019e-02,1.025370000000000031e-01,2.640959999999999974e-01,1.299420000000000019e-01,0.000000000000000000e+00
6.070000000000004281e-01,5.175309997866861522e-01,1.412199999999999914e-02,1.022419999999999995e-01,2.592929999999999957e-01,1.332480000000000053e-01,0.000000000000000000e+00
6.080000000000004290e-01,5.103410003357566893e-01,1.375099999999999933e-02,1.009960000000000024e-01,2.616789999999999949e-01,1.261069999999999969e-01,0.000000000000000000e+00
6.090000000000004299e-01,5.049280007369816303e-01,1.372400000000000009e-02,1.004020000000000051e-01,2.574710000000000054e-01,1.256539999999999879e-01,0.000000000000000000e+00
6.100000000000004308e-01,5.039929965278133750e-01,1.368499999999999925e-02,1.000079999999999997e-01,2.569429999999999770e-01,1.257429999999999937e-01,0.000000000000000000e+00
6.110000000000004317e-01,5.051339976489543915e-01,1.370399999999999917e-02,9.988600000000000256e-02,2.578690000000000149e-01,1.262399999999999911e-01,0.000000000000000000e+00
6.120000000000004325e-01,5.087080062367022038e-01,1.405600000000000079e-02,1.003689999999999999e-01,2.610100000000000198e-01,1.254859999999999864e-01,0.000000000000000000e+00
6.130000000000004334e-01,4.972089955117553473e-01,1.331000000000000065e-02,9.764899999999999969e-02,2.554299999999999904e-01,1.232479999999999964e-01,0.000000000000000000e+00
6.140000000000004343e-01,4.925239991280250251e-01,1.329999999999999932e-02,9.799299999999999677e-02,2.510180000000000189e-01,1.228280000000000066e-01,0.000000000000000000e+00
6.150000000000004352e-01,4.934030002914369106e-01,1.345700000000000021e-02,9.807599999999999651e-02,2.513360000000000039e-01,1.232250000000000012e-01,0.000000000000000000e+00
6.160000000000004361e-01,4.933090021950192750e-01,1.337799999999999927e-02,9.795800000000000340e-02,2.511849999999999916e-01,1.232049999999999951e-01,0.000000000000000000e+00
6.170000000000004370e-01,4.990960005670785904e-01,1.336999999999999994e-02,9.905799999999999328e-02,2.517539999999999778e-01,1.273450000000000137e-01,0.000000000000000000e+00
6.180000000000004379e-01,4.985690029570832849e-01,1.337900000000000027e-02,9.785399999999999654e-02,2.565140000000000198e-01,1.232349999999999973e-01,0.000000000000000000e+00
6.190000000000004388e-01,5.369240025174804032e-01,1.394899999999999959e-02,1.016500000000000042e-01,2.777729999999999921e-01,1.325129999999999919e-01,0.000000000000000000e+00
6.200000000000004396e-01,5.044409990659914911e-01,1.401299999999999941e-02,1.019400000000000028e-01,2.560950000000000171e-01,1.235990000000000005e-01,0.000000000000000000e+00
6.210000000000004405e-01,4.995130002498626709e-01,1.372400000000000009e-02,9.818399999999999350e-02,2.563150000000000150e-01,1.234650000000000053e-01,0.000000000000000000e+00
6.220000000000004414e-01,4.989129956811666489e-01,1.349000000000000025e-02,9.791700000000000403e-02,2.565720000000000223e-01,1.233510000000000023e-01,0.000000000000000000e+00
6.230000000000004423e-01,4.931090006721206009e-01,1.346299999999999927e-02,9.794400000000000328e-02,2.513340000000000019e-01,1.229399999999999937e-01,0.000000000000000000e+00
6.240000000000004432e-01,4.934469980071298778e-01,1.332200000000000051e-02,9.833200000000000274e-02,2.515029999999999766e-01,1.229279999999999956e-01,0.000000000000000000e+00
6.250000000000004441e-01,4.925879984511993825e-01,1.340700000000000051e-02,9.780899999999999317e-02,2.514469999999999761e-01,1.227430000000000049e-01,0.000000000000000000e+00
6.260000000000004450e-01,4.972099995939061046e-01,1.333600000000000063e-02,9.812200000000000089e-02,2.511169999999999791e-01,1.270360000000000100e-01,0.000000000000000000e+00
6.270000000000004459e-01,4.970950030838139355e-01,1.345299999999999968e-02,9.755500000000000282e-02,2.556370000000000031e-01,1.230399999999999966e-01,0.000000000000000000e+00
6.280000000000004468e-01,4.975049960194155574e-01,1.346400000000000027e-02,1.022689999999999988e-01,2.517010000000000081e-01,1.226079999999999948e-01,0.000000000000000000e+00
6.290000000000004476e-01,4.923079977743327618e-01,1.346299999999999927e-02,9.756099999999999495e-02,2.513599999999999723e-01,1.228309999999999957e-01,0.000000000000000000e+00
6.300000000000004485e-01,4.929850038024596870e-01,1.335700000000000082e-02,9.823500000000000287e-02,2.512679999999999914e-01,1.229969999999999952e-01,0.000000000000000000e+00
6.310000000000004494e-01,4.933509990223683417e-01,1.336999999999999994e-02,9.807399999999999451e-02,2.512349999999999861e-01,1.231679999999999997e-01,0.000000000000000000e+00
6.320000000000004503e-01,5.074419968877919018e-01,1.335300000000000029e-02,9.800000000000000377e-02,2.654170000000000140e-01,1.230539999999999967e-01,0.000000000000000000e+00
6.330000000000004512e-01,5.405830015661194921e-01,1.547699999999999944e-02,1.264979999999999993e-01,2.582860000000000156e-01,1.296489999999999865e-01,0.000000000000000000e+00
6.340000000000004521e-01,4.964480031048879027e-01,1.361700000000000063e-02,9.851300000000000334e-02,2.527889999999999859e-01,1.232739999999999947e-01,0.000000000000000000e+00
6.350000000000004530e-01,4.929979986627586186e-01,1.338899999999999986e-02,9.764499999999999569e-02,2.513730000000000131e-01,1.230709999999999998e-01,0.000000000000000000e+00
6.360000000000004539e-01,4.980140001862309873e-01,1.328599999999999920e-02,9.813199999999999701e-02,2.519049999999999900e-01,1.271670000000000023e-01,0.000000000000000000e+00
6.370000000000004547e-01,4.968149951309897006e-01,1.334600000000000022e-02,9.743899999999999784e-02,2.552220000000000044e-01,1.233380000000000032e-01,0.000000000000000000e+00
6.380000000000004556e-01,4.969240035279653966e-01,1.346900000000000007e-02,1.020869999999999972e-01,2.516379999999999728e-01,1.222140000000000032e-01,0.000000000000000000e+00
6.390000000000004565e-01,4.934759999741800129e-01,1.339199999999999939e-02,9.799199999999999577e-02,2.514210000000000056e-01,1.229719999999999980e-01,0.000000000000000000e+00
6.400000000000004574e-01,4.923610031255520880e-01,1.330899999999999965e-02,9.784500000000000142e-02,2.512550000000000061e-01,1.225600000000000023e-01,0.000000000000000000e+00
6.410000000000004583e-01,4.976449999958276749e-01,1.342899999999999996e-02,9.783000000000000029e-02,2.521709999999999785e-01,1.269280000000000130e-01,0.000000000000000000e+00
6.420000000000004592e-01,5.833050017827190459e-01,1.342600000000000043e-02,9.819500000000000450e-02,2.953239999999999754e-01,1.685079999999999911e-01,0.000000000000000000e+00
6.430000000000004601e-01,5.004170016036368906e-01,1.382199999999999922e-02,9.995999999999999330e-02,2.538839999999999986e-01,1.247609999999999969e-01,0.000000000000000000e+00
6.440000000000004610e-01,4.947029956383630633e-01,1.349200000000000052e-02,9.848099999999999909e-02,2.520580000000000043e-01,1.233589999999999964e-01,0.000000000000000000e+00
6.450000000000004619e-01,5.329209961928427219e-01,1.351600000000000024e-02,9.816600000000000326e-02,2.518770000000000175e-01,1.613100000000000089e-01,0.000000000000000000e+00
6.460000000000004627e-01,5.305939994286745787e-01,1.329800000000000079e-02,9.768200000000000494e-02,2.897589999999999888e-01,1.224819999999999937e-01,0.000000000000000000e+00
6.470000000000004636e-01,5.048969978815875947e-01,2.621300000000000019e-02,9.736000000000000210e-02,2.511999999999999789e-01,1.224670000000000064e-01,0.000000000000000000e+00
6.480000000000004645e-01,4.927400004817172885e-01,1.344799999999999988e-02,9.775300000000000655e-02,2.512769999999999726e-01,1.230440000000000006e-01,0.000000000000000000e+00
6.490000000000004654e-01,4.932070005452260375e-01,1.331700000000000071e-02,9.798400000000000165e-02,2.514859999999999873e-01,1.230799999999999950e-01,0.000000000000000000e+00
6.500000000000004663e-01,5.279999968479387462e-01,1.333100000000000084e-02,9.800300000000000678e-02,2.861779999999999879e-01,1.228699999999999931e-01,0.000000000000000000e+00
6.510000000000004672e-01,4.976599957444705069e-01,1.341099999999999931e-02,9.805600000000000427e-02,2.558699999999999863e-01,1.226389999999999980e-01,0.000000000000000000e+00
6.520000000000004681e-01,4.932500014547258615e-01,1.340299999999999998e-02,9.826600000000000612e-02,2.513389999999999791e-01,1.227889999999999954e-01,0.000000000000000000e+00
6.530000000000004690e-01,4.932930023642256856e-01,1.333799999999999916e-02,9.797799999999999565e-02,2.515919999999999823e-01,1.230620000000000047e-01,0.000000000000000000e+00
6.540000000000004698e-01,4.927389963995665312e-01,1.328999999999999973e-02,9.803399999999999614e-02,2.513589999999999991e-01,1.228049999999999975e-01,0.000000000000000000e+00
6.550000000000004707e-01,4.976500058546662331e-01,1.344799999999999988e-02,9.792299999999999616e-02,2.516260000000000163e-01,1.271190000000000098e-01,0.000000000000000000e+00
6.560000000000004716e-01,4.976720010745339096e-01,1.335500000000000055e-02,9.785499999999999754e-02,2.557749999999999746e-01,1.231399999999999995e-01,0.000000000000000000e+00
6.570000000000004725e-01,4.991020032321102917e-01,1.341700000000000011e-02,1.027880000000000044e-01,2.520240000000000258e-01,1.230850000000000000e-01,0.000000000000000000e+00
6.580000000000004734e-01,4.933809977956116199e-01,1.329299999999999926e-02,9.810800000000000076e-02,2.517199999999999993e-01,1.230119999999999963e-01,0.000000000000000000e+00
6.590000000000004743e-01,4.936789991916157305e-01,1.338300000000000080e-02,9.785499999999999754e-02,2.516820000000000168e-01,1.232749999999999957e-01,0.000000000000000000e+00
6.600000000000004752e-01,4.967519998899661005e-01,1.340099999999999972e-02,9.818999999999999950e-02,2.513659999999999783e-01,1.262900000000000134e-01,0.000000000000000000e+00
6.610000000000004761e-01,4.970340014551766217e-01,1.345499999999999995e-02,9.748900000000000621e-02,2.558989999999999876e-01,1.226710000000000023e-01,0.000000000000000000e+00
6.620000000000004770e-01,4.978509969078004360e-01,1.343100000000000023e-02,9.819899999999999463e-02,2.556519999999999904e-01,1.229589999999999989e-01,0.000000000000000000e+00
6.630000000000004778e-01,4.929490023641847074e-01,1.335199999999999929e-02,9.809199999999999864e-02,2.514700000000000268e-01,1.227580000000000060e-01,0.000000000000000000e+00
6.640000000000004787e-01,4.929450005874969065e-01,1.332299999999999977e-02,9.823999999999999400e-02,2.513750000000000151e-01,1.226870000000000044e-01,0.000000000000000000e+00
6.650000000000004796e-01,4.937230041832663119e-01,1.337799999999999927e-02,9.849399999999999822e-02,2.513369999999999771e-01,1.230959999999999971e-01,0.000000000000000000e+00
6.660000000000004805e-01,4.968089997419156134e-01,1.336200000000000061e-02,9.821699999999999875e-02,2.511160000000000059e-01,1.266490000000000116e-01,0.000000000000000000e+00
6.670000000000004814e-01,4.990470042685046792e-01,1.331799999999999998e-02,9.802800000000000402e-02,2.574949999999999739e-01,1.226219999999999949e-01,0.000000000000000000e+00
6.680000000000004823e-01,4.977499993401579559e-01,1.336399999999999914e-02,1.020250000000000046e-01,2.513420000000000099e-01,1.235519999999999952e-01,0.000000000000000000e+00
6.690000000000004832e-01,4.959490033797919750e-01,1.369700000000000084e-02,9.854000000000000259e-02,2.521269999999999900e-01,1.237639999999999990e-01,0.000000000000000000e+00
6.700000000000004841e-01,4.939349964843131602e-01,1.354600000000000075e-02,9.815599999999999326e-02,2.513889999999999736e-01,1.233090000000000019e-01,0.000000000000000000e+00
6.710000000000004849e-01,5.305439990479499102e-01,1.343300000000000050e-02,9.747699999999999421e-02,2.550600000000000089e-01,1.569230000000000069e-01,0.000000000000000000e+00
6.720000000000004858e-01,5.307039973558858037e-01,1.331399999999999945e-02,9.798700000000000465e-02,2.893879999999999786e-01,1.223899999999999988e-01,0.000000000000000000e+00
6.730000000000004867e-01,5.221379979047924280e-01,1.343100000000000023e-02,9.807200000000000639e-02,2.805150000000000143e-01,1.227589999999999931e-01,0.000000000000000000e+00
6.740000000000004876e-01,4.929119968437589705e-01,1.329999999999999932e-02,9.803099999999999314e-02,2.515879999999999783e-01,1.227130000000000026e-01,0.000000000000000000e+00
6.750000000000004885e-01,4.935239994665607810e-01,1.341400000000000058e-02,9.796599999999999753e-02,2.520339999999999803e-01,1.225819999999999965e-01,0.000000000000000000e+00
6.760000000000004894e-01,4.968379944330081344e-01,1.336299999999999988e-02,9.775799999999999768e-02,2.553799999999999959e-01,1.228560000000000069e-01,0.000000000000000000e+00
6.770000000000004903e-01,4.966589985997416079e-01,1.340599999999999951e-02,9.792199999999999516e-02,2.553179999999999894e-01,1.226369999999999960e-01,0.000000000000000000e+00
6.780000000000004912e-01,4.929380011162720621e-01,1.331700000000000071e-02,9.764499999999999569e-02,2.516990000000000061e-01,1.229009999999999964e-01,0.000000000000000000e+00
6.790000000000004921e-01,4.923419983242638409e-01,1.340900000000000078e-02,9.773400000000000143e-02,2.511249999999999871e-01,1.228889999999999982e-01,0.000000000000000000e+00
6.800000000000004929e-01,4.918490012641996145e-01,1.325899999999999995e-02,9.762700000000000544e-02,2.515410000000000146e-01,1.221720000000000028e-01,0.000000000000000000e+00
6.810000000000004938e-01,4.966249980498105288e-01,1.343500000000000076e-02,9.750499999999999445e-02,2.514739999999999753e-01,1.268140000000000100e-01,0.000000000000000000e+00
6.820000000000004947e-01,4.962189996149390936e-01,1.325800000000000069e-02,9.751999999999999558e-02,2.554440000000000044e-01,1.224470000000000003e-01,0.000000000000000000e+00
6.830000000000004956e-01,4.972570022800937295e-01,1.336700000000000041e-02,1.019909999999999983e-01,2.512240000000000029e-01,1.231629999999999947e-01,0.000000000000000000e+00
6.840000000000004965e-01,4.924419990857131779e-01,1.328599999999999920e-02,9.794600000000000528e-02,2.511909999999999976e-01,1.227710000000000051e-01,0.000000000000000000e+00
6.850000000000004974e-01,4.925329994875937700e-01,1.341799999999999937e-02,9.776100000000000068e-02,2.514629999999999921e-01,1.225580000000000003e-01,0.000000000000000000e+00
6.860000000000004983e-01,4.928309936076402664e-01,1.333100000000000084e-02,9.768300000000000594e-02,2.516120000000000023e-01,1.225180000000000019e-01,0.000000000000000000e+00
6.870000000000004992e-01,4.971359958290122449e-01,1.340200000000000072e-02,9.784700000000000342e-02,2.558349999999999791e-01,1.227000000000000035e-01,0.000000000000000000e+00
6.880000000000005000e-01,4.970820009475573897e-01,1.336999999999999994e-02,9.802099999999999702e-02,2.557220000000000049e-01,1.225969999999999976e-01,0.000000000000000000e+00
6.890000000000005009e-01,4.918730046483688056e-01,1.341000000000000004e-02,9.722400000000000486e-02,2.515310000000000046e-01,1.224399999999999933e-01,0.000000000000000000e+00
6.900000000000005018e-01,4.928589987684972584e-01,1.345799999999999948e-02,9.809299999999999964e-02,2.514339999999999908e-01,1.225490000000000052e-01,0.000000000000000000e+00
6.910000000000005027e-01,4.925009998260065913e-01,1.343699999999999929e-02,9.745299999999999796e-02,2.516240000000000143e-01,1.226379999999999970e-01,0.000000000000000000e+00
6.920000000000005036e-01,4.967640052200295031e-01,1.334899999999999975e-02,9.810199999999999476e-02,2.511789999999999856e-01,1.266490000000000116e-01,0.000000000000000000e+00
6.930000000000005045e-01,4.968419962096959352e-01,1.342299999999999917e-02,9.777500000000000080e-02,2.555319999999999814e-01,1.227000000000000035e-01,0.000000000000000000e+00
6.940000000000005054e-01,4.965069965692237020e-01,1.335500000000000055e-02,1.017990000000000006e-01,2.514569999999999861e-01,1.225709999999999994e-01,0.000000000000000000e+00
6.950000000000005063e-01,4.920979990856721997e-01,1.341099999999999931e-02,9.768999999999999906e-02,2.513190000000000146e-01,1.223869999999999958e-01,0.000000000000000000e+00
6.960000000000005071e-01,4.811799954040907323e-01,1.300600000000000020e-02,9.555099999999999705e-02,2.459099999999999897e-01,1.198250000000000010e-01,0.000000000000000000e+00
6.970000000000005080e-01,4.820230024051852524e-01,1.321800000000000058e-02,9.563099999999999379e-02,2.462040000000000062e-01,1.199110000000000037e-01,0.000000000000000000e+00
6.980000000000005089e-01,4.863109934376552701e-01,1.308499999999999941e-02,9.552700000000000080e-02,2.464949999999999919e-01,1.238640000000000019e-01,0.000000000000000000e+00
6.990000000000005098e-01,4.869100012001581490e-01,1.313500000000000084e-02,9.594600000000000350e-02,2.501309999999999922e-01,1.204619999999999996e-01,0.000000000000000000e+00
7.000000000000005107e-01,4.865010050707496703e-01,1.313899999999999964e-02,9.977400000000000158e-02,2.463289999999999924e-01,1.201089999999999935e-01,0.000000000000000000e+00
7.010000000000005116e-01,4.819879977731034160e-01,1.319799999999999966e-02,9.555500000000000105e-02,2.466329999999999911e-01,1.195449999999999985e-01,0.000000000000000000e+00
7.020000000000005125e-01,4.817340013687498868e-01,1.312499999999999951e-02,9.582400000000000639e-02,2.459610000000000130e-01,1.197300000000000031e-01,0.000000000000000000e+00
7.030000000000005134e-01,4.823370036319829524e-01,1.321800000000000058e-02,9.579899999999999527e-02,2.458359999999999990e-01,1.200900000000000023e-01,0.000000000000000000e+00
7.040000000000005143e-01,5.705889998353086412e-01,1.314799999999999996e-02,9.597500000000000475e-02,3.023460000000000036e-01,1.520239999999999925e-01,0.000000000000000000e+00
7.050000000000005151e-01,5.721409979742020369e-01,1.321800000000000058e-02,9.608200000000000074e-02,3.068150000000000044e-01,1.487259999999999971e-01,0.000000000000000000e+00
7.060000000000005160e-01,4.819039968424476683e-01,1.313300000000000058e-02,9.571100000000000441e-02,2.460350000000000037e-01,1.197809999999999986e-01,0.000000000000000000e+00
7.070000000000005169e-01,4.819850000785663724e-01,1.318100000000000001e-02,9.549900000000000055e-02,2.460870000000000002e-01,1.199940000000000034e-01,0.000000000000000000e+00
7.080000000000005178e-01,4.821589973289519548e-01,1.323200000000000071e-02,9.564999999999999891e-02,2.461260000000000114e-01,1.199370000000000019e-01,0.000000000000000000e+00
7.090000000000005187e-01,4.813889972865581512e-01,1.317199999999999968e-02,9.567900000000000016e-02,2.458899999999999975e-01,1.197300000000000031e-01,0.000000000000000000e+00
7.100000000000005196e-01,4.849570032092742622e-01,1.314199999999999917e-02,9.543400000000000494e-02,2.455179999999999862e-01,1.236560000000000020e-01,0.000000000000000000e+00
7.110000000000005205e-01,4.858469983446411788e-01,1.314399999999999943e-02,9.586300000000000376e-02,2.497020000000000073e-01,1.201020000000000004e-01,0.000000000000000000e+00
7.120000000000005214e-01,4.865609953412786126e-01,1.300499999999999920e-02,1.007129999999999970e-01,2.459119999999999917e-01,1.194120000000000043e-01,0.000000000000000000e+00
7.130000000000005222e-01,4.820899994228966534e-01,1.315999999999999982e-02,9.574199999999999378e-02,2.458940000000000015e-01,1.200930000000000053e-01,0.000000000000000000e+00
7.140000000000005231e-01,4.819899986614473164e-01,1.308600000000000041e-02,9.589100000000000401e-02,2.459030000000000105e-01,1.200809999999999933e-01,0.000000000000000000e+00
7.150000000000005240e-01,4.823300041607581079e-01,1.301000000000000073e-02,9.590700000000000613e-02,2.460479999999999889e-01,1.201539999999999969e-01,0.000000000000000000e+00
7.160000000000005249e-01,4.861150009674020112e-01,1.310500000000000033e-02,9.591299999999999826e-02,2.457640000000000102e-01,1.241430000000000033e-01,0.000000000000000000e+00
7.170000000000005258e-01,4.847360032727010548e-01,1.315200000000000050e-02,9.533899999999999320e-02,2.494830000000000103e-01,1.196709999999999996e-01,0.000000000000000000e+00
7.180000000000005267e-01,4.858190004597418010e-01,1.308100000000000061e-02,9.586000000000000076e-02,2.500479999999999925e-01,1.197850000000000026e-01,0.000000000000000000e+00
7.190000000000005276e-01,4.818829984287731349e-01,1.315799999999999956e-02,9.548099999999999643e-02,2.460839999999999972e-01,1.201009999999999994e-01,0.000000000000000000e+00
7.200000000000005285e-01,4.814979984075762331e-01,1.309100000000000021e-02,9.577299999999999702e-02,2.455890000000000017e-01,1.200930000000000053e-01,0.000000000000000000e+00
7.210000000000005294e-01,4.820909962290897965e-01,1.318399999999999954e-02,9.535299999999999332e-02,2.459139999999999937e-01,1.202130000000000004e-01,0.000000000000000000e+00
7.220000000000005302e-01,4.818399975192733109e-01,1.305300000000000037e-02,9.572100000000000053e-02,2.457169999999999910e-01,1.205180000000000001e-01,0.000000000000000000e+00
7.230000000000005311e-01,4.852470010519027710e-01,1.311299999999999966e-02,9.506599999999999773e-02,2.458239999999999870e-01,1.240590000000000026e-01,0.000000000000000000e+00
7.240000000000005320e-01,4.854340004385448992e-01,1.300600000000000020e-02,9.570099999999999441e-02,2.498219999999999885e-01,1.197119999999999990e-01,0.000000000000000000e+00
7.250000000000005329e-01,4.859159962506964803e-01,1.317800000000000048e-02,9.964000000000000634e-02,2.458829999999999905e-01,1.198739999999999944e-01,0.000000000000000000e+00
7.260000000000005338e-01,4.813130071852356195e-01,1.323399999999999924e-02,9.559499999999999942e-02,2.457459999999999922e-01,1.195839999999999959e-01,0.000000000000000000e+00
7.270000000000005347e-01,4.813429986825212836e-01,1.311000000000000013e-02,9.562500000000000167e-02,2.456800000000000095e-01,1.199920000000000014e-01,0.000000000000000000e+00
7.280000000000005356e-01,5.149009957676753402e-01,1.314899999999999923e-02,9.588399999999999701e-02,2.782250000000000001e-01,1.204579999999999956e-01,0.000000000000000000e+00
7.290000000000005365e-01,4.857299936702474952e-01,1.310799999999999986e-02,9.573099999999999665e-02,2.459020000000000095e-01,1.237499999999999989e-01,0.000000000000000000e+00
7.300000000000005373e-01,4.858020038227550685e-01,1.310599999999999959e-02,9.581099999999999339e-02,2.495570000000000010e-01,1.201730000000000020e-01,0.000000000000000000e+00
7.310000000000005382e-01,4.860100016230717301e-01,1.305300000000000037e-02,9.939599999999999824e-02,2.458559999999999912e-01,1.205159999999999981e-01,0.000000000000000000e+00
7.320000000000005391e-01,4.816589935217052698e-01,1.306900000000000076e-02,9.565999999999999504e-02,2.460509999999999919e-01,1.198140000000000038e-01,0.000000000000000000e+00
7.330000000000005400e-01,4.820809990633279085e-01,1.312800000000000078e-02,9.598500000000000087e-02,2.456699999999999995e-01,1.200930000000000053e-01,0.000000000000000000e+00
7.340000000000005409e-01,4.817129956791177392e-01,1.310099999999999980e-02,9.598399999999999987e-02,2.459919999999999884e-01,1.196720000000000006e-01,0.000000000000000000e+00
7.350000000000005418e-01,4.857290041400119662e-01,1.298200000000000048e-02,9.549299999999999455e-02,2.457209999999999950e-01,1.243640000000000023e-01,0.000000000000000000e+00
7.360000000000005427e-01,4.849329998251050711e-01,1.306399999999999922e-02,9.579999999999999627e-02,2.495140000000000136e-01,1.194400000000000045e-01,0.000000000000000000e+00
7.370000000000005436e-01,4.853559948969632387e-01,1.303799999999999924e-02,9.547600000000000531e-02,2.498120000000000063e-01,1.199159999999999948e-01,0.000000000000000000e+00
7.380000000000005445e-01,4.862770001636818051e-01,1.688600000000000170e-02,9.606000000000000649e-02,2.458670000000000022e-01,1.202570000000000028e-01,0.000000000000000000e+00
7.390000000000005453e-01,4.816010041395202279e-01,1.307400000000000055e-02,9.591600000000000126e-02,2.456659999999999955e-01,1.200419999999999959e-01,0.000000000000000000e+00
7.400000000000005462e-01,4.814220010302960873e-01,1.297599999999999969e-02,9.605700000000000349e-02,2.458700000000000052e-01,1.195070000000000021e-01,0.000000000000000000e+00
7.410000000000005471e-01,5.477610029629431665e-01,1.327899999999999914e-02,1.238599999999999979e-01,2.465799999999999936e-01,1.563039999999999985e-01,0.000000000000000000e+00
7.420000000000005480e-01,5.180380030651576817e-01,1.311200000000000039e-02,9.575599999999999390e-02,2.817760000000000264e-01,1.200849999999999973e-01,0.000000000000000000e+00
7.430000000000005489e-01,5.163080058991909027e-01,1.306200000000000069e-02,1.297870000000000135e-01,2.459129999999999927e-01,1.201539999999999969e-01,0.000000000000000000e+00
7.440000000000005498e-01,4.828629971598275006e-01,1.322000000000000085e-02,9.622699999999999310e-02,2.460479999999999889e-01,1.202639999999999959e-01,0.000000000000000000e+00
7.450000000000005507e-01,4.828199962503276765e-01,1.310700000000000059e-02,9.601400000000000212e-02,2.459119999999999917e-01,1.205500000000000044e-01,0.000000000000000000e+00
7.460000000000005516e-01,4.818809975404292345e-01,1.299999999999999940e-02,9.539599999999999469e-02,2.460040000000000004e-01,1.201829999999999982e-01,0.000000000000000000e+00
7.470000000000005524e-01,4.857890016864985228e-01,1.304300000000000077e-02,9.556800000000000017e-02,2.457739999999999925e-01,1.240170000000000022e-01,0.000000000000000000e+00
7.480000000000005533e-01,4.857969979639165103e-01,1.303200000000000018e-02,9.573800000000000365e-02,2.498920000000000030e-01,1.198589999999999933e-01,0.000000000000000000e+00
7.490000000000005542e-01,4.855759980273433030e-01,1.303499999999999971e-02,9.953599999999999948e-02,2.459909999999999874e-01,1.198670000000000013e-01,0.000000000000000000e+00
7.500000000000005551e-01,4.818219968001358211e-01,1.312900000000000005e-02,9.592399999999999538e-02,2.458309999999999940e-01,1.198800000000000004e-01,0.000000000000000000e+00
7.510000000000005560e-01,4.810440004803240299e-01,1.308199999999999988e-02,9.543600000000000694e-02,2.459929999999999894e-01,1.196289999999999992e-01,0.000000000000000000e+00
7.520000000000005569e-01,4.819989990210160613e-01,1.316400000000000035e-02,9.601800000000000612e-02,2.459179999999999977e-01,1.198440000000000061e-01,0.000000000000000000e+00
7.530000000000005578e-01,4.856239975197240710e-01,1.308699999999999967e-02,9.549699999999999855e-02,2.459030000000000105e-01,1.240119999999999972e-01,0.000000000000000000e+00
7.540000000000005587e-01,4.851019984926097095e-01,1.316100000000000082e-02,9.537800000000000444e-02,2.497350000000000125e-01,1.195969999999999950e-01,0.000000000000000000e+00
7.550000000000005596e-01,5.035009962739422917e-01,1.309500000000000074e-02,1.102930000000000021e-01,2.517130000000000201e-01,1.204350000000000004e-01,0.000000000000000000e+00
7.560000000000005604e-01,4.833540006075054407e-01,1.324400000000000056e-02,9.619400000000000173e-02,2.462340000000000084e-01,1.202649999999999969e-01,0.000000000000000000e+00
7.570000000000005613e-01,4.823580020456574857e-01,1.303799999999999924e-02,9.615600000000000536e-02,2.457860000000000045e-01,1.203130000000000033e-01,0.000000000000000000e+00
7.580000000000005622e-01,4.821010006708092988e-01,1.300300000000000067e-02,9.596899999999999875e-02,2.458519999999999872e-01,1.200999999999999984e-01,0.000000000000000000e+00
7.590000000000005631e-01,4.860730041400529444e-01,1.311799999999999945e-02,9.542000000000000481e-02,2.456460000000000032e-01,1.244709999999999983e-01,0.000000000000000000e+00
7.600000000000005640e-01,4.866930030402727425e-01,1.301700000000000079e-02,9.601899999999999324e-02,2.502510000000000012e-01,1.201549999999999979e-01,0.000000000000000000e+00
7.610000000000005649e-01,4.868530013482086360e-01,1.308100000000000061e-02,1.001770000000000022e-01,2.461329999999999907e-01,1.201529999999999959e-01,0.000000000000000000e+00
7.620000000000005658e-01,4.826560034416615963e-01,1.308299999999999914e-02,9.640100000000000058e-02,2.456889999999999907e-01,1.205050000000000010e-01,0.000000000000000000e+00
7.630000000000005667e-01,4.814409985556267202e-01,1.308100000000000061e-02,9.557899999999999729e-02,2.458160000000000067e-01,1.199879999999999974e-01,0.000000000000000000e+00
7.640000000000005675e-01,4.822150003747083247e-01,1.312900000000000005e-02,9.606599999999999862e-02,2.458599999999999952e-01,1.200869999999999993e-01,0.000000000000000000e+00
7.650000000000005684e-01,4.860780027229338884e-01,1.314099999999999990e-02,9.585599999999999676e-02,2.456979999999999997e-01,1.240330000000000044e-01,0.000000000000000000e+00
7.660000000000005693e-01,4.863299982389435172e-01,1.305800000000000016e-02,9.567199999999999316e-02,2.496629999999999960e-01,1.203000000000000042e-01,0.000000000000000000e+00
7.670000000000005702e-01,4.860560002271085978e-01,1.305800000000000016e-02,9.558700000000000530e-02,2.499929999999999930e-01,1.200610000000000011e-01,0.000000000000000000e+00
7.680000000000005711e-01,4.853260033996775746e-01,1.300699999999999946e-02,9.913299999999999890e-02,2.458220000000000127e-01,1.200230000000000047e-01,0.000000000000000000e+00
7.690000000000005720e-01,4.915610043099150062e-01,1.367499999999999966e-02,9.839799999999999935e-02,2.479790000000000050e-01,1.227410000000000029e-01,0.000000000000000000e+00
7.700000000000005729e-01,4.877079991274513304e-01,1.327399999999999934e-02,9.611799999999999511e-02,2.465120000000000089e-01,1.243220000000000020e-01,0.000000000000000000e+00
7.710000000000005738e-01,4.867790048592723906e-01,1.314700000000000070e-02,9.562700000000000367e-02,2.501720000000000055e-01,1.204780000000000018e-01,0.000000000000000000e+00
7.720000000000005747e-01,4.987009961041621864e-01,1.317100000000000042e-02,1.114990000000000009e-01,2.458269999999999900e-01,1.205269999999999953e-01,0.000000000000000000e+00
7.730000000000005755e-01,4.817049994016997516e-01,1.321800000000000058e-02,9.571699999999999653e-02,2.454900000000000138e-01,1.199449999999999961e-01,0.000000000000000000e+00
7.740000000000005764e-01,4.820739995921030641e-01,1.309600000000000000e-02,9.603100000000000525e-02,2.457070000000000087e-01,1.201710000000000000e-01,0.000000000000000000e+00
7.750000000000005773e-01,4.817070002900436521e-01,1.313800000000000037e-02,9.577299999999999702e-02,2.461190000000000044e-01,1.195760000000000017e-01,0.000000000000000000e+00
7.760000000000005782e-01,4.858570027863606811e-01,1.308400000000000014e-02,9.553100000000000480e-02,2.458829999999999905e-01,1.240089999999999942e-01,0.000000000000000000e+00
7.770000000000005791e-01,4.856739979004487395e-01,1.311700000000000019e-02,9.561100000000000154e-02,2.499709999999999988e-01,1.200370000000000048e-01,0.000000000000000000e+00
7.780000000000005800e-01,4.862139976467005908e-01,1.310200000000000080e-02,9.939800000000000024e-02,2.459340000000000137e-01,1.206009999999999999e-01,0.000000000000000000e+00
7.790000000000005809e-01,4.815360007341951132e-01,1.315200000000000050e-02,9.561999999999999666e-02,2.456240000000000090e-01,1.201809999999999962e-01,0.000000000000000000e+00
7.800000000000005818e-01,4.812539991689845920e-01,1.308499999999999941e-02,9.557400000000000617e-02,2.457249999999999990e-01,1.198820000000000024e-01,0.000000000000000000e+00
7.810000000000005826e-01,4.814389976672828197e-01,1.306099999999999969e-02,9.563399999999999679e-02,2.456760000000000055e-01,1.199749999999999983e-01,0.000000000000000000e+00
7.820000000000005835e-01,4.804249983862973750e-01,1.303299999999999945e-02,9.524900000000000033e-02,2.454949999999999910e-01,1.196249999999999952e-01,0.000000000000000000e+00
7.830000000000005844e-01,4.852100028074346483e-01,1.314199999999999917e-02,9.537299999999999944e-02,2.498060000000000003e-01,1.196929999999999938e-01,0.000000000000000000e+00
7.840000000000005853e-01,4.855900042457506061e-01,1.311299999999999966e-02,9.563099999999999379e-02,2.496670000000000000e-01,1.199759999999999993e-01,0.000000000000000000e+00
7.850000000000005862e-01,5.574430033448152244e-01,1.315900000000000056e-02,9.973300000000000221e-02,2.460700000000000109e-01,1.912280000000000091e-01,0.000000000000000000e+00
7.860000000000005871e-01,5.385690019465982914e-01,1.311000000000000013e-02,9.565500000000000391e-02,2.459349999999999870e-01,1.767890000000000017e-01,0.000000000000000000e+00
7.870000000000005880e-01,4.821870024898089468e-01,1.318300000000000027e-02,9.550899999999999668e-02,2.464699999999999946e-01,1.200579999999999981e-01,0.000000000000000000e+00
7.880000000000005889e-01,4.860609988099895418e-01,1.308899999999999994e-02,9.571699999999999653e-02,2.461569999999999869e-01,1.237930000000000003e-01,0.000000000000000000e+00
7.890000000000005898e-01,4.855630031670443714e-01,1.306399999999999922e-02,9.564599999999999491e-02,2.498589999999999978e-01,1.196959999999999968e-01,0.000000000000000000e+00
7.900000000000005906e-01,4.860789995291270316e-01,1.350699999999999991e-02,9.950900000000000023e-02,2.459179999999999977e-01,1.200340000000000018e-01,0.000000000000000000e+00
7.910000000000005915e-01,4.813560008187778294e-01,1.305199999999999937e-02,9.527399999999999758e-02,2.462080000000000102e-01,1.198469999999999952e-01,0.000000000000000000e+00
7.920000000000005924e-01,4.822979972232133150e-01,1.313300000000000058e-02,9.621000000000000385e-02,2.460320000000000007e-01,1.198170000000000068e-01,0.000000000000000000e+00
7.930000000000005933e-01,5.167089984752237797e-01,1.320499999999999972e-02,9.556199999999999417e-02,2.459709999999999952e-01,1.545970000000000122e-01,0.000000000000000000e+00
7.940000000000005942e-01,4.867370007559657097e-01,1.302400000000000085e-02,9.598800000000000388e-02,2.500859999999999750e-01,1.201109999999999955e-01,0.000000000000000000e+00
7.950000000000005951e-01,4.867800016654655337e-01,1.317199999999999968e-02,1.000739999999999963e-01,2.462650000000000117e-01,1.199270000000000058e-01,0.000000000000000000e+00
7.960000000000005960e-01,4.820899994228966534e-01,1.311499999999999992e-02,9.596399999999999375e-02,2.460980000000000112e-01,1.198440000000000061e-01,0.000000000000000000e+00
7.970000000000005969e-01,4.811429971596226096e-01,1.310900000000000086e-02,9.546499999999999431e-02,2.457060000000000077e-01,1.197270000000000001e-01,0.000000000000000000e+00
7.980000000000005977e-01,4.811580001842230558e-01,1.302500000000000012e-02,9.537500000000000144e-02,2.455459999999999865e-01,1.198960000000000026e-01,0.000000000000000000e+00
7.990000000000005986e-01,4.815100037376396358e-01,1.314300000000000017e-02,9.556699999999999917e-02,2.458200000000000107e-01,1.200729999999999992e-01,0.000000000000000000e+00
8.000000000000005995e-01,4.924479944747872651e-01,1.308100000000000061e-02,9.566700000000000204e-02,2.561359999999999748e-01,1.202130000000000004e-01,0.000000000000000000e+00
8.010000000000006004e-01,4.863649955950677395e-01,1.320799999999999925e-02,9.574199999999999378e-02,2.497469999999999968e-01,1.201369999999999938e-01,0.000000000000000000e+00
8.020000000000006013e-01,5.141469955560751259e-01,1.310799999999999986e-02,1.279569999999999874e-01,2.460080000000000044e-01,1.199090000000000017e-01,0.000000000000000000e+00
8.030000000000006022e-01,4.828040036954917014e-01,1.312299999999999925e-02,9.571699999999999653e-02,2.464949999999999919e-01,1.202489999999999948e-01,0.000000000000000000e+00
8.040000000000006031e-01,4.815319989575073123e-01,1.315700000000000029e-02,9.575200000000000378e-02,2.457529999999999992e-01,1.197899999999999937e-01,0.000000000000000000e+00
8.050000000000006040e-01,4.854219951084814966e-01,1.316999999999999942e-02,9.549799999999999955e-02,2.457030000000000047e-01,1.237830000000000041e-01,0.000000000000000000e+00
8.060000000000006048e-01,4.859610053244978189e-01,1.316900000000000015e-02,9.561999999999999666e-02,2.501240000000000130e-01,1.197290000000000021e-01,0.000000000000000000e+00
8.070000000000006057e-01,4.860159970121458173e-01,1.314399999999999943e-02,9.515800000000000647e-02,2.502159999999999940e-01,1.200930000000000053e-01,0.000000000000000000e+00
8.080000000000006066e-01,4.821420006919652224e-01,1.321800000000000058e-02,9.566900000000000404e-02,2.458940000000000015e-01,1.201239999999999947e-01,0.000000000000000000e+00
8.090000000000006075e-01,4.817839944735169411e-01,1.318100000000000001e-02,9.519900000000000584e-02,2.457540000000000002e-01,1.205600000000000005e-01,0.000000000000000000e+00
8.100000000000006084e-01,4.832330014323815703e-01,1.313100000000000031e-02,9.602700000000000125e-02,2.461810000000000109e-01,1.205780000000000046e-01,0.000000000000000000e+00
8.110000000000006093e-01,5.414330007624812424e-01,1.363699999999999982e-02,9.776300000000000268e-02,2.995360000000000245e-01,1.224149999999999960e-01,0.000000000000000000e+00
8.120000000000006102e-01,5.189879957470111549e-01,1.743799999999999864e-02,1.260189999999999921e-01,2.465809999999999946e-01,1.214429999999999954e-01,0.000000000000000000e+00
8.130000000000006111e-01,4.831039987038820982e-01,1.318599999999999980e-02,9.618200000000000360e-02,2.460569999999999979e-01,1.203710000000000058e-01,0.000000000000000000e+00
8.140000000000006120e-01,5.582780067925341427e-01,1.420899999999999941e-02,1.000049999999999967e-01,3.085660000000000069e-01,1.252429999999999932e-01,0.000000000000000000e+00
8.150000000000006128e-01,4.953989991918206215e-01,1.380400000000000030e-02,9.968899999999999983e-02,2.510490000000000221e-01,1.219819999999999932e-01,0.000000000000000000e+00
8.160000000000006137e-01,4.875390004599466920e-01,1.330199999999999959e-02,9.720700000000000174e-02,2.480320000000000025e-01,1.214569999999999955e-01,0.000000000000000000e+00
8.170000000000006146e-01,5.155039980309084058e-01,1.298999999999999981e-02,9.605700000000000349e-02,2.462580000000000047e-01,1.529280000000000084e-01,0.000000000000000000e+00
8.180000000000006155e-01,4.866550007136538625e-01,1.312900000000000005e-02,9.613299999999999623e-02,2.498160000000000103e-01,1.203089999999999993e-01,0.000000000000000000e+00
8.190000000000006164e-01,4.865789960604161024e-01,1.310799999999999986e-02,9.561400000000000454e-02,2.504839999999999844e-01,1.201529999999999959e-01,0.000000000000000000e+00
8.200000000000006173e-01,4.819320020033046603e-01,1.310399999999999933e-02,9.572300000000000253e-02,2.456500000000000072e-01,1.201600000000000029e-01,0.000000000000000000e+00
8.210000000000006182e-01,4.821740003535524011e-01,1.313399999999999984e-02,9.566800000000000304e-02,2.454800000000000038e-01,1.205669999999999936e-01,0.000000000000000000e+00
8.220000000000006191e-01,4.815389984287321568e-01,1.309500000000000074e-02,9.561799999999999466e-02,2.455920000000000047e-01,1.200370000000000048e-01,0.000000000000000000e+00
8.230000000000006199e-01,4.820749963982962072e-01,1.303299999999999945e-02,9.566299999999999804e-02,2.460249999999999937e-01,1.202799999999999980e-01,0.000000000000000000e+00
8.240000000000006208e-01,4.860810004174709320e-01,1.304899999999999984e-02,9.589000000000000301e-02,2.460809999999999942e-01,1.236680000000000001e-01,0.000000000000000000e+00
8.250000000000006217e-01,4.860650005866773427e-01,1.308899999999999994e-02,9.580900000000000527e-02,2.498670000000000058e-01,1.201440000000000008e-01,0.000000000000000000e+00
8.260000000000006226e-01,4.875730010098777711e-01,1.303999999999999951e-02,1.011699999999999960e-01,2.458740000000000092e-01,1.201630000000000059e-01,0.000000000000000000e+00
8.270000000000006235e-01,4.818870002054609358e-01,1.311000000000000013e-02,9.520699999999999996e-02,2.462529999999999997e-01,1.202320000000000055e-01,0.000000000000000000e+00
8.280000000000006244e-01,4.814229978364892304e-01,1.310799999999999986e-02,9.583700000000000552e-02,2.459109999999999907e-01,1.195750000000000007e-01,0.000000000000000000e+00
8.290000000000006253e-01,4.811609978787600994e-01,1.309100000000000021e-02,9.579699999999999327e-02,2.455199999999999882e-01,1.199319999999999969e-01,0.000000000000000000e+00
8.300000000000006262e-01,4.859019973082467914e-01,1.303400000000000045e-02,9.579999999999999627e-02,2.460789999999999922e-01,1.238650000000000029e-01,0.000000000000000000e+00
8.310000000000006271e-01,4.859260006924159825e-01,1.318000000000000074e-02,9.569400000000000128e-02,2.495769999999999933e-01,1.203020000000000062e-01,0.000000000000000000e+00
8.320000000000006279e-01,4.861650013481266797e-01,1.318199999999999927e-02,9.573199999999999765e-02,2.499220000000000053e-01,1.200750000000000012e-01,0.000000000000000000e+00
8.330000000000006288e-01,4.823769995709881186e-01,1.320400000000000046e-02,9.575200000000000378e-02,2.460660000000000069e-01,1.202399999999999997e-01,0.000000000000000000e+00
8.340000000000006297e-01,4.816799992113374174e-01,1.311700000000000019e-02,9.573900000000000465e-02,2.462989999999999902e-01,1.195989999999999970e-01,0.000000000000000000e+00
8.350000000000006306e-01,4.823690032935701311e-01,1.305199999999999937e-02,9.578000000000000402e-02,2.462799999999999989e-01,1.200050000000000006e-01,0.000000000000000000e+00
8.360000000000006315e-01,4.816080036107450724e-01,1.307400000000000055e-02,9.567599999999999716e-02,2.455489999999999895e-01,1.200709999999999972e-01,0.000000000000000000e+00
8.370000000000006324e-01,4.854090002481825650e-01,1.312900000000000005e-02,9.547500000000000431e-02,2.456990000000000007e-01,1.236820000000000003e-01,0.000000000000000000e+00
8.380000000000006333e-01,4.855939987464807928e-01,1.315599999999999929e-02,9.556199999999999417e-02,2.496639999999999970e-01,1.199709999999999943e-01,0.000000000000000000e+00
8.390000000000006342e-01,4.859800028498284519e-01,1.313300000000000058e-02,9.928800000000000125e-02,2.459899999999999864e-01,1.201630000000000059e-01,0.000000000000000000e+00
8.400000000000006350e-01,4.821280017495155334e-01,1.313600000000000011e-02,9.572400000000000353e-02,2.461500000000000077e-01,1.201160000000000005e-01,0.000000000000000000e+00
8.410000000000006359e-01,4.821990005439147353e-01,1.316699999999999988e-02,9.564699999999999591e-02,2.455370000000000053e-01,1.206760000000000055e-01,0.000000000000000000e+00
8.420000000000006368e-01,4.811809994862414896e-01,1.313899999999999964e-02,9.545599999999999918e-02,2.456760000000000055e-01,1.198929999999999996e-01,0.000000000000000000e+00
8.430000000000006377e-01,4.910139978164806962e-01,1.320999999999999952e-02,9.565800000000000691e-02,2.462260000000000004e-01,1.284059999999999924e-01,0.000000000000000000e+00
8.440000000000006386e-01,4.864250004175119102e-01,1.312800000000000078e-02,9.606399999999999662e-02,2.500870000000000037e-01,1.199080000000000007e-01,0.000000000000000000e+00
8.450000000000006395e-01,4.862650021095760167e-01,1.315799999999999956e-02,9.569800000000000528e-02,2.503270000000000217e-01,1.200390000000000068e-01,0.000000000000000000e+00
8.460000000000006404e-01,4.817680019186809659e-01,1.323299999999999997e-02,9.573199999999999765e-02,2.456540000000000112e-01,1.200839999999999963e-01,0.000000000000000000e+00
8.470000000000006413e-01,5.384589967434294522e-01,1.312400000000000025e-02,1.102469999999999978e-01,2.837210000000000010e-01,1.233810000000000046e-01,0.000000000000000000e+00
8.480000000000006422e-01,4.867019961238838732e-01,1.330500000000000085e-02,9.720700000000000174e-02,2.484129999999999949e-01,1.203410000000000035e-01,0.000000000000000000e+00
8.490000000000006430e-01,5.960609996691346169e-01,1.323900000000000077e-02,1.302530000000000077e-01,3.245799999999999796e-01,1.208400000000000030e-01,0.000000000000000000e+00
8.500000000000006439e-01,5.262060003587976098e-01,1.302400000000000085e-02,1.094370000000000065e-01,2.758820000000000161e-01,1.201070000000000054e-01,0.000000000000000000e+00
8.510000000000006448e-01,4.836419975617900491e-01,1.314300000000000017e-02,9.629600000000000659e-02,2.465720000000000134e-01,1.205220000000000041e-01,0.000000000000000000e+00
8.520000000000006457e-01,4.821480033569969237e-01,1.317499999999999921e-02,9.587099999999999789e-02,2.456649999999999945e-01,1.201809999999999962e-01,0.000000000000000000e+00
8.530000000000006466e-01,4.819489986402913928e-01,1.308800000000000067e-02,9.543999999999999706e-02,2.458200000000000107e-01,1.205240000000000061e-01,0.000000000000000000e+00
8.540000000000006475e-01,4.870789998676627874e-01,1.309199999999999947e-02,9.606599999999999862e-02,2.496839999999999893e-01,1.205389999999999934e-01,0.000000000000000000e+00
8.550000000000006484e-01,5.169969954295083880e-01,1.313300000000000058e-02,9.604600000000000637e-02,2.798120000000000052e-01,1.207339999999999941e-01,0.000000000000000000e+00
8.560000000000006493e-01,5.130839999765157700e-01,3.100999999999999937e-02,1.085170000000000023e-01,2.458430000000000060e-01,1.205510000000000054e-01,0.000000000000000000e+00
8.570000000000006501e-01,4.827250013477168977e-01,1.324400000000000056e-02,9.571499999999999453e-02,2.459709999999999952e-01,1.205019999999999980e-01,0.000000000000000000e+00
8.580000000000006510e-01,5.117460023029707372e-01,1.317300000000000068e-02,9.572300000000000253e-02,2.747589999999999755e-01,1.207809999999999995e-01,0.000000000000000000e+00
8.590000000000006519e-01,5.206470013945363462e-01,1.318000000000000074e-02,9.592399999999999538e-02,2.707709999999999839e-01,1.332470000000000043e-01,0.000000000000000000e+00
8.600000000000006528e-01,5.263279963401146233e-01,1.321600000000000032e-02,9.560299999999999354e-02,2.900820000000000065e-01,1.198869999999999936e-01,0.000000000000000000e+00
8.610000000000006537e-01,4.827660013688728213e-01,1.320200000000000019e-02,9.572300000000000253e-02,2.462630000000000097e-01,1.203369999999999995e-01,0.000000000000000000e+00
8.620000000000006546e-01,4.818119996343739331e-01,1.323599999999999950e-02,9.558800000000000630e-02,2.457320000000000060e-01,1.202310000000000045e-01,0.000000000000000000e+00
8.630000000000006555e-01,4.816279979422688484e-01,1.315900000000000056e-02,9.575599999999999390e-02,2.455150000000000110e-01,1.200760000000000022e-01,0.000000000000000000e+00
8.640000000000006564e-01,4.811100006918422878e-01,1.312199999999999998e-02,9.561500000000000554e-02,2.454199999999999993e-01,1.199670000000000042e-01,0.000000000000000000e+00
8.650000000000006573e-01,4.868159958277828991e-01,1.321400000000000005e-02,9.573500000000000065e-02,2.502880000000000105e-01,1.203710000000000058e-01,0.000000000000000000e+00
8.660000000000006581e-01,4.856579980696551502e-01,1.307499999999999982e-02,9.570599999999999941e-02,2.494770000000000043e-01,1.201610000000000039e-01,0.000000000000000000e+00
8.670000000000006590e-01,4.854619983234442770e-01,1.312999999999999931e-02,9.967600000000000071e-02,2.457390000000000130e-01,1.197040000000000048e-01,0.000000000000000000e+00
8.680000000000006599e-01,4.813499981537461281e-01,1.310399999999999933e-02,9.575999999999999790e-02,2.458180000000000087e-01,1.196289999999999992e-01,0.000000000000000000e+00
8.690000000000006608e-01,4.812600018340162933e-01,1.318399999999999954e-02,9.566299999999999804e-02,2.456599999999999895e-01,1.198990000000000056e-01,0.000000000000000000e+00
8.700000000000006617e-01,4.812460028915666044e-01,1.309800000000000027e-02,9.585399999999999476e-02,2.455970000000000097e-01,1.196310000000000012e-01,0.000000000000000000e+00
8.710000000000006626e-01,4.850699988310225308e-01,1.312699999999999978e-02,9.546999999999999931e-02,2.456959999999999977e-01,1.236519999999999980e-01,0.000000000000000000e+00
8.720000000000006635e-01,4.861030029132962227e-01,1.314099999999999990e-02,9.606399999999999662e-02,2.499599999999999878e-01,1.196279999999999982e-01,0.000000000000000000e+00
8.730000000000006644e-01,4.857229941990226507e-01,1.311000000000000013e-02,9.940400000000000624e-02,2.458480000000000110e-01,1.199469999999999981e-01,0.000000000000000000e+00
8.740000000000006652e-01,4.809599995496682823e-01,1.315700000000000029e-02,9.576500000000000290e-02,2.457000000000000017e-01,1.192860000000000031e-01,0.000000000000000000e+00
8.750000000000006661e-01,4.812580009456723928e-01,1.319900000000000066e-02,9.564599999999999491e-02,2.454550000000000065e-01,1.198619999999999963e-01,0.000000000000000000e+00
8.760000000000006670e-01,4.810829996131360531e-01,1.311299999999999966e-02,9.553499999999999492e-02,2.456450000000000022e-01,1.195520000000000055e-01,0.000000000000000000e+00
8.770000000000006679e-01,4.818810048163868487e-01,1.310099999999999980e-02,9.559299999999999742e-02,2.457689999999999875e-01,1.201860000000000012e-01,0.000000000000000000e+00
8.780000000000006688e-01,4.865119990427047014e-01,1.319599999999999940e-02,9.583999999999999464e-02,2.500029999999999752e-01,1.199859999999999954e-01,0.000000000000000000e+00
8.790000000000006697e-01,4.829570025322027504e-01,1.321499999999999932e-02,9.574900000000000078e-02,2.465110000000000079e-01,1.203580000000000066e-01,0.000000000000000000e+00
8.800000000000006706e-01,4.815850043087266386e-01,1.314500000000000043e-02,9.594300000000000050e-02,2.455749999999999877e-01,1.196969999999999978e-01,0.000000000000000000e+00
8.810000000000006715e-01,4.814909989363513887e-01,1.310099999999999980e-02,9.553999999999999992e-02,2.459129999999999927e-01,1.199140000000000067e-01,0.000000000000000000e+00
8.820000000000006724e-01,5.153579986654222012e-01,1.298000000000000022e-02,9.532699999999999507e-02,2.456869999999999887e-01,1.539989999999999970e-01,0.000000000000000000e+00
8.830000000000006732e-01,5.168700008653104305e-01,1.311999999999999972e-02,9.559099999999999542e-02,2.807629999999999848e-01,1.202190000000000064e-01,0.000000000000000000e+00
8.840000000000006741e-01,4.857750027440488338e-01,1.716499999999999970e-02,9.571200000000000541e-02,2.459810000000000052e-01,1.198160000000000058e-01,0.000000000000000000e+00
8.850000000000006750e-01,4.813930063392035663e-01,1.307299999999999955e-02,9.568500000000000616e-02,2.456889999999999907e-01,1.199349999999999999e-01,0.000000000000000000e+00
8.860000000000006759e-01,4.814850035472773015e-01,1.308899999999999994e-02,9.610599999999999699e-02,2.455670000000000075e-01,1.196269999999999972e-01,0.000000000000000000e+00
8.870000000000006768e-01,4.811539984075352550e-01,1.315500000000000003e-02,9.564599999999999491e-02,2.456319999999999892e-01,1.196829999999999977e-01,0.000000000000000000e+00
8.880000000000006777e-01,4.902829969068989158e-01,1.317199999999999968e-02,9.562400000000000067e-02,2.459060000000000135e-01,1.279450000000000032e-01,0.000000000000000000e+00
8.890000000000006786e-01,4.863439971813932061e-01,1.329200000000000000e-02,9.594600000000000350e-02,2.498289999999999955e-01,1.200119999999999937e-01,0.000000000000000000e+00
8.900000000000006795e-01,4.862389978370629251e-01,1.318700000000000080e-02,1.000359999999999999e-01,2.454959999999999920e-01,1.201850000000000002e-01,0.000000000000000000e+00
8.910000000000006803e-01,4.817829976673237979e-01,1.315599999999999929e-02,9.546999999999999931e-02,2.455229999999999912e-01,1.204029999999999961e-01,0.000000000000000000e+00
8.920000000000006812e-01,4.821389957214705646e-01,1.316900000000000015e-02,9.589100000000000401e-02,2.456780000000000075e-01,1.202290000000000025e-01,0.000000000000000000e+00
8.930000000000006821e-01,4.827540033147670329e-01,1.311400000000000066e-02,9.603599999999999637e-02,2.459240000000000037e-01,1.204839999999999939e-01,0.000000000000000000e+00
8.940000000000006830e-01,4.850189943681471050e-01,1.309100000000000021e-02,9.562800000000000467e-02,2.457380000000000120e-01,1.233540000000000053e-01,0.000000000000000000e+00
8.950000000000006839e-01,4.853360005654394627e-01,1.306000000000000043e-02,9.525999999999999746e-02,2.496220000000000105e-01,1.201180000000000025e-01,0.000000000000000000e+00
8.960000000000006848e-01,4.856570012634620070e-01,1.304300000000000077e-02,9.569199999999999928e-02,2.496500000000000108e-01,1.199179999999999968e-01,0.000000000000000000e+00
8.970000000000006857e-01,4.855149963987059891e-01,1.311000000000000013e-02,9.969100000000000183e-02,2.455940000000000067e-01,1.198309999999999931e-01,0.000000000000000000e+00
8.980000000000006866e-01,4.811830003745853901e-01,1.301100000000000000e-02,9.553799999999999792e-02,2.455690000000000095e-01,1.199680000000000052e-01,0.000000000000000000e+00
8.990000000000006875e-01,4.817560038645751774e-01,1.311799999999999945e-02,9.564100000000000379e-02,2.459689999999999932e-01,1.198000000000000037e-01,0.000000000000000000e+00
9.000000000000006883e-01,4.816910004592500627e-01,1.309500000000000074e-02,9.568699999999999428e-02,2.458660000000000012e-01,1.199039999999999967e-01,0.000000000000000000e+00
9.010000000000006892e-01,4.861709967372007668e-01,1.315500000000000003e-02,9.590999999999999526e-02,2.457249999999999990e-01,1.240590000000000026e-01,0.000000000000000000e+00
9.020000000000006901e-01,4.868699979851953685e-01,1.313800000000000037e-02,9.591700000000000226e-02,2.499260000000000093e-01,1.201880000000000032e-01,0.000000000000000000e+00
9.030000000000006910e-01,4.858409956796094775e-01,1.320099999999999919e-02,9.955400000000000360e-02,2.461160000000000014e-01,1.197750000000000065e-01,0.000000000000000000e+00
9.040000000000006919e-01,4.812719998881220818e-01,1.304699999999999957e-02,9.584800000000000264e-02,2.458190000000000097e-01,1.194179999999999964e-01,0.000000000000000000e+00
9.050000000000006928e-01,4.818469969904981554e-01,1.314599999999999970e-02,9.572999999999999565e-02,2.457219999999999960e-01,1.200159999999999977e-01,0.000000000000000000e+00
9.060000000000006937e-01,4.802639959962107241e-01,1.306200000000000069e-02,9.535699999999999732e-02,2.457280000000000020e-01,1.191159999999999997e-01,0.000000000000000000e+00
9.070000000000006946e-01,4.808749945368617773e-01,1.316100000000000082e-02,9.546000000000000318e-02,2.455400000000000083e-01,1.198319999999999941e-01,0.000000000000000000e+00
9.080000000000006954e-01,4.858760003116913140e-01,1.324400000000000056e-02,9.563299999999999579e-02,2.495769999999999933e-01,1.201460000000000028e-01,0.000000000000000000e+00
9.090000000000006963e-01,4.853899954468943179e-01,1.316299999999999935e-02,9.530199999999999783e-02,2.495789999999999953e-01,1.202209999999999945e-01,0.000000000000000000e+00
9.100000000000006972e-01,4.859879991272464395e-01,1.309800000000000027e-02,9.987799999999999456e-02,2.457759999999999945e-01,1.200390000000000068e-01,0.000000000000000000e+00
9.110000000000006981e-01,4.813589985133148730e-01,1.308600000000000041e-02,9.572700000000000653e-02,2.457010000000000027e-01,1.197970000000000007e-01,0.000000000000000000e+00
9.120000000000006990e-01,4.809530000784434378e-01,1.306500000000000022e-02,9.554100000000000092e-02,2.458210000000000117e-01,1.193860000000000060e-01,0.000000000000000000e+00
9.130000000000006999e-01,4.808260055142454803e-01,1.314799999999999996e-02,9.558999999999999442e-02,2.455110000000000070e-01,1.196549999999999975e-01,0.000000000000000000e+00
9.140000000000007008e-01,4.848739990848116577e-01,1.314899999999999923e-02,9.575000000000000178e-02,2.456949999999999967e-01,1.233000000000000068e-01,0.000000000000000000e+00
9.150000000000007017e-01,4.854889994021505117e-01,1.306200000000000069e-02,9.548500000000000043e-02,2.497620000000000118e-01,1.200190000000000007e-01,0.000000000000000000e+00
9.160000000000007025e-01,4.856680025113746524e-01,1.314000000000000064e-02,9.563699999999999979e-02,2.499280000000000113e-01,1.197190000000000060e-01,0.000000000000000000e+00
9.170000000000007034e-01,6.960190003155730665e-01,2.839900000000000063e-02,1.255280000000000007e-01,3.983249999999999846e-01,1.225320000000000020e-01,0.000000000000000000e+00
9.180000000000007043e-01,5.006560022593475878e-01,1.391700000000000055e-02,9.978900000000000270e-02,2.557479999999999754e-01,1.223410000000000053e-01,0.000000000000000000e+00
9.190000000000007052e-01,4.887510003754869103e-01,1.314099999999999990e-02,1.014020000000000060e-01,2.461329999999999907e-01,1.204250000000000043e-01,0.000000000000000000e+00
9.200000000000007061e-01,4.828749952139332891e-01,1.306900000000000076e-02,9.597100000000000075e-02,2.458349999999999980e-01,1.205630000000000035e-01,0.000000000000000000e+00
9.210000000000007070e-01,4.821179973077960312e-01,1.310500000000000033e-02,9.588499999999999801e-02,2.456280000000000130e-01,1.200640000000000041e-01,0.000000000000000000e+00
9.220000000000007079e-01,4.818440065719187260e-01,1.311099999999999939e-02,9.586100000000000176e-02,2.454969999999999930e-01,1.200669999999999932e-01,0.000000000000000000e+00
9.230000000000007088e-01,4.882259963778778911e-01,1.325499999999999942e-02,9.547999999999999543e-02,2.458529999999999882e-01,1.260880000000000056e-01,0.000000000000000000e+00
9.240000000000007097e-01,4.874279984505847096e-01,1.311499999999999992e-02,9.578399999999999415e-02,2.511829999999999896e-01,1.197079999999999950e-01,0.000000000000000000e+00
9.250000000000007105e-01,4.879019979853183031e-01,1.317499999999999921e-02,9.537600000000000244e-02,2.518369999999999775e-01,1.199839999999999934e-01,0.000000000000000000e+00
9.260000000000007114e-01,5.199770021135918796e-01,1.406100000000000058e-02,1.263749999999999873e-01,2.484929999999999917e-01,1.225659999999999944e-01,0.000000000000000000e+00
9.270000000000007123e-01,4.843560018343850970e-01,1.321100000000000052e-02,9.579699999999999327e-02,2.468559999999999921e-01,1.208120000000000027e-01,0.000000000000000000e+00
9.280000000000007132e-01,5.305629965732805431e-01,1.361099999999999983e-02,9.765600000000000669e-02,2.895570000000000088e-01,1.217420000000000030e-01,0.000000000000000000e+00
9.290000000000007141e-01,5.482699998538009822e-01,1.919300000000000173e-02,1.529810000000000059e-01,2.469860000000000111e-01,1.213700000000000057e-01,0.000000000000000000e+00
9.300000000000007150e-01,6.641740037593990564e-01,1.486799999999999927e-02,1.021780000000000049e-01,3.002920000000000034e-01,2.208849999999999980e-01,0.000000000000000000e+00
9.310000000000007159e-01,5.489019968081265688e-01,1.380100000000000077e-02,1.545050000000000034e-01,2.501010000000000177e-01,1.217390000000000000e-01,0.000000000000000000e+00
9.320000000000007168e-01,4.831760015804320574e-01,1.323000000000000044e-02,9.606399999999999662e-02,2.463039999999999952e-01,1.200510000000000049e-01,0.000000000000000000e+00
9.330000000000007176e-01,5.441040048026479781e-01,1.323700000000000050e-02,9.711699999999999500e-02,2.770529999999999937e-01,1.486049999999999871e-01,0.000000000000000000e+00
9.340000000000007185e-01,5.364569951780140400e-01,1.312800000000000078e-02,9.577600000000000002e-02,3.001719999999999944e-01,1.197690000000000005e-01,0.000000000000000000e+00
9.350000000000007194e-01,4.835629952140152454e-01,1.325400000000000016e-02,9.612600000000000311e-02,2.459860000000000102e-01,1.207050000000000067e-01,0.000000000000000000e+00
9.360000000000007203e-01,4.851750054513104260e-01,1.317699999999999948e-02,9.694500000000000339e-02,2.467959999999999876e-01,1.208100000000000007e-01,0.000000000000000000e+00
9.370000000000007212e-01,6.255140033317729831e-01,1.322800000000000017e-02,9.602600000000000025e-02,3.124310000000000143e-01,1.957840000000000136e-01,0.000000000000000000e+00
9.380000000000007221e-01,5.132619990035891533e-01,2.688600000000000018e-02,9.994999999999999718e-02,2.513630000000000031e-01,1.252379999999999882e-01,0.000000000000000000e+00
9.390000000000007230e-01,5.253290000837296247e-01,1.324999999999999963e-02,9.606399999999999662e-02,2.468500000000000139e-01,1.609750000000000070e-01,0.000000000000000000e+00
9.400000000000007239e-01,5.972310027573257685e-01,1.315400000000000076e-02,1.255610000000000059e-01,3.298019999999999841e-01,1.207160000000000039e-01,0.000000000000000000e+00
9.410000000000007248e-01,4.859489999944344163e-01,1.378200000000000085e-02,9.673099999999999754e-02,2.465499999999999914e-01,1.212950000000000000e-01,0.000000000000000000e+00
9.420000000000007256e-01,5.455479986267164350e-01,1.344300000000000009e-02,9.863600000000000145e-02,2.590089999999999892e-01,1.651920000000000055e-01,0.000000000000000000e+00
9.430000000000007265e-01,5.135259998496621847e-01,1.584400000000000044e-02,1.040009999999999962e-01,2.549279999999999879e-01,1.275449999999999917e-01,0.000000000000000000e+00
9.440000000000007274e-01,5.307679966790601611e-01,1.382399999999999948e-02,9.879100000000000381e-02,2.872939999999999938e-01,1.218459999999999960e-01,0.000000000000000000e+00
9.450000000000007283e-01,5.843149992870166898e-01,1.320600000000000072e-02,1.105750000000000066e-01,3.311359999999999859e-01,1.214520000000000044e-01,0.000000000000000000e+00
9.460000000000007292e-01,4.854379949392750859e-01,1.328499999999999993e-02,9.712600000000000400e-02,2.471839999999999871e-01,1.204910000000000009e-01,0.000000000000000000e+00
9.470000000000007301e-01,4.857200037804432213e-01,1.322100000000000011e-02,9.667900000000000105e-02,2.468069999999999986e-01,1.214810000000000056e-01,0.000000000000000000e+00
9.480000000000007310e-01,5.930799961788579822e-01,1.315000000000000023e-02,9.553100000000000480e-02,2.744039999999999813e-01,2.018739999999999979e-01,0.000000000000000000e+00
9.490000000000007319e-01,5.022609984735026956e-01,1.341000000000000004e-02,1.050669999999999937e-01,2.523819999999999952e-01,1.235789999999999944e-01,0.000000000000000000e+00
9.500000000000007327e-01,4.978400029358454049e-01,1.355199999999999981e-02,9.927999999999999325e-02,2.523880000000000012e-01,1.247090000000000004e-01,0.000000000000000000e+00
9.510000000000007336e-01,4.978819997631944716e-01,1.362599999999999922e-02,9.965100000000000346e-02,2.521180000000000088e-01,1.247889999999999971e-01,0.000000000000000000e+00
9.520000000000007345e-01,4.996269999537616968e-01,1.329299999999999926e-02,9.807699999999999751e-02,2.574969999999999759e-01,1.230929999999999941e-01,0.000000000000000000e+00
9.530000000000007354e-01,5.962360010016709566e-01,1.365399999999999947e-02,1.547769999999999979e-01,2.955249999999999821e-01,1.240900000000000059e-01,0.000000000000000000e+00
9.540000000000007363e-01,4.961110025760717690e-01,1.363100000000000075e-02,9.880800000000000693e-02,2.523989999999999845e-01,1.236249999999999988e-01,0.000000000000000000e+00
9.550000000000007372e-01,5.632169995806179941e-01,1.454699999999999917e-02,1.047680000000000000e-01,2.728410000000000002e-01,1.595040000000000069e-01,0.000000000000000000e+00
9.560000000000007381e-01,5.550060013774782419e-01,1.536099999999999965e-02,1.216129999999999989e-01,2.765619999999999745e-01,1.278499999999999914e-01,0.000000000000000000e+00
9.570000000000007390e-01,4.975909978384152055e-01,1.386599999999999985e-02,9.977800000000000558e-02,2.526820000000000177e-01,1.235249999999999959e-01,0.000000000000000000e+00
9.580000000000007399e-01,5.179319996386766434e-01,1.358200000000000032e-02,9.812400000000000289e-02,2.515919999999999823e-01,1.457029999999999992e-01,0.000000000000000000e+00
9.590000000000007407e-01,5.390329970396123827e-01,1.358400000000000059e-02,9.871299999999999519e-02,2.940650000000000208e-01,1.243869999999999976e-01,0.000000000000000000e+00
9.600000000000007416e-01,5.927070014877244830e-01,2.892600000000000032e-02,1.781790000000000040e-01,2.530729999999999924e-01,1.243729999999999974e-01,0.000000000000000000e+00
9.610000000000007425e-01,4.958869976690039039e-01,1.354400000000000048e-02,9.897699999999999554e-02,2.517449999999999966e-01,1.237859999999999933e-01,0.000000000000000000e+00
9.620000000000007434e-01,5.095840024296194315e-01,1.369000000000000078e-02,9.961299999999999322e-02,2.632079999999999975e-01,1.246560000000000029e-01,0.000000000000000000e+00
9.630000000000007443e-01,5.792360025225207210e-01,1.347100000000000034e-02,1.117540000000000061e-01,3.213199999999999945e-01,1.242999999999999938e-01,0.000000000000000000e+00
9.640000000000007452e-01,4.960070000379346311e-01,1.360899999999999957e-02,9.901899999999999591e-02,2.522289999999999810e-01,1.234269999999999951e-01,0.000000000000000000e+00
9.650000000000007461e-01,4.981310048606246710e-01,1.357399999999999926e-02,9.964699999999999946e-02,2.524989999999999735e-01,1.244379999999999931e-01,0.000000000000000000e+00
9.660000000000007470e-01,5.345980025595054030e-01,1.352300000000000030e-02,9.831499999999999961e-02,2.746399999999999952e-01,1.247380000000000017e-01,0.000000000000000000e+00
9.670000000000007478e-01,5.903950004721991718e-01,2.642100000000000004e-02,1.240210000000000062e-01,3.063699999999999757e-01,1.254240000000000077e-01,0.000000000000000000e+00
9.680000000000007487e-01,5.524099979083985090e-01,1.667400000000000132e-02,1.092989999999999934e-01,2.648940000000000183e-01,1.489429999999999921e-01,0.000000000000000000e+00
9.690000000000007496e-01,6.062340034986846149e-01,3.115899999999999920e-02,1.147370000000000057e-01,3.223289999999999766e-01,1.278759999999999897e-01,0.000000000000000000e+00
9.700000000000007505e-01,4.985609994037076831e-01,1.372300000000000082e-02,9.979300000000000670e-02,2.533219999999999916e-01,1.240210000000000062e-01,0.000000000000000000e+00
9.710000000000007514e-01,5.596209957730025053e-01,1.364699999999999941e-02,9.864699999999999858e-02,2.669230000000000214e-01,1.714100000000000068e-01,0.000000000000000000e+00
9.720000000000007523e-01,5.902779957978054881e-01,1.363699999999999982e-02,1.133890000000000037e-01,3.299210000000000198e-01,1.250439999999999885e-01,0.000000000000000000e+00
9.730000000000007532e-01,4.970899972249753773e-01,1.355499999999999934e-02,9.870199999999999807e-02,2.532590000000000119e-01,1.237729999999999941e-01,0.000000000000000000e+00
9.740000000000007541e-01,4.938549973303452134e-01,1.346900000000000007e-02,9.814900000000000013e-02,2.513099999999999778e-01,1.231949999999999990e-01,0.000000000000000000e+00
9.750000000000007550e-01,5.184420006116852164e-01,1.342299999999999917e-02,9.801400000000000390e-02,2.523039999999999727e-01,1.317059999999999897e-01,0.000000000000000000e+00
9.760000000000007558e-01,6.727919972036033869e-01,1.342199999999999990e-02,9.837600000000000511e-02,3.849270000000000191e-01,1.664170000000000094e-01,0.000000000000000000e+00
9.770000000000007567e-01,5.059609975432977080e-01,1.462199999999999958e-02,1.025790000000000035e-01,2.552539999999999809e-01,1.246889999999999943e-01,0.000000000000000000e+00
9.780000000000007576e-01,5.090030026622116566e-01,1.357099999999999973e-02,9.942900000000000349e-02,2.529460000000000042e-01,1.342099999999999960e-01,0.000000000000000000e+00
9.790000000000007585e-01,5.462479966809041798e-01,1.342199999999999990e-02,9.793899999999999828e-02,2.879680000000000017e-01,1.384970000000000090e-01,0.000000000000000000e+00
9.800000000000007594e-01,5.752170036430470645e-01,2.064799999999999969e-02,1.378820000000000046e-01,2.783999999999999808e-01,1.272320000000000118e-01,0.000000000000000000e+00
9.810000000000007603e-01,6.703280014335177839e-01,1.625700000000000062e-02,1.228560000000000069e-01,3.727650000000000130e-01,1.326489999999999891e-01,0.000000000000000000e+00
9.820000000000007612e-01,5.086240053060464561e-01,1.430999999999999980e-02,1.038310000000000066e-01,2.558960000000000123e-01,1.254240000000000077e-01,0.000000000000000000e+00
9.830000000000007621e-01,5.095020023873075843e-01,1.340299999999999998e-02,9.857100000000000584e-02,2.520729999999999915e-01,1.371320000000000039e-01,0.000000000000000000e+00
9.840000000000007629e-01,5.797120029455982149e-01,1.348099999999999993e-02,9.907799999999999940e-02,3.046179999999999999e-01,1.541569999999999885e-01,0.000000000000000000e+00
9.850000000000007638e-01,5.661769973812624812e-01,1.382300000000000022e-02,1.538549999999999918e-01,2.663800000000000057e-01,1.239380000000000065e-01,0.000000000000000000e+00
9.860000000000007647e-01,4.977849966962821782e-01,1.357300000000000000e-02,9.968200000000000671e-02,2.527360000000000162e-01,1.240570000000000006e-01,0.000000000000000000e+00
9.870000000000007656e-01,5.121290014358237386e-01,1.361099999999999983e-02,9.785399999999999654e-02,2.516329999999999956e-01,1.370689999999999964e-01,0.000000000000000000e+00
9.880000000000007665e-01,5.860039964318275452e-01,1.346100000000000074e-02,1.111110000000000014e-01,3.286240000000000272e-01,1.246690000000000020e-01,0.000000000000000000e+00
9.890000000000007674e-01,4.966319975210353732e-01,1.344300000000000009e-02,9.911599999999999577e-02,2.529150000000000009e-01,1.237089999999999995e-01,0.000000000000000000e+00
9.900000000000007683e-01,4.969809961039572954e-01,1.381399999999999989e-02,9.887999999999999567e-02,2.527479999999999727e-01,1.238309999999999966e-01,0.000000000000000000e+00
9.910000000000007692e-01,5.008829975849948823e-01,1.340599999999999951e-02,9.797300000000000453e-02,2.514910000000000201e-01,1.300649999999999862e-01,0.000000000000000000e+00
9.920000000000007701e-01,5.000309975002892315e-01,1.346100000000000074e-02,9.810800000000000076e-02,2.574069999999999969e-01,1.234790000000000054e-01,0.000000000000000000e+00
9.930000000000007709e-01,5.416030035121366382e-01,1.341799999999999937e-02,1.327039999999999886e-01,2.593929999999999847e-01,1.270729999999999915e-01,0.000000000000000000e+00
9.940000000000007718e-01,5.640270028379745781e-01,2.250699999999999923e-02,1.104569999999999996e-01,2.838330000000000020e-01,1.313159999999999883e-01,0.000000000000000000e+00
9.950000000000007727e-01,5.568160049733705819e-01,1.522100000000000015e-02,1.044370000000000021e-01,2.989410000000000123e-01,1.279520000000000102e-01,0.000000000000000000e+00
9.960000000000007736e-01,4.958999998052604496e-01,1.365000000000000067e-02,9.835599999999999898e-02,2.524580000000000157e-01,1.235730000000000023e-01,0.000000000000000000e+00
9.970000000000007745e-01,4.940319995512254536e-01,1.346299999999999927e-02,9.809900000000000564e-02,2.515769999999999951e-01,1.234190000000000009e-01,0.000000000000000000e+00
9.980000000000007754e-01,4.940500002703629434e-01,1.338499999999999933e-02,9.823199999999999987e-02,2.516660000000000008e-01,1.232329999999999953e-01,0.000000000000000000e+00
9.990000000000007763e-01,4.980150042683817446e-01,1.345999999999999974e-02,9.782100000000000517e-02,2.555990000000000206e-01,1.234139999999999959e-01,0.000000000000000000e+00
1.000000000000000666e+00,4.976499985787086189e-01,1.340099999999999972e-02,9.799299999999999677e-02,2.555390000000000161e-01,1.233490000000000003e-01,0.000000000000000000e+00
1.001000000000000556e+00,4.932970041409134865e-01,1.340299999999999998e-02,9.803000000000000602e-02,2.516559999999999908e-01,1.229940000000000061e-01,0.000000000000000000e+00
1.002000000000000446e+00,4.929579954477958381e-01,1.336099999999999961e-02,9.797300000000000453e-02,2.516539999999999888e-01,1.226639999999999953e-01,0.000000000000000000e+00
1.003000000000000336e+00,4.932070005452260375e-01,1.337200000000000021e-02,9.773800000000000543e-02,2.517670000000000186e-01,1.229729999999999990e-01,0.000000000000000000e+00
1.004000000000000226e+00,4.963419996784068644e-01,1.324600000000000083e-02,9.762800000000000644e-02,2.514040000000000163e-01,1.264029999999999876e-01,0.000000000000000000e+00
1.005000000000000115e+00,4.976510026608593762e-01,1.332000000000000024e-02,9.777900000000000480e-02,2.558250000000000246e-01,1.231010000000000021e-01,0.000000000000000000e+00
1.006000000000000005e+00,4.984639963367953897e-01,1.337099999999999921e-02,1.020429999999999948e-01,2.522900000000000142e-01,1.234050000000000008e-01,0.000000000000000000e+00
1.006999999999999895e+00,5.288560059852898121e-01,1.489299999999999999e-02,1.036429999999999990e-01,2.694440000000000168e-01,1.308050000000000046e-01,0.000000000000000000e+00
1.007999999999999785e+00,6.868129930808208883e-01,1.895099999999999910e-02,1.428979999999999972e-01,3.692270000000000274e-01,1.372130000000000016e-01,0.000000000000000000e+00
1.008999999999999675e+00,7.460050037479959428e-01,2.469700000000000020e-02,1.879450000000000010e-01,3.508850000000000025e-01,1.575169999999999904e-01,0.000000000000000000e+00
1.009999999999999565e+00,5.079120019217953086e-01,1.415399999999999991e-02,9.931900000000000450e-02,2.534049999999999914e-01,1.309990000000000043e-01,0.000000000000000000e+00
1.010999999999999455e+00,5.426110001280903816e-01,1.349599999999999932e-02,9.785099999999999354e-02,2.996010000000000062e-01,1.237400000000000028e-01,0.000000000000000000e+00
1.011999999999999345e+00,5.465860012918710709e-01,1.336099999999999961e-02,1.492330000000000045e-01,2.524279999999999857e-01,1.234920000000000045e-01,0.000000000000000000e+00
1.012999999999999234e+00,4.943460007780231535e-01,1.334300000000000069e-02,9.868100000000000482e-02,2.516120000000000023e-01,1.232779999999999987e-01,0.000000000000000000e+00
1.013999999999999124e+00,4.935890028718858957e-01,1.343100000000000023e-02,9.826699999999999324e-02,2.512820000000000054e-01,1.229959999999999942e-01,0.000000000000000000e+00
1.014999999999999014e+00,5.041449985583312809e-01,1.344099999999999982e-02,9.809900000000000564e-02,2.613059999999999827e-01,1.233670000000000044e-01,0.000000000000000000e+00
1.015999999999998904e+00,5.000930032110773027e-01,1.350600000000000064e-02,9.818899999999999850e-02,2.573340000000000072e-01,1.233579999999999954e-01,0.000000000000000000e+00
1.016999999999998794e+00,4.939249993185512722e-01,1.351499999999999924e-02,9.776100000000000068e-02,2.515589999999999771e-01,1.233910000000000007e-01,0.000000000000000000e+00
1.017999999999998684e+00,4.942349987686611712e-01,1.338199999999999980e-02,9.838800000000000323e-02,2.515209999999999946e-01,1.233029999999999959e-01,0.000000000000000000e+00
1.018999999999998574e+00,5.387650016928091645e-01,1.359199999999999992e-02,9.902700000000000391e-02,2.526430000000000065e-01,1.648729999999999918e-01,0.000000000000000000e+00
1.019999999999998463e+00,5.047259983257390559e-01,1.356300000000000040e-02,9.835000000000000686e-02,2.618949999999999889e-01,1.232189999999999952e-01,0.000000000000000000e+00
1.020999999999998353e+00,5.038499948568642139e-01,2.377100000000000046e-02,9.745099999999999596e-02,2.515609999999999791e-01,1.232380000000000003e-01,0.000000000000000000e+00
1.021999999999998243e+00,4.938530037179589272e-01,1.346600000000000054e-02,9.816600000000000326e-02,2.515479999999999938e-01,1.229959999999999942e-01,0.000000000000000000e+00
1.022999999999998133e+00,4.931420044158585370e-01,1.336200000000000061e-02,9.789000000000000479e-02,2.515919999999999823e-01,1.228879999999999972e-01,0.000000000000000000e+00
1.023999999999998023e+00,5.021899996791034937e-01,1.342600000000000043e-02,9.829000000000000237e-02,2.514310000000000156e-01,1.311740000000000128e-01,0.000000000000000000e+00
1.024999999999997913e+00,5.009359956602565944e-01,1.353599999999999942e-02,9.753199999999999370e-02,2.588869999999999783e-01,1.230519999999999947e-01,0.000000000000000000e+00
1.025999999999997803e+00,5.150249999132938683e-01,1.340900000000000078e-02,1.024820000000000036e-01,2.661319999999999797e-01,1.253450000000000120e-01,0.000000000000000000e+00
1.026999999999997693e+00,5.044720019213855267e-01,1.358299999999999959e-02,1.002370000000000066e-01,2.574859999999999927e-01,1.256349999999999967e-01,0.000000000000000000e+00
1.027999999999997582e+00,5.039329989813268185e-01,1.361500000000000037e-02,1.000790000000000013e-01,2.574130000000000029e-01,1.252860000000000085e-01,0.000000000000000000e+00
1.028999999999997472e+00,5.083860014565289021e-01,1.374599999999999954e-02,1.002340000000000036e-01,2.572099999999999942e-01,1.295459999999999945e-01,0.000000000000000000e+00
1.029999999999997362e+00,5.084490039735101163e-01,1.367900000000000019e-02,1.007760000000000045e-01,2.615140000000000242e-01,1.248879999999999990e-01,0.000000000000000000e+00
1.030999999999997252e+00,5.095100059406831861e-01,1.772200000000000164e-02,1.007389999999999952e-01,2.575410000000000199e-01,1.257919999999999872e-01,0.000000000000000000e+00
1.031999999999997142e+00,5.074119981145486236e-01,1.373300000000000042e-02,1.002989999999999993e-01,2.571379999999999777e-01,1.258799999999999919e-01,0.000000000000000000e+00
1.032999999999997032e+00,5.592719971900805831e-01,1.479300000000000059e-02,1.041480000000000045e-01,2.850409999999999888e-01,1.450299999999999923e-01,0.000000000000000000e+00
1.033999999999996922e+00,5.236869983491487801e-01,1.434200000000000058e-02,1.042509999999999964e-01,2.697309999999999985e-01,1.263209999999999888e-01,0.000000000000000000e+00
1.034999999999996811e+00,5.052570049883797765e-01,1.382899999999999928e-02,1.002679999999999960e-01,2.575680000000000192e-01,1.261940000000000006e-01,0.000000000000000000e+00
1.035999999999996701e+00,5.051539992564357817e-01,1.376699999999999972e-02,1.003359999999999946e-01,2.575459999999999972e-01,1.260070000000000079e-01,0.000000000000000000e+00
1.036999999999996591e+00,5.072209969512186944e-01,1.372899999999999988e-02,9.982699999999999907e-02,2.571209999999999885e-01,1.252389999999999892e-01,0.000000000000000000e+00
1.037999999999996481e+00,5.087500030640512705e-01,1.374200000000000074e-02,1.003369999999999956e-01,2.612749999999999795e-01,1.257880000000000109e-01,0.000000000000000000e+00
1.038999999999996371e+00,5.083549986011348665e-01,1.377300000000000052e-02,1.038649999999999990e-01,2.570410000000000195e-01,1.260429999999999884e-01,0.000000000000000000e+00
1.039999999999996261e+00,5.052709966548718512e-01,1.377399999999999979e-02,1.005250000000000032e-01,2.577260000000000106e-01,1.259879999999999889e-01,0.000000000000000000e+00
1.040999999999996151e+00,5.051989937783218920e-01,1.379700000000000024e-02,1.002450000000000008e-01,2.573679999999999857e-01,1.261329999999999951e-01,0.000000000000000000e+00
1.041999999999996041e+00,5.086509991087950766e-01,1.372999999999999915e-02,9.992900000000000393e-02,2.578349999999999809e-01,1.295310000000000072e-01,0.000000000000000000e+00
1.042999999999995930e+00,5.078160029370337725e-01,1.374399999999999927e-02,9.981800000000000395e-02,2.610199999999999743e-01,1.256780000000000119e-01,0.000000000000000000e+00
1.043999999999995820e+00,5.092360006528906524e-01,1.374500000000000027e-02,1.041529999999999956e-01,2.578110000000000124e-01,1.258690000000000087e-01,0.000000000000000000e+00
1.044999999999995710e+00,5.038869931013323367e-01,1.373800000000000021e-02,1.001139999999999947e-01,2.570729999999999960e-01,1.253529999999999922e-01,0.000000000000000000e+00
1.045999999999995600e+00,5.141849978826940060e-01,1.361599999999999963e-02,9.999199999999999755e-02,2.666930000000000134e-01,1.262000000000000066e-01,0.000000000000000000e+00
1.046999999999995490e+00,5.095739979878999293e-01,1.388499999999999977e-02,1.006119999999999931e-01,2.575049999999999839e-01,1.298930000000000085e-01,0.000000000000000000e+00
1.047999999999995380e+00,5.091509956400841475e-01,1.373500000000000068e-02,1.006090000000000040e-01,2.617829999999999879e-01,1.255080000000000084e-01,0.000000000000000000e+00
1.048999999999995270e+00,5.046299993409775198e-01,1.374900000000000080e-02,1.001540000000000069e-01,2.572429999999999994e-01,1.259730000000000016e-01,0.000000000000000000e+00
1.049999999999995159e+00,5.042600023443810642e-01,1.372600000000000035e-02,1.002279999999999976e-01,2.570790000000000020e-01,1.256839999999999902e-01,0.000000000000000000e+00
1.050999999999995049e+00,5.048179955338127911e-01,1.368899999999999978e-02,1.001890000000000003e-01,2.573610000000000064e-01,1.259790000000000076e-01,0.000000000000000000e+00
1.051999999999994939e+00,5.087289973744191229e-01,1.367900000000000019e-02,1.007640000000000063e-01,2.611260000000000248e-01,1.254440000000000000e-01,0.000000000000000000e+00
1.052999999999994829e+00,5.089510013931430876e-01,1.379299999999999971e-02,1.000960000000000044e-01,2.612749999999999795e-01,1.262709999999999944e-01,0.000000000000000000e+00
1.053999999999994719e+00,5.042069969931617379e-01,1.374799999999999980e-02,1.000100000000000017e-01,2.571890000000000009e-01,1.257699999999999929e-01,0.000000000000000000e+00
1.054999999999994609e+00,5.033760025980882347e-01,1.378799999999999991e-02,9.982299999999999507e-02,2.569069999999999965e-01,1.253100000000000047e-01,0.000000000000000000e+00
1.055999999999994499e+00,5.080920018372125924e-01,1.374500000000000027e-02,1.005100000000000021e-01,2.571649999999999769e-01,1.291390000000000038e-01,0.000000000000000000e+00
1.056999999999994388e+00,5.082759962533600628e-01,1.366400000000000080e-02,9.983000000000000207e-02,2.614310000000000245e-01,1.256329999999999947e-01,0.000000000000000000e+00
1.057999999999994278e+00,5.081089984741993248e-01,1.371999999999999956e-02,1.043980000000000047e-01,2.573579999999999757e-01,1.252199999999999980e-01,0.000000000000000000e+00
1.058999999999994168e+00,5.034560017520561814e-01,1.372600000000000035e-02,9.982299999999999507e-02,2.571499999999999897e-01,1.251859999999999917e-01,0.000000000000000000e+00
1.059999999999994058e+00,5.045810030424036086e-01,1.368399999999999998e-02,1.003580000000000028e-01,2.573790000000000244e-01,1.256029999999999924e-01,0.000000000000000000e+00
1.060999999999993948e+00,5.091769999125972390e-01,1.361000000000000057e-02,1.002549999999999969e-01,2.575129999999999919e-01,1.302500000000000047e-01,0.000000000000000000e+00
1.061999999999993838e+00,5.078090034658089280e-01,1.366299999999999980e-02,9.996199999999999530e-02,2.613489999999999980e-01,1.251289999999999902e-01,0.000000000000000000e+00
1.062999999999993728e+00,5.082500065327621996e-01,1.362599999999999922e-02,1.041929999999999940e-01,2.571550000000000225e-01,1.256390000000000007e-01,0.000000000000000000e+00
1.063999999999993618e+00,5.038829986006021500e-01,1.368800000000000051e-02,1.000749999999999973e-01,2.570839999999999792e-01,1.255080000000000084e-01,0.000000000000000000e+00
1.064999999999993507e+00,5.043570054112933576e-01,1.374500000000000027e-02,1.002080000000000054e-01,2.577030000000000154e-01,1.252830000000000055e-01,0.000000000000000000e+00
1.065999999999993397e+00,5.086309975013136864e-01,1.374300000000000001e-02,1.000380000000000019e-01,2.575689999999999924e-01,1.296609999999999985e-01,0.000000000000000000e+00
1.066999999999993287e+00,5.091669954708777368e-01,1.369899999999999937e-02,1.001350000000000018e-01,2.615250000000000075e-01,1.262070000000000136e-01,0.000000000000000000e+00
1.067999999999993177e+00,5.040039977757260203e-01,1.362000000000000016e-02,1.005810000000000037e-01,2.572969999999999979e-01,1.250539999999999985e-01,0.000000000000000000e+00
1.068999999999993067e+00,5.042409975430928171e-01,1.383000000000000028e-02,1.000439999999999940e-01,2.574110000000000009e-01,1.254699999999999982e-01,0.000000000000000000e+00
1.069999999999992957e+00,5.051940024713985622e-01,1.365800000000000000e-02,1.003629999999999939e-01,2.575580000000000092e-01,1.260880000000000056e-01,0.000000000000000000e+00
1.070999999999992847e+00,5.075599983683787286e-01,1.376600000000000046e-02,9.982299999999999507e-02,2.607180000000000053e-01,1.256029999999999924e-01,0.000000000000000000e+00
1.071999999999992736e+00,5.078849935671314597e-01,1.379299999999999971e-02,1.000759999999999983e-01,2.612680000000000002e-01,1.253180000000000127e-01,0.000000000000000000e+00
1.072999999999992626e+00,5.057230009697377682e-01,1.418699999999999996e-02,1.003229999999999955e-01,2.576590000000000269e-01,1.256230000000000124e-01,0.000000000000000000e+00
1.073999999999992516e+00,5.044630015618167818e-01,1.379000000000000017e-02,1.003140000000000004e-01,2.576370000000000049e-01,1.251510000000000122e-01,0.000000000000000000e+00
1.074999999999992406e+00,5.044060017098672688e-01,1.368899999999999978e-02,1.002920000000000061e-01,2.572670000000000234e-01,1.258440000000000114e-01,0.000000000000000000e+00
1.075999999999992296e+00,5.084840013296343386e-01,1.364399999999999988e-02,1.004889999999999950e-01,2.613059999999999827e-01,1.254510000000000070e-01,0.000000000000000000e+00
1.076999999999992186e+00,5.096439999761059880e-01,1.374200000000000074e-02,1.005059999999999981e-01,2.617659999999999987e-01,1.260139999999999871e-01,0.000000000000000000e+00
1.077999999999992076e+00,5.040050018578767776e-01,1.367299999999999939e-02,1.002360000000000056e-01,2.575839999999999796e-01,1.251319999999999932e-01,0.000000000000000000e+00
1.078999999999991966e+00,5.037669980083592236e-01,1.373399999999999968e-02,9.964900000000000146e-02,2.570910000000000140e-01,1.259699999999999986e-01,0.000000000000000000e+00
1.079999999999991855e+00,5.083209980512037873e-01,1.375900000000000040e-02,1.000690000000000052e-01,2.572189999999999754e-01,1.296839999999999937e-01,0.000000000000000000e+00
1.080999999999991745e+00,5.085259981569834054e-01,1.376999999999999925e-02,1.003519999999999968e-01,2.611310000000000020e-01,1.257199999999999984e-01,0.000000000000000000e+00
1.081999999999991635e+00,5.086449964437633753e-01,1.371900000000000029e-02,1.044149999999999939e-01,2.574239999999999862e-01,1.255699999999999872e-01,0.000000000000000000e+00
1.082999999999991525e+00,5.049680039519444108e-01,1.375600000000000087e-02,1.001599999999999990e-01,2.576019999999999976e-01,1.258380000000000054e-01,0.000000000000000000e+00
1.083999999999991415e+00,5.073290012660436332e-01,1.421799999999999974e-02,1.008330000000000060e-01,2.577039999999999886e-01,1.265219999999999956e-01,0.000000000000000000e+00
1.084999999999991305e+00,5.089689948363229632e-01,1.362999999999999975e-02,1.001790000000000042e-01,2.573500000000000232e-01,1.301509999999999889e-01,0.000000000000000000e+00
1.085999999999991195e+00,5.095309970784001052e-01,1.371700000000000003e-02,1.004440000000000055e-01,2.619230000000000169e-01,1.257280000000000064e-01,0.000000000000000000e+00
1.086999999999991084e+00,5.165039983694441617e-01,1.781599999999999850e-02,9.980700000000000682e-02,2.575330000000000119e-01,1.259709999999999996e-01,0.000000000000000000e+00
1.087999999999990974e+00,5.046689984737895429e-01,1.378899999999999917e-02,1.003440000000000026e-01,2.569649999999999990e-01,1.259389999999999954e-01,0.000000000000000000e+00
1.088999999999990864e+00,5.047459999332204461e-01,1.369599999999999984e-02,1.002180000000000015e-01,2.572630000000000194e-01,1.260749999999999926e-01,0.000000000000000000e+00
1.089999999999990754e+00,5.078260001027956605e-01,1.374000000000000048e-02,9.986899999999999944e-02,2.610399999999999943e-01,1.254949999999999954e-01,0.000000000000000000e+00
1.090999999999990644e+00,5.082319985376670957e-01,1.375000000000000007e-02,1.001650000000000040e-01,2.612929999999999975e-01,1.256639999999999979e-01,0.000000000000000000e+00
1.091999999999990534e+00,5.037939990870654583e-01,1.379700000000000024e-02,1.001090000000000035e-01,2.569649999999999990e-01,1.255479999999999929e-01,0.000000000000000000e+00
1.092999999999990424e+00,5.241529943305067718e-01,1.372999999999999915e-02,1.004020000000000051e-01,2.755360000000000031e-01,1.262679999999999914e-01,0.000000000000000000e+00
1.093999999999990314e+00,5.556569958571344614e-01,1.634400000000000089e-02,1.104070000000000051e-01,2.833930000000000060e-01,1.337990000000000013e-01,0.000000000000000000e+00
1.094999999999990203e+00,5.170649965293705463e-01,1.454199999999999937e-02,1.082420000000000049e-01,2.593670000000000142e-01,1.262880000000000114e-01,0.000000000000000000e+00
1.095999999999990093e+00,5.056060035713016987e-01,1.378899999999999917e-02,1.003870000000000040e-01,2.569949999999999735e-01,1.264129999999999976e-01,0.000000000000000000e+00
1.096999999999989983e+00,5.143599992152303457e-01,1.406899999999999991e-02,1.023540000000000005e-01,2.604670000000000041e-01,1.282989999999999964e-01,0.000000000000000000e+00
1.097999999999989873e+00,5.122030052007175982e-01,1.373800000000000021e-02,1.005019999999999941e-01,2.637669999999999737e-01,1.260860000000000036e-01,0.000000000000000000e+00
1.098999999999989763e+00,5.132619990035891533e-01,1.372800000000000062e-02,1.081020000000000036e-01,2.575219999999999732e-01,1.260459999999999914e-01,0.000000000000000000e+00
1.099999999999989653e+00,5.056939990026876330e-01,1.370799999999999970e-02,1.008300000000000030e-01,2.573230000000000239e-01,1.261009999999999909e-01,0.000000000000000000e+00
1.100999999999989543e+00,5.355950052035041153e-01,1.384400000000000040e-02,1.189709999999999934e-01,2.675609999999999933e-01,1.266100000000000003e-01,0.000000000000000000e+00
1.101999999999989432e+00,5.097030007163994014e-01,1.374399999999999927e-02,1.005410000000000054e-01,2.573889999999999789e-01,1.300060000000000104e-01,0.000000000000000000e+00
1.102999999999989322e+00,5.096919994684867561e-01,1.386100000000000006e-02,1.005230000000000012e-01,2.612129999999999730e-01,1.262530000000000041e-01,0.000000000000000000e+00
1.103999999999989212e+00,5.048090024502016604e-01,1.388400000000000051e-02,1.001940000000000053e-01,2.573960000000000137e-01,1.256309999999999927e-01,0.000000000000000000e+00
1.104999999999989102e+00,5.039410025347024202e-01,1.365199999999999921e-02,1.004990000000000050e-01,2.573039999999999772e-01,1.250499999999999945e-01,0.000000000000000000e+00
1.105999999999988992e+00,5.042830016463994980e-01,1.370099999999999964e-02,9.982599999999999807e-02,2.575049999999999839e-01,1.258479999999999877e-01,0.000000000000000000e+00
1.106999999999988882e+00,5.085520024294964969e-01,1.378599999999999964e-02,1.000810000000000033e-01,2.609890000000000265e-01,1.260580000000000034e-01,0.000000000000000000e+00
1.107999999999988772e+00,5.160880027688108385e-01,1.360800000000000030e-02,1.000619999999999982e-01,2.616959999999999842e-01,1.330749999999999988e-01,0.000000000000000000e+00
1.108999999999988662e+00,4.824600036954507232e-01,1.314199999999999917e-02,9.604300000000000337e-02,2.458359999999999990e-01,1.202420000000000017e-01,0.000000000000000000e+00
1.109999999999988551e+00,4.817690060008317232e-01,1.307000000000000002e-02,9.592799999999999938e-02,2.458210000000000117e-01,1.197239999999999971e-01,0.000000000000000000e+00
1.110999999999988441e+00,4.805520002264529467e-01,1.305899999999999943e-02,9.528899999999999870e-02,2.457360000000000100e-01,1.195859999999999979e-01,0.000000000000000000e+00
1.111999999999988331e+00,4.812300030607730150e-01,1.305500000000000063e-02,9.555900000000000505e-02,2.456550000000000122e-01,1.197460000000000052e-01,0.000000000000000000e+00
1.112999999999988221e+00,4.858569955104030669e-01,1.308999999999999921e-02,9.564300000000000579e-02,2.495469999999999910e-01,1.203879999999999950e-01,0.000000000000000000e+00
1.113999999999988111e+00,5.140040011610835791e-01,1.314899999999999923e-02,9.543300000000000394e-02,2.785540000000000238e-01,1.196679999999999966e-01,0.000000000000000000e+00
1.114999999999988001e+00,5.472449993249028921e-01,1.316299999999999935e-02,1.156920000000000032e-01,2.877449999999999730e-01,1.224910000000000027e-01,0.000000000000000000e+00
1.115999999999987891e+00,4.969529982190579176e-01,1.473499999999999983e-02,1.010839999999999933e-01,2.496780000000000110e-01,1.225429999999999992e-01,0.000000000000000000e+00
1.116999999999987780e+00,4.900210042251273990e-01,1.334899999999999975e-02,9.595900000000000263e-02,2.469790000000000041e-01,1.206590000000000024e-01,0.000000000000000000e+00
1.117999999999987670e+00,4.861759953200817108e-01,1.330899999999999965e-02,9.533500000000000307e-02,2.501499999999999835e-01,1.200640000000000041e-01,0.000000000000000000e+00
1.118999999999987560e+00,4.865459995926357806e-01,1.313899999999999964e-02,9.559600000000000042e-02,2.498539999999999928e-01,1.206770000000000065e-01,0.000000000000000000e+00
1.119999999999987450e+00,4.861540001002140343e-01,1.709000000000000102e-02,9.614000000000000323e-02,2.459770000000000012e-01,1.197359999999999952e-01,0.000000000000000000e+00
1.120999999999987340e+00,4.831390033359639347e-01,1.316200000000000009e-02,9.590700000000000613e-02,2.464069999999999871e-01,1.204599999999999976e-01,0.000000000000000000e+00
1.121999999999987230e+00,4.818820016225799918e-01,1.307099999999999929e-02,9.553799999999999792e-02,2.459719999999999962e-01,1.201880000000000032e-01,0.000000000000000000e+00
1.122999999999987120e+00,4.823119961656630039e-01,1.307499999999999982e-02,9.563299999999999579e-02,2.463539999999999897e-01,1.201490000000000058e-01,0.000000000000000000e+00
1.123999999999987010e+00,4.855749939451925457e-01,1.304499999999999930e-02,9.520699999999999996e-02,2.496160000000000045e-01,1.204830000000000068e-01,0.000000000000000000e+00
1.124999999999986899e+00,4.862479981966316700e-01,1.314599999999999970e-02,9.980300000000000282e-02,2.461029999999999884e-01,1.201350000000000057e-01,0.000000000000000000e+00
1.125999999999986789e+00,4.821490001631900668e-01,1.299299999999999934e-02,9.572600000000000553e-02,2.465289999999999981e-01,1.197209999999999941e-01,0.000000000000000000e+00
1.126999999999986679e+00,4.818660017917864025e-01,1.312299999999999925e-02,9.540300000000000169e-02,2.459800000000000042e-01,1.201610000000000039e-01,0.000000000000000000e+00
1.127999999999986569e+00,4.817040025955066085e-01,1.302299999999999985e-02,9.556000000000000605e-02,2.460660000000000069e-01,1.196979999999999988e-01,0.000000000000000000e+00
1.128999999999986459e+00,4.859649998252280056e-01,1.305500000000000063e-02,9.556499999999999717e-02,2.460970000000000102e-01,1.240030000000000021e-01,0.000000000000000000e+00
1.129999999999986349e+00,4.853729988099075854e-01,1.307299999999999955e-02,9.556399999999999617e-02,2.499959999999999960e-01,1.194950000000000040e-01,0.000000000000000000e+00
1.130999999999986239e+00,4.859039981965906918e-01,1.313399999999999984e-02,9.563000000000000667e-02,2.502070000000000127e-01,1.196210000000000051e-01,0.000000000000000000e+00
1.131999999999986128e+00,4.825119976885616779e-01,1.310700000000000059e-02,9.587099999999999789e-02,2.460430000000000117e-01,1.201440000000000008e-01,0.000000000000000000e+00
1.132999999999986018e+00,4.820059984922409058e-01,1.312299999999999925e-02,9.569800000000000528e-02,2.460160000000000124e-01,1.201249999999999957e-01,0.000000000000000000e+00
1.133999999999985908e+00,4.816419968847185373e-01,1.296500000000000083e-02,9.550100000000000255e-02,2.459429999999999950e-01,1.200520000000000059e-01,0.000000000000000000e+00
1.134999999999985798e+00,4.819740061066113412e-01,1.312600000000000051e-02,9.556199999999999417e-02,2.461210000000000064e-01,1.199719999999999953e-01,0.000000000000000000e+00
1.135999999999985688e+00,4.870670018135569990e-01,1.298700000000000028e-02,9.581499999999999739e-02,2.508699999999999819e-01,1.199810000000000043e-01,0.000000000000000000e+00
1.136999999999985578e+00,4.849859979003667831e-01,1.306700000000000049e-02,9.519400000000000084e-02,2.498090000000000033e-01,1.197440000000000032e-01,0.000000000000000000e+00
1.137999999999985468e+00,4.855450024479068816e-01,1.303200000000000018e-02,9.960199999999999609e-02,2.459530000000000050e-01,1.198349999999999971e-01,0.000000000000000000e+00
1.138999999999985357e+00,6.605090020457282662e-01,1.353900000000000069e-02,1.109030000000000016e-01,3.897700000000000053e-01,1.218250000000000027e-01,0.000000000000000000e+00
1.139999999999985247e+00,4.882290013483725488e-01,1.348599999999999972e-02,9.901000000000000079e-02,2.471089999999999953e-01,1.206649999999999945e-01,0.000000000000000000e+00
1.140999999999985137e+00,4.870280026807449758e-01,1.311400000000000066e-02,9.588700000000000001e-02,2.504190000000000027e-01,1.201600000000000029e-01,0.000000000000000000e+00
1.141999999999985027e+00,4.866649978794157505e-01,1.311000000000000013e-02,9.625899999999999734e-02,2.500700000000000145e-01,1.197789999999999966e-01,0.000000000000000000e+00
1.142999999999984917e+00,4.865559967583976686e-01,1.304300000000000077e-02,1.001049999999999995e-01,2.462000000000000022e-01,1.200129999999999947e-01,0.000000000000000000e+00
1.143999999999984807e+00,4.814380008610896766e-01,1.306500000000000022e-02,9.604300000000000337e-02,2.457699999999999885e-01,1.195520000000000055e-01,0.000000000000000000e+00
1.144999999999984697e+00,4.817310036742128432e-01,1.323399999999999924e-02,9.567499999999999616e-02,2.457080000000000097e-01,1.198850000000000054e-01,0.000000000000000000e+00
1.145999999999984587e+00,4.828629971598275006e-01,1.313300000000000058e-02,9.603699999999999737e-02,2.461069999999999924e-01,1.202349999999999947e-01,0.000000000000000000e+00
1.146999999999984476e+00,4.858660031459294260e-01,1.303799999999999924e-02,9.564799999999999691e-02,2.457870000000000055e-01,1.240079999999999932e-01,0.000000000000000000e+00
1.147999999999984366e+00,4.857180028920993209e-01,1.307499999999999982e-02,9.560200000000000642e-02,2.497739999999999960e-01,1.201070000000000054e-01,0.000000000000000000e+00
1.148999999999984256e+00,5.901969998376443982e-01,1.309699999999999927e-02,1.760220000000000118e-01,2.735090000000000021e-01,1.199699999999999933e-01,0.000000000000000000e+00
1.149999999999984146e+00,4.822549963137134910e-01,1.315000000000000023e-02,9.578200000000000602e-02,2.458990000000000065e-01,1.202199999999999935e-01,0.000000000000000000e+00
1.150999999999984036e+00,4.820499962079338729e-01,1.320900000000000026e-02,9.585599999999999676e-02,2.457910000000000095e-01,1.200589999999999991e-01,0.000000000000000000e+00
1.151999999999983926e+00,5.226229986874386668e-01,1.328599999999999920e-02,9.711799999999999600e-02,2.465289999999999981e-01,1.575149999999999884e-01,0.000000000000000000e+00
1.152999999999983816e+00,4.894419980701059103e-01,1.316100000000000082e-02,9.597200000000000175e-02,2.513859999999999983e-01,1.209599999999999981e-01,0.000000000000000000e+00
1.153999999999983705e+00,4.834969950024969876e-01,1.314000000000000064e-02,9.490600000000000425e-02,2.460739999999999872e-01,1.204559999999999936e-01,0.000000000000000000e+00
1.154999999999983595e+00,4.817119988729245961e-01,1.310300000000000006e-02,9.564799999999999691e-02,2.460279999999999967e-01,1.197580000000000033e-01,0.000000000000000000e+00
1.155999999999983485e+00,4.816840009880252182e-01,1.306900000000000076e-02,9.564699999999999591e-02,2.461560000000000137e-01,1.196149999999999991e-01,0.000000000000000000e+00
1.156999999999983375e+00,4.833080020034685731e-01,1.313899999999999964e-02,9.560000000000000442e-02,2.470640000000000058e-01,1.201600000000000029e-01,0.000000000000000000e+00
1.157999999999983265e+00,4.862499990849755704e-01,1.306299999999999996e-02,9.559600000000000042e-02,2.462999999999999912e-01,1.241359999999999963e-01,0.000000000000000000e+00
1.158999999999983155e+00,4.863440044573508203e-01,1.309899999999999953e-02,9.548399999999999943e-02,2.499480000000000035e-01,1.203879999999999950e-01,0.000000000000000000e+00
1.159999999999983045e+00,4.861470006289891899e-01,1.309600000000000000e-02,9.966300000000000159e-02,2.458909999999999985e-01,1.201789999999999942e-01,0.000000000000000000e+00
1.160999999999982935e+00,4.826660006074234843e-01,1.307099999999999929e-02,9.593899999999999650e-02,2.457640000000000102e-01,1.205399999999999944e-01,0.000000000000000000e+00
1.161999999999982824e+00,6.029330033925361931e-01,3.518999999999999906e-02,1.316319999999999990e-01,2.828180000000000138e-01,1.435140000000000027e-01,0.000000000000000000e+00
1.162999999999982714e+00,5.678140005329623818e-01,1.354700000000000001e-02,1.584599999999999898e-01,2.643159999999999954e-01,1.225849999999999995e-01,0.000000000000000000e+00
1.163999999999982604e+00,4.844380018766969442e-01,1.320400000000000046e-02,9.654200000000000281e-02,2.467000000000000026e-01,1.204739999999999978e-01,0.000000000000000000e+00
1.164999999999982494e+00,4.828090022783726454e-01,1.314000000000000064e-02,9.584299999999999764e-02,2.458460000000000090e-01,1.206190000000000040e-01,0.000000000000000000e+00
1.165999999999982384e+00,6.106020009610801935e-01,1.306099999999999969e-02,9.539300000000000557e-02,2.993549999999999822e-01,1.946660000000000057e-01,0.000000000000000000e+00
1.166999999999982274e+00,5.317559989634901285e-01,2.623500000000000137e-02,9.682999999999999940e-02,2.493700000000000083e-01,1.508799999999999863e-01,0.000000000000000000e+00
1.167999999999982164e+00,4.835639992961660028e-01,1.317100000000000042e-02,9.652600000000000069e-02,2.466260000000000119e-01,1.200029999999999986e-01,0.000000000000000000e+00
1.168999999999982053e+00,5.404569965321570635e-01,1.305800000000000016e-02,9.612900000000000611e-02,2.463529999999999887e-01,1.761119999999999908e-01,0.000000000000000000e+00
1.169999999999981943e+00,6.891890006954781711e-01,1.323700000000000050e-02,1.094709999999999989e-01,3.794399999999999995e-01,1.789380000000000137e-01,0.000000000000000000e+00
1.170999999999981833e+00,5.599049982265569270e-01,1.380600000000000056e-02,1.011230000000000046e-01,2.752789999999999959e-01,1.596480000000000121e-01,0.000000000000000000e+00
1.171999999999981723e+00,5.470050018629990518e-01,1.467500000000000054e-02,1.445279999999999898e-01,2.526140000000000052e-01,1.248060000000000003e-01,0.000000000000000000e+00
1.172999999999981613e+00,4.846309966524131596e-01,1.357099999999999973e-02,9.549000000000000543e-02,2.464149999999999952e-01,1.215959999999999958e-01,0.000000000000000000e+00
1.173999999999981503e+00,4.822060000151395798e-01,1.312800000000000078e-02,9.564499999999999391e-02,2.459459999999999980e-01,1.202000000000000013e-01,0.000000000000000000e+00
1.174999999999981393e+00,5.444500056910328567e-01,1.317699999999999948e-02,9.735000000000000597e-02,2.779789999999999761e-01,1.476449999999999985e-01,0.000000000000000000e+00
1.175999999999981283e+00,6.223599993973039091e-01,2.666800000000000073e-02,1.314480000000000093e-01,3.343400000000000261e-01,1.216610000000000053e-01,0.000000000000000000e+00
1.176999999999981172e+00,4.874980004387907684e-01,1.325600000000000042e-02,9.733899999999999497e-02,2.471160000000000023e-01,1.214350000000000013e-01,0.000000000000000000e+00
1.177999999999981062e+00,5.506289962795563042e-01,1.322800000000000017e-02,9.609199999999999686e-02,2.595970000000000222e-01,1.736300000000000066e-01,0.000000000000000000e+00
1.178999999999980952e+00,5.235880016698502004e-01,1.341900000000000037e-02,9.700499999999999401e-02,2.839110000000000245e-01,1.214999999999999969e-01,0.000000000000000000e+00
1.179999999999980842e+00,4.857899984926916659e-01,1.330500000000000085e-02,9.650300000000000544e-02,2.472050000000000081e-01,1.213909999999999989e-01,0.000000000000000000e+00
1.180999999999980732e+00,4.835579966311343014e-01,1.306200000000000069e-02,9.592399999999999538e-02,2.464250000000000052e-01,1.208609999999999962e-01,0.000000000000000000e+00
1.181999999999980622e+00,5.177679995540529490e-01,1.340099999999999972e-02,9.745900000000000396e-02,2.472509999999999986e-01,1.517010000000000025e-01,0.000000000000000000e+00
1.182999999999980512e+00,5.491320043802261353e-01,1.329400000000000026e-02,9.674099999999999366e-02,3.094689999999999941e-01,1.216850000000000015e-01,0.000000000000000000e+00
1.183999999999980401e+00,5.674130006809718907e-01,1.474299999999999916e-02,1.051399999999999973e-01,2.910030000000000117e-01,1.454610000000000070e-01,0.000000000000000000e+00
1.184999999999980291e+00,5.336329995770938694e-01,1.392799999999999941e-02,9.929399999999999338e-02,2.748950000000000005e-01,1.361680000000000113e-01,0.000000000000000000e+00
1.185999999999980181e+00,4.942739979014731944e-01,1.330699999999999938e-02,1.038980000000000042e-01,2.479750000000000010e-01,1.214579999999999965e-01,0.000000000000000000e+00
1.186999999999980071e+00,4.832760023418813944e-01,1.318000000000000074e-02,9.615799999999999348e-02,2.462360000000000104e-01,1.204770000000000008e-01,0.000000000000000000e+00
1.187999999999979961e+00,4.826139993383549154e-01,1.324700000000000009e-02,9.613900000000000223e-02,2.459570000000000090e-01,1.203049999999999953e-01,0.000000000000000000e+00
1.188999999999979851e+00,4.822109985980205238e-01,1.311799999999999945e-02,9.555800000000000405e-02,2.459850000000000092e-01,1.203280000000000044e-01,0.000000000000000000e+00
1.189999999999979741e+00,4.860760018345899880e-01,1.312299999999999925e-02,9.567100000000000604e-02,2.456720000000000015e-01,1.243179999999999980e-01,0.000000000000000000e+00
1.190999999999979631e+00,4.982859973097220063e-01,1.350100000000000085e-02,9.811599999999999488e-02,2.557180000000000009e-01,1.231939999999999980e-01,0.000000000000000000e+00
1.191999999999979520e+00,4.981460006092675030e-01,1.343500000000000076e-02,1.024540000000000034e-01,2.520769999999999955e-01,1.227570000000000050e-01,0.000000000000000000e+00
1.192999999999979410e+00,4.985370032954961061e-01,1.358900000000000038e-02,9.908500000000000640e-02,2.534689999999999999e-01,1.243309999999999971e-01,0.000000000000000000e+00
1.193999999999979300e+00,4.949610010953620076e-01,1.345900000000000048e-02,9.845700000000000285e-02,2.523819999999999952e-01,1.231509999999999966e-01,0.000000000000000000e+00
1.194999999999979190e+00,5.330759959178976715e-01,1.344700000000000062e-02,9.812500000000000389e-02,2.513739999999999863e-01,1.623269999999999991e-01,0.000000000000000000e+00
1.195999999999979080e+00,5.765259993495419621e-01,1.333699999999999990e-02,1.136869999999999964e-01,3.182079999999999909e-01,1.233410000000000062e-01,0.000000000000000000e+00
1.196999999999978970e+00,5.203459950280375779e-01,2.181200000000000153e-02,9.974700000000000233e-02,2.606189999999999896e-01,1.275509999999999977e-01,0.000000000000000000e+00
1.197999999999978860e+00,5.802509986096993089e-01,1.630099999999999952e-02,1.194820000000000049e-01,3.008060000000000178e-01,1.314390000000000003e-01,0.000000000000000000e+00
1.198999999999978749e+00,5.120080022606998682e-01,1.385100000000000046e-02,1.100290000000000018e-01,2.545899999999999830e-01,1.251329999999999942e-01,0.000000000000000000e+00
1.199999999999978639e+00,5.009949964005500078e-01,1.376400000000000019e-02,1.004310000000000064e-01,2.533190000000000164e-01,1.252759999999999985e-01,0.000000000000000000e+00
1.200999999999978529e+00,5.194650002522394061e-01,1.347899999999999966e-02,9.806900000000000339e-02,2.668300000000000116e-01,1.324829999999999897e-01,0.000000000000000000e+00
1.201999999999978419e+00,5.435149942059069872e-01,1.369800000000000011e-02,9.952700000000000435e-02,2.981889999999999818e-01,1.239989999999999981e-01,0.000000000000000000e+00
1.202999999999978309e+00,4.942470040987245739e-01,1.341400000000000058e-02,9.750599999999999545e-02,2.520209999999999950e-01,1.236399999999999999e-01,0.000000000000000000e+00
1.203999999999978199e+00,4.964429972460493445e-01,1.348399999999999946e-02,9.899299999999999766e-02,2.522119999999999918e-01,1.238770000000000010e-01,0.000000000000000000e+00
1.204999999999978089e+00,5.169939977349713445e-01,1.346999999999999933e-02,9.781399999999999817e-02,2.519100000000000228e-01,1.456320000000000114e-01,0.000000000000000000e+00
1.205999999999977979e+00,5.050539984949864447e-01,1.370200000000000064e-02,9.977400000000000158e-02,2.589620000000000255e-01,1.244880000000000014e-01,0.000000000000000000e+00
1.206999999999977868e+00,4.995890049031004310e-01,1.355199999999999981e-02,1.028730000000000061e-01,2.522070000000000145e-01,1.232680000000000026e-01,0.000000000000000000e+00
1.207999999999977758e+00,4.978520009899511933e-01,1.356500000000000067e-02,9.968899999999999983e-02,2.525180000000000202e-01,1.244080000000000047e-01,0.000000000000000000e+00
1.208999999999977648e+00,5.081490016891621053e-01,1.347699999999999940e-02,9.786300000000000554e-02,2.520930000000000115e-01,1.368739999999999957e-01,0.000000000000000000e+00
1.209999999999977538e+00,5.325519960024394095e-01,1.353000000000000036e-02,9.955500000000000460e-02,2.826890000000000236e-01,1.275509999999999977e-01,0.000000000000000000e+00
1.210999999999977428e+00,6.197019974933937192e-01,2.947200000000000167e-02,1.238889999999999991e-01,3.205560000000000076e-01,1.326189999999999869e-01,0.000000000000000000e+00
1.211999999999977318e+00,5.502519998117350042e-01,1.523599999999999954e-02,1.055210000000000037e-01,2.816750000000000087e-01,1.368749999999999967e-01,0.000000000000000000e+00
1.212999999999977208e+00,5.708249955205246806e-01,1.520799999999999930e-02,1.491349999999999898e-01,2.637860000000000205e-01,1.320759999999999990e-01,0.000000000000000000e+00
1.213999999999977097e+00,5.051219995948486030e-01,1.463799999999999997e-02,1.016510000000000052e-01,2.554980000000000029e-01,1.248400000000000065e-01,0.000000000000000000e+00
1.214999999999976987e+00,5.804400061606429517e-01,1.359999999999999924e-02,9.879699999999999593e-02,3.045200000000000129e-01,1.552389999999999881e-01,0.000000000000000000e+00
1.215999999999976877e+00,8.935939986258745193e-01,2.684100000000000028e-02,1.194159999999999944e-01,4.711690000000000045e-01,2.538650000000000073e-01,0.000000000000000000e+00
1.216999999999976767e+00,6.683469982817769051e-01,1.909800000000000039e-02,1.716439999999999910e-01,3.056809999999999805e-01,1.355320000000000136e-01,0.000000000000000000e+00
1.217999999999976657e+00,5.541840000660158694e-01,1.394800000000000033e-02,1.011740000000000000e-01,2.675589999999999913e-01,1.623910000000000076e-01,0.000000000000000000e+00
1.218999999999976547e+00,5.433810001704841852e-01,1.365800000000000000e-02,9.864599999999999758e-02,2.984879999999999756e-01,1.246779999999999972e-01,0.000000000000000000e+00
1.219999999999976437e+00,5.109709964017383754e-01,2.700899999999999829e-02,9.833600000000000674e-02,2.529399999999999982e-01,1.243670000000000053e-01,0.000000000000000000e+00
1.220999999999976326e+00,5.628950020764023066e-01,1.370700000000000043e-02,1.092800000000000021e-01,2.645080000000000209e-01,1.661289999999999989e-01,0.000000000000000000e+00
1.221999999999976216e+00,5.579800053965300322e-01,1.507000000000000006e-02,1.033749999999999947e-01,3.018890000000000184e-01,1.279270000000000129e-01,0.000000000000000000e+00
1.222999999999976106e+00,5.337120019248686731e-01,2.898500000000000035e-02,1.144310000000000049e-01,2.557889999999999886e-01,1.253390000000000060e-01,0.000000000000000000e+00
1.223999999999975996e+00,6.065269990358501673e-01,1.469099999999999920e-02,1.035340000000000010e-01,3.017509999999999915e-01,1.769149999999999889e-01,0.000000000000000000e+00
1.224999999999975886e+00,5.518870020750910044e-01,1.362400000000000069e-02,1.522979999999999889e-01,2.537309999999999843e-01,1.238979999999999942e-01,0.000000000000000000e+00
1.225999999999975776e+00,4.983760009054094553e-01,1.356899999999999946e-02,9.908200000000000340e-02,2.526800000000000157e-01,1.250699999999999867e-01,0.000000000000000000e+00
1.226999999999975666e+00,5.348390041035600007e-01,1.337799999999999927e-02,9.800499999999999490e-02,2.651439999999999908e-01,1.499060000000000115e-01,0.000000000000000000e+00
1.227999999999975556e+00,6.088119989726692438e-01,1.362000000000000016e-02,1.120260000000000006e-01,3.494410000000000016e-01,1.256740000000000079e-01,0.000000000000000000e+00
1.228999999999975445e+00,4.965970001649111509e-01,1.346800000000000080e-02,9.862999999999999545e-02,2.523869999999999725e-01,1.240519999999999956e-01,0.000000000000000000e+00
1.229999999999975335e+00,5.001820027246139944e-01,1.385699999999999953e-02,9.934700000000000475e-02,2.537739999999999996e-01,1.252719999999999945e-01,0.000000000000000000e+00
1.230999999999975225e+00,5.193869947106577456e-01,1.449499999999999920e-02,1.040940000000000060e-01,2.618179999999999952e-01,1.291480000000000128e-01,0.000000000000000000e+00
1.231999999999975115e+00,5.020319949835538864e-01,1.389199999999999983e-02,1.000709999999999933e-01,2.546610000000000262e-01,1.248559999999999948e-01,0.000000000000000000e+00
1.232999999999975005e+00,5.734849983127787709e-01,1.352000000000000077e-02,9.821699999999999875e-02,2.859329999999999927e-01,1.675319999999999865e-01,0.000000000000000000e+00
1.233999999999974895e+00,6.321900000330060720e-01,1.569500000000000062e-02,1.607530000000000070e-01,2.939939999999999776e-01,1.492999999999999883e-01,0.000000000000000000e+00
1.234999999999974785e+00,5.659679954987950623e-01,1.573000000000000093e-02,1.045750000000000013e-01,2.602360000000000229e-01,1.742889999999999995e-01,0.000000000000000000e+00
1.235999999999974674e+00,5.462289991555735469e-01,1.390699999999999922e-02,1.448399999999999965e-01,2.549370000000000247e-01,1.241040000000000060e-01,0.000000000000000000e+00
1.236999999999974564e+00,4.954399992129765451e-01,1.346499999999999954e-02,9.809800000000000464e-02,2.521180000000000088e-01,1.240030000000000021e-01,0.000000000000000000e+00
1.237999999999974454e+00,4.936479963362216949e-01,1.349099999999999952e-02,9.764899999999999969e-02,2.517619999999999858e-01,1.231389999999999985e-01,0.000000000000000000e+00
1.238999999999974344e+00,5.032789995311759412e-01,1.348899999999999925e-02,9.761699999999999544e-02,2.511590000000000211e-01,1.330359999999999876e-01,0.000000000000000000e+00
1.239999999999974234e+00,5.046080041211098433e-01,1.351199999999999971e-02,9.819899999999999463e-02,2.617990000000000039e-01,1.231270000000000003e-01,0.000000000000000000e+00
1.240999999999974124e+00,5.040069954702630639e-01,1.350499999999999964e-02,1.080559999999999993e-01,2.517159999999999953e-01,1.230500000000000066e-01,0.000000000000000000e+00
1.241999999999974014e+00,4.935739998472854495e-01,1.345599999999999921e-02,9.803900000000000114e-02,2.515609999999999791e-01,1.230580000000000007e-01,0.000000000000000000e+00
1.242999999999973904e+00,4.952759991283528507e-01,1.357599999999999953e-02,9.837100000000000011e-02,2.518340000000000023e-01,1.236710000000000031e-01,0.000000000000000000e+00
1.243999999999973793e+00,5.019540039938874543e-01,1.348599999999999972e-02,9.795800000000000340e-02,2.514970000000000261e-01,1.312899999999999900e-01,0.000000000000000000e+00
1.244999999999973683e+00,5.036450020270422101e-01,1.350999999999999944e-02,9.767299999999999593e-02,2.611689999999999845e-01,1.234610000000000013e-01,0.000000000000000000e+00
1.245999999999973573e+00,5.002370016882196069e-01,1.344099999999999982e-02,1.039329999999999976e-01,2.515410000000000146e-01,1.235460000000000030e-01,0.000000000000000000e+00
1.246999999999973463e+00,5.285219958750531077e-01,1.429199999999999915e-02,1.023590000000000055e-01,2.679360000000000075e-01,1.341009999999999980e-01,0.000000000000000000e+00
1.247999999999973353e+00,5.086489982204511762e-01,1.441699999999999926e-02,1.016529999999999934e-01,2.553480000000000194e-01,1.286599999999999966e-01,0.000000000000000000e+00
1.248999999999973243e+00,4.988329965271987021e-01,1.353900000000000069e-02,9.806399999999999839e-02,2.559480000000000088e-01,1.235089999999999938e-01,0.000000000000000000e+00
1.249999999999973133e+00,4.981370002496987581e-01,1.339000000000000086e-02,1.023249999999999993e-01,2.513830000000000231e-01,1.233309999999999962e-01,0.000000000000000000e+00
1.250999999999973022e+00,4.937030025757849216e-01,1.335800000000000008e-02,9.790699999999999403e-02,2.515169999999999906e-01,1.236840000000000023e-01,0.000000000000000000e+00
1.251999999999972912e+00,4.935140023007988930e-01,1.347399999999999987e-02,9.776799999999999380e-02,2.512809999999999766e-01,1.238199999999999995e-01,0.000000000000000000e+00
1.252999999999972802e+00,4.925489993183873594e-01,1.341299999999999958e-02,9.779699999999999505e-02,2.511229999999999851e-01,1.228810000000000041e-01,0.000000000000000000e+00
1.253999999999972692e+00,4.966380001860670745e-01,1.341200000000000031e-02,9.796799999999999953e-02,2.549290000000000167e-01,1.228790000000000021e-01,0.000000000000000000e+00
1.254999999999972582e+00,5.031589971622452140e-01,1.335899999999999935e-02,9.760599999999999832e-02,2.606559999999999988e-01,1.235360000000000069e-01,0.000000000000000000e+00
1.255999999999972472e+00,5.668170051649212837e-01,2.512999999999999956e-02,1.363580000000000070e-01,2.712829999999999964e-01,1.249409999999999965e-01,0.000000000000000000e+00
1.256999999999972362e+00,4.977510034223087132e-01,1.369500000000000058e-02,1.000270000000000048e-01,2.522190000000000265e-01,1.237859999999999933e-01,0.000000000000000000e+00
1.257999999999972252e+00,5.373230014811269939e-01,1.346499999999999954e-02,9.770299999999999818e-02,2.938399999999999901e-01,1.243390000000000051e-01,0.000000000000000000e+00
1.258999999999972141e+00,5.003840051358565688e-01,1.353799999999999969e-02,1.036370000000000069e-01,2.514970000000000261e-01,1.239709999999999979e-01,0.000000000000000000e+00
1.259999999999972031e+00,5.076960005681030452e-01,1.341000000000000004e-02,9.823500000000000287e-02,2.512559999999999794e-01,1.366890000000000049e-01,0.000000000000000000e+00
1.260999999999971921e+00,5.188499999349005520e-01,1.569900000000000115e-02,1.044559999999999933e-01,2.573119999999999852e-01,1.308010000000000006e-01,0.000000000000000000e+00
1.261999999999971811e+00,5.020000025979243219e-01,1.380499999999999956e-02,9.845900000000000485e-02,2.578790000000000249e-01,1.240040000000000031e-01,0.000000000000000000e+00
1.262999999999971701e+00,4.983479957445524633e-01,1.351100000000000044e-02,1.020230000000000026e-01,2.519779999999999798e-01,1.231949999999999990e-01,0.000000000000000000e+00
1.263999999999971591e+00,4.927639965899288654e-01,1.333900000000000016e-02,9.816800000000000526e-02,2.511959999999999749e-01,1.225580000000000003e-01,0.000000000000000000e+00
1.264999999999971481e+00,4.939689970342442393e-01,1.343199999999999950e-02,9.770199999999999718e-02,2.520910000000000095e-01,1.234019999999999978e-01,0.000000000000000000e+00
1.265999999999971370e+00,4.931180010316893458e-01,1.334699999999999949e-02,9.783500000000000529e-02,2.518679999999999808e-01,1.227649999999999991e-01,0.000000000000000000e+00
1.266999999999971260e+00,4.971590024069882929e-01,1.345200000000000042e-02,9.800399999999999390e-02,2.511789999999999856e-01,1.269730000000000025e-01,0.000000000000000000e+00
1.267999999999971150e+00,5.089429978397674859e-01,1.368499999999999925e-02,1.002659999999999940e-01,2.616269999999999984e-01,1.256659999999999999e-01,0.000000000000000000e+00
1.268999999999971040e+00,5.042420016252435744e-01,1.362000000000000016e-02,1.003560000000000008e-01,2.569819999999999882e-01,1.255779999999999952e-01,0.000000000000000000e+00
1.269999999999970930e+00,5.046959995524957776e-01,1.378000000000000058e-02,1.004310000000000064e-01,2.573659999999999837e-01,1.255030000000000034e-01,0.000000000000000000e+00
1.270999999999970820e+00,5.040890027885325253e-01,1.369199999999999931e-02,1.000879999999999964e-01,2.572550000000000114e-01,1.256750000000000089e-01,0.000000000000000000e+00
1.271999999999970710e+00,5.075259978184476495e-01,1.361000000000000057e-02,9.989399999999999669e-02,2.611879999999999757e-01,1.253809999999999925e-01,0.000000000000000000e+00
1.272999999999970600e+00,5.082679999759420753e-01,1.357099999999999973e-02,1.001240000000000047e-01,2.617380000000000262e-01,1.253809999999999925e-01,0.000000000000000000e+00
1.273999999999970489e+00,5.042510019848123193e-01,1.364199999999999961e-02,1.001400000000000068e-01,2.573239999999999972e-01,1.256079999999999974e-01,0.000000000000000000e+00
1.274999999999970379e+00,5.044050049036741257e-01,1.369800000000000011e-02,1.001819999999999933e-01,2.575549999999999784e-01,1.256559999999999899e-01,0.000000000000000000e+00
1.275999999999970269e+00,5.046099977334961295e-01,1.371400000000000050e-02,1.003200000000000064e-01,2.572439999999999727e-01,1.257689999999999919e-01,0.000000000000000000e+00
1.276999999999970159e+00,5.231269969954155385e-01,1.421399999999999920e-02,1.011100000000000054e-01,2.725069999999999992e-01,1.270769999999999955e-01,0.000000000000000000e+00
1.277999999999970049e+00,5.220870007178746164e-01,1.380499999999999956e-02,1.138300000000000006e-01,2.589560000000000195e-01,1.270660000000000123e-01,0.000000000000000000e+00
1.278999999999969939e+00,5.086919991299510002e-01,1.386399999999999959e-02,1.011380000000000057e-01,2.589980000000000060e-01,1.266930000000000001e-01,0.000000000000000000e+00
1.279999999999969829e+00,5.142419977346435189e-01,1.400599999999999935e-02,1.015680000000000055e-01,2.618920000000000137e-01,1.284319999999999906e-01,0.000000000000000000e+00
1.280999999999969718e+00,5.197389982640743256e-01,1.409200000000000036e-02,1.019869999999999943e-01,2.678809999999999802e-01,1.267459999999999976e-01,0.000000000000000000e+00
1.281999999999969608e+00,5.166240007383748889e-01,1.382899999999999928e-02,1.060279999999999972e-01,2.613380000000000147e-01,1.270769999999999955e-01,0.000000000000000000e+00
1.282999999999969498e+00,5.464169953484088182e-01,1.434999999999999991e-02,1.043889999999999957e-01,2.652329999999999965e-01,1.518909999999999982e-01,0.000000000000000000e+00
1.283999999999969388e+00,5.662030016537755728e-01,1.679100000000000037e-02,1.095970000000000000e-01,2.816839999999999899e-01,1.441070000000000129e-01,0.000000000000000000e+00
1.284999999999969278e+00,5.272630005492828786e-01,1.555999999999999918e-02,1.060719999999999996e-01,2.647720000000000073e-01,1.316879999999999995e-01,0.000000000000000000e+00
1.285999999999969168e+00,5.190099982428364456e-01,1.460599999999999919e-02,1.026890000000000025e-01,2.630020000000000135e-01,1.295350000000000112e-01,0.000000000000000000e+00
1.286999999999969058e+00,5.256279982859268785e-01,1.441899999999999953e-02,1.039879999999999971e-01,2.702010000000000245e-01,1.285080000000000111e-01,0.000000000000000000e+00
1.287999999999968948e+00,5.156979968887753785e-01,1.408500000000000030e-02,1.061389999999999972e-01,2.597389999999999977e-01,1.269440000000000013e-01,0.000000000000000000e+00
1.288999999999968837e+00,5.574109964072704315e-01,1.413299999999999973e-02,1.013359999999999955e-01,2.839240000000000097e-01,1.481609999999999872e-01,0.000000000000000000e+00
1.289999999999968727e+00,5.334229936124756932e-01,1.528999999999999977e-02,1.062690000000000023e-01,2.633860000000000090e-01,1.382750000000000090e-01,0.000000000000000000e+00
1.290999999999968617e+00,5.197999998927116394e-01,1.413200000000000046e-02,1.009899999999999964e-01,2.687010000000000232e-01,1.275070000000000092e-01,0.000000000000000000e+00
1.291999999999968507e+00,5.150149954715743661e-01,1.423499999999999939e-02,1.027909999999999935e-01,2.615210000000000035e-01,1.276420000000000055e-01,0.000000000000000000e+00
1.292999999999968397e+00,5.105449963593855500e-01,1.408200000000000077e-02,1.016699999999999965e-01,2.587979999999999725e-01,1.276480000000000115e-01,0.000000000000000000e+00
1.293999999999968287e+00,5.369680002331733704e-01,1.403300000000000033e-02,1.008509999999999962e-01,2.592729999999999757e-01,1.536220000000000085e-01,0.000000000000000000e+00
1.294999999999968177e+00,5.419899971457198262e-01,2.700999999999999929e-02,1.056279999999999997e-01,2.642639999999999989e-01,1.321990000000000109e-01,0.000000000000000000e+00
1.295999999999968066e+00,5.120780042489059269e-01,1.415399999999999991e-02,1.015179999999999971e-01,2.601109999999999811e-01,1.279430000000000012e-01,0.000000000000000000e+00
1.296999999999967956e+00,5.211720053921453655e-01,1.394899999999999959e-02,1.011459999999999998e-01,2.639360000000000039e-01,1.330659999999999898e-01,0.000000000000000000e+00
1.297999999999967846e+00,5.190070005482994020e-01,1.427900000000000003e-02,1.020709999999999951e-01,2.670000000000000151e-01,1.269039999999999890e-01,0.000000000000000000e+00
1.298999999999967736e+00,5.096780005260370672e-01,1.393100000000000067e-02,1.009120000000000017e-01,2.589139999999999775e-01,1.271100000000000008e-01,0.000000000000000000e+00
1.299999999999967626e+00,5.288230022415518761e-01,1.547300000000000064e-02,1.068629999999999997e-01,2.644219999999999904e-01,1.320379999999999887e-01,0.000000000000000000e+00
1.300999999999967516e+00,5.164739995962008834e-01,1.428399999999999982e-02,1.017490000000000061e-01,2.647740000000000093e-01,1.270330000000000070e-01,0.000000000000000000e+00
1.301999999999967406e+00,5.254770003375597298e-01,1.425599999999999958e-02,1.138890000000000041e-01,2.605359999999999898e-01,1.279770000000000074e-01,0.000000000000000000e+00
1.302999999999967295e+00,5.115729945828206837e-01,1.406600000000000038e-02,1.017180000000000029e-01,2.605330000000000146e-01,1.270959999999999868e-01,0.000000000000000000e+00
1.303999999999967185e+00,5.088790057925507426e-01,1.368899999999999978e-02,1.011729999999999990e-01,2.586669999999999803e-01,1.269939999999999958e-01,0.000000000000000000e+00
1.304999999999967075e+00,5.549810011871159077e-01,1.502700000000000043e-02,1.048260000000000025e-01,2.924820000000000197e-01,1.320939999999999892e-01,0.000000000000000000e+00
1.305999999999966965e+00,5.152279991307295859e-01,1.412899999999999920e-02,1.032539999999999986e-01,2.608860000000000068e-01,1.282369999999999899e-01,0.000000000000000000e+00
1.306999999999966855e+00,5.103209987282752991e-01,1.401499999999999968e-02,1.011549999999999949e-01,2.596589999999999732e-01,1.273100000000000065e-01,0.000000000000000000e+00
1.307999999999966745e+00,5.199119987082667649e-01,1.426900000000000043e-02,1.015380000000000033e-01,2.595250000000000057e-01,1.357800000000000118e-01,0.000000000000000000e+00
1.308999999999966635e+00,5.205390043556690216e-01,1.426799999999999943e-02,1.006470000000000004e-01,2.701919999999999877e-01,1.271930000000000005e-01,0.000000000000000000e+00
1.309999999999966525e+00,5.393280007410794497e-01,1.505500000000000067e-02,1.051529999999999965e-01,2.770819999999999950e-01,1.316499999999999893e-01,0.000000000000000000e+00
1.310999999999966414e+00,5.148179989191703498e-01,1.435600000000000070e-02,1.032079999999999942e-01,2.605430000000000246e-01,1.279929999999999957e-01,0.000000000000000000e+00
1.311999999999966304e+00,5.194129989831708372e-01,1.411500000000000081e-02,1.015110000000000040e-01,2.652229999999999865e-01,1.301950000000000052e-01,0.000000000000000000e+00
1.312999999999966194e+00,5.163130044820718467e-01,1.408799999999999983e-02,1.022160000000000013e-01,2.643739999999999979e-01,1.271899999999999975e-01,0.000000000000000000e+00
1.313999999999966084e+00,5.101300048409029841e-01,1.389999999999999916e-02,1.011719999999999980e-01,2.594859999999999944e-01,1.274520000000000097e-01,0.000000000000000000e+00
1.314999999999965974e+00,5.364629978430457413e-01,1.460700000000000019e-02,1.040259999999999935e-01,2.758010000000000184e-01,1.319140000000000035e-01,0.000000000000000000e+00
1.315999999999965864e+00,5.318039984558708966e-01,1.501899999999999936e-02,1.050119999999999942e-01,2.706729999999999969e-01,1.312359999999999915e-01,0.000000000000000000e+00
1.316999999999965754e+00,5.317830000421963632e-01,1.550499999999999969e-02,1.067870000000000069e-01,2.649199999999999888e-01,1.329299999999999926e-01,0.000000000000000000e+00
1.317999999999965643e+00,5.119889974594116211e-01,1.446399999999999943e-02,1.014869999999999939e-01,2.601149999999999851e-01,1.271210000000000118e-01,0.000000000000000000e+00
1.318999999999965533e+00,5.208880029385909438e-01,1.418799999999999922e-02,1.024830000000000046e-01,2.664540000000000242e-01,1.281710000000000071e-01,0.000000000000000000e+00
1.319999999999965423e+00,5.148220006958581507e-01,1.392499999999999988e-02,1.067950000000000010e-01,2.592240000000000100e-01,1.267639999999999878e-01,0.000000000000000000e+00
1.320999999999965313e+00,5.084450021968223155e-01,1.401600000000000068e-02,1.011070000000000024e-01,2.585290000000000088e-01,1.267330000000000123e-01,0.000000000000000000e+00
1.321999999999965203e+00,5.083370051579549909e-01,1.394399999999999980e-02,1.008000000000000007e-01,2.588369999999999838e-01,1.268529999999999935e-01,0.000000000000000000e+00
1.322999999999965093e+00,5.220360035309568048e-01,1.446399999999999943e-02,1.021240000000000064e-01,2.664579999999999727e-01,1.295640000000000125e-01,0.000000000000000000e+00
1.323999999999964983e+00,5.283509963192045689e-01,1.381899999999999969e-02,1.147809999999999941e-01,2.632090000000000263e-01,1.275310000000000055e-01,0.000000000000000000e+00
1.324999999999964873e+00,5.128889970364980400e-01,1.412500000000000040e-02,1.013359999999999955e-01,2.613079999999999847e-01,1.275350000000000095e-01,0.000000000000000000e+00
1.325999999999964762e+00,5.095229935250245035e-01,1.411600000000000008e-02,1.018249999999999988e-01,2.588960000000000150e-01,1.263090000000000046e-01,0.000000000000000000e+00
1.326999999999964652e+00,5.220649982220493257e-01,1.417500000000000010e-02,1.007590000000000013e-01,2.712820000000000231e-01,1.276650000000000007e-01,0.000000000000000000e+00
1.327999999999964542e+00,5.224490014370530844e-01,1.396700000000000025e-02,1.150189999999999962e-01,2.584440000000000071e-01,1.265519999999999978e-01,0.000000000000000000e+00
1.328999999999964432e+00,5.621580057777464390e-01,1.487899999999999986e-02,1.071099999999999969e-01,2.866750000000000131e-01,1.419459999999999888e-01,0.000000000000000000e+00
1.329999999999964322e+00,5.525999949895776808e-01,1.654500000000000068e-02,1.091720000000000051e-01,2.807830000000000048e-01,1.347129999999999994e-01,0.000000000000000000e+00
1.330999999999964212e+00,5.251260008662939072e-01,1.601599999999999899e-02,1.025849999999999956e-01,2.645790000000000086e-01,1.287739999999999996e-01,0.000000000000000000e+00
1.331999999999964102e+00,5.103770017740316689e-01,1.437399999999999962e-02,1.010989999999999944e-01,2.598210000000000242e-01,1.272079999999999878e-01,0.000000000000000000e+00
1.332999999999963991e+00,5.192149983486160636e-01,1.384699999999999993e-02,1.011750000000000010e-01,2.577869999999999884e-01,1.377950000000000008e-01,0.000000000000000000e+00
1.333999999999963881e+00,5.228129957686178386e-01,1.424300000000000045e-02,1.008489999999999942e-01,2.720029999999999948e-01,1.268650000000000055e-01,0.000000000000000000e+00
1.334999999999963771e+00,5.200000014156103134e-01,1.513899999999999968e-02,1.037850000000000023e-01,2.626999999999999891e-01,1.292069999999999885e-01,0.000000000000000000e+00
1.335999999999963661e+00,5.095839951536618173e-01,1.386700000000000085e-02,1.012640000000000068e-01,2.594560000000000199e-01,1.267510000000000026e-01,0.000000000000000000e+00
1.336999999999963551e+00,5.207750000408850610e-01,1.399199999999999923e-02,1.007350000000000051e-01,2.586999999999999855e-01,1.390609999999999902e-01,0.000000000000000000e+00
1.337999999999963441e+00,5.161010049050673842e-01,1.382000000000000069e-02,1.013059999999999933e-01,2.662390000000000034e-01,1.266140000000000043e-01,0.000000000000000000e+00
1.338999999999963331e+00,5.295649971230886877e-01,1.951100000000000056e-02,1.004530000000000006e-01,2.694320000000000048e-01,1.269979999999999998e-01,0.000000000000000000e+00
1.339999999999963221e+00,5.764950037701055408e-01,1.651199999999999890e-02,1.124150000000000010e-01,2.913479999999999959e-01,1.429819999999999980e-01,0.000000000000000000e+00
1.340999999999963110e+00,5.335469977580942214e-01,1.570200000000000068e-02,1.065409999999999968e-01,2.718479999999999785e-01,1.295010000000000050e-01,0.000000000000000000e+00
1.341999999999963000e+00,5.103119983687065542e-01,1.435900000000000024e-02,1.019430000000000058e-01,2.594279999999999919e-01,1.266420000000000046e-01,0.000000000000000000e+00
1.342999999999962890e+00,5.094579973956570029e-01,1.389800000000000063e-02,1.011750000000000010e-01,2.590299999999999825e-01,1.273249999999999937e-01,0.000000000000000000e+00
1.343999999999962780e+00,5.149959979462437332e-01,1.398499999999999917e-02,1.012239999999999945e-01,2.587530000000000108e-01,1.323660000000000114e-01,0.000000000000000000e+00
1.344999999999962670e+00,5.201610038056969643e-01,1.400200000000000056e-02,1.008919999999999956e-01,2.702260000000000217e-01,1.264480000000000048e-01,0.000000000000000000e+00
1.345999999999962560e+00,5.125340030645020306e-01,1.406999999999999917e-02,1.020920000000000022e-01,2.606410000000000116e-01,1.273179999999999867e-01,0.000000000000000000e+00
1.346999999999962450e+00,5.166099945199675858e-01,1.435799999999999924e-02,1.034719999999999945e-01,2.607849999999999890e-01,1.293350000000000055e-01,0.000000000000000000e+00
1.347999999999962339e+00,5.268070017336867750e-01,1.439400000000000054e-02,1.032460000000000044e-01,2.610859999999999848e-01,1.387500000000000122e-01,0.000000000000000000e+00
1.348999999999962229e+00,5.301529963617213070e-01,1.464999999999999983e-02,1.029609999999999970e-01,2.753090000000000259e-01,1.284180000000000044e-01,0.000000000000000000e+00
1.349999999999962119e+00,5.183909961488097906e-01,1.494400000000000069e-02,1.032050000000000051e-01,2.622189999999999799e-01,1.287739999999999996e-01,0.000000000000000000e+00
1.350999999999962009e+00,5.215589990257285535e-01,1.506300000000000000e-02,1.051060000000000050e-01,2.629540000000000211e-01,1.293890000000000040e-01,0.000000000000000000e+00
1.351999999999961899e+00,5.300789998727850616e-01,1.413599999999999926e-02,1.022239999999999954e-01,2.721640000000000170e-01,1.327710000000000001e-01,0.000000000000000000e+00
1.352999999999961789e+00,5.385240001487545669e-01,1.588099999999999928e-02,1.114610000000000045e-01,2.660770000000000080e-01,1.338610000000000078e-01,0.000000000000000000e+00
1.353999999999961679e+00,5.101880014990456402e-01,1.409400000000000062e-02,1.018840000000000023e-01,2.591669999999999807e-01,1.268299999999999983e-01,0.000000000000000000e+00
1.354999999999961569e+00,5.172589953872375190e-01,1.368800000000000051e-02,1.005569999999999936e-01,2.680350000000000232e-01,1.268559999999999965e-01,0.000000000000000000e+00
1.355999999999961458e+00,5.173239987925626338e-01,1.374300000000000001e-02,1.002579999999999999e-01,2.690980000000000039e-01,1.262790000000000024e-01,0.000000000000000000e+00
1.356999999999961348e+00,5.055440051364712417e-01,1.377500000000000079e-02,1.005149999999999932e-01,2.574560000000000182e-01,1.263209999999999888e-01,0.000000000000000000e+00
1.357999999999961238e+00,5.053850036347284913e-01,1.375299999999999960e-02,1.004039999999999933e-01,2.576080000000000036e-01,1.259859999999999869e-01,0.000000000000000000e+00
1.358999999999961128e+00,5.139119966770522296e-01,1.379400000000000071e-02,1.000849999999999934e-01,2.572570000000000134e-01,1.346960000000000102e-01,0.000000000000000000e+00
1.359999999999961018e+00,5.341819996829144657e-01,1.520499999999999977e-02,1.038489999999999969e-01,2.723869999999999902e-01,1.332280000000000131e-01,0.000000000000000000e+00
1.360999999999960908e+00,5.192460012040100992e-01,1.542800000000000074e-02,1.049189999999999984e-01,2.620100000000000207e-01,1.279990000000000017e-01,0.000000000000000000e+00
1.361999999999960798e+00,5.076469969935715199e-01,1.422700000000000006e-02,1.008580000000000032e-01,2.579810000000000159e-01,1.267500000000000016e-01,0.000000000000000000e+00
1.362999999999960687e+00,5.114640007377602160e-01,1.372100000000000056e-02,1.003040000000000043e-01,2.629329999999999723e-01,1.265110000000000123e-01,0.000000000000000000e+00
1.363999999999960577e+00,5.176070044399239123e-01,1.370299999999999990e-02,1.005029999999999951e-01,2.684579999999999744e-01,1.269240000000000090e-01,0.000000000000000000e+00
1.364999999999960467e+00,5.070409970358014107e-01,1.387000000000000038e-02,1.007360000000000061e-01,2.579600000000000226e-01,1.264550000000000118e-01,0.000000000000000000e+00
1.365999999999960357e+00,5.085529992356896400e-01,1.431200000000000007e-02,1.008109999999999978e-01,2.579279999999999906e-01,1.271200000000000108e-01,0.000000000000000000e+00
1.366999999999960247e+00,5.291749985190108418e-01,1.448799999999999914e-02,1.036249999999999949e-01,2.720060000000000255e-01,1.293660000000000088e-01,0.000000000000000000e+00
1.367999999999960137e+00,5.221059982432052493e-01,1.373399999999999968e-02,1.154199999999999948e-01,2.579659999999999731e-01,1.267050000000000121e-01,0.000000000000000000e+00
1.368999999999960027e+00,6.230779981706291437e-01,1.448699999999999988e-02,1.043099999999999999e-01,3.586739999999999928e-01,1.344430000000000069e-01,0.000000000000000000e+00
1.369999999999959917e+00,5.367359990486875176e-01,1.587099999999999969e-02,1.073650000000000021e-01,2.744460000000000233e-01,1.286990000000000078e-01,0.000000000000000000e+00
1.370999999999959806e+00,5.253890049061737955e-01,1.432499999999999919e-02,1.180999999999999966e-01,2.579659999999999731e-01,1.265149999999999886e-01,0.000000000000000000e+00
1.371999999999959696e+00,5.063469943706877530e-01,1.375099999999999933e-02,1.008379999999999971e-01,2.576999999999999846e-01,1.260979999999999879e-01,0.000000000000000000e+00
1.372999999999959586e+00,5.053890054114162922e-01,1.363499999999999955e-02,1.006309999999999982e-01,2.571640000000000037e-01,1.262669999999999904e-01,0.000000000000000000e+00
1.373999999999959476e+00,5.163579990039579570e-01,1.379499999999999997e-02,1.006390000000000062e-01,2.572389999999999954e-01,1.366620000000000057e-01,0.000000000000000000e+00
1.374999999999959366e+00,5.160669970791786909e-01,1.371799999999999929e-02,1.003959999999999991e-01,2.679139999999999855e-01,1.260330000000000061e-01,0.000000000000000000e+00
1.375999999999959256e+00,5.054619978182017803e-01,1.376499999999999946e-02,1.000719999999999943e-01,2.577599999999999891e-01,1.260469999999999924e-01,0.000000000000000000e+00
1.376999999999959146e+00,5.050999970990233123e-01,1.363699999999999982e-02,1.001009999999999955e-01,2.572470000000000034e-01,1.262999999999999956e-01,0.000000000000000000e+00
1.377999999999959035e+00,5.411940001067705452e-01,1.428300000000000056e-02,1.030480000000000007e-01,2.754150000000000209e-01,1.395119999999999971e-01,0.000000000000000000e+00
1.378999999999958925e+00,5.318630064721219242e-01,1.735799999999999843e-02,1.057059999999999944e-01,2.681299999999999795e-01,1.288910000000000056e-01,0.000000000000000000e+00
1.379999999999958815e+00,5.066880039521493018e-01,1.387900000000000071e-02,1.009980000000000044e-01,2.578840000000000021e-01,1.262429999999999941e-01,0.000000000000000000e+00
1.380999999999958705e+00,5.046709993621334434e-01,1.369700000000000084e-02,9.987999999999999656e-02,2.570790000000000020e-01,1.264470000000000038e-01,0.000000000000000000e+00
1.381999999999958595e+00,5.145320028532296419e-01,1.370900000000000070e-02,1.003119999999999984e-01,2.580459999999999976e-01,1.344239999999999879e-01,0.000000000000000000e+00
1.382999999999958485e+00,5.160430009709671140e-01,1.378700000000000064e-02,1.004209999999999964e-01,2.674110000000000098e-01,1.264820000000000111e-01,0.000000000000000000e+00
1.383999999999958375e+00,5.190349984331987798e-01,1.366500000000000006e-02,1.132790000000000047e-01,2.579859999999999931e-01,1.261480000000000101e-01,0.000000000000000000e+00
1.384999999999958264e+00,5.051769985584542155e-01,1.366299999999999980e-02,1.000920000000000004e-01,2.571729999999999849e-01,1.264119999999999966e-01,0.000000000000000000e+00
1.385999999999958154e+00,5.053529966971836984e-01,1.375999999999999966e-02,1.001039999999999985e-01,2.575810000000000044e-01,1.261380000000000001e-01,0.000000000000000000e+00
1.386999999999958044e+00,5.422690010163933039e-01,1.381199999999999962e-02,1.052460000000000062e-01,2.834149999999999725e-01,1.292059999999999875e-01,0.000000000000000000e+00
1.387999999999957934e+00,5.422690010163933039e-01,1.520499999999999977e-02,1.264859999999999873e-01,2.623440000000000216e-01,1.282010000000000094e-01,0.000000000000000000e+00
1.388999999999957824e+00,5.068940008641220629e-01,1.380299999999999930e-02,1.006439999999999974e-01,2.576019999999999976e-01,1.268219999999999903e-01,0.000000000000000000e+00
1.389999999999957714e+00,5.060940020484849811e-01,1.370700000000000043e-02,1.004430000000000045e-01,2.576399999999999801e-01,1.265610000000000068e-01,0.000000000000000000e+00
1.390999999999957604e+00,5.168760035303421319e-01,1.370999999999999996e-02,1.004619999999999957e-01,2.680100000000000260e-01,1.263199999999999878e-01,0.000000000000000000e+00
1.391999999999957494e+00,5.186199996387585998e-01,1.388799999999999930e-02,1.123659999999999937e-01,2.575870000000000104e-01,1.268259999999999943e-01,0.000000000000000000e+00
1.392999999999957383e+00,5.060589974164031446e-01,1.379999999999999977e-02,1.005759999999999987e-01,2.573449999999999904e-01,1.263410000000000089e-01,0.000000000000000000e+00
1.393999999999957273e+00,5.051359985372982919e-01,1.372699999999999962e-02,1.003549999999999998e-01,2.570649999999999880e-01,1.260380000000000111e-01,0.000000000000000000e+00
1.394999999999957163e+00,5.144210008438676596e-01,1.370799999999999970e-02,1.002249999999999946e-01,2.576330000000000009e-01,1.346420000000000117e-01,0.000000000000000000e+00
1.395999999999957053e+00,5.275720031931996346e-01,1.383099999999999954e-02,1.025429999999999953e-01,2.745409999999999795e-01,1.282810000000000061e-01,0.000000000000000000e+00
1.396999999999956943e+00,5.256620061118155718e-01,1.499799999999999918e-02,1.060770000000000046e-01,2.658980000000000232e-01,1.292190000000000005e-01,0.000000000000000000e+00
1.397999999999956833e+00,5.069100006949156523e-01,1.421399999999999920e-02,1.008649999999999963e-01,2.577630000000000199e-01,1.263640000000000041e-01,0.000000000000000000e+00
1.398999999999956723e+00,5.141420042491517961e-01,1.413599999999999926e-02,1.002880000000000021e-01,2.580379999999999896e-01,1.338600000000000068e-01,0.000000000000000000e+00
1.399999999999956612e+00,5.162439993000589311e-01,1.375999999999999966e-02,1.002360000000000056e-01,2.675679999999999725e-01,1.264139999999999986e-01,0.000000000000000000e+00
1.400999999999956502e+00,5.058530005044303834e-01,1.378700000000000064e-02,1.005889999999999979e-01,2.576300000000000257e-01,1.257639999999999869e-01,0.000000000000000000e+00
1.401999999999956392e+00,5.072240019217133522e-01,1.385300000000000073e-02,1.009840000000000043e-01,2.575620000000000132e-01,1.265989999999999893e-01,0.000000000000000000e+00
1.402999999999956282e+00,5.081110066385008395e-01,1.400999999999999988e-02,1.008200000000000068e-01,2.581720000000000126e-01,1.269780000000000075e-01,0.000000000000000000e+00
1.403999999999956172e+00,5.166729970369488001e-01,1.374700000000000054e-02,1.005489999999999995e-01,2.675649999999999973e-01,1.263239999999999919e-01,0.000000000000000000e+00
1.404999999999956062e+00,5.246790024102665484e-01,1.379799999999999950e-02,1.111589999999999939e-01,2.624770000000000159e-01,1.286229999999999873e-01,0.000000000000000000e+00
1.405999999999955952e+00,5.863230035174638033e-01,1.649700000000000125e-02,1.382919999999999983e-01,2.816620000000000235e-01,1.367259999999999864e-01,0.000000000000000000e+00
1.406999999999955842e+00,5.222850013524293900e-01,1.441300000000000046e-02,1.011060000000000014e-01,2.716569999999999818e-01,1.265570000000000028e-01,0.000000000000000000e+00
1.407999999999955731e+00,5.183630055398680270e-01,1.377899999999999958e-02,1.124850000000000017e-01,2.574150000000000049e-01,1.264639999999999931e-01,0.000000000000000000e+00
1.408999999999955621e+00,5.056590016465634108e-01,1.375700000000000013e-02,1.001549999999999940e-01,2.574429999999999774e-01,1.264869999999999883e-01,0.000000000000000000e+00
1.409999999999955511e+00,5.073230058769695461e-01,1.395799999999999992e-02,1.003219999999999945e-01,2.582760000000000056e-01,1.268160000000000120e-01,0.000000000000000000e+00
1.410999999999955401e+00,5.154640020919032395e-01,1.372600000000000035e-02,1.002320000000000016e-01,2.651339999999999808e-01,1.281239999999999879e-01,0.000000000000000000e+00
1.411999999999955291e+00,5.107830002089031041e-01,1.371200000000000023e-02,1.006309999999999982e-01,2.620430000000000259e-01,1.261160000000000059e-01,0.000000000000000000e+00
1.412999999999955181e+00,5.072179992566816509e-01,1.396099999999999945e-02,1.007360000000000061e-01,2.577980000000000271e-01,1.265290000000000026e-01,0.000000000000000000e+00
1.413999999999955071e+00,5.131500001880340278e-01,1.378799999999999991e-02,1.005510000000000015e-01,2.586519999999999930e-01,1.321579999999999977e-01,0.000000000000000000e+00
1.414999999999954960e+00,5.400459995144046843e-01,1.593699999999999978e-02,1.069459999999999994e-01,2.659690000000000110e-01,1.402529999999999888e-01,0.000000000000000000e+00
1.415999999999954850e+00,5.267270025797188282e-01,1.413000000000000020e-02,1.166100000000000053e-01,2.599179999999999824e-01,1.269820000000000115e-01,0.000000000000000000e+00
1.416999999999954740e+00,5.076249944977462292e-01,1.386800000000000012e-02,1.005469999999999975e-01,2.577659999999999951e-01,1.269699999999999995e-01,0.000000000000000000e+00
1.417999999999954630e+00,5.080219998490065336e-01,1.372699999999999962e-02,1.010749999999999982e-01,2.585450000000000248e-01,1.266279999999999906e-01,0.000000000000000000e+00
1.418999999999954520e+00,5.143160014995373785e-01,1.379499999999999997e-02,1.001879999999999993e-01,2.572369999999999934e-01,1.349259999999999904e-01,0.000000000000000000e+00
1.419999999999954410e+00,5.162700035725720227e-01,1.374000000000000048e-02,1.004970000000000030e-01,2.680879999999999930e-01,1.259589999999999876e-01,0.000000000000000000e+00
1.420999999999954300e+00,5.063130010967142880e-01,1.374399999999999927e-02,1.003919999999999951e-01,2.578469999999999929e-01,1.261889999999999956e-01,0.000000000000000000e+00
1.421999999999954190e+00,5.050819963798858225e-01,1.389499999999999937e-02,1.003280000000000005e-01,2.572559999999999847e-01,1.258990000000000109e-01,0.000000000000000000e+00
1.422999999999954079e+00,5.057309972471557558e-01,1.373899999999999948e-02,1.003190000000000054e-01,2.575609999999999844e-01,1.264069999999999916e-01,0.000000000000000000e+00
1.423999999999953969e+00,5.372340019675903022e-01,1.433399999999999952e-02,1.034589999999999954e-01,2.771000000000000130e-01,1.325639999999999874e-01,0.000000000000000000e+00
1.424999999999953859e+00,5.145399991306476295e-01,1.457400000000000015e-02,1.035800000000000054e-01,2.606459999999999888e-01,1.269280000000000130e-01,0.000000000000000000e+00
1.425999999999953749e+00,5.070510014775209129e-01,1.389100000000000057e-02,1.006539999999999935e-01,2.578300000000000036e-01,1.268100000000000060e-01,0.000000000000000000e+00
1.426999999999953639e+00,5.108490004204213619e-01,1.374000000000000048e-02,1.000589999999999952e-01,2.575319999999999832e-01,1.263559999999999961e-01,0.000000000000000000e+00
1.427999999999953529e+00,5.091380007797852159e-01,1.369599999999999984e-02,1.001080000000000025e-01,2.615850000000000120e-01,1.259379999999999944e-01,0.000000000000000000e+00
1.428999999999953419e+00,5.206080022617243230e-01,1.361500000000000037e-02,1.144600000000000062e-01,2.578509999999999969e-01,1.265840000000000021e-01,0.000000000000000000e+00
1.429999999999953308e+00,5.057379967183806002e-01,1.375900000000000040e-02,1.002659999999999940e-01,2.575189999999999979e-01,1.261700000000000044e-01,0.000000000000000000e+00
1.430999999999953198e+00,5.066270023235119879e-01,1.411600000000000008e-02,1.001449999999999979e-01,2.579330000000000234e-01,1.266299999999999926e-01,0.000000000000000000e+00
1.431999999999953088e+00,5.158760031918063760e-01,1.367699999999999992e-02,1.003870000000000040e-01,2.573280000000000012e-01,1.366539999999999977e-01,0.000000000000000000e+00
1.432999999999952978e+00,5.394719992182217538e-01,1.491699999999999970e-02,1.056150000000000005e-01,2.767120000000000135e-01,1.320510000000000017e-01,0.000000000000000000e+00
1.433999999999952868e+00,5.131069992785342038e-01,1.428199999999999956e-02,1.025900000000000006e-01,2.604779999999999873e-01,1.267340000000000133e-01,0.000000000000000000e+00
1.434999999999952758e+00,5.063729986432008445e-01,1.382800000000000001e-02,1.005410000000000054e-01,2.581240000000000201e-01,1.263400000000000079e-01,0.000000000000000000e+00
1.435999999999952648e+00,5.147689953446388245e-01,1.384999999999999946e-02,1.001760000000000012e-01,2.669920000000000071e-01,1.257409999999999917e-01,0.000000000000000000e+00
1.436999999999952538e+00,5.168919960851781070e-01,1.374099999999999974e-02,1.005240000000000022e-01,2.684650000000000092e-01,1.262260000000000049e-01,0.000000000000000000e+00
1.437999999999952427e+00,5.058909955550916493e-01,1.379799999999999950e-02,1.007009999999999988e-01,2.574110000000000009e-01,1.263029999999999986e-01,0.000000000000000000e+00
1.438999999999952317e+00,5.052339984104037285e-01,1.388299999999999951e-02,1.002090000000000064e-01,2.573239999999999972e-01,1.260999999999999899e-01,0.000000000000000000e+00
1.439999999999952207e+00,5.140779976500198245e-01,1.377500000000000079e-02,1.002310000000000006e-01,2.574710000000000054e-01,1.345709999999999962e-01,0.000000000000000000e+00
1.440999999999952097e+00,5.133020022185519338e-01,1.376899999999999999e-02,1.003150000000000014e-01,2.648260000000000058e-01,1.265620000000000078e-01,0.000000000000000000e+00
1.441999999999951987e+00,5.366269979276694357e-01,1.455500000000000023e-02,1.151699999999999946e-01,2.656370000000000120e-01,1.317300000000000137e-01,0.000000000000000000e+00
1.442999999999951877e+00,5.123360024299472570e-01,1.453499999999999931e-02,1.021380000000000066e-01,2.603150000000000186e-01,1.267479999999999996e-01,0.000000000000000000e+00
1.443999999999951767e+00,5.133700033184140921e-01,1.375000000000000007e-02,1.004830000000000029e-01,2.586309999999999998e-01,1.323529999999999984e-01,0.000000000000000000e+00
1.444999999999951656e+00,5.184649999137036502e-01,1.387700000000000045e-02,1.005629999999999996e-01,2.689960000000000129e-01,1.270020000000000038e-01,0.000000000000000000e+00
1.445999999999951546e+00,5.200540035730227828e-01,2.545100000000000140e-02,1.002829999999999971e-01,2.588440000000000185e-01,1.272679999999999922e-01,0.000000000000000000e+00
1.446999999999951436e+00,5.065829973318614066e-01,1.395899999999999919e-02,1.001950000000000063e-01,2.580729999999999968e-01,1.266470000000000096e-01,0.000000000000000000e+00
1.447999999999951326e+00,5.063229982624761760e-01,1.371400000000000050e-02,1.004219999999999974e-01,2.578070000000000084e-01,1.265519999999999978e-01,0.000000000000000000e+00
1.448999999999951216e+00,5.162889938219450414e-01,1.375999999999999966e-02,1.004599999999999937e-01,2.672039999999999971e-01,1.265429999999999888e-01,0.000000000000000000e+00
1.449999999999951106e+00,5.178870051167905331e-01,1.375200000000000033e-02,1.111000000000000043e-01,2.580899999999999861e-01,1.267469999999999986e-01,0.000000000000000000e+00
1.450999999999950996e+00,5.421690002549439669e-01,2.299199999999999855e-02,1.115050000000000069e-01,2.643880000000000119e-01,1.328749999999999931e-01,0.000000000000000000e+00
1.451999999999950886e+00,5.221610044827684760e-01,1.393100000000000067e-02,1.025900000000000006e-01,2.608940000000000148e-01,1.360389999999999933e-01,0.000000000000000000e+00
1.452999999999950775e+00,5.168369971215724945e-01,1.412099999999999987e-02,1.005859999999999949e-01,2.678130000000000233e-01,1.262199999999999989e-01,0.000000000000000000e+00
1.453999999999950665e+00,5.107959950692020357e-01,1.373599999999999995e-02,1.055569999999999981e-01,2.576640000000000041e-01,1.262709999999999944e-01,0.000000000000000000e+00
1.454999999999950555e+00,5.045099969720467925e-01,1.371799999999999929e-02,9.987999999999999656e-02,2.572240000000000082e-01,1.260779999999999956e-01,0.000000000000000000e+00
1.455999999999950445e+00,5.058959941379725933e-01,1.373199999999999942e-02,1.005000000000000060e-01,2.576289999999999969e-01,1.262969999999999926e-01,0.000000000000000000e+00
1.456999999999950335e+00,5.108990008011460304e-01,1.375600000000000087e-02,1.000479999999999980e-01,2.581399999999999806e-01,1.309829999999999883e-01,0.000000000000000000e+00
1.457999999999950225e+00,5.168189964024350047e-01,1.377100000000000025e-02,1.006630000000000025e-01,2.684949999999999837e-01,1.261619999999999964e-01,0.000000000000000000e+00
1.458999999999950115e+00,5.058399983681738377e-01,1.384099999999999914e-02,1.001610000000000000e-01,2.576910000000000034e-01,1.263990000000000113e-01,0.000000000000000000e+00
1.459999999999950004e+00,5.716830055462196469e-01,1.603999999999999870e-02,1.440490000000000104e-01,2.664969999999999839e-01,1.330010000000000081e-01,0.000000000000000000e+00
1.460999999999949894e+00,5.226919965934939682e-01,1.433800000000000005e-02,1.015810000000000046e-01,2.712629999999999764e-01,1.267089999999999883e-01,0.000000000000000000e+00
1.461999999999949784e+00,5.200269952183589339e-01,1.380699999999999983e-02,1.131749999999999978e-01,2.583090000000000108e-01,1.267349999999999866e-01,0.000000000000000000e+00
1.462999999999949674e+00,5.057910020695999265e-01,1.376499999999999946e-02,1.000759999999999983e-01,2.576260000000000217e-01,1.265189999999999926e-01,0.000000000000000000e+00
1.463999999999949564e+00,5.047719969297759235e-01,1.378300000000000011e-02,1.001429999999999959e-01,2.573170000000000179e-01,1.259490000000000054e-01,0.000000000000000000e+00
1.464999999999949454e+00,5.171209995751269162e-01,1.379999999999999977e-02,1.003310000000000035e-01,2.571590000000000265e-01,1.375059999999999893e-01,0.000000000000000000e+00
1.465999999999949344e+00,5.163720052223652601e-01,1.374000000000000048e-02,1.003819999999999990e-01,2.683340000000000169e-01,1.258799999999999919e-01,0.000000000000000000e+00
1.466999999999949233e+00,5.048189996159635484e-01,1.382000000000000069e-02,1.001969999999999944e-01,2.573900000000000077e-01,1.258509999999999907e-01,0.000000000000000000e+00
1.467999999999949123e+00,5.053049972048029304e-01,1.375900000000000040e-02,1.003700000000000009e-01,2.575740000000000252e-01,1.261599999999999944e-01,0.000000000000000000e+00
1.468999999999949013e+00,5.110950005473569036e-01,1.376400000000000019e-02,1.005370000000000014e-01,2.575509999999999744e-01,1.264190000000000036e-01,0.000000000000000000e+00
1.469999999999948903e+00,5.108839977765455842e-01,1.370200000000000064e-02,1.003040000000000043e-01,2.627599999999999936e-01,1.264830000000000121e-01,0.000000000000000000e+00
1.470999999999948793e+00,5.126420001033693552e-01,1.356899999999999946e-02,1.069569999999999965e-01,2.578750000000000209e-01,1.264379999999999948e-01,0.000000000000000000e+00
1.471999999999948683e+00,5.071120031061582267e-01,1.383099999999999954e-02,1.006299999999999972e-01,2.579850000000000199e-01,1.268309999999999993e-01,0.000000000000000000e+00
1.472999999999948573e+00,5.046080041211098433e-01,1.377699999999999932e-02,1.002220000000000055e-01,2.572039999999999882e-01,1.258640000000000037e-01,0.000000000000000000e+00
1.473999999999948463e+00,5.091089988127350807e-01,1.369399999999999958e-02,1.001900000000000013e-01,2.573849999999999749e-01,1.300679999999999892e-01,0.000000000000000000e+00
1.474999999999948352e+00,5.087459940114058554e-01,1.366400000000000080e-02,9.994400000000000506e-02,2.614859999999999962e-01,1.258259999999999934e-01,0.000000000000000000e+00
1.475999999999948242e+00,5.082809948362410069e-01,1.756599999999999828e-02,1.001299999999999968e-01,2.573449999999999904e-01,1.257290000000000074e-01,0.000000000000000000e+00
1.476999999999948132e+00,5.061980045866221189e-01,1.376400000000000019e-02,1.006299999999999972e-01,2.580149999999999944e-01,1.262510000000000021e-01,0.000000000000000000e+00
1.477999999999948022e+00,5.052410051575861871e-01,1.373699999999999921e-02,1.005250000000000032e-01,2.575430000000000219e-01,1.259589999999999876e-01,0.000000000000000000e+00
1.478999999999947912e+00,5.116780012031085789e-01,1.380299999999999930e-02,1.001340000000000008e-01,2.640710000000000002e-01,1.260139999999999871e-01,0.000000000000000000e+00
1.479999999999947802e+00,5.086180026410147548e-01,1.370299999999999990e-02,1.002330000000000026e-01,2.613759999999999972e-01,1.258360000000000034e-01,0.000000000000000000e+00
1.480999999999947692e+00,5.049160026828758419e-01,1.366299999999999980e-02,1.001920000000000033e-01,2.574219999999999842e-01,1.261710000000000054e-01,0.000000000000000000e+00
1.481999999999947581e+00,5.046669975854456425e-01,1.358299999999999959e-02,1.002979999999999983e-01,2.577630000000000199e-01,1.257649999999999879e-01,0.000000000000000000e+00
1.482999999999947471e+00,5.043330020271241665e-01,1.378700000000000064e-02,9.992199999999999693e-02,2.574060000000000237e-01,1.262449999999999961e-01,0.000000000000000000e+00
1.483999999999947361e+00,5.087440003990195692e-01,1.368699999999999951e-02,1.003799999999999970e-01,2.613300000000000067e-01,1.258519999999999917e-01,0.000000000000000000e+00
1.484999999999947251e+00,5.085179946036078036e-01,1.366700000000000033e-02,1.000199999999999978e-01,2.613779999999999992e-01,1.258499999999999897e-01,0.000000000000000000e+00
1.485999999999947141e+00,5.048780003562569618e-01,1.378599999999999964e-02,1.003949999999999981e-01,2.570520000000000027e-01,1.259480000000000044e-01,0.000000000000000000e+00
1.486999999999947031e+00,5.057879970991052687e-01,1.378200000000000085e-02,1.003040000000000043e-01,2.575520000000000032e-01,1.266519999999999868e-01,0.000000000000000000e+00
1.487999999999946921e+00,5.102370050735771656e-01,1.372999999999999915e-02,1.003529999999999978e-01,2.581189999999999873e-01,1.301259999999999917e-01,0.000000000000000000e+00
1.488999999999946811e+00,5.105250020278617740e-01,1.374099999999999974e-02,9.976400000000000545e-02,2.637010000000000187e-01,1.258160000000000112e-01,0.000000000000000000e+00
1.489999999999946700e+00,5.098199981148354709e-01,1.379799999999999950e-02,1.051979999999999998e-01,2.575649999999999884e-01,1.256909999999999972e-01,0.000000000000000000e+00
1.490999999999946590e+00,5.046649966971017420e-01,1.372999999999999915e-02,1.002340000000000036e-01,2.575740000000000252e-01,1.258450000000000124e-01,0.000000000000000000e+00
1.491999999999946480e+00,5.042479970143176615e-01,1.364800000000000041e-02,9.998300000000000243e-02,2.572329999999999894e-01,1.259019999999999861e-01,0.000000000000000000e+00
1.492999999999946370e+00,5.093479994684457779e-01,1.375999999999999966e-02,1.000650000000000012e-01,2.573900000000000077e-01,1.304099999999999981e-01,0.000000000000000000e+00
1.493999999999946260e+00,5.094890002510510385e-01,1.376100000000000066e-02,1.002269999999999966e-01,2.619940000000000047e-01,1.258879999999999999e-01,0.000000000000000000e+00
1.494999999999946150e+00,5.085599987069144845e-01,1.765800000000000008e-02,1.005189999999999972e-01,2.569750000000000090e-01,1.258730000000000127e-01,0.000000000000000000e+00
1.495999999999946040e+00,5.046379956183955073e-01,1.363299999999999929e-02,1.004799999999999999e-01,2.572010000000000129e-01,1.258710000000000107e-01,0.000000000000000000e+00
1.496999999999945929e+00,5.048080056440085173e-01,1.366599999999999933e-02,1.003000000000000003e-01,2.571749999999999869e-01,1.261720000000000064e-01,0.000000000000000000e+00
1.497999999999945819e+00,5.130760036990977824e-01,1.365000000000000067e-02,1.002149999999999985e-01,2.573429999999999884e-01,1.340860000000000107e-01,0.000000000000000000e+00
1.498999999999945709e+00,5.093650033813901246e-01,1.375299999999999960e-02,1.002849999999999991e-01,2.614409999999999790e-01,1.261950000000000016e-01,0.000000000000000000e+00
1.499999999999945599e+00,5.044439967605285347e-01,1.370599999999999943e-02,9.972300000000000608e-02,2.573110000000000119e-01,1.263239999999999919e-01,0.000000000000000000e+00
1.500999999999945489e+00,5.038449962739832699e-01,1.369899999999999937e-02,9.994999999999999718e-02,2.569719999999999782e-01,1.259500000000000064e-01,0.000000000000000000e+00
1.501999999999945379e+00,5.225950008025392890e-01,1.430999999999999980e-02,1.027489999999999931e-01,2.601080000000000059e-01,1.361610000000000043e-01,0.000000000000000000e+00
1.502999999999945269e+00,5.096979948575608432e-01,1.389300000000000083e-02,1.004519999999999996e-01,2.618869999999999809e-01,1.256710000000000049e-01,0.000000000000000000e+00
1.503999999999945159e+00,5.094869993627071381e-01,1.380800000000000083e-02,1.046649999999999942e-01,2.576439999999999841e-01,1.258809999999999929e-01,0.000000000000000000e+00
1.504999999999945048e+00,5.042409975430928171e-01,1.372100000000000056e-02,1.001819999999999933e-01,2.571200000000000152e-01,1.256089999999999984e-01,0.000000000000000000e+00
1.505999999999944938e+00,5.038759991293773055e-01,1.376899999999999999e-02,9.990300000000000569e-02,2.573829999999999729e-01,1.254270000000000107e-01,0.000000000000000000e+00
1.506999999999944828e+00,5.078030008007772267e-01,1.379799999999999950e-02,9.957299999999999485e-02,2.572889999999999899e-01,1.295360000000000122e-01,0.000000000000000000e+00
1.507999999999944718e+00,5.088600009912624955e-01,1.376499999999999946e-02,1.003489999999999938e-01,2.614110000000000045e-01,1.257769999999999999e-01,0.000000000000000000e+00
1.508999999999944608e+00,5.120450005051679909e-01,2.087500000000000119e-02,1.000930000000000014e-01,2.570209999999999995e-01,1.263450000000000129e-01,0.000000000000000000e+00
1.509999999999944498e+00,5.055000001448206604e-01,1.410499999999999948e-02,1.001579999999999970e-01,2.574170000000000069e-01,1.261970000000000036e-01,0.000000000000000000e+00
1.510999999999944388e+00,5.045599973527714610e-01,1.374099999999999974e-02,1.002979999999999983e-01,2.570959999999999912e-01,1.260900000000000076e-01,0.000000000000000000e+00
1.511999999999944277e+00,5.076399975223466754e-01,1.379900000000000050e-02,9.967299999999999771e-02,2.572150000000000269e-01,1.295459999999999945e-01,0.000000000000000000e+00
1.512999999999944167e+00,5.092909996164962649e-01,1.378200000000000085e-02,1.002299999999999996e-01,2.616629999999999789e-01,1.260699999999999876e-01,0.000000000000000000e+00
1.513999999999944057e+00,5.058550013927742839e-01,1.386199999999999932e-02,1.004079999999999973e-01,2.575439999999999952e-01,1.262490000000000001e-01,0.000000000000000000e+00
1.514999999999943947e+00,5.046699952799826860e-01,1.376400000000000019e-02,1.000869999999999954e-01,2.571599999999999997e-01,1.261599999999999944e-01,0.000000000000000000e+00
1.515999999999943837e+00,5.050219988333992660e-01,1.363499999999999955e-02,1.001549999999999940e-01,2.574119999999999742e-01,1.262060000000000126e-01,0.000000000000000000e+00
1.516999999999943727e+00,5.194569966988638043e-01,1.386700000000000085e-02,9.987400000000000444e-02,2.716509999999999758e-01,1.263330000000000009e-01,0.000000000000000000e+00
1.517999999999943617e+00,5.125039970153011382e-01,1.363600000000000055e-02,1.074019999999999975e-01,2.578949999999999854e-01,1.257780000000000009e-01,0.000000000000000000e+00
1.518999999999943507e+00,5.049519968451932073e-01,1.383400000000000081e-02,1.003129999999999994e-01,2.574739999999999807e-01,1.256659999999999999e-01,0.000000000000000000e+00
1.519999999999943396e+00,5.036090005887672305e-01,1.371700000000000003e-02,9.946299999999999586e-02,2.573920000000000097e-01,1.257099999999999884e-01,0.000000000000000000e+00
1.520999999999943286e+00,5.092310020700097084e-01,1.365000000000000067e-02,1.002480000000000038e-01,2.571379999999999777e-01,1.306180000000000119e-01,0.000000000000000000e+00
1.521999999999943176e+00,5.092520004836842418e-01,1.373899999999999948e-02,1.001530000000000059e-01,2.614500000000000157e-01,1.262719999999999954e-01,0.000000000000000000e+00
1.522999999999943066e+00,5.649649974657222629e-01,1.383000000000000028e-02,1.550380000000000091e-01,2.597749999999999782e-01,1.278640000000000054e-01,0.000000000000000000e+00
1.523999999999942956e+00,5.071499981568194926e-01,1.386800000000000012e-02,1.005029999999999951e-01,2.584790000000000143e-01,1.262089999999999879e-01,0.000000000000000000e+00
1.524999999999942846e+00,5.042920020059682429e-01,1.377899999999999958e-02,9.975000000000000533e-02,2.568610000000000060e-01,1.261049999999999949e-01,0.000000000000000000e+00
1.525999999999942736e+00,5.094500011182390153e-01,1.365199999999999921e-02,1.002350000000000046e-01,2.616559999999999997e-01,1.261319999999999941e-01,0.000000000000000000e+00
1.526999999999942625e+00,5.096690001664683223e-01,1.369599999999999984e-02,1.045900000000000024e-01,2.576530000000000209e-01,1.262850000000000084e-01,0.000000000000000000e+00
1.527999999999942515e+00,5.052830019849352539e-01,1.383099999999999954e-02,1.001900000000000013e-01,2.575609999999999844e-01,1.262439999999999951e-01,0.000000000000000000e+00
1.528999999999942405e+00,5.053519998909905553e-01,1.378599999999999964e-02,1.002340000000000036e-01,2.574400000000000022e-01,1.263150000000000106e-01,0.000000000000000000e+00
1.529999999999942295e+00,5.084329968667589128e-01,1.378300000000000011e-02,1.000199999999999978e-01,2.572670000000000234e-01,1.296229999999999882e-01,0.000000000000000000e+00
1.530999999999942185e+00,5.092520004836842418e-01,1.380499999999999956e-02,1.000830000000000053e-01,2.613510000000000000e-01,1.262790000000000024e-01,0.000000000000000000e+00
1.531999999999942075e+00,5.126209944137372077e-01,1.378200000000000085e-02,1.078149999999999942e-01,2.574380000000000002e-01,1.258749999999999869e-01,0.000000000000000000e+00
1.532999999999941965e+00,5.043380006100051105e-01,1.386599999999999985e-02,1.003010000000000013e-01,2.570200000000000262e-01,1.257290000000000074e-01,0.000000000000000000e+00
1.533999999999941855e+00,5.064310025773011148e-01,1.372199999999999982e-02,1.004940000000000000e-01,2.583559999999999746e-01,1.261720000000000064e-01,0.000000000000000000e+00
1.534999999999941744e+00,5.125809984747320414e-01,1.377600000000000005e-02,1.004730000000000067e-01,2.578300000000000036e-01,1.323999999999999899e-01,0.000000000000000000e+00
1.535999999999941634e+00,5.115840031066909432e-01,1.369199999999999931e-02,1.006429999999999964e-01,2.630759999999999765e-01,1.262409999999999921e-01,0.000000000000000000e+00
1.536999999999941524e+00,5.055829969933256507e-01,1.377800000000000032e-02,1.001549999999999940e-01,2.573190000000000199e-01,1.264710000000000001e-01,0.000000000000000000e+00
1.537999999999941414e+00,5.048480015830136836e-01,1.376100000000000066e-02,1.001750000000000002e-01,2.573650000000000104e-01,1.259919999999999929e-01,0.000000000000000000e+00
1.538999999999941304e+00,5.044759964221157134e-01,1.368699999999999951e-02,9.989399999999999669e-02,2.573770000000000224e-01,1.262089999999999879e-01,0.000000000000000000e+00
1.539999999999941194e+00,5.123999944771640003e-01,1.375200000000000033e-02,1.004730000000000067e-01,2.645230000000000081e-01,1.258529999999999927e-01,0.000000000000000000e+00
1.540999999999941084e+00,5.101279966766014695e-01,1.380800000000000083e-02,1.045220000000000038e-01,2.572019999999999862e-01,1.269250000000000100e-01,0.000000000000000000e+00
1.541999999999940973e+00,5.041660042479634285e-01,1.369500000000000058e-02,9.998200000000000143e-02,2.574359999999999982e-01,1.256180000000000074e-01,0.000000000000000000e+00
1.542999999999940863e+00,5.038529998273588717e-01,1.363999999999999935e-02,9.997100000000000430e-02,2.571200000000000152e-01,1.255950000000000122e-01,0.000000000000000000e+00
1.543999999999940753e+00,5.078569956822320819e-01,1.368699999999999951e-02,1.000510000000000010e-01,2.572309999999999874e-01,1.294700000000000017e-01,0.000000000000000000e+00
1.544999999999940643e+00,5.123149967403151095e-01,1.372499999999999935e-02,1.005790000000000017e-01,2.647769999999999846e-01,1.257280000000000064e-01,0.000000000000000000e+00
1.545999999999940533e+00,5.083630021545104682e-01,1.373800000000000021e-02,1.044670000000000043e-01,2.572050000000000169e-01,1.253229999999999900e-01,0.000000000000000000e+00
1.546999999999940423e+00,5.048029997851699591e-01,1.373399999999999968e-02,1.002159999999999995e-01,2.572189999999999754e-01,1.261819999999999886e-01,0.000000000000000000e+00
1.547999999999940313e+00,5.040899995947256684e-01,1.373399999999999968e-02,1.003710000000000019e-01,2.573259999999999992e-01,1.252639999999999865e-01,0.000000000000000000e+00
1.548999999999940202e+00,5.090220001875422895e-01,1.362599999999999922e-02,1.003799999999999970e-01,2.569529999999999870e-01,1.302429999999999977e-01,0.000000000000000000e+00
1.549999999999940092e+00,5.082449933979660273e-01,1.367600000000000066e-02,1.001999999999999974e-01,2.613210000000000255e-01,1.253970000000000085e-01,0.000000000000000000e+00
1.550999999999939982e+00,5.079039983684197068e-01,1.372999999999999915e-02,1.041750000000000037e-01,2.570310000000000095e-01,1.253539999999999932e-01,0.000000000000000000e+00
1.551999999999939872e+00,5.048809980507940054e-01,1.374599999999999954e-02,1.004550000000000026e-01,2.574609999999999954e-01,1.258430000000000104e-01,0.000000000000000000e+00
1.552999999999939762e+00,5.045190046075731516e-01,1.370299999999999990e-02,1.001900000000000013e-01,2.569980000000000042e-01,1.260280000000000011e-01,0.000000000000000000e+00
1.553999999999939652e+00,5.083659998490475118e-01,1.369399999999999958e-02,9.980100000000000082e-02,2.572300000000000142e-01,1.299919999999999964e-01,0.000000000000000000e+00
1.554999999999939542e+00,5.091120037832297385e-01,1.363100000000000075e-02,1.006959999999999938e-01,2.613010000000000055e-01,1.258479999999999877e-01,0.000000000000000000e+00
1.555999999999939432e+00,5.041219992563128471e-01,1.364300000000000061e-02,1.004560000000000036e-01,2.573869999999999769e-01,1.253599999999999992e-01,0.000000000000000000e+00
1.556999999999939321e+00,5.047309969086199999e-01,1.372600000000000035e-02,1.000930000000000014e-01,2.570490000000000275e-01,1.262749999999999984e-01,0.000000000000000000e+00
1.557999999999939211e+00,5.037330047343857586e-01,1.365000000000000067e-02,9.988199999999999856e-02,2.570129999999999915e-01,1.257830000000000059e-01,0.000000000000000000e+00
1.558999999999939101e+00,5.089140031486749649e-01,1.364699999999999941e-02,1.004260000000000014e-01,2.611840000000000273e-01,1.260860000000000036e-01,0.000000000000000000e+00
1.559999999999938991e+00,5.085019947728142142e-01,1.356800000000000020e-02,1.001849999999999963e-01,2.614949999999999775e-01,1.256049999999999944e-01,0.000000000000000000e+00
1.560999999999938881e+00,5.048290040576830506e-01,1.366200000000000053e-02,1.001250000000000057e-01,2.575479999999999992e-01,1.259629999999999916e-01,0.000000000000000000e+00
1.561999999999938771e+00,5.039110037614591420e-01,1.358200000000000032e-02,1.003710000000000019e-01,2.573849999999999749e-01,1.251800000000000135e-01,0.000000000000000000e+00
1.562999999999938661e+00,5.043850032961927354e-01,1.368800000000000051e-02,1.001699999999999952e-01,2.571320000000000272e-01,1.255900000000000072e-01,0.000000000000000000e+00
1.563999999999938550e+00,5.085360025987029076e-01,1.367600000000000066e-02,1.002149999999999985e-01,2.612530000000000130e-01,1.258380000000000054e-01,0.000000000000000000e+00
1.564999999999938440e+00,5.195740013732574880e-01,1.386500000000000059e-02,1.043499999999999983e-01,2.573090000000000099e-01,1.355470000000000008e-01,0.000000000000000000e+00
1.565999999999938330e+00,5.071259947726503015e-01,1.389100000000000057e-02,1.011780000000000040e-01,2.579040000000000221e-01,1.264480000000000048e-01,0.000000000000000000e+00
1.566999999999938220e+00,5.049259998486377299e-01,1.365399999999999947e-02,1.000250000000000028e-01,2.572800000000000087e-01,1.263050000000000006e-01,0.000000000000000000e+00
1.567999999999938110e+00,5.090539998491294682e-01,1.376899999999999999e-02,1.002129999999999965e-01,2.575000000000000067e-01,1.300169999999999937e-01,0.000000000000000000e+00
1.568999999999938000e+00,5.086550008854828775e-01,1.367200000000000013e-02,9.985800000000000232e-02,2.616229999999999944e-01,1.259460000000000024e-01,0.000000000000000000e+00
1.569999999999937890e+00,5.192620010348036885e-01,1.408599999999999956e-02,1.139079999999999954e-01,2.573420000000000152e-01,1.261430000000000051e-01,0.000000000000000000e+00
1.570999999999937780e+00,5.046930018579587340e-01,1.367299999999999939e-02,1.004659999999999997e-01,2.572010000000000129e-01,1.257659999999999889e-01,0.000000000000000000e+00
1.571999999999937669e+00,5.041140029788948596e-01,1.369700000000000084e-02,1.002379999999999938e-01,2.569139999999999757e-01,1.257860000000000089e-01,0.000000000000000000e+00
1.572999999999937559e+00,5.089110054541379213e-01,1.373399999999999968e-02,1.002920000000000061e-01,2.571950000000000069e-01,1.298410000000000120e-01,0.000000000000000000e+00
1.573999999999937449e+00,5.089379992568865418e-01,1.369800000000000011e-02,1.004929999999999990e-01,2.613940000000000152e-01,1.255590000000000039e-01,0.000000000000000000e+00
1.574999999999937339e+00,5.387470009736716747e-01,1.416099999999999998e-02,1.125599999999999934e-01,2.677289999999999948e-01,1.339100000000000013e-01,0.000000000000000000e+00
1.575999999999937229e+00,5.312089997460134327e-01,1.492600000000000003e-02,1.054409999999999931e-01,2.632410000000000028e-01,1.375669999999999948e-01,0.000000000000000000e+00
1.576999999999937119e+00,5.143529997440055013e-01,1.391599999999999955e-02,1.005410000000000054e-01,2.657729999999999815e-01,1.263259999999999939e-01,0.000000000000000000e+00
1.577999999999937009e+00,5.118720000609755516e-01,1.376299999999999919e-02,1.062619999999999953e-01,2.571559999999999957e-01,1.268650000000000055e-01,0.000000000000000000e+00
1.578999999999936898e+00,5.054639987065456808e-01,1.368100000000000045e-02,1.000039999999999957e-01,2.576030000000000264e-01,1.265880000000000061e-01,0.000000000000000000e+00
1.579999999999936788e+00,5.053749991930089891e-01,1.368499999999999925e-02,1.005500000000000005e-01,2.571749999999999869e-01,1.260870000000000046e-01,0.000000000000000000e+00
1.580999999999936678e+00,5.109630001243203878e-01,1.370700000000000043e-02,9.996099999999999430e-02,2.570450000000000235e-01,1.321650000000000047e-01,0.000000000000000000e+00
1.581999999999936568e+00,5.101329952594824135e-01,1.370500000000000017e-02,9.978599999999999970e-02,2.628860000000000086e-01,1.259039999999999881e-01,0.000000000000000000e+00
1.582999999999936458e+00,5.073770007584244013e-01,1.379700000000000024e-02,1.008970000000000006e-01,2.573010000000000019e-01,1.272060000000000135e-01,0.000000000000000000e+00
1.583999999999936348e+00,5.051339976489543915e-01,1.381800000000000042e-02,1.000430000000000069e-01,2.573389999999999844e-01,1.263640000000000041e-01,0.000000000000000000e+00
1.584999999999936238e+00,5.141849978826940060e-01,1.378500000000000038e-02,1.004759999999999959e-01,2.578389999999999849e-01,1.341809999999999947e-01,0.000000000000000000e+00
1.585999999999936128e+00,5.099560003145597875e-01,1.375000000000000007e-02,1.003629999999999939e-01,2.616209999999999924e-01,1.266440000000000066e-01,0.000000000000000000e+00
1.586999999999936017e+00,5.086830060463398695e-01,1.370299999999999990e-02,1.039380000000000026e-01,2.571970000000000089e-01,1.260670000000000124e-01,0.000000000000000000e+00
1.587999999999935907e+00,5.041990007157437503e-01,1.365500000000000047e-02,1.002239999999999936e-01,2.570879999999999832e-01,1.255860000000000032e-01,0.000000000000000000e+00
1.588999999999935797e+00,5.040690011810511351e-01,1.370599999999999943e-02,9.980500000000000482e-02,2.572039999999999882e-01,1.258559999999999957e-01,0.000000000000000000e+00
1.589999999999935687e+00,4.860129993176087737e-01,1.312900000000000005e-02,9.579200000000000215e-02,2.459260000000000057e-01,1.238999999999999962e-01,0.000000000000000000e+00
1.590999999999935577e+00,4.858179963775910437e-01,1.303200000000000018e-02,9.586400000000000476e-02,2.496259999999999868e-01,1.199739999999999973e-01,0.000000000000000000e+00
1.591999999999935467e+00,4.862579953623935580e-01,1.302200000000000059e-02,9.582699999999999552e-02,2.499329999999999885e-01,1.201389999999999958e-01,0.000000000000000000e+00
1.592999999999935357e+00,4.815020001842640340e-01,1.317699999999999948e-02,9.588099999999999401e-02,2.454860000000000098e-01,1.198759999999999964e-01,0.000000000000000000e+00
1.593999999999935246e+00,4.822150003747083247e-01,1.309399999999999974e-02,9.568100000000000216e-02,2.457950000000000135e-01,1.205139999999999961e-01,0.000000000000000000e+00
1.594999999999935136e+00,4.818740053451620042e-01,1.307499999999999982e-02,9.566600000000000104e-02,2.457310000000000050e-01,1.202339999999999937e-01,0.000000000000000000e+00
1.595999999999935026e+00,4.819419991690665483e-01,1.319200000000000060e-02,9.546200000000000518e-02,2.457689999999999875e-01,1.202259999999999995e-01,0.000000000000000000e+00
1.596999999999934916e+00,5.319339979905635118e-01,1.897199999999999928e-02,1.094709999999999989e-01,2.641100000000000114e-01,1.262109999999999899e-01,0.000000000000000000e+00
1.597999999999934806e+00,5.003179976483806968e-01,1.369899999999999937e-02,1.073420000000000069e-01,2.491849999999999898e-01,1.214869999999999978e-01,0.000000000000000000e+00
1.598999999999934696e+00,4.833479979424737394e-01,1.313899999999999964e-02,9.570499999999999841e-02,2.468190000000000106e-01,1.201870000000000022e-01,0.000000000000000000e+00
1.599999999999934586e+00,5.247939989203587174e-01,1.377300000000000052e-02,1.308670000000000111e-01,2.497240000000000015e-01,1.225490000000000052e-01,0.000000000000000000e+00
1.600999999999934476e+00,5.033109991927631199e-01,1.473099999999999930e-02,1.013440000000000035e-01,2.523599999999999732e-01,1.253690000000000082e-01,0.000000000000000000e+00
1.601999999999934365e+00,4.855540028074756265e-01,1.335500000000000055e-02,9.672300000000000342e-02,2.469699999999999951e-01,1.208489999999999981e-01,0.000000000000000000e+00
1.602999999999934255e+00,5.448450028779916465e-01,1.316699999999999988e-02,9.599800000000000000e-02,3.069239999999999746e-01,1.208349999999999980e-01,0.000000000000000000e+00
1.603999999999934145e+00,5.317799950717017055e-01,1.308999999999999921e-02,1.439000000000000001e-01,2.465769999999999906e-01,1.204500000000000015e-01,0.000000000000000000e+00
1.604999999999934035e+00,4.829850004171021283e-01,1.303600000000000071e-02,9.582300000000000539e-02,2.457020000000000037e-01,1.209049999999999986e-01,0.000000000000000000e+00
1.605999999999933925e+00,4.822519986191764474e-01,1.301899999999999932e-02,9.571699999999999653e-02,2.457670000000000132e-01,1.205249999999999932e-01,0.000000000000000000e+00
1.606999999999933815e+00,5.379089998314157128e-01,1.302299999999999985e-02,9.552499999999999880e-02,2.460380000000000067e-01,1.755379999999999996e-01,0.000000000000000000e+00
1.607999999999933705e+00,5.418290020315907896e-01,1.310599999999999959e-02,9.587600000000000289e-02,3.044709999999999916e-01,1.207190000000000069e-01,0.000000000000000000e+00
1.608999999999933594e+00,5.299829936120659113e-01,3.377000000000000141e-02,1.215669999999999945e-01,2.461379999999999957e-01,1.206269999999999981e-01,0.000000000000000000e+00
1.609999999999933484e+00,4.830120014958083630e-01,1.313600000000000011e-02,9.564200000000000479e-02,2.462129999999999874e-01,1.207889999999999936e-01,0.000000000000000000e+00
1.610999999999933374e+00,5.248379966360516846e-01,1.309100000000000021e-02,9.557100000000000317e-02,2.464939999999999909e-01,1.620790000000000008e-01,0.000000000000000000e+00
1.611999999999933264e+00,4.907709953840821981e-01,1.310900000000000086e-02,9.635900000000000021e-02,2.529069999999999929e-01,1.209100000000000036e-01,0.000000000000000000e+00
1.612999999999933154e+00,4.865369992330670357e-01,1.317699999999999948e-02,9.576099999999999890e-02,2.458919999999999995e-01,1.205060000000000020e-01,0.000000000000000000e+00
1.613999999999933044e+00,4.816130021936260164e-01,1.315200000000000050e-02,9.593300000000000438e-02,2.457229999999999970e-01,1.195370000000000044e-01,0.000000000000000000e+00
1.614999999999932934e+00,4.824259958695620298e-01,1.309100000000000021e-02,9.575599999999999390e-02,2.457749999999999935e-01,1.204989999999999950e-01,0.000000000000000000e+00
1.615999999999932824e+00,4.824799980269744992e-01,1.319700000000000040e-02,9.604799999999999449e-02,2.455940000000000067e-01,1.202180000000000054e-01,0.000000000000000000e+00
1.616999999999932713e+00,5.147179981577210128e-01,1.313100000000000031e-02,1.239630000000000037e-01,2.496259999999999868e-01,1.207580000000000042e-01,0.000000000000000000e+00
1.617999999999932603e+00,4.870539996773004532e-01,1.305300000000000037e-02,9.592399999999999538e-02,2.501200000000000090e-01,1.206720000000000015e-01,0.000000000000000000e+00
1.618999999999932493e+00,4.858839965891093016e-01,1.305100000000000010e-02,9.938299999999999912e-02,2.456760000000000055e-01,1.204469999999999985e-01,0.000000000000000000e+00
1.619999999999932383e+00,4.826889999094419181e-01,1.296500000000000083e-02,9.618899999999999673e-02,2.458780000000000132e-01,1.203930000000000000e-01,0.000000000000000000e+00
1.620999999999932273e+00,5.491699994308874011e-01,1.487800000000000060e-02,1.012860000000000010e-01,2.546189999999999842e-01,1.542020000000000057e-01,0.000000000000000000e+00
1.621999999999932163e+00,6.054659970686770976e-01,1.479399999999999986e-02,1.160390000000000033e-01,3.051809999999999801e-01,1.587330000000000130e-01,0.000000000000000000e+00
1.622999999999932053e+00,5.695229992852546275e-01,1.463700000000000070e-02,1.023799999999999988e-01,2.764659999999999895e-01,1.616750000000000131e-01,0.000000000000000000e+00
1.623999999999931942e+00,5.560580029850825667e-01,1.588799999999999935e-02,1.455349999999999977e-01,2.548400000000000110e-01,1.280789999999999984e-01,0.000000000000000000e+00
1.624999999999931832e+00,5.189520015846937895e-01,1.350900000000000017e-02,9.688599999999999990e-02,2.782760000000000233e-01,1.216399999999999981e-01,0.000000000000000000e+00
1.625999999999931722e+00,5.413910039351321757e-01,1.314599999999999970e-02,9.646699999999999720e-02,2.469780000000000031e-01,1.760950000000000015e-01,0.000000000000000000e+00
1.626999999999931612e+00,5.313410001690499485e-01,1.317899999999999974e-02,9.568899999999999628e-02,2.938220000000000276e-01,1.210470000000000018e-01,0.000000000000000000e+00
1.627999999999931502e+00,4.830840043723583221e-01,1.306500000000000022e-02,9.588499999999999801e-02,2.459989999999999954e-01,1.207720000000000043e-01,0.000000000000000000e+00
1.628999999999931392e+00,4.823330018552951515e-01,1.305599999999999990e-02,9.564000000000000279e-02,2.457519999999999982e-01,1.207260000000000000e-01,0.000000000000000000e+00
1.629999999999931282e+00,4.823710041819140315e-01,1.326100000000000022e-02,9.546399999999999331e-02,2.458549999999999902e-01,1.205119999999999941e-01,0.000000000000000000e+00
1.630999999999931172e+00,5.409479999798350036e-01,1.327200000000000081e-02,9.571899999999999853e-02,3.034819999999999740e-01,1.208459999999999951e-01,0.000000000000000000e+00
1.631999999999931061e+00,5.349720013327896595e-01,1.299900000000000014e-02,1.355069999999999886e-01,2.586729999999999863e-01,1.203629999999999978e-01,0.000000000000000000e+00
1.632999999999930951e+00,4.828109958907589316e-01,1.296300000000000056e-02,9.560200000000000642e-02,2.455819999999999947e-01,1.211210000000000064e-01,0.000000000000000000e+00
1.633999999999930841e+00,4.825050054932944477e-01,1.299999999999999940e-02,9.572999999999999565e-02,2.462270000000000014e-01,1.203319999999999945e-01,0.000000000000000000e+00
1.634999999999930731e+00,4.892700017080642283e-01,1.313899999999999964e-02,9.581900000000000139e-02,2.459139999999999937e-01,1.267340000000000133e-01,0.000000000000000000e+00
1.635999999999930621e+00,4.889009942417033017e-01,1.304699999999999957e-02,9.602800000000000225e-02,2.518920000000000048e-01,1.204729999999999968e-01,0.000000000000000000e+00
1.636999999999930511e+00,4.898359984508715570e-01,1.314300000000000017e-02,9.501999999999999336e-02,2.536610000000000253e-01,1.205080000000000040e-01,0.000000000000000000e+00
1.637999999999930401e+00,4.824869974981993437e-01,1.306599999999999949e-02,9.578899999999999915e-02,2.458670000000000022e-01,1.205660000000000065e-01,0.000000000000000000e+00
1.638999999999930290e+00,4.815750071429647505e-01,1.298700000000000028e-02,9.539799999999999669e-02,2.457550000000000012e-01,1.202030000000000043e-01,0.000000000000000000e+00
1.639999999999930180e+00,4.817669978365302086e-01,1.298099999999999948e-02,9.579899999999999527e-02,2.457149999999999890e-01,1.198079999999999978e-01,0.000000000000000000e+00
1.640999999999930070e+00,4.818559973500669003e-01,1.313699999999999937e-02,9.586400000000000476e-02,2.456969999999999987e-01,1.199719999999999953e-01,0.000000000000000000e+00
1.641999999999929960e+00,4.862989953835494816e-01,1.308199999999999988e-02,9.600899999999999712e-02,2.455859999999999987e-01,1.242700000000000055e-01,0.000000000000000000e+00
1.642999999999929850e+00,4.861970010097138584e-01,1.311299999999999966e-02,9.568500000000000616e-02,2.495330000000000048e-01,1.205880000000000007e-01,0.000000000000000000e+00
1.643999999999929740e+00,4.864399961661547422e-01,1.315900000000000056e-02,1.000000000000000056e-01,2.458279999999999910e-01,1.199449999999999961e-01,0.000000000000000000e+00
1.644999999999929630e+00,4.819989990210160613e-01,1.315000000000000023e-02,9.573500000000000065e-02,2.458680000000000032e-01,1.200630000000000031e-01,0.000000000000000000e+00
1.645999999999929519e+00,4.821690017706714571e-01,1.310000000000000053e-02,9.587500000000000189e-02,2.458849999999999925e-01,1.202320000000000055e-01,0.000000000000000000e+00
1.646999999999929409e+00,4.821679976885206997e-01,1.317699999999999948e-02,9.585799999999999876e-02,2.457350000000000090e-01,1.203349999999999975e-01,0.000000000000000000e+00
1.647999999999929299e+00,4.855809966102242470e-01,1.308800000000000067e-02,9.588800000000000101e-02,2.458069999999999977e-01,1.236450000000000049e-01,0.000000000000000000e+00
1.648999999999929189e+00,4.857780004385858774e-01,1.309600000000000000e-02,9.577299999999999702e-02,2.500209999999999932e-01,1.194439999999999946e-01,0.000000000000000000e+00
1.649999999999929079e+00,4.864060028921812773e-01,1.307200000000000029e-02,9.566900000000000404e-02,2.502800000000000025e-01,1.200080000000000036e-01,0.000000000000000000e+00
1.650999999999928969e+00,4.815650027012452483e-01,1.308899999999999994e-02,9.539899999999999769e-02,2.455730000000000135e-01,1.201799999999999952e-01,0.000000000000000000e+00
1.651999999999928859e+00,4.815369975403882563e-01,1.303600000000000071e-02,9.558700000000000530e-02,2.460589999999999999e-01,1.197249999999999981e-01,0.000000000000000000e+00
1.652999999999928749e+00,4.827270022360607982e-01,1.313500000000000084e-02,9.594900000000000651e-02,2.458450000000000080e-01,1.205200000000000021e-01,0.000000000000000000e+00
1.653999999999928638e+00,4.815010033780708909e-01,1.313199999999999958e-02,9.554400000000000392e-02,2.458680000000000032e-01,1.198369999999999991e-01,0.000000000000000000e+00
1.654999999999928528e+00,4.881860004388727248e-01,1.312199999999999998e-02,9.640500000000000458e-02,2.463390000000000024e-01,1.246489999999999959e-01,0.000000000000000000e+00
1.655999999999928418e+00,4.894320009043440223e-01,1.312100000000000072e-02,9.612199999999999911e-02,2.525160000000000182e-01,1.204490000000000005e-01,0.000000000000000000e+00
1.656999999999928308e+00,4.860679982812143862e-01,1.313600000000000011e-02,9.979699999999999682e-02,2.459929999999999894e-01,1.201099999999999945e-01,0.000000000000000000e+00
1.657999999999928198e+00,4.819160021725110710e-01,1.305000000000000084e-02,9.597600000000000575e-02,2.456019999999999870e-01,1.199920000000000014e-01,0.000000000000000000e+00
1.658999999999928088e+00,4.825629948754794896e-01,1.315400000000000076e-02,9.598700000000000288e-02,2.456810000000000105e-01,1.205180000000000001e-01,0.000000000000000000e+00
1.659999999999927978e+00,4.820410031243227422e-01,1.310399999999999933e-02,9.604799999999999449e-02,2.458420000000000050e-01,1.198670000000000013e-01,0.000000000000000000e+00
1.660999999999927867e+00,5.173390018171630800e-01,1.314300000000000017e-02,9.579400000000000415e-02,2.750049999999999994e-01,1.255320000000000047e-01,0.000000000000000000e+00
1.661999999999927757e+00,5.164870017324574292e-01,1.305300000000000037e-02,9.586999999999999689e-02,2.794039999999999857e-01,1.205340000000000023e-01,0.000000000000000000e+00
1.662999999999927647e+00,5.194100012886337936e-01,1.315700000000000029e-02,1.322180000000000022e-01,2.460029999999999994e-01,1.203970000000000040e-01,0.000000000000000000e+00
1.663999999999927537e+00,4.821199981961399317e-01,1.315099999999999950e-02,9.572400000000000353e-02,2.460070000000000034e-01,1.199950000000000044e-01,0.000000000000000000e+00
1.664999999999927427e+00,4.827079974347725511e-01,1.315599999999999929e-02,9.553300000000000680e-02,2.463509999999999867e-01,1.205340000000000023e-01,0.000000000000000000e+00
1.665999999999927317e+00,5.348449994926340878e-01,1.314799999999999996e-02,9.598500000000000087e-02,2.457940000000000125e-01,1.706660000000000121e-01,0.000000000000000000e+00
1.666999999999927207e+00,5.544169980566948652e-01,1.354600000000000075e-02,1.053089999999999998e-01,2.480860000000000010e-01,1.788839999999999875e-01,0.000000000000000000e+00
1.667999999999927097e+00,4.835040017496794462e-01,1.331599999999999971e-02,9.597600000000000575e-02,2.466210000000000069e-01,1.204749999999999988e-01,0.000000000000000000e+00
1.668999999999926986e+00,4.830190009670332074e-01,1.314300000000000017e-02,9.600699999999999512e-02,2.458239999999999870e-01,1.206259999999999971e-01,0.000000000000000000e+00
1.669999999999926876e+00,4.854930011788383126e-01,1.303699999999999998e-02,9.532799999999999607e-02,2.458760000000000112e-01,1.237879999999999953e-01,0.000000000000000000e+00
1.670999999999926766e+00,4.855459992541000247e-01,1.305300000000000037e-02,9.530800000000000383e-02,2.497310000000000085e-01,1.200800000000000062e-01,0.000000000000000000e+00
1.671999999999926656e+00,5.012510009692050517e-01,1.302400000000000085e-02,9.601400000000000212e-02,2.499820000000000098e-01,1.349829999999999919e-01,0.000000000000000000e+00
1.672999999999926546e+00,4.927580012008547783e-01,1.345799999999999948e-02,9.770299999999999818e-02,2.515140000000000153e-01,1.228690000000000060e-01,0.000000000000000000e+00
1.673999999999926436e+00,4.930810027872212231e-01,1.348399999999999946e-02,9.811499999999999388e-02,2.514159999999999728e-01,1.231069999999999942e-01,0.000000000000000000e+00
1.674999999999926326e+00,4.919310013065114617e-01,1.345099999999999942e-02,9.756599999999999995e-02,2.510999999999999899e-01,1.225860000000000005e-01,0.000000000000000000e+00
1.675999999999926215e+00,4.969680012436583638e-01,1.336099999999999961e-02,9.809700000000000364e-02,2.511349999999999971e-01,1.266660000000000008e-01,0.000000000000000000e+00
1.676999999999926105e+00,4.965710031683556736e-01,1.343800000000000029e-02,9.775499999999999468e-02,2.550839999999999774e-01,1.228349999999999997e-01,0.000000000000000000e+00
1.677999999999925995e+00,4.976709969923831522e-01,1.337299999999999947e-02,1.020540000000000058e-01,2.516180000000000083e-01,1.232260000000000022e-01,0.000000000000000000e+00
1.678999999999925885e+00,4.929350034217350185e-01,1.337900000000000027e-02,9.777700000000000280e-02,2.515680000000000138e-01,1.229679999999999940e-01,0.000000000000000000e+00
1.679999999999925775e+00,4.934039970976300538e-01,1.336799999999999967e-02,9.834299999999999986e-02,2.514890000000000181e-01,1.227670000000000011e-01,0.000000000000000000e+00
1.680999999999925665e+00,4.926319961668923497e-01,1.333799999999999916e-02,9.806900000000000339e-02,2.509449999999999736e-01,1.229299999999999976e-01,0.000000000000000000e+00
1.681999999999925555e+00,4.996569987270049751e-01,1.338199999999999980e-02,9.802299999999999902e-02,2.581350000000000033e-01,1.228120000000000045e-01,0.000000000000000000e+00
1.682999999999925445e+00,4.964050021953880787e-01,1.328999999999999973e-02,9.798999999999999377e-02,2.551240000000000174e-01,1.225429999999999992e-01,0.000000000000000000e+00
1.683999999999925334e+00,4.930770010105334222e-01,1.333799999999999916e-02,9.816900000000000626e-02,2.515229999999999966e-01,1.223080000000000001e-01,0.000000000000000000e+00
1.684999999999925224e+00,4.934859971399419010e-01,1.348000000000000066e-02,9.782699999999999729e-02,2.517570000000000086e-01,1.231769999999999948e-01,0.000000000000000000e+00
1.685999999999925114e+00,4.926750043523497880e-01,1.328000000000000014e-02,9.796100000000000640e-02,2.513219999999999898e-01,1.228309999999999957e-01,0.000000000000000000e+00
1.686999999999925004e+00,4.971529997419565916e-01,1.338499999999999933e-02,9.784800000000000442e-02,2.516689999999999761e-01,1.268440000000000123e-01,0.000000000000000000e+00
1.687999999999924894e+00,4.973039976903237402e-01,1.331399999999999945e-02,9.822300000000000475e-02,2.554520000000000124e-01,1.227980000000000044e-01,0.000000000000000000e+00
1.688999999999924784e+00,4.978430006303824484e-01,1.334300000000000069e-02,1.018519999999999981e-01,2.517050000000000121e-01,1.235289999999999999e-01,0.000000000000000000e+00
1.689999999999924674e+00,4.927190020680427551e-01,1.349099999999999952e-02,9.774800000000000155e-02,2.515299999999999758e-01,1.227550000000000030e-01,0.000000000000000000e+00
1.690999999999924563e+00,4.923550004605203867e-01,1.335100000000000002e-02,9.770700000000000218e-02,2.513110000000000066e-01,1.227059999999999956e-01,0.000000000000000000e+00
1.691999999999924453e+00,4.930889990646392107e-01,1.339000000000000086e-02,9.793699999999999628e-02,2.513329999999999731e-01,1.229269999999999946e-01,0.000000000000000000e+00
1.692999999999924343e+00,4.971480011590756476e-01,1.343500000000000076e-02,9.817499999999999838e-02,2.516010000000000191e-01,1.266440000000000066e-01,0.000000000000000000e+00
1.693999999999924233e+00,5.049160026828758419e-01,1.341700000000000011e-02,9.731599999999999973e-02,2.638679999999999914e-01,1.226740000000000053e-01,0.000000000000000000e+00
1.694999999999924123e+00,5.492120035341940820e-01,1.351300000000000071e-02,9.857699999999999796e-02,2.523480000000000167e-01,1.765480000000000105e-01,0.000000000000000000e+00
1.695999999999924013e+00,4.946689950884319842e-01,1.346100000000000074e-02,9.850000000000000422e-02,2.521490000000000120e-01,1.227069999999999966e-01,0.000000000000000000e+00
1.696999999999923903e+00,5.009500018786638975e-01,1.346999999999999933e-02,9.811200000000000476e-02,2.580379999999999896e-01,1.234790000000000054e-01,0.000000000000000000e+00
1.697999999999923793e+00,4.979950026609003544e-01,1.345999999999999974e-02,9.796100000000000640e-02,2.559440000000000048e-01,1.231420000000000015e-01,0.000000000000000000e+00
1.698999999999923682e+00,4.926859983243048191e-01,1.350299999999999938e-02,9.771900000000000031e-02,2.513219999999999898e-01,1.226519999999999971e-01,0.000000000000000000e+00
1.699999999999923572e+00,4.930440045427531004e-01,1.343100000000000023e-02,9.783899999999999542e-02,2.512789999999999746e-01,1.230679999999999968e-01,0.000000000000000000e+00
1.700999999999923462e+00,5.706570009351707995e-01,1.355899999999999987e-02,9.804799999999999627e-02,3.200990000000000224e-01,1.305560000000000054e-01,0.000000000000000000e+00
1.701999999999923352e+00,5.009480009903199971e-01,1.351699999999999950e-02,9.793000000000000316e-02,2.585959999999999925e-01,1.231499999999999956e-01,0.000000000000000000e+00
1.702999999999923242e+00,5.007700019632466137e-01,1.346800000000000080e-02,1.054049999999999987e-01,2.515439999999999898e-01,1.229309999999999986e-01,0.000000000000000000e+00
1.703999999999923132e+00,4.929649949190206826e-01,1.339500000000000066e-02,9.789599999999999691e-02,2.514810000000000101e-01,1.227219999999999978e-01,0.000000000000000000e+00
1.704999999999923022e+00,4.926670007989741862e-01,1.343699999999999929e-02,9.778100000000000680e-02,2.512519999999999754e-01,1.228989999999999944e-01,0.000000000000000000e+00
1.705999999999922911e+00,4.931900039082393050e-01,1.342400000000000017e-02,9.786300000000000554e-02,2.515479999999999938e-01,1.229589999999999989e-01,0.000000000000000000e+00
1.706999999999922801e+00,4.961820013704709709e-01,1.338100000000000053e-02,9.776100000000000068e-02,2.513070000000000026e-01,1.264619999999999911e-01,0.000000000000000000e+00
1.707999999999922691e+00,4.964460022165440023e-01,1.334199999999999969e-02,9.797500000000000653e-02,2.553799999999999959e-01,1.225959999999999966e-01,0.000000000000000000e+00
1.708999999999922581e+00,4.966679989593103528e-01,1.342899999999999996e-02,1.017860000000000015e-01,2.514259999999999828e-01,1.225360000000000060e-01,0.000000000000000000e+00
1.709999999999922471e+00,4.925989996991120279e-01,1.336900000000000067e-02,9.792599999999999916e-02,2.513900000000000023e-01,1.225969999999999976e-01,0.000000000000000000e+00
1.710999999999922361e+00,5.169639989617280662e-01,1.341400000000000058e-02,9.790100000000000191e-02,2.515370000000000106e-01,1.465180000000000093e-01,0.000000000000000000e+00
1.711999999999922251e+00,5.030559987062588334e-01,1.366900000000000059e-02,9.901799999999999491e-02,2.577809999999999824e-01,1.246160000000000045e-01,0.000000000000000000e+00
1.712999999999922141e+00,4.999360025976784527e-01,1.338600000000000033e-02,9.782499999999999529e-02,2.578889999999999794e-01,1.233270000000000061e-01,0.000000000000000000e+00
1.713999999999922030e+00,4.933599993819370866e-01,1.333499999999999963e-02,9.783500000000000529e-02,2.513929999999999776e-01,1.231040000000000051e-01,0.000000000000000000e+00
1.714999999999921920e+00,4.923859960399568081e-01,1.334800000000000049e-02,9.771299999999999430e-02,2.512650000000000161e-01,1.226000000000000006e-01,0.000000000000000000e+00
1.715999999999921810e+00,4.925180037389509380e-01,1.330899999999999965e-02,9.760900000000000132e-02,2.513580000000000259e-01,1.227869999999999934e-01,0.000000000000000000e+00
1.716999999999921700e+00,4.965959960827603936e-01,1.335800000000000008e-02,9.795900000000000440e-02,2.518329999999999735e-01,1.260390000000000121e-01,0.000000000000000000e+00
1.717999999999921590e+00,4.965680054738186300e-01,1.336999999999999994e-02,9.767299999999999593e-02,2.554529999999999856e-01,1.226959999999999995e-01,0.000000000000000000e+00
1.718999999999921480e+00,4.966400010744109750e-01,1.336399999999999914e-02,1.019850000000000062e-01,2.513739999999999863e-01,1.225640000000000063e-01,0.000000000000000000e+00
1.719999999999921370e+00,4.928810012643225491e-01,1.346100000000000074e-02,9.786699999999999566e-02,2.513599999999999723e-01,1.227909999999999974e-01,0.000000000000000000e+00
1.720999999999921259e+00,4.924710010527633131e-01,1.335000000000000075e-02,9.784800000000000442e-02,2.511639999999999984e-01,1.226980000000000015e-01,0.000000000000000000e+00
1.721999999999921149e+00,4.926389956381171942e-01,1.346499999999999954e-02,9.805500000000000327e-02,2.512829999999999786e-01,1.225669999999999954e-01,0.000000000000000000e+00
1.722999999999921039e+00,4.982909958926029503e-01,1.348500000000000046e-02,9.815599999999999326e-02,2.515819999999999723e-01,1.275010000000000032e-01,0.000000000000000000e+00
1.723999999999920929e+00,4.971989983459934592e-01,1.337799999999999927e-02,9.806499999999999939e-02,2.555379999999999874e-01,1.226779999999999954e-01,0.000000000000000000e+00
1.724999999999920819e+00,4.972030001226812601e-01,1.748100000000000001e-02,9.809099999999999764e-02,2.515350000000000086e-01,1.227739999999999942e-01,0.000000000000000000e+00
1.725999999999920709e+00,4.935640026815235615e-01,1.344799999999999988e-02,9.780300000000000105e-02,2.513569999999999971e-01,1.234330000000000011e-01,0.000000000000000000e+00
1.726999999999920599e+00,4.927740010316483676e-01,1.341700000000000011e-02,9.776899999999999480e-02,2.516349999999999976e-01,1.226450000000000040e-01,0.000000000000000000e+00
1.727999999999920488e+00,4.965789994457736611e-01,1.348199999999999919e-02,9.778199999999999392e-02,2.515140000000000153e-01,1.263789999999999913e-01,0.000000000000000000e+00
1.728999999999920378e+00,5.106790049467235804e-01,1.334899999999999975e-02,9.777399999999999980e-02,2.685270000000000157e-01,1.231489999999999946e-01,0.000000000000000000e+00
1.729999999999920268e+00,4.989429944544099271e-01,1.346900000000000007e-02,1.033280000000000032e-01,2.515299999999999758e-01,1.228390000000000037e-01,0.000000000000000000e+00
1.730999999999920158e+00,5.133669983479194343e-01,1.375700000000000013e-02,1.124700000000000005e-01,2.530729999999999924e-01,1.258819999999999939e-01,0.000000000000000000e+00
1.731999999999920048e+00,9.573440038366243243e-01,2.074000000000000149e-02,2.131520000000000081e-01,5.062830000000000386e-01,1.998959999999999904e-01,0.000000000000000000e+00
1.732999999999919938e+00,5.665610005962662399e-01,1.567199999999999843e-02,1.044410000000000061e-01,2.692010000000000236e-01,1.664670000000000039e-01,0.000000000000000000e+00
1.733999999999919828e+00,5.481789994519203901e-01,1.364899999999999967e-02,1.137190000000000006e-01,2.885289999999999799e-01,1.238839999999999941e-01,0.000000000000000000e+00
1.734999999999919718e+00,5.396010019467212260e-01,1.358600000000000085e-02,9.819300000000000250e-02,2.742930000000000090e-01,1.457640000000000047e-01,0.000000000000000000e+00
1.735999999999919607e+00,4.965030020684935153e-01,1.351199999999999971e-02,9.914800000000000002e-02,2.527949999999999919e-01,1.234620000000000023e-01,0.000000000000000000e+00
1.736999999999919497e+00,5.408459983300417662e-01,1.349099999999999952e-02,9.815899999999999626e-02,2.976389999999999869e-01,1.234699999999999964e-01,0.000000000000000000e+00
1.737999999999919387e+00,5.012289984733797610e-01,1.345099999999999942e-02,1.045589999999999992e-01,2.523389999999999800e-01,1.229319999999999996e-01,0.000000000000000000e+00
1.738999999999919277e+00,4.934660028084181249e-01,1.355699999999999961e-02,9.787899999999999379e-02,2.513589999999999991e-01,1.231320000000000053e-01,0.000000000000000000e+00
1.739999999999919167e+00,4.940139988320879638e-01,1.339199999999999939e-02,9.808699999999999364e-02,2.517980000000000218e-01,1.230279999999999985e-01,0.000000000000000000e+00
1.740999999999919057e+00,4.986779968021437526e-01,1.339300000000000039e-02,9.810599999999999876e-02,2.514620000000000188e-01,1.277840000000000087e-01,0.000000000000000000e+00
1.741999999999918947e+00,4.976339987479150295e-01,1.330100000000000032e-02,9.814399999999999513e-02,2.557860000000000134e-01,1.228889999999999982e-01,0.000000000000000000e+00
1.742999999999918836e+00,4.971529997419565916e-01,1.345900000000000048e-02,9.769300000000000206e-02,2.557539999999999814e-01,1.227690000000000031e-01,0.000000000000000000e+00
1.743999999999918726e+00,4.927379995933733881e-01,1.334899999999999975e-02,9.811300000000000576e-02,2.514520000000000088e-01,1.226229999999999959e-01,0.000000000000000000e+00
1.744999999999918616e+00,4.921869985992088914e-01,1.340299999999999998e-02,9.755999999999999395e-02,2.512869999999999826e-01,1.227039999999999936e-01,0.000000000000000000e+00
1.745999999999918506e+00,4.929779970552772284e-01,1.346999999999999933e-02,9.827600000000000224e-02,2.514359999999999928e-01,1.225849999999999995e-01,0.000000000000000000e+00
1.746999999999918396e+00,4.972500028088688850e-01,1.345799999999999948e-02,9.784900000000000542e-02,2.514239999999999808e-01,1.270719999999999905e-01,0.000000000000000000e+00
1.747999999999918286e+00,4.973550021531991661e-01,1.338400000000000006e-02,9.791300000000000003e-02,2.554830000000000156e-01,1.230519999999999947e-01,0.000000000000000000e+00
1.748999999999918176e+00,4.967960048816166818e-01,1.342100000000000064e-02,1.016869999999999996e-01,2.514279999999999848e-01,1.228530000000000039e-01,0.000000000000000000e+00
1.749999999999918066e+00,4.926900001009926200e-01,1.337600000000000074e-02,9.792700000000000016e-02,2.511860000000000204e-01,1.227789999999999992e-01,0.000000000000000000e+00
1.750999999999917955e+00,6.950089955353178084e-01,2.856600000000000111e-02,2.020560000000000134e-01,3.267789999999999861e-01,1.255050000000000054e-01,0.000000000000000000e+00
1.751999999999917845e+00,4.999960001441650093e-01,1.347100000000000034e-02,1.028440000000000049e-01,2.520160000000000178e-01,1.237089999999999995e-01,0.000000000000000000e+00
1.752999999999917735e+00,4.979470031685195863e-01,1.385400000000000000e-02,9.865599999999999370e-02,2.529250000000000109e-01,1.247550000000000048e-01,0.000000000000000000e+00
1.753999999999917625e+00,5.033490015193820000e-01,1.346699999999999980e-02,9.804400000000000615e-02,2.516309999999999936e-01,1.324929999999999997e-01,0.000000000000000000e+00
1.754999999999917515e+00,5.092589999549090862e-01,1.369899999999999937e-02,1.002669999999999950e-01,2.616559999999999997e-01,1.259589999999999876e-01,0.000000000000000000e+00
1.755999999999917405e+00,5.043330020271241665e-01,1.372400000000000009e-02,1.003020000000000023e-01,2.571280000000000232e-01,1.255689999999999862e-01,0.000000000000000000e+00
1.756999999999917295e+00,5.040890027885325253e-01,1.375999999999999966e-02,9.977999999999999370e-02,2.570230000000000015e-01,1.260280000000000011e-01,0.000000000000000000e+00
1.757999999999917184e+00,5.045220023021101952e-01,1.376600000000000046e-02,1.003549999999999998e-01,2.572809999999999819e-01,1.256099999999999994e-01,0.000000000000000000e+00
1.758999999999917074e+00,5.085040029371157289e-01,1.367299999999999939e-02,1.000820000000000043e-01,2.611550000000000260e-01,1.259419999999999984e-01,0.000000000000000000e+00
1.759999999999916964e+00,5.093139989185146987e-01,1.377699999999999932e-02,1.001679999999999932e-01,2.617200000000000082e-01,1.256120000000000014e-01,0.000000000000000000e+00
1.760999999999916854e+00,5.066919984528794885e-01,1.390100000000000016e-02,1.004879999999999940e-01,2.588460000000000205e-01,1.257929999999999882e-01,0.000000000000000000e+00
1.761999999999916744e+00,5.065459990873932838e-01,1.370500000000000017e-02,1.005879999999999969e-01,2.590089999999999892e-01,1.254850000000000132e-01,0.000000000000000000e+00
1.762999999999916634e+00,5.088359976070933044e-01,1.378399999999999938e-02,1.003330000000000055e-01,2.574830000000000174e-01,1.297379999999999922e-01,0.000000000000000000e+00
1.763999999999916524e+00,5.084419972263276577e-01,1.381100000000000036e-02,1.003119999999999984e-01,2.616930000000000089e-01,1.252050000000000107e-01,0.000000000000000000e+00
1.764999999999916414e+00,5.091690036351792514e-01,1.373500000000000068e-02,1.045230000000000048e-01,2.573400000000000132e-01,1.258839999999999959e-01,0.000000000000000000e+00
1.765999999999916303e+00,5.044700010330416262e-01,1.367600000000000066e-02,1.004010000000000041e-01,2.572249999999999814e-01,1.255100000000000104e-01,0.000000000000000000e+00
1.766999999999916193e+00,5.049429964856244624e-01,1.372999999999999915e-02,1.003010000000000013e-01,2.574370000000000269e-01,1.257810000000000039e-01,0.000000000000000000e+00
1.767999999999916083e+00,5.114320010761730373e-01,1.363200000000000002e-02,1.005270000000000052e-01,2.572670000000000234e-01,1.321110000000000062e-01,0.000000000000000000e+00
1.768999999999915973e+00,5.086899982416070998e-01,1.377800000000000032e-02,1.002519999999999939e-01,2.612229999999999830e-01,1.257759999999999989e-01,0.000000000000000000e+00
1.769999999999915863e+00,5.118400003993883729e-01,1.371999999999999956e-02,1.072729999999999934e-01,2.572269999999999834e-01,1.255969999999999864e-01,0.000000000000000000e+00
1.770999999999915753e+00,5.046369988122023642e-01,1.366700000000000033e-02,1.002099999999999935e-01,2.575259999999999772e-01,1.256200000000000094e-01,0.000000000000000000e+00
1.771999999999915643e+00,5.047300001024268568e-01,1.367699999999999992e-02,1.000469999999999970e-01,2.571809999999999929e-01,1.260199999999999931e-01,0.000000000000000000e+00
1.772999999999915532e+00,5.084160002297721803e-01,1.367600000000000066e-02,1.000729999999999953e-01,2.571189999999999864e-01,1.296920000000000017e-01,0.000000000000000000e+00
1.773999999999915422e+00,5.221800020080991089e-01,1.378300000000000011e-02,1.000769999999999993e-01,2.747040000000000037e-01,1.256720000000000059e-01,0.000000000000000000e+00
1.774999999999915312e+00,5.056099980720318854e-01,1.379700000000000024e-02,1.004540000000000016e-01,2.574719999999999787e-01,1.263150000000000106e-01,0.000000000000000000e+00
1.775999999999915202e+00,5.045509969932027161e-01,1.373899999999999948e-02,1.002849999999999991e-01,2.572320000000000162e-01,1.257999999999999952e-01,0.000000000000000000e+00
1.776999999999915092e+00,5.049140017945319414e-01,1.374300000000000001e-02,1.002870000000000011e-01,2.576209999999999889e-01,1.255040000000000044e-01,0.000000000000000000e+00
1.777999999999914982e+00,5.083089999970979989e-01,1.363400000000000029e-02,1.003069999999999934e-01,2.610419999999999963e-01,1.255600000000000049e-01,0.000000000000000000e+00
1.778999999999914872e+00,5.211899988353252411e-01,1.367999999999999945e-02,1.061330000000000051e-01,2.657599999999999962e-01,1.271420000000000050e-01,0.000000000000000000e+00
1.779999999999914762e+00,5.065799996373243630e-01,1.378599999999999964e-02,1.000150000000000067e-01,2.587519999999999820e-01,1.261849999999999916e-01,0.000000000000000000e+00
1.780999999999914651e+00,5.056970039731822908e-01,1.388499999999999977e-02,1.005780000000000007e-01,2.571069999999999744e-01,1.263630000000000031e-01,0.000000000000000000e+00
1.781999999999914541e+00,5.128929988131858408e-01,1.375900000000000040e-02,1.003470000000000056e-01,2.575109999999999899e-01,1.329660000000000009e-01,0.000000000000000000e+00
1.782999999999914431e+00,5.090470003779046237e-01,1.374599999999999954e-02,1.000130000000000047e-01,2.617749999999999799e-01,1.255789999999999962e-01,0.000000000000000000e+00
1.783999999999914321e+00,5.085769953439012170e-01,1.758600000000000094e-02,1.005049999999999971e-01,2.575709999999999944e-01,1.250729999999999897e-01,0.000000000000000000e+00
1.784999999999914211e+00,5.050010004197247326e-01,1.369599999999999984e-02,1.004049999999999943e-01,2.572710000000000274e-01,1.259879999999999889e-01,0.000000000000000000e+00
1.785999999999914101e+00,5.070730039733462036e-01,1.386599999999999985e-02,1.009440000000000059e-01,2.579000000000000181e-01,1.265519999999999978e-01,0.000000000000000000e+00
1.786999999999913991e+00,5.101640053908340633e-01,1.378300000000000011e-02,1.001289999999999958e-01,2.617340000000000222e-01,1.262320000000000109e-01,0.000000000000000000e+00
1.787999999999913880e+00,5.095009983051568270e-01,1.361799999999999990e-02,1.005000000000000060e-01,2.615970000000000240e-01,1.260610000000000064e-01,0.000000000000000000e+00
1.788999999999913770e+00,5.053400018368847668e-01,1.378000000000000058e-02,1.002289999999999986e-01,2.580120000000000191e-01,1.257649999999999879e-01,0.000000000000000000e+00
1.789999999999913660e+00,5.147030024090781808e-01,1.430400000000000074e-02,1.029550000000000048e-01,2.598739999999999939e-01,1.284970000000000001e-01,0.000000000000000000e+00
1.790999999999913550e+00,5.227110013947822154e-01,1.420000000000000082e-02,1.006729999999999986e-01,2.616640000000000077e-01,1.377289999999999903e-01,0.000000000000000000e+00
1.791999999999913440e+00,5.186179987504146993e-01,1.399199999999999923e-02,1.011259999999999937e-01,2.690939999999999999e-01,1.261079999999999979e-01,0.000000000000000000e+00
1.792999999999913330e+00,5.047180020483210683e-01,1.374900000000000080e-02,1.000709999999999933e-01,2.571479999999999877e-01,1.260860000000000036e-01,0.000000000000000000e+00
1.793999999999913220e+00,5.047109953011386096e-01,1.367499999999999966e-02,1.004739999999999939e-01,2.572150000000000269e-01,1.258940000000000059e-01,0.000000000000000000e+00
1.794999999999913110e+00,5.042299962951801717e-01,1.379499999999999997e-02,9.980700000000000682e-02,2.572989999999999999e-01,1.258519999999999917e-01,0.000000000000000000e+00
1.795999999999912999e+00,5.085660013719461858e-01,1.357500000000000026e-02,1.002829999999999971e-01,2.613639999999999852e-01,1.257850000000000079e-01,0.000000000000000000e+00
1.796999999999912889e+00,5.106020034872926772e-01,1.366000000000000027e-02,1.061269999999999991e-01,2.570379999999999887e-01,1.259540000000000104e-01,0.000000000000000000e+00
1.797999999999912779e+00,5.038710005464963615e-01,1.364499999999999914e-02,1.002849999999999991e-01,2.570680000000000187e-01,1.254280000000000117e-01,0.000000000000000000e+00
1.798999999999912669e+00,5.043970013502985239e-01,1.373300000000000042e-02,1.002180000000000015e-01,2.573170000000000179e-01,1.256970000000000032e-01,0.000000000000000000e+00
1.799999999999912559e+00,5.083060023025609553e-01,1.366900000000000059e-02,1.001490000000000019e-01,2.574400000000000022e-01,1.295060000000000100e-01,0.000000000000000000e+00
1.800999999999912449e+00,5.116559987072832882e-01,1.376400000000000019e-02,1.011809999999999932e-01,2.621629999999999794e-01,1.269939999999999958e-01,0.000000000000000000e+00
1.801999999999912339e+00,5.115949970786459744e-01,1.383900000000000061e-02,1.046750000000000042e-01,2.599339999999999984e-01,1.255010000000000014e-01,0.000000000000000000e+00
1.802999999999912228e+00,5.033569977967999876e-01,1.363699999999999982e-02,9.999700000000000255e-02,2.571869999999999989e-01,1.251879999999999937e-01,0.000000000000000000e+00
1.803999999999912118e+00,5.043560013291426003e-01,1.375700000000000013e-02,1.004189999999999944e-01,2.572369999999999934e-01,1.254190000000000027e-01,0.000000000000000000e+00
1.804999999999912008e+00,5.083100040792487562e-01,1.370200000000000064e-02,9.994799999999999518e-02,2.573670000000000124e-01,1.297359999999999902e-01,0.000000000000000000e+00
1.805999999999911898e+00,5.086890014354139566e-01,1.368100000000000045e-02,1.002109999999999945e-01,2.612499999999999822e-01,1.256710000000000049e-01,0.000000000000000000e+00
1.806999999999911788e+00,5.085560042061842978e-01,1.773900000000000129e-02,1.002159999999999995e-01,2.570549999999999780e-01,1.256740000000000079e-01,0.000000000000000000e+00
1.807999999999911678e+00,5.041020049247890711e-01,1.383700000000000034e-02,9.947200000000000486e-02,2.572530000000000094e-01,1.259250000000000091e-01,0.000000000000000000e+00
1.808999999999911568e+00,5.031070031691342592e-01,1.376100000000000066e-02,9.975000000000000533e-02,2.570500000000000007e-01,1.252830000000000055e-01,0.000000000000000000e+00
1.809999999999911457e+00,5.076859961263835430e-01,1.360399999999999977e-02,1.001900000000000013e-01,2.569640000000000257e-01,1.295260000000000022e-01,0.000000000000000000e+00
1.810999999999911347e+00,5.074210057500749826e-01,1.372699999999999962e-02,9.968599999999999683e-02,2.611450000000000160e-01,1.253390000000000060e-01,0.000000000000000000e+00
1.811999999999911237e+00,5.045020006946288049e-01,1.371499999999999976e-02,9.991800000000000681e-02,2.571700000000000097e-01,1.260320000000000051e-01,0.000000000000000000e+00
1.812999999999911127e+00,5.037070004618726671e-01,1.368699999999999951e-02,9.999900000000000455e-02,2.571700000000000097e-01,1.254989999999999994e-01,0.000000000000000000e+00
1.813999999999911017e+00,5.032000044593587518e-01,1.367999999999999945e-02,9.960099999999999509e-02,2.568779999999999952e-01,1.254679999999999962e-01,0.000000000000000000e+00
1.814999999999910907e+00,5.084229997009970248e-01,1.368399999999999998e-02,9.998700000000000643e-02,2.612990000000000035e-01,1.256460000000000077e-01,0.000000000000000000e+00
1.815999999999910797e+00,5.082339994260109961e-01,1.371799999999999929e-02,1.000150000000000067e-01,2.615350000000000175e-01,1.253299999999999970e-01,0.000000000000000000e+00
1.816999999999910687e+00,5.041059994255192578e-01,1.366799999999999959e-02,9.990400000000000669e-02,2.572840000000000127e-01,1.251800000000000135e-01,0.000000000000000000e+00
1.817999999999910576e+00,5.045619982411153615e-01,1.371299999999999950e-02,1.001790000000000042e-01,2.575520000000000032e-01,1.254480000000000040e-01,0.000000000000000000e+00
1.818999999999910466e+00,5.080830014776438475e-01,1.376400000000000019e-02,1.000010000000000066e-01,2.570410000000000195e-01,1.295060000000000100e-01,0.000000000000000000e+00
1.819999999999910356e+00,5.114790037623606622e-01,1.376499999999999946e-02,1.004420000000000035e-01,2.640290000000000137e-01,1.256690000000000029e-01,0.000000000000000000e+00
1.820999999999910246e+00,5.078929971205070615e-01,1.372400000000000009e-02,1.035630000000000023e-01,2.573210000000000219e-01,1.256740000000000079e-01,0.000000000000000000e+00
1.821999999999910136e+00,5.042299962951801717e-01,1.365899999999999927e-02,1.003679999999999989e-01,2.571539999999999937e-01,1.255650000000000099e-01,0.000000000000000000e+00
1.822999999999910026e+00,5.029280000599101186e-01,1.376299999999999919e-02,9.950900000000000023e-02,2.569119999999999737e-01,1.253529999999999922e-01,0.000000000000000000e+00
1.823999999999909916e+00,5.091809944133274257e-01,1.385400000000000000e-02,1.001829999999999943e-01,2.575609999999999844e-01,1.298410000000000120e-01,0.000000000000000000e+00
1.824999999999909805e+00,5.086149976705200970e-01,1.364699999999999941e-02,1.000619999999999982e-01,2.610149999999999970e-01,1.259720000000000006e-01,0.000000000000000000e+00
1.825999999999909695e+00,5.088320031063631177e-01,1.369300000000000031e-02,1.043120000000000019e-01,2.574270000000000169e-01,1.255999999999999894e-01,0.000000000000000000e+00
1.826999999999909585e+00,5.045059951953589916e-01,1.374700000000000054e-02,1.000179999999999958e-01,2.571030000000000260e-01,1.262119999999999909e-01,0.000000000000000000e+00
1.827999999999909475e+00,5.044880017521791160e-01,1.370000000000000037e-02,1.000589999999999952e-01,2.574609999999999954e-01,1.256960000000000022e-01,0.000000000000000000e+00
1.828999999999909365e+00,5.091120037832297385e-01,1.381199999999999962e-02,1.002279999999999976e-01,2.572630000000000194e-01,1.300459999999999949e-01,0.000000000000000000e+00
1.829999999999909255e+00,5.090539998491294682e-01,1.377899999999999958e-02,1.002610000000000029e-01,2.615859999999999852e-01,1.258080000000000032e-01,0.000000000000000000e+00
1.830999999999909145e+00,5.134329985594376922e-01,1.396499999999999998e-02,1.027259999999999979e-01,2.596370000000000067e-01,1.285030000000000061e-01,0.000000000000000000e+00
1.831999999999909035e+00,5.110190031700767577e-01,1.398699999999999943e-02,1.005869999999999959e-01,2.602130000000000276e-01,1.276990000000000069e-01,0.000000000000000000e+00
1.832999999999908924e+00,5.226549983490258455e-01,1.387099999999999965e-02,1.006439999999999974e-01,2.585080000000000156e-01,1.411759999999999959e-01,0.000000000000000000e+00
1.833999999999908814e+00,5.191039963392540812e-01,1.378500000000000038e-02,1.009530000000000011e-01,2.702459999999999862e-01,1.259419999999999984e-01,0.000000000000000000e+00
1.834999999999908704e+00,5.103970033815130591e-01,1.456200000000000029e-02,9.977900000000000658e-02,2.579110000000000014e-01,1.260409999999999864e-01,0.000000000000000000e+00
1.835999999999908594e+00,5.053799977758899331e-01,1.370200000000000064e-02,1.002409999999999968e-01,2.575390000000000179e-01,1.262060000000000126e-01,0.000000000000000000e+00
1.836999999999908484e+00,4.930529976263642311e-01,1.341099999999999931e-02,9.810699999999999976e-02,2.511120000000000019e-01,1.231519999999999976e-01,0.000000000000000000e+00
1.837999999999908374e+00,5.005600032745860517e-01,1.351199999999999971e-02,9.779899999999999705e-02,2.512759999999999994e-01,1.302460000000000007e-01,0.000000000000000000e+00
1.838999999999908264e+00,4.972300012013874948e-01,1.341200000000000031e-02,9.820700000000000263e-02,2.550950000000000162e-01,1.230470000000000036e-01,0.000000000000000000e+00
1.839999999999908153e+00,4.964280014974065125e-01,1.724399999999999891e-02,9.796599999999999753e-02,2.511430000000000051e-01,1.225669999999999954e-01,0.000000000000000000e+00
1.840999999999908043e+00,5.619190051220357418e-01,1.340299999999999998e-02,1.213779999999999998e-01,2.952870000000000217e-01,1.241180000000000061e-01,0.000000000000000000e+00
1.841999999999907933e+00,4.942540035699494183e-01,1.358000000000000006e-02,9.838299999999999823e-02,2.517010000000000081e-01,1.225949999999999956e-01,0.000000000000000000e+00
1.842999999999907823e+00,4.978520009899511933e-01,1.340799999999999978e-02,9.804300000000000515e-02,2.517940000000000178e-01,1.269929999999999948e-01,0.000000000000000000e+00
1.843999999999907713e+00,4.971230009687133133e-01,1.332200000000000051e-02,9.801999999999999602e-02,2.554400000000000004e-01,1.229530000000000067e-01,0.000000000000000000e+00
1.844999999999907603e+00,4.967770000803284347e-01,1.343199999999999950e-02,1.018609999999999932e-01,2.513029999999999986e-01,1.227450000000000069e-01,0.000000000000000000e+00
1.845999999999907493e+00,4.918460035696625710e-01,1.333699999999999990e-02,9.765400000000000469e-02,2.513409999999999811e-01,1.222270000000000023e-01,0.000000000000000000e+00
1.846999999999907383e+00,4.924659951939247549e-01,1.342999999999999923e-02,9.746399999999999508e-02,2.510160000000000169e-01,1.231450000000000045e-01,0.000000000000000000e+00
1.847999999999907272e+00,4.959049983881413937e-01,1.329800000000000079e-02,9.769999999999999518e-02,2.510000000000000009e-01,1.228349999999999997e-01,0.000000000000000000e+00
1.848999999999907162e+00,4.988450018572621047e-01,1.333999999999999943e-02,9.769600000000000506e-02,2.569890000000000230e-01,1.232260000000000022e-01,0.000000000000000000e+00
1.849999999999907052e+00,4.979849982191808522e-01,1.343100000000000023e-02,9.778299999999999492e-02,2.557189999999999741e-01,1.231010000000000021e-01,0.000000000000000000e+00
1.850999999999906942e+00,4.928740017930977046e-01,1.341799999999999937e-02,9.769899999999999418e-02,2.513509999999999911e-01,1.229090000000000044e-01,0.000000000000000000e+00
1.851999999999906832e+00,4.931719959131442010e-01,1.343600000000000003e-02,9.769700000000000606e-02,2.518090000000000050e-01,1.228869999999999962e-01,0.000000000000000000e+00
1.852999999999906722e+00,4.928560010739602149e-01,1.348099999999999993e-02,9.776100000000000068e-02,2.512440000000000229e-01,1.231190000000000062e-01,0.000000000000000000e+00
1.853999999999906612e+00,4.975749980076216161e-01,1.331599999999999971e-02,9.820900000000000463e-02,2.517480000000000273e-01,1.267860000000000098e-01,0.000000000000000000e+00
1.854999999999906501e+00,4.976849959348328412e-01,1.336799999999999967e-02,9.807299999999999351e-02,2.559029999999999916e-01,1.229279999999999956e-01,0.000000000000000000e+00
1.855999999999906391e+00,4.980149969924241304e-01,1.345099999999999942e-02,1.024830000000000046e-01,2.515809999999999991e-01,1.232420000000000043e-01,0.000000000000000000e+00
1.856999999999906281e+00,4.923399974359199405e-01,1.343199999999999950e-02,9.752500000000000058e-02,2.510580000000000034e-01,1.227860000000000062e-01,0.000000000000000000e+00
1.857999999999906171e+00,4.921970030409283936e-01,1.335500000000000055e-02,9.770600000000000118e-02,2.514930000000000221e-01,1.223960000000000048e-01,0.000000000000000000e+00
1.858999999999906061e+00,4.923759988741949201e-01,1.344700000000000062e-02,9.757799999999999807e-02,2.512579999999999814e-01,1.227089999999999986e-01,0.000000000000000000e+00
1.859999999999905951e+00,4.971859962097369134e-01,1.327799999999999987e-02,9.800899999999999890e-02,2.550780000000000269e-01,1.230870000000000020e-01,0.000000000000000000e+00
1.860999999999905841e+00,4.970880036125890911e-01,1.338199999999999980e-02,9.767299999999999593e-02,2.556359999999999744e-01,1.229589999999999989e-01,0.000000000000000000e+00
1.861999999999905731e+00,4.925790053675882518e-01,1.338499999999999933e-02,9.778499999999999692e-02,2.512079999999999869e-01,1.228719999999999951e-01,0.000000000000000000e+00
1.862999999999905620e+00,4.932340016239322722e-01,1.342600000000000043e-02,9.821299999999999475e-02,2.513469999999999871e-01,1.227020000000000055e-01,0.000000000000000000e+00
1.863999999999905510e+00,4.934989992761984468e-01,1.340799999999999978e-02,9.798099999999999865e-02,2.516559999999999908e-01,1.228080000000000005e-01,0.000000000000000000e+00
1.864999999999905400e+00,4.979020013706758618e-01,1.345299999999999968e-02,9.783999999999999642e-02,2.511979999999999769e-01,1.279510000000000092e-01,0.000000000000000000e+00
1.865999999999905290e+00,4.982890022802166641e-01,1.336599999999999941e-02,9.803399999999999614e-02,2.560060000000000113e-01,1.236209999999999948e-01,0.000000000000000000e+00
1.866999999999905180e+00,4.968779976479709148e-01,1.334699999999999949e-02,1.016859999999999986e-01,2.515279999999999738e-01,1.229029999999999984e-01,0.000000000000000000e+00
1.867999999999905070e+00,4.928139969706535339e-01,1.334899999999999975e-02,9.790799999999999503e-02,2.515009999999999746e-01,1.226779999999999954e-01,0.000000000000000000e+00
1.868999999999904960e+00,4.932329975417815149e-01,1.333900000000000016e-02,9.785299999999999554e-02,2.513929999999999776e-01,1.233260000000000051e-01,0.000000000000000000e+00
1.869999999999904849e+00,4.927250047330744565e-01,1.335300000000000029e-02,9.802700000000000302e-02,2.514730000000000021e-01,1.226629999999999943e-01,0.000000000000000000e+00
1.870999999999904739e+00,4.968959983671084046e-01,1.345700000000000021e-02,9.785800000000000054e-02,2.555720000000000214e-01,1.224640000000000034e-01,0.000000000000000000e+00
1.871999999999904629e+00,4.973250033799558878e-01,1.346299999999999927e-02,9.781299999999999717e-02,2.556269999999999931e-01,1.229159999999999975e-01,0.000000000000000000e+00
1.872999999999904519e+00,4.924450040562078357e-01,1.344799999999999988e-02,9.759299999999999919e-02,2.511340000000000239e-01,1.227680000000000021e-01,0.000000000000000000e+00
1.873999999999904409e+00,4.927889967802911997e-01,1.336799999999999967e-02,9.769600000000000506e-02,2.512949999999999906e-01,1.231659999999999977e-01,0.000000000000000000e+00
1.874999999999904299e+00,4.928609996568411589e-01,1.341200000000000031e-02,9.796599999999999753e-02,2.513710000000000111e-01,1.227919999999999984e-01,0.000000000000000000e+00
1.875999999999904189e+00,4.969740039086900651e-01,1.336299999999999988e-02,9.832399999999999474e-02,2.511570000000000191e-01,1.267060000000000131e-01,0.000000000000000000e+00
1.876999999999904079e+00,4.996349962311796844e-01,1.339199999999999939e-02,9.790899999999999603e-02,2.578469999999999929e-01,1.231050000000000061e-01,0.000000000000000000e+00
1.877999999999903968e+00,4.969940055161714554e-01,1.343399999999999976e-02,1.018970000000000015e-01,2.514440000000000008e-01,1.227250000000000008e-01,0.000000000000000000e+00
1.878999999999903858e+00,4.921409999951720238e-01,1.335899999999999935e-02,9.772500000000000631e-02,2.511880000000000224e-01,1.224210000000000020e-01,0.000000000000000000e+00
1.879999999999903748e+00,4.924439999740570784e-01,1.342600000000000043e-02,9.791800000000000503e-02,2.515640000000000098e-01,1.222420000000000034e-01,0.000000000000000000e+00
1.880999999999903638e+00,4.923659944324754179e-01,1.343399999999999976e-02,9.760699999999999932e-02,2.512389999999999901e-01,1.228869999999999962e-01,0.000000000000000000e+00
1.881999999999903528e+00,4.973989998688921332e-01,1.338100000000000053e-02,9.786400000000000654e-02,2.514819999999999833e-01,1.272169999999999968e-01,0.000000000000000000e+00
1.882999999999903418e+00,4.966339984093792737e-01,1.333600000000000063e-02,9.750699999999999645e-02,2.551499999999999879e-01,1.232430000000000053e-01,0.000000000000000000e+00
1.883999999999903308e+00,4.969809961039572954e-01,1.724099999999999938e-02,9.780800000000000605e-02,2.516019999999999923e-01,1.228619999999999990e-01,0.000000000000000000e+00
1.884999999999903197e+00,4.935890028718858957e-01,1.341900000000000037e-02,9.811100000000000376e-02,2.516970000000000041e-01,1.229979999999999962e-01,0.000000000000000000e+00
1.885999999999903087e+00,4.926410038024187088e-01,1.334199999999999969e-02,9.760000000000000620e-02,2.515990000000000171e-01,1.227769999999999972e-01,0.000000000000000000e+00
1.886999999999902977e+00,5.032850021962076426e-01,1.347199999999999960e-02,9.803399999999999614e-02,2.512300000000000089e-01,1.326769999999999894e-01,0.000000000000000000e+00
1.887999999999902867e+00,4.992480025975964963e-01,1.348500000000000046e-02,9.799099999999999477e-02,2.570399999999999907e-01,1.230620000000000047e-01,0.000000000000000000e+00
1.888999999999902757e+00,5.007520012441091239e-01,1.342400000000000017e-02,1.037249999999999978e-01,2.517969999999999930e-01,1.239399999999999946e-01,0.000000000000000000e+00
1.889999999999902647e+00,4.937979974783957005e-01,1.335199999999999929e-02,9.798700000000000465e-02,2.515899999999999803e-01,1.232270000000000032e-01,0.000000000000000000e+00
1.890999999999902537e+00,4.933360032737255096e-01,1.340500000000000025e-02,9.779300000000000492e-02,2.514109999999999956e-01,1.233459999999999973e-01,0.000000000000000000e+00
1.891999999999902426e+00,4.932070005452260375e-01,1.336599999999999941e-02,9.800300000000000678e-02,2.510580000000000034e-01,1.233930000000000027e-01,0.000000000000000000e+00
1.892999999999902316e+00,4.986829953850246966e-01,1.340000000000000045e-02,9.777700000000000280e-02,2.565310000000000090e-01,1.233039999999999969e-01,0.000000000000000000e+00
1.893999999999902206e+00,4.995800045435316861e-01,1.341700000000000011e-02,9.793699999999999628e-02,2.578520000000000256e-01,1.227609999999999951e-01,0.000000000000000000e+00
1.894999999999902096e+00,4.930849972879514098e-01,1.335199999999999929e-02,9.804000000000000214e-02,2.514049999999999896e-01,1.227219999999999978e-01,0.000000000000000000e+00
1.895999999999901986e+00,4.935499964631162584e-01,1.326800000000000028e-02,9.798500000000000265e-02,2.517909999999999870e-01,1.231499999999999956e-01,0.000000000000000000e+00
1.896999999999901876e+00,4.960110018146224320e-01,1.379299999999999971e-02,9.810299999999999576e-02,2.520459999999999923e-01,1.241310000000000052e-01,0.000000000000000000e+00
1.897999999999901766e+00,4.971800008206628263e-01,1.348199999999999919e-02,9.774499999999999855e-02,2.513230000000000186e-01,1.270169999999999910e-01,0.000000000000000000e+00
1.898999999999901656e+00,4.981930032954551280e-01,1.349900000000000058e-02,9.813600000000000101e-02,2.556809999999999916e-01,1.234419999999999962e-01,0.000000000000000000e+00
1.899999999999901545e+00,4.977360003977082670e-01,1.343399999999999976e-02,1.020009999999999944e-01,2.515569999999999751e-01,1.230480000000000046e-01,0.000000000000000000e+00
1.900999999999901435e+00,4.932840020046569407e-01,1.332000000000000024e-02,9.803199999999999414e-02,2.517490000000000006e-01,1.228199999999999986e-01,0.000000000000000000e+00
1.901999999999901325e+00,4.940590006299316883e-01,1.351300000000000071e-02,9.820199999999999763e-02,2.518859999999999988e-01,1.229650000000000049e-01,0.000000000000000000e+00
1.902999999999901215e+00,4.996749994461424649e-01,1.346299999999999927e-02,9.773400000000000143e-02,2.514669999999999961e-01,1.293759999999999910e-01,0.000000000000000000e+00
1.903999999999901105e+00,5.848680011695250869e-01,1.337999999999999953e-02,9.798800000000000565e-02,3.420690000000000119e-01,1.234149999999999969e-01,0.000000000000000000e+00
1.904999999999900995e+00,5.354469976737163961e-01,1.345200000000000042e-02,1.385850000000000137e-01,2.522610000000000130e-01,1.231550000000000006e-01,0.000000000000000000e+00
1.905999999999900885e+00,4.929900023853406310e-01,1.337499999999999974e-02,9.791400000000000103e-02,2.513659999999999783e-01,1.230289999999999995e-01,0.000000000000000000e+00
1.906999999999900774e+00,4.919519997201859951e-01,1.339199999999999939e-02,9.717900000000000149e-02,2.512579999999999814e-01,1.227820000000000022e-01,0.000000000000000000e+00
1.907999999999900664e+00,4.966810010955668986e-01,1.330800000000000038e-02,9.779599999999999405e-02,2.550959999999999894e-01,1.230939999999999951e-01,0.000000000000000000e+00
1.908999999999900554e+00,4.968870052834972739e-01,1.345000000000000015e-02,9.815500000000000613e-02,2.551430000000000087e-01,1.227479999999999960e-01,0.000000000000000000e+00
1.909999999999900444e+00,4.937429985147900879e-01,1.347699999999999940e-02,9.819500000000000450e-02,2.515310000000000046e-01,1.232560000000000044e-01,0.000000000000000000e+00
1.910999999999900334e+00,4.928669950459152460e-01,1.345200000000000042e-02,9.790799999999999503e-02,2.514080000000000203e-01,1.228329999999999977e-01,0.000000000000000000e+00
1.911999999999900224e+00,4.930770010105334222e-01,1.329999999999999932e-02,9.797799999999999565e-02,2.518079999999999763e-01,1.226919999999999955e-01,0.000000000000000000e+00
1.912999999999900114e+00,4.980290032108314335e-01,1.336200000000000061e-02,9.808400000000000452e-02,2.514580000000000148e-01,1.275159999999999905e-01,0.000000000000000000e+00
1.913999999999900004e+00,4.976709969923831522e-01,1.330800000000000038e-02,9.792599999999999916e-02,2.557229999999999781e-01,1.231870000000000048e-01,0.000000000000000000e+00
1.914999999999899893e+00,4.970269947079941630e-01,1.334600000000000022e-02,1.019830000000000042e-01,2.514689999999999981e-01,1.227980000000000044e-01,0.000000000000000000e+00
1.915999999999899783e+00,4.927510017296299338e-01,1.336900000000000067e-02,9.793999999999999928e-02,2.512099999999999889e-01,1.228989999999999944e-01,0.000000000000000000e+00
1.916999999999899673e+00,4.929299975628964603e-01,1.347300000000000060e-02,9.801700000000000690e-02,2.509950000000000236e-01,1.230949999999999961e-01,0.000000000000000000e+00
1.917999999999899563e+00,4.923250016872771084e-01,1.346600000000000054e-02,9.786000000000000254e-02,2.511059999999999959e-01,1.224419999999999953e-01,0.000000000000000000e+00
1.918999999999899453e+00,4.965080006513744593e-01,1.338800000000000059e-02,9.784800000000000442e-02,2.547960000000000225e-01,1.231789999999999968e-01,0.000000000000000000e+00
1.919999999999899343e+00,4.967659988324157894e-01,1.335000000000000075e-02,9.780899999999999317e-02,2.553010000000000002e-01,1.227729999999999932e-01,0.000000000000000000e+00
1.920999999999899233e+00,5.044060017098672688e-01,1.707099999999999937e-02,9.772599999999999343e-02,2.620890000000000164e-01,1.200959999999999944e-01,0.000000000000000000e+00
1.921999999999899122e+00,4.828079981962218881e-01,1.313800000000000037e-02,9.647500000000000520e-02,2.460990000000000122e-01,1.198769999999999974e-01,0.000000000000000000e+00
1.922999999999899012e+00,4.823049966944381595e-01,1.316900000000000015e-02,9.595199999999999563e-02,2.459840000000000082e-01,1.199349999999999999e-01,0.000000000000000000e+00
1.923999999999898902e+00,4.826219956157729030e-01,1.312900000000000005e-02,9.597899999999999487e-02,2.464349999999999874e-01,1.200319999999999998e-01,0.000000000000000000e+00
1.924999999999898792e+00,4.891350035904906690e-01,1.306399999999999922e-02,9.566099999999999604e-02,2.457620000000000082e-01,1.273150000000000115e-01,0.000000000000000000e+00
1.925999999999898682e+00,4.860779954469762743e-01,1.306299999999999996e-02,9.565999999999999504e-02,2.495429999999999870e-01,1.203800000000000009e-01,0.000000000000000000e+00
1.926999999999898572e+00,4.850900004385039210e-01,1.310200000000000080e-02,9.937300000000000300e-02,2.456359999999999932e-01,1.199749999999999983e-01,0.000000000000000000e+00
1.927999999999898462e+00,5.136830004630610347e-01,1.318500000000000054e-02,9.663900000000000268e-02,2.749190000000000245e-01,1.216060000000000058e-01,0.000000000000000000e+00
1.928999999999898352e+00,5.205240013310685754e-01,1.323200000000000071e-02,9.583500000000000352e-02,2.701680000000000192e-01,1.336150000000000115e-01,0.000000000000000000e+00
1.929999999999898241e+00,4.861440029344521463e-01,1.324999999999999963e-02,9.581399999999999639e-02,2.497290000000000065e-01,1.200230000000000047e-01,0.000000000000000000e+00
1.930999999999898131e+00,4.819189998670481145e-01,1.320200000000000019e-02,9.604300000000000337e-02,2.456750000000000045e-01,1.200100000000000056e-01,0.000000000000000000e+00
1.931999999999898021e+00,4.825399955734610558e-01,1.311000000000000013e-02,9.608600000000000474e-02,2.458829999999999905e-01,1.203059999999999963e-01,0.000000000000000000e+00
1.932999999999897911e+00,4.811550024896860123e-01,1.313399999999999984e-02,9.550500000000000655e-02,2.456319999999999892e-01,1.197929999999999967e-01,0.000000000000000000e+00
1.933999999999897801e+00,7.448949982062913477e-01,1.308199999999999988e-02,1.527529999999999999e-01,4.502189999999999803e-01,1.212980000000000030e-01,0.000000000000000000e+00
1.934999999999897691e+00,5.350339997676201165e-01,1.428500000000000082e-02,1.433419999999999972e-01,2.477439999999999920e-01,1.214900000000000008e-01,0.000000000000000000e+00
1.935999999999897581e+00,4.841099944314919412e-01,1.327599999999999961e-02,9.595700000000000063e-02,2.464899999999999869e-01,1.210640000000000049e-01,0.000000000000000000e+00
1.936999999999897470e+00,4.825529977097176015e-01,1.307099999999999929e-02,9.586100000000000176e-02,2.461079999999999934e-01,1.204260000000000053e-01,0.000000000000000000e+00
1.937999999999897360e+00,5.172309975023381412e-01,1.315500000000000003e-02,9.579200000000000215e-02,2.458750000000000102e-01,1.551750000000000074e-01,0.000000000000000000e+00
1.938999999999897250e+00,4.865540031460113823e-01,1.309899999999999953e-02,9.585200000000000664e-02,2.499780000000000058e-01,1.203739999999999949e-01,0.000000000000000000e+00
1.939999999999897140e+00,4.865349983447231352e-01,1.300899999999999973e-02,9.995400000000000118e-02,2.457149999999999890e-01,1.205210000000000031e-01,0.000000000000000000e+00
1.940999999999897030e+00,4.830030011362396181e-01,1.309800000000000027e-02,9.583099999999999952e-02,2.461689999999999989e-01,1.206119999999999970e-01,0.000000000000000000e+00
1.941999999999896920e+00,4.818189991055987775e-01,1.304300000000000077e-02,9.560100000000000542e-02,2.459959999999999924e-01,1.200819999999999943e-01,0.000000000000000000e+00
1.942999999999896810e+00,4.813499981537461281e-01,1.305899999999999943e-02,9.561100000000000154e-02,2.455569999999999975e-01,1.200449999999999989e-01,0.000000000000000000e+00
1.943999999999896700e+00,4.854389990214258432e-01,1.302200000000000059e-02,9.572799999999999365e-02,2.455730000000000135e-01,1.236249999999999988e-01,0.000000000000000000e+00
1.944999999999896589e+00,4.854200014960952103e-01,1.309399999999999974e-02,9.578100000000000502e-02,2.494689999999999963e-01,1.199110000000000037e-01,0.000000000000000000e+00
1.945999999999896479e+00,7.477260005543939769e-01,1.314700000000000070e-02,1.795640000000000014e-01,4.264970000000000150e-01,1.205760000000000026e-01,0.000000000000000000e+00
1.946999999999896369e+00,4.833029961446300149e-01,1.320299999999999946e-02,9.603200000000000625e-02,2.459709999999999952e-01,1.205210000000000031e-01,0.000000000000000000e+00
1.947999999999896259e+00,5.644740012940019369e-01,1.382599999999999975e-02,1.232759999999999967e-01,2.984899999999999776e-01,1.209760000000000002e-01,0.000000000000000000e+00
1.948999999999896149e+00,6.710140005452558398e-01,1.426599999999999917e-02,2.776680000000000259e-01,2.484770000000000034e-01,1.223899999999999988e-01,0.000000000000000000e+00
1.949999999999896039e+00,5.186390044400468469e-01,1.325100000000000063e-02,9.637800000000000533e-02,2.501430000000000042e-01,1.512860000000000038e-01,0.000000000000000000e+00
1.950999999999895929e+00,8.084240034804679453e-01,1.310099999999999980e-02,1.520249999999999935e-01,5.155589999999999895e-01,1.202789999999999970e-01,0.000000000000000000e+00
1.951999999999895818e+00,4.834680003114044666e-01,1.318800000000000007e-02,9.582699999999999552e-02,2.464050000000000129e-01,1.206440000000000012e-01,0.000000000000000000e+00
1.952999999999895708e+00,5.201169988140463829e-01,1.321300000000000079e-02,9.549399999999999555e-02,2.457360000000000100e-01,1.578789999999999916e-01,0.000000000000000000e+00
1.953999999999895598e+00,4.916239995509386063e-01,1.322699999999999917e-02,9.594600000000000350e-02,2.540979999999999905e-01,1.205490000000000034e-01,0.000000000000000000e+00
1.954999999999895488e+00,5.609929939964786172e-01,1.309300000000000047e-02,1.002870000000000011e-01,2.459260000000000057e-01,1.941620000000000013e-01,0.000000000000000000e+00
1.955999999999895378e+00,4.926670007989741862e-01,1.353399999999999916e-02,9.853000000000000647e-02,2.485970000000000124e-01,1.235409999999999980e-01,0.000000000000000000e+00
1.956999999999895268e+00,4.881450004177168012e-01,1.321100000000000052e-02,9.601099999999999912e-02,2.502210000000000267e-01,1.208499999999999991e-01,0.000000000000000000e+00
1.957999999999895158e+00,4.877220053458586335e-01,1.310000000000000053e-02,9.635499999999999621e-02,2.499659999999999938e-01,1.207369999999999971e-01,0.000000000000000000e+00
1.958999999999895048e+00,4.870569973718374968e-01,1.322300000000000038e-02,9.647000000000000020e-02,2.479159999999999975e-01,1.215210000000000040e-01,0.000000000000000000e+00
1.959999999999894937e+00,4.858190004597418010e-01,1.334600000000000022e-02,9.655800000000000494e-02,2.472519999999999996e-01,1.210340000000000027e-01,0.000000000000000000e+00
1.960999999999894827e+00,4.864009970333427191e-01,1.318899999999999934e-02,9.593300000000000438e-02,2.457270000000000010e-01,1.239330000000000015e-01,0.000000000000000000e+00
1.961999999999894717e+00,6.624710003961808980e-01,1.344099999999999982e-02,2.736410000000000231e-01,2.465410000000000101e-01,1.210190000000000016e-01,0.000000000000000000e+00
1.962999999999894607e+00,7.022559948381967843e-01,2.870599999999999888e-02,1.089579999999999993e-01,3.196439999999999837e-01,2.369779999999999942e-01,0.000000000000000000e+00
1.963999999999894497e+00,6.448889980674721301e-01,1.429599999999999968e-02,2.524129999999999985e-01,2.483750000000000124e-01,1.219060000000000005e-01,0.000000000000000000e+00
1.964999999999894387e+00,4.836739972233772278e-01,1.314300000000000017e-02,9.574599999999999778e-02,2.467219999999999969e-01,1.208530000000000021e-01,0.000000000000000000e+00
1.965999999999894277e+00,4.828989985981024802e-01,1.308499999999999941e-02,9.596000000000000363e-02,2.454600000000000115e-01,1.208570000000000061e-01,0.000000000000000000e+00
1.966999999999894166e+00,4.897610051557421684e-01,1.306299999999999996e-02,9.570700000000000041e-02,2.459359999999999880e-01,1.272619999999999862e-01,0.000000000000000000e+00
1.967999999999894056e+00,4.897019971394911408e-01,1.315700000000000029e-02,9.593100000000000238e-02,2.525890000000000080e-01,1.202050000000000063e-01,0.000000000000000000e+00
1.968999999999893946e+00,4.870470002060756087e-01,1.312100000000000072e-02,9.572400000000000353e-02,2.502340000000000120e-01,1.205829999999999957e-01,0.000000000000000000e+00
1.969999999999893836e+00,4.826899967156350613e-01,1.314099999999999990e-02,9.585499999999999576e-02,2.460189999999999877e-01,1.203509999999999996e-01,0.000000000000000000e+00
1.970999999999893726e+00,4.826939984923228621e-01,1.306500000000000022e-02,9.598399999999999987e-02,2.454800000000000038e-01,1.206570000000000004e-01,0.000000000000000000e+00
1.971999999999893616e+00,4.817660010303370655e-01,1.306299999999999996e-02,9.539100000000000357e-02,2.461740000000000039e-01,1.198940000000000006e-01,0.000000000000000000e+00
1.972999999999893506e+00,4.816419968847185373e-01,1.298200000000000048e-02,9.543000000000000094e-02,2.457709999999999895e-01,1.203520000000000006e-01,0.000000000000000000e+00
1.973999999999893395e+00,6.456420014728792012e-01,1.345999999999999974e-02,2.167330000000000090e-01,2.867000000000000104e-01,1.212109999999999993e-01,0.000000000000000000e+00
1.974999999999893285e+00,4.858730026171542704e-01,1.351499999999999924e-02,9.694899999999999352e-02,2.466609999999999914e-01,1.211129999999999984e-01,0.000000000000000000e+00
1.975999999999893175e+00,6.611189965042285621e-01,2.852199999999999874e-02,1.234490000000000032e-01,3.684810000000000030e-01,1.333699999999999886e-01,0.000000000000000000e+00
1.976999999999893065e+00,4.867110037594102323e-01,1.312499999999999951e-02,9.569600000000000328e-02,2.504629999999999912e-01,1.201050000000000034e-01,0.000000000000000000e+00
1.977999999999892955e+00,4.867069947067648172e-01,1.686899999999999858e-02,9.639100000000000446e-02,2.455589999999999995e-01,1.204559999999999936e-01,0.000000000000000000e+00
1.978999999999892845e+00,4.820660033146850765e-01,1.310700000000000059e-02,9.602600000000000025e-02,2.456909999999999927e-01,1.199100000000000027e-01,0.000000000000000000e+00
1.979999999999892735e+00,4.823949930141679943e-01,1.299799999999999914e-02,9.615600000000000536e-02,2.459220000000000017e-01,1.200959999999999944e-01,0.000000000000000000e+00
1.980999999999892625e+00,7.401680049952119589e-01,1.309800000000000027e-02,9.540099999999999969e-02,3.033259999999999845e-01,3.207090000000000218e-01,0.000000000000000000e+00
1.981999999999892514e+00,4.900210042251273990e-01,1.313800000000000037e-02,9.591900000000000426e-02,2.535450000000000204e-01,1.200240000000000057e-01,0.000000000000000000e+00
1.982999999999892404e+00,4.813120031030848622e-01,1.313600000000000011e-02,9.566600000000000104e-02,2.457209999999999950e-01,1.194889999999999980e-01,0.000000000000000000e+00
1.983999999999892294e+00,4.820960020879283547e-01,1.303099999999999918e-02,9.581800000000000039e-02,2.458670000000000022e-01,1.201610000000000039e-01,0.000000000000000000e+00
1.984999999999892184e+00,4.809949969057925045e-01,1.300600000000000020e-02,9.510699999999999710e-02,2.455569999999999975e-01,1.201279999999999987e-01,0.000000000000000000e+00
1.985999999999892074e+00,4.818419984076172113e-01,1.314300000000000017e-02,9.564699999999999591e-02,2.459840000000000082e-01,1.200569999999999971e-01,0.000000000000000000e+00
1.986999999999891964e+00,5.295209994073957205e-01,1.304400000000000004e-02,9.613099999999999423e-02,2.916099999999999803e-01,1.209900000000000003e-01,0.000000000000000000e+00
1.987999999999891854e+00,5.625789999612607062e-01,1.332200000000000051e-02,9.738299999999999734e-02,2.470720000000000138e-01,1.969539999999999902e-01,0.000000000000000000e+00
1.988999999999891743e+00,5.251789989415556192e-01,1.321499999999999932e-02,9.600999999999999812e-02,2.864959999999999729e-01,1.214019999999999960e-01,0.000000000000000000e+00
1.989999999999891633e+00,5.083089999970979989e-01,2.662899999999999989e-02,1.078179999999999972e-01,2.458919999999999995e-01,1.203140000000000043e-01,0.000000000000000000e+00
1.990999999999891523e+00,4.818410016014240682e-01,1.318700000000000080e-02,9.574900000000000078e-02,2.457820000000000005e-01,1.200050000000000006e-01,0.000000000000000000e+00
1.991999999999891413e+00,9.049700020113959908e-01,1.302099999999999959e-02,9.605900000000000549e-02,6.675240000000000062e-01,1.205880000000000007e-01,0.000000000000000000e+00
1.992999999999891303e+00,4.835450017708353698e-01,1.310799999999999986e-02,9.574000000000000565e-02,2.464800000000000046e-01,1.207550000000000012e-01,0.000000000000000000e+00
1.993999999999891193e+00,4.976560012437403202e-01,1.322500000000000064e-02,9.569500000000000228e-02,2.459139999999999937e-01,1.355379999999999918e-01,0.000000000000000000e+00
1.994999999999891083e+00,6.708209984935820103e-01,1.319299999999999987e-02,9.596499999999999475e-02,3.420159999999999867e-01,1.956600000000000006e-01,0.000000000000000000e+00
1.995999999999890973e+00,5.023929988965392113e-01,1.374799999999999980e-02,9.763499999999999956e-02,2.489889999999999881e-01,1.213189999999999963e-01,0.000000000000000000e+00
1.996999999999890862e+00,4.830899997614324093e-01,1.320099999999999919e-02,9.585399999999999476e-02,2.460630000000000039e-01,1.205380000000000063e-01,0.000000000000000000e+00
1.997999999999890752e+00,4.828529999940656126e-01,1.310599999999999959e-02,9.574299999999999478e-02,2.461599999999999899e-01,1.205549999999999955e-01,0.000000000000000000e+00
1.998999999999890642e+00,6.174800000735558569e-01,1.311799999999999945e-02,9.594400000000000150e-02,2.613329999999999820e-01,2.391850000000000087e-01,0.000000000000000000e+00
1.999999999999890532e+00,5.407930002547800541e-01,1.360399999999999977e-02,9.618799999999999573e-02,2.551030000000000242e-01,1.680119999999999947e-01,0.000000000000000000e+00
2.000999999999890644e+00,5.169270007172599435e-01,1.337400000000000047e-02,1.106039999999999940e-01,2.585640000000000160e-01,1.267020000000000091e-01,0.000000000000000000e+00
2.001999999999890534e+00,5.050519976066425443e-01,1.386100000000000006e-02,1.000579999999999942e-01,2.572829999999999839e-01,1.259929999999999939e-01,0.000000000000000000e+00
2.002999999999890424e+00,5.141020010341890156e-01,1.375999999999999966e-02,1.005439999999999945e-01,2.572989999999999999e-01,1.346040000000000014e-01,0.000000000000000000e+00
2.003999999999890314e+00,5.156469997018575668e-01,1.371600000000000076e-02,1.003310000000000035e-01,2.678519999999999790e-01,1.259709999999999996e-01,0.000000000000000000e+00
2.004999999999890203e+00,5.062570053269155324e-01,1.381100000000000036e-02,1.006289999999999962e-01,2.572880000000000167e-01,1.262780000000000014e-01,0.000000000000000000e+00
2.005999999999890093e+00,5.047189988545142114e-01,1.379299999999999971e-02,1.003089999999999954e-01,2.572380000000000222e-01,1.258090000000000042e-01,0.000000000000000000e+00
2.006999999999889983e+00,5.042990014771930873e-01,1.362200000000000043e-02,1.000950000000000034e-01,2.570770000000000000e-01,1.258670000000000067e-01,0.000000000000000000e+00
2.007999999999889873e+00,5.086290038889274001e-01,1.371999999999999956e-02,1.002370000000000066e-01,2.612769999999999815e-01,1.256829999999999892e-01,0.000000000000000000e+00
2.008999999999889763e+00,5.087030003778636456e-01,1.377300000000000052e-02,9.986000000000000432e-02,2.617160000000000042e-01,1.256180000000000074e-01,0.000000000000000000e+00
2.009999999999889653e+00,5.077259993413463235e-01,1.386300000000000032e-02,1.006110000000000060e-01,2.578090000000000104e-01,1.270040000000000058e-01,0.000000000000000000e+00
2.010999999999889543e+00,5.092689971206709743e-01,1.407300000000000044e-02,1.011019999999999974e-01,2.589400000000000035e-01,1.273549999999999960e-01,0.000000000000000000e+00
2.011999999999889432e+00,5.126979958731681108e-01,1.381699999999999942e-02,1.001049999999999995e-01,2.582749999999999768e-01,1.322339999999999904e-01,0.000000000000000000e+00
2.012999999999889322e+00,5.125280003994703293e-01,1.371600000000000076e-02,1.001289999999999958e-01,2.650879999999999903e-01,1.257880000000000109e-01,0.000000000000000000e+00
2.013999999999889212e+00,5.099530026200227439e-01,1.370000000000000037e-02,1.045660000000000062e-01,2.578010000000000024e-01,1.261170000000000069e-01,0.000000000000000000e+00
2.014999999999889102e+00,5.045440047979354858e-01,1.379299999999999971e-02,9.991899999999999393e-02,2.571910000000000029e-01,1.262280000000000069e-01,0.000000000000000000e+00
2.015999999999888992e+00,5.032760018366388977e-01,1.373899999999999948e-02,1.002839999999999981e-01,2.568239999999999967e-01,1.251390000000000002e-01,0.000000000000000000e+00
2.016999999999888882e+00,5.107359975227154791e-01,1.388799999999999930e-02,1.002249999999999946e-01,2.580649999999999888e-01,1.307260000000000089e-01,0.000000000000000000e+00
2.017999999999888772e+00,5.083230062155053020e-01,1.378300000000000011e-02,1.003580000000000028e-01,2.612570000000000170e-01,1.253720000000000112e-01,0.000000000000000000e+00
2.018999999999888662e+00,5.042620032327249646e-01,1.375499999999999987e-02,9.981900000000000495e-02,2.573730000000000184e-01,1.259160000000000001e-01,0.000000000000000000e+00
2.019999999999888551e+00,5.048199964221566916e-01,1.371900000000000029e-02,1.001319999999999988e-01,2.578019999999999756e-01,1.256289999999999907e-01,0.000000000000000000e+00
2.020999999999888441e+00,5.038029994466342032e-01,1.365099999999999994e-02,9.980799999999999395e-02,2.571089999999999764e-01,1.257560000000000067e-01,0.000000000000000000e+00
2.021999999999888331e+00,5.086379969725385308e-01,1.370700000000000043e-02,1.003119999999999984e-01,2.611350000000000060e-01,1.260709999999999886e-01,0.000000000000000000e+00
2.022999999999888221e+00,5.146620023879222572e-01,1.408500000000000030e-02,1.014960000000000029e-01,2.636979999999999880e-01,1.268720000000000125e-01,0.000000000000000000e+00
2.023999999999888111e+00,5.051199987065047026e-01,1.405400000000000052e-02,1.000120000000000037e-01,2.578280000000000016e-01,1.258489999999999887e-01,0.000000000000000000e+00
2.024999999999888001e+00,5.043330020271241665e-01,1.367100000000000086e-02,1.002389999999999948e-01,2.570500000000000007e-01,1.258120000000000072e-01,0.000000000000000000e+00
2.025999999999887891e+00,5.092229985166341066e-01,1.369300000000000031e-02,1.002159999999999995e-01,2.577150000000000274e-01,1.300920000000000132e-01,0.000000000000000000e+00
2.026999999999887780e+00,5.084299991722218692e-01,1.362700000000000022e-02,1.004410000000000025e-01,2.609699999999999798e-01,1.259119999999999961e-01,0.000000000000000000e+00
2.027999999999887670e+00,5.095689994050189853e-01,1.380100000000000077e-02,1.049210000000000004e-01,2.574170000000000069e-01,1.255920000000000092e-01,0.000000000000000000e+00
2.028999999999887560e+00,5.090019985800608993e-01,1.419400000000000002e-02,1.012080000000000063e-01,2.583219999999999961e-01,1.273440000000000127e-01,0.000000000000000000e+00
2.029999999999887450e+00,5.084839940536767244e-01,1.384699999999999993e-02,1.004120000000000013e-01,2.588039999999999785e-01,1.275050000000000072e-01,0.000000000000000000e+00
2.030999999999887340e+00,5.177349958103150129e-01,1.423100000000000059e-02,1.013050000000000062e-01,2.663249999999999784e-01,1.273100000000000065e-01,0.000000000000000000e+00
2.031999999999887230e+00,5.110109996167011559e-01,1.360699999999999930e-02,1.004870000000000069e-01,2.632220000000000115e-01,1.261019999999999919e-01,0.000000000000000000e+00
2.032999999999887120e+00,5.050079998909495771e-01,1.365500000000000047e-02,1.005780000000000007e-01,2.570890000000000120e-01,1.261990000000000056e-01,0.000000000000000000e+00
2.033999999999887009e+00,5.038689996581524611e-01,1.376699999999999972e-02,9.977800000000000558e-02,2.572050000000000169e-01,1.257860000000000089e-01,0.000000000000000000e+00
2.034999999999886899e+00,5.046740043326281011e-01,1.376100000000000066e-02,1.002640000000000059e-01,2.569739999999999802e-01,1.260489999999999944e-01,0.000000000000000000e+00
2.035999999999886789e+00,5.117330001667141914e-01,1.362099999999999943e-02,9.993399999999999506e-02,2.645489999999999786e-01,1.259220000000000061e-01,0.000000000000000000e+00
2.036999999999886679e+00,5.088549951324239373e-01,1.370099999999999964e-02,1.041620000000000046e-01,2.572039999999999882e-01,1.259290000000000131e-01,0.000000000000000000e+00
2.037999999999886569e+00,5.040449977968819439e-01,1.372300000000000082e-02,1.003529999999999978e-01,2.571039999999999992e-01,1.253319999999999990e-01,0.000000000000000000e+00
2.038999999999886459e+00,5.047470040153712034e-01,1.366200000000000053e-02,1.002190000000000025e-01,2.574629999999999974e-01,1.260139999999999871e-01,0.000000000000000000e+00
2.039999999999886349e+00,5.076160014141350985e-01,1.354499999999999975e-02,1.001240000000000047e-01,2.567969999999999975e-01,1.296819999999999917e-01,0.000000000000000000e+00
2.040999999999886239e+00,5.082749994471669197e-01,1.363900000000000008e-02,9.988400000000000056e-02,2.612280000000000157e-01,1.259790000000000076e-01,0.000000000000000000e+00
2.041999999999886128e+00,5.079710026620887220e-01,1.365800000000000000e-02,1.042619999999999936e-01,2.570080000000000142e-01,1.254399999999999959e-01,0.000000000000000000e+00
2.042999999999886018e+00,5.039219977334141731e-01,1.371900000000000029e-02,1.001900000000000013e-01,2.569259999999999877e-01,1.255890000000000062e-01,0.000000000000000000e+00
2.043999999999885908e+00,5.030640022596344352e-01,1.366599999999999933e-02,1.001169999999999977e-01,2.569389999999999730e-01,1.248260000000000064e-01,0.000000000000000000e+00
2.044999999999885798e+00,5.091150014777667820e-01,1.380600000000000056e-02,1.003030000000000033e-01,2.572929999999999939e-01,1.298150000000000137e-01,0.000000000000000000e+00
2.045999999999885688e+00,5.089049955131486058e-01,1.378000000000000058e-02,1.003870000000000040e-01,2.615469999999999740e-01,1.256680000000000019e-01,0.000000000000000000e+00
2.046999999999885578e+00,5.086329983896575868e-01,1.364300000000000061e-02,1.042209999999999942e-01,2.573579999999999757e-01,1.258749999999999869e-01,0.000000000000000000e+00
2.047999999999885468e+00,5.038840026827529073e-01,1.366799999999999959e-02,9.997200000000000530e-02,2.570999999999999952e-01,1.257590000000000097e-01,0.000000000000000000e+00
2.048999999999885357e+00,5.045849975431337953e-01,1.366799999999999959e-02,1.001169999999999977e-01,2.577760000000000051e-01,1.256859999999999922e-01,0.000000000000000000e+00
2.049999999999885247e+00,5.082429997855797410e-01,1.371900000000000029e-02,1.002340000000000036e-01,2.569489999999999830e-01,1.297959999999999947e-01,0.000000000000000000e+00
2.050999999999885137e+00,7.111739978427067399e-01,1.373300000000000042e-02,1.015309999999999963e-01,3.882829999999999893e-01,1.969039999999999957e-01,0.000000000000000000e+00
2.051999999999885027e+00,7.388559970422647893e-01,2.180899999999999853e-02,1.746729999999999949e-01,3.682449999999999890e-01,1.567649999999999877e-01,0.000000000000000000e+00
2.052999999999884917e+00,5.160510045243427157e-01,1.455099999999999970e-02,1.036559999999999981e-01,2.606850000000000001e-01,1.279579999999999884e-01,0.000000000000000000e+00
2.053999999999884807e+00,5.061739939264953136e-01,1.380499999999999956e-02,1.005009999999999931e-01,2.575270000000000059e-01,1.266319999999999946e-01,0.000000000000000000e+00
2.054999999999884697e+00,5.148870041011832654e-01,1.386300000000000032e-02,1.003359999999999946e-01,2.574290000000000189e-01,1.351160000000000139e-01,0.000000000000000000e+00
2.055999999999884587e+00,5.150110009708441794e-01,1.374500000000000027e-02,1.001670000000000060e-01,2.667300000000000226e-01,1.262040000000000106e-01,0.000000000000000000e+00
2.056999999999884476e+00,5.150169963599182665e-01,2.367100000000000107e-02,9.962600000000000622e-02,2.573489999999999944e-01,1.263309999999999989e-01,0.000000000000000000e+00
2.057999999999884366e+00,5.054279972682707012e-01,1.383000000000000028e-02,1.002809999999999951e-01,2.573590000000000044e-01,1.261869999999999936e-01,0.000000000000000000e+00
2.058999999999884256e+00,5.139159984537400305e-01,1.375499999999999987e-02,1.075070000000000053e-01,2.573540000000000272e-01,1.269099999999999950e-01,0.000000000000000000e+00
2.059999999999884146e+00,5.180270018172450364e-01,1.378899999999999917e-02,1.003150000000000014e-01,2.691219999999999724e-01,1.264399999999999968e-01,0.000000000000000000e+00
2.060999999999884036e+00,5.096250024507753551e-01,1.383099999999999954e-02,1.044749999999999984e-01,2.573790000000000244e-01,1.262310000000000099e-01,0.000000000000000000e+00
2.061999999999883926e+00,5.051039988757111132e-01,1.378300000000000011e-02,1.002249999999999946e-01,2.574210000000000109e-01,1.259919999999999929e-01,0.000000000000000000e+00
2.062999999999883816e+00,5.084930016892030835e-01,1.388600000000000077e-02,1.006569999999999965e-01,2.588469999999999938e-01,1.273029999999999995e-01,0.000000000000000000e+00
2.063999999999883705e+00,5.175870028324425220e-01,1.410400000000000022e-02,1.015729999999999966e-01,2.586519999999999930e-01,1.348419999999999896e-01,0.000000000000000000e+00
2.064999999999883595e+00,5.100580019643530250e-01,1.374700000000000054e-02,1.002109999999999945e-01,2.621209999999999929e-01,1.261849999999999916e-01,0.000000000000000000e+00
2.065999999999883485e+00,5.043830024078488350e-01,1.367699999999999992e-02,1.002170000000000005e-01,2.570479999999999987e-01,1.258090000000000042e-01,0.000000000000000000e+00
2.066999999999883375e+00,5.294130023685283959e-01,1.372499999999999935e-02,1.000039999999999957e-01,2.573010000000000019e-01,1.500180000000000125e-01,0.000000000000000000e+00
2.067999999999883265e+00,5.681049951817840338e-01,1.572700000000000140e-02,1.080730000000000024e-01,2.857239999999999780e-01,1.473099999999999965e-01,0.000000000000000000e+00
2.068999999999883155e+00,5.220849998295307159e-01,1.465100000000000083e-02,1.125069999999999959e-01,2.603639999999999843e-01,1.258239999999999914e-01,0.000000000000000000e+00
2.069999999999883045e+00,5.051729967817664146e-01,1.366999999999999986e-02,1.006790000000000046e-01,2.571339999999999737e-01,1.260290000000000021e-01,0.000000000000000000e+00
2.070999999999882935e+00,5.054439970990642905e-01,1.369000000000000078e-02,1.004739999999999939e-01,2.570890000000000120e-01,1.263140000000000096e-01,0.000000000000000000e+00
2.071999999999882824e+00,5.104700030642561615e-01,1.379499999999999997e-02,1.000250000000000028e-01,2.573650000000000104e-01,1.314659999999999995e-01,0.000000000000000000e+00
2.072999999999882714e+00,5.130290010129101574e-01,1.383500000000000008e-02,1.005889999999999979e-01,2.651899999999999813e-01,1.255739999999999912e-01,0.000000000000000000e+00
2.073999999999882604e+00,5.118300032336264849e-01,2.043199999999999877e-02,1.000260000000000038e-01,2.572229999999999794e-01,1.263100000000000056e-01,0.000000000000000000e+00
2.074999999999882494e+00,5.039640018367208540e-01,1.367999999999999945e-02,9.994599999999999318e-02,2.568250000000000255e-01,1.259180000000000021e-01,0.000000000000000000e+00
2.075999999999882384e+00,5.173690005904063582e-01,1.386700000000000085e-02,1.108800000000000063e-01,2.577990000000000004e-01,1.263390000000000069e-01,0.000000000000000000e+00
2.076999999999882274e+00,5.112069993629120290e-01,1.371400000000000050e-02,1.009469999999999951e-01,2.620649999999999924e-01,1.262250000000000039e-01,0.000000000000000000e+00
2.077999999999882164e+00,5.088559992145746946e-01,1.365199999999999921e-02,1.045699999999999963e-01,2.573739999999999917e-01,1.256780000000000119e-01,0.000000000000000000e+00
2.078999999999882053e+00,5.046259975642897189e-01,1.377300000000000052e-02,1.001220000000000027e-01,2.571010000000000240e-01,1.260519999999999974e-01,0.000000000000000000e+00
2.079999999999881943e+00,5.038319941377267241e-01,1.365500000000000047e-02,1.003330000000000055e-01,2.573139999999999872e-01,1.249669999999999948e-01,0.000000000000000000e+00
2.080999999999881833e+00,5.086800010758452117e-01,1.380999999999999936e-02,1.003620000000000068e-01,2.571080000000000032e-01,1.297319999999999862e-01,0.000000000000000000e+00
2.081999999999881723e+00,5.161169974599033594e-01,1.373500000000000068e-02,1.007770000000000055e-01,2.677729999999999833e-01,1.261450000000000071e-01,0.000000000000000000e+00
2.082999999999881613e+00,5.087430035928264260e-01,1.372899999999999988e-02,1.040940000000000060e-01,2.570709999999999940e-01,1.261609999999999954e-01,0.000000000000000000e+00
2.083999999999881503e+00,5.049179962952621281e-01,1.376800000000000072e-02,1.003129999999999994e-01,2.571169999999999844e-01,1.259119999999999961e-01,0.000000000000000000e+00
2.084999999999881393e+00,5.040979958721436560e-01,1.376699999999999972e-02,1.000059999999999977e-01,2.570569999999999800e-01,1.256329999999999947e-01,0.000000000000000000e+00
2.085999999999881283e+00,5.084209988126531243e-01,1.369399999999999958e-02,9.994699999999999418e-02,2.571780000000000177e-01,1.299160000000000037e-01,0.000000000000000000e+00
2.086999999999881172e+00,5.081540002720430493e-01,1.383500000000000008e-02,9.996900000000000230e-02,2.610799999999999788e-01,1.256760000000000099e-01,0.000000000000000000e+00
2.087999999999881062e+00,5.091249986435286701e-01,1.799999999999999864e-02,1.004789999999999989e-01,2.576249999999999929e-01,1.255080000000000084e-01,0.000000000000000000e+00
2.088999999999880952e+00,5.129790006321854889e-01,1.393900000000000000e-02,1.016320000000000001e-01,2.617929999999999979e-01,1.272369999999999890e-01,0.000000000000000000e+00
2.089999999999880842e+00,5.515340017154812813e-01,1.517399999999999999e-02,1.062069999999999959e-01,2.762709999999999888e-01,1.437499999999999889e-01,0.000000000000000000e+00
2.090999999999880732e+00,5.174370016902685165e-01,1.419400000000000002e-02,1.033209999999999962e-01,2.648880000000000123e-01,1.266259999999999886e-01,0.000000000000000000e+00
2.091999999999880622e+00,5.045159996370784938e-01,1.374900000000000080e-02,9.993599999999999706e-02,2.571899999999999742e-01,1.261410000000000031e-01,0.000000000000000000e+00
2.092999999999880512e+00,5.052750057075172663e-01,1.373500000000000068e-02,1.003379999999999966e-01,2.573779999999999957e-01,1.261450000000000071e-01,0.000000000000000000e+00
2.093999999999880401e+00,5.202680040383711457e-01,1.374000000000000048e-02,1.003209999999999935e-01,2.571789999999999909e-01,1.408609999999999862e-01,0.000000000000000000e+00
2.094999999999880291e+00,5.138869964866898954e-01,1.371700000000000003e-02,1.004929999999999990e-01,2.650250000000000106e-01,1.266490000000000116e-01,0.000000000000000000e+00
2.095999999999880181e+00,5.094160005683079362e-01,1.370799999999999970e-02,1.047880000000000061e-01,2.574469999999999814e-01,1.257330000000000114e-01,0.000000000000000000e+00
2.096999999999880071e+00,5.047250015195459127e-01,1.373399999999999968e-02,9.984200000000000019e-02,2.576010000000000244e-01,1.258130000000000082e-01,0.000000000000000000e+00
2.097999999999879961e+00,5.044770005042664707e-01,1.374599999999999954e-02,1.005869999999999959e-01,2.571669999999999789e-01,1.255999999999999894e-01,0.000000000000000000e+00
2.098999999999879851e+00,5.091689963592216372e-01,1.367900000000000019e-02,1.003590000000000038e-01,2.572220000000000062e-01,1.302929999999999922e-01,0.000000000000000000e+00
2.099999999999879741e+00,5.089089972898364067e-01,1.379400000000000071e-02,1.006019999999999970e-01,2.612360000000000237e-01,1.256299999999999917e-01,0.000000000000000000e+00
2.100999999999879631e+00,5.085709999548271298e-01,1.378000000000000058e-02,1.004759999999999959e-01,2.569000000000000172e-01,1.255390000000000117e-01,0.000000000000000000e+00
2.101999999999879520e+00,5.043040000600740314e-01,1.370099999999999964e-02,1.003430000000000016e-01,2.570529999999999760e-01,1.256899999999999962e-01,0.000000000000000000e+00
2.102999999999879410e+00,5.041990007157437503e-01,1.372899999999999988e-02,9.987699999999999356e-02,2.571320000000000272e-01,1.258559999999999957e-01,0.000000000000000000e+00
2.103999999999879300e+00,5.082369971205480397e-01,1.362900000000000049e-02,1.003450000000000036e-01,2.569690000000000030e-01,1.295969999999999900e-01,0.000000000000000000e+00
2.104999999999879190e+00,5.082940042484551668e-01,1.369300000000000031e-02,9.998300000000000243e-02,2.611299999999999732e-01,1.260259999999999991e-01,0.000000000000000000e+00
2.105999999999879080e+00,5.047119993832893670e-01,1.372899999999999988e-02,1.000420000000000059e-01,2.569910000000000250e-01,1.261470000000000091e-01,0.000000000000000000e+00
2.106999999999878970e+00,5.051870030001737177e-01,1.387999999999999998e-02,1.003399999999999986e-01,2.574359999999999982e-01,1.256859999999999922e-01,0.000000000000000000e+00
2.107999999999878860e+00,5.042330012656748295e-01,1.373199999999999942e-02,1.002090000000000064e-01,2.571880000000000277e-01,1.255410000000000137e-01,0.000000000000000000e+00
2.108999999999878749e+00,5.082389980088919401e-01,1.363999999999999935e-02,1.001409999999999939e-01,2.609989999999999810e-01,1.257369999999999877e-01,0.000000000000000000e+00
2.109999999999878639e+00,5.091669954708777368e-01,1.368600000000000025e-02,9.980899999999999495e-02,2.617720000000000047e-01,1.259570000000000134e-01,0.000000000000000000e+00
2.110999999999878529e+00,5.048169987276196480e-01,1.374700000000000054e-02,1.002090000000000064e-01,2.574609999999999954e-01,1.256510000000000127e-01,0.000000000000000000e+00
2.111999999999878419e+00,5.046160003985278308e-01,1.368300000000000072e-02,1.005469999999999975e-01,2.572450000000000014e-01,1.256450000000000067e-01,0.000000000000000000e+00
2.112999999999878309e+00,5.080780028947629035e-01,1.362799999999999949e-02,9.990300000000000569e-02,2.572849999999999859e-01,1.295610000000000095e-01,0.000000000000000000e+00
2.113999999999878199e+00,5.086599994683638215e-01,1.363499999999999955e-02,1.003659999999999969e-01,2.613679999999999892e-01,1.256619999999999959e-01,0.000000000000000000e+00
2.114999999999878089e+00,5.087789977551437914e-01,1.372499999999999935e-02,1.041880000000000028e-01,2.570149999999999935e-01,1.260719999999999896e-01,0.000000000000000000e+00
2.115999999999877978e+00,5.053560016676783562e-01,1.367799999999999919e-02,1.004209999999999964e-01,2.577740000000000031e-01,1.259510000000000074e-01,0.000000000000000000e+00
2.116999999999877868e+00,5.272150010569021106e-01,1.371200000000000023e-02,1.005920000000000009e-01,2.580950000000000188e-01,1.456550000000000067e-01,0.000000000000000000e+00
2.117999999999877758e+00,5.199869992793537676e-01,1.442200000000000079e-02,1.036040000000000016e-01,2.656600000000000072e-01,1.274740000000000040e-01,0.000000000000000000e+00
2.118999999999877648e+00,5.116009997436776757e-01,1.371600000000000076e-02,9.969200000000000284e-02,2.639290000000000247e-01,1.261740000000000084e-01,0.000000000000000000e+00
2.119999999999877538e+00,5.047770027886144817e-01,1.360399999999999977e-02,1.003030000000000033e-01,2.569620000000000237e-01,1.262220000000000009e-01,0.000000000000000000e+00
2.120999999999877428e+00,5.058680035290308297e-01,1.379499999999999997e-02,1.003779999999999950e-01,2.573389999999999844e-01,1.264530000000000098e-01,0.000000000000000000e+00
2.121999999999877318e+00,5.100809939904138446e-01,1.374000000000000048e-02,1.005810000000000037e-01,2.571399999999999797e-01,1.303979999999999861e-01,0.000000000000000000e+00
2.122999999999877208e+00,5.089550031698308885e-01,1.366500000000000006e-02,1.002379999999999938e-01,2.611430000000000140e-01,1.258690000000000087e-01,0.000000000000000000e+00
2.123999999999877097e+00,5.088850011816248298e-01,1.363200000000000002e-02,1.044319999999999971e-01,2.573250000000000259e-01,1.256960000000000022e-01,0.000000000000000000e+00
2.124999999999876987e+00,5.037959999754093587e-01,1.363999999999999935e-02,9.984300000000000119e-02,2.571490000000000165e-01,1.257199999999999984e-01,0.000000000000000000e+00
2.125999999999876877e+00,5.043489945819601417e-01,1.376999999999999925e-02,1.004020000000000051e-01,2.570290000000000075e-01,1.256940000000000002e-01,0.000000000000000000e+00
2.126999999999876767e+00,5.082060015411116183e-01,1.369800000000000011e-02,1.001890000000000003e-01,2.572050000000000169e-01,1.293940000000000090e-01,0.000000000000000000e+00
2.127999999999876657e+00,5.080670016468502581e-01,1.360600000000000004e-02,9.996900000000000230e-02,2.611350000000000060e-01,1.257580000000000087e-01,0.000000000000000000e+00
2.128999999999876547e+00,5.083110008854418993e-01,1.374099999999999974e-02,1.036929999999999935e-01,2.571430000000000105e-01,1.258769999999999889e-01,0.000000000000000000e+00
2.129999999999876437e+00,5.052830019849352539e-01,1.370599999999999943e-02,1.002289999999999986e-01,2.574250000000000149e-01,1.262570000000000081e-01,0.000000000000000000e+00
2.130999999999876326e+00,5.040310061303898692e-01,1.368800000000000051e-02,9.970800000000000496e-02,2.575100000000000167e-01,1.257659999999999889e-01,0.000000000000000000e+00
2.131999999999876216e+00,5.078090034658089280e-01,1.364300000000000061e-02,1.004779999999999979e-01,2.570000000000000062e-01,1.294279999999999875e-01,0.000000000000000000e+00
2.132999999999876106e+00,5.085890006739646196e-01,1.374500000000000027e-02,1.002890000000000031e-01,2.611600000000000033e-01,1.258350000000000024e-01,0.000000000000000000e+00
2.133999999999875996e+00,5.432079997262917459e-01,1.382099999999999995e-02,1.003970000000000001e-01,2.940729999999999733e-01,1.262510000000000021e-01,0.000000000000000000e+00
2.134999999999875886e+00,5.067320016678422689e-01,1.384999999999999946e-02,1.011610000000000009e-01,2.577070000000000194e-01,1.257840000000000069e-01,0.000000000000000000e+00
2.135999999999875776e+00,5.078749964013695717e-01,1.373800000000000021e-02,9.994999999999999718e-02,2.569100000000000272e-01,1.295830000000000037e-01,0.000000000000000000e+00
2.136999999999875666e+00,5.086250021122395992e-01,1.366900000000000059e-02,1.002439999999999998e-01,2.611569999999999725e-01,1.259969999999999979e-01,0.000000000000000000e+00
2.137999999999875556e+00,5.091060011181980371e-01,1.375999999999999966e-02,1.042290000000000022e-01,2.574199999999999822e-01,1.260969999999999869e-01,0.000000000000000000e+00
2.138999999999875445e+00,5.084610020276159048e-01,1.400599999999999935e-02,1.008519999999999972e-01,2.580109999999999904e-01,1.274550000000000127e-01,0.000000000000000000e+00
2.139999999999875335e+00,5.109729972900822759e-01,1.410499999999999948e-02,1.019000000000000045e-01,2.597079999999999944e-01,1.271899999999999975e-01,0.000000000000000000e+00
2.140999999999875225e+00,5.103329967823810875e-01,1.377600000000000005e-02,1.006250000000000061e-01,2.574179999999999802e-01,1.303950000000000109e-01,0.000000000000000000e+00
2.141999999999875115e+00,5.123199953231960535e-01,1.366099999999999953e-02,1.004889999999999950e-01,2.647999999999999798e-01,1.256400000000000017e-01,0.000000000000000000e+00
2.142999999999875005e+00,5.052220003562979400e-01,1.371299999999999950e-02,1.000690000000000052e-01,2.574279999999999902e-01,1.262359999999999871e-01,0.000000000000000000e+00
2.143999999999874895e+00,5.045519937993958592e-01,1.371600000000000076e-02,1.003239999999999965e-01,2.571419999999999817e-01,1.259850000000000136e-01,0.000000000000000000e+00
2.144999999999874785e+00,5.041449985583312809e-01,1.359999999999999924e-02,9.989199999999999469e-02,2.571229999999999905e-01,1.262199999999999989e-01,0.000000000000000000e+00
2.145999999999874674e+00,5.089499973109923303e-01,1.375999999999999966e-02,1.003460000000000046e-01,2.610000000000000098e-01,1.262570000000000081e-01,0.000000000000000000e+00
2.146999999999874564e+00,5.122929942444898188e-01,1.370599999999999943e-02,9.995700000000000418e-02,2.646629999999999816e-01,1.262679999999999914e-01,0.000000000000000000e+00
2.147999999999874454e+00,5.338210030458867550e-01,1.368300000000000072e-02,1.074159999999999976e-01,2.786989999999999745e-01,1.258759999999999879e-01,0.000000000000000000e+00
2.148999999999874344e+00,5.056349982623942196e-01,1.359400000000000018e-02,1.006910000000000027e-01,2.576069999999999749e-01,1.258769999999999889e-01,0.000000000000000000e+00
2.149999999999874234e+00,5.094000007375143468e-01,1.362799999999999949e-02,1.003710000000000019e-01,2.570729999999999960e-01,1.305189999999999961e-01,0.000000000000000000e+00
2.150999999999874124e+00,5.080389964859932661e-01,1.374900000000000080e-02,9.940699999999999537e-02,2.613880000000000092e-01,1.259470000000000034e-01,0.000000000000000000e+00
2.151999999999874014e+00,5.089990008855238557e-01,1.372400000000000009e-02,1.039810000000000040e-01,2.577450000000000019e-01,1.260799999999999976e-01,0.000000000000000000e+00
2.152999999999873904e+00,5.049640021752566099e-01,1.374300000000000001e-02,1.005130000000000051e-01,2.574870000000000214e-01,1.258839999999999959e-01,0.000000000000000000e+00
2.153999999999873793e+00,5.048370003351010382e-01,1.354099999999999922e-02,1.000189999999999968e-01,2.578309999999999769e-01,1.259389999999999954e-01,0.000000000000000000e+00
2.154999999999873683e+00,5.126229953020811081e-01,1.386700000000000085e-02,1.008909999999999946e-01,2.583050000000000068e-01,1.316140000000000088e-01,0.000000000000000000e+00
2.155999999999873573e+00,5.095570013509131968e-01,1.368899999999999978e-02,1.006169999999999981e-01,2.615720000000000267e-01,1.258539999999999937e-01,0.000000000000000000e+00
2.156999999999873463e+00,5.062139971414580941e-01,1.376499999999999946e-02,9.990599999999999481e-02,2.581890000000000018e-01,1.261670000000000014e-01,0.000000000000000000e+00
2.157999999999873353e+00,5.115739986649714410e-01,1.401499999999999968e-02,1.028290000000000037e-01,2.596979999999999844e-01,1.268249999999999933e-01,0.000000000000000000e+00
2.158999999999873243e+00,5.233890042291022837e-01,1.431800000000000087e-02,1.034110000000000029e-01,2.607389999999999985e-01,1.354899999999999993e-01,0.000000000000000000e+00
2.159999999999873133e+00,5.121770009282045066e-01,1.404399999999999919e-02,1.006200000000000011e-01,2.627430000000000043e-01,1.268749999999999878e-01,0.000000000000000000e+00
2.160999999999873022e+00,5.203010005061514676e-01,1.381399999999999989e-02,1.012129999999999974e-01,2.588690000000000158e-01,1.380919999999999925e-01,0.000000000000000000e+00
2.161999999999872912e+00,5.138260021340101957e-01,1.413299999999999973e-02,1.024999999999999939e-01,2.602999999999999758e-01,1.282939999999999914e-01,0.000000000000000000e+00
2.162999999999872802e+00,5.096809982205741107e-01,1.378700000000000064e-02,1.001189999999999997e-01,2.572650000000000214e-01,1.306420000000000081e-01,0.000000000000000000e+00
2.163999999999872692e+00,5.163690002518706024e-01,1.361899999999999916e-02,1.006829999999999947e-01,2.680799999999999850e-01,1.259830000000000116e-01,0.000000000000000000e+00
2.164999999999872582e+00,5.110669953864999115e-01,1.469999999999999953e-02,9.986699999999999744e-02,2.579350000000000254e-01,1.263720000000000121e-01,0.000000000000000000e+00
2.165999999999872472e+00,5.055600049672648311e-01,1.376600000000000046e-02,1.008639999999999953e-01,2.574739999999999807e-01,1.258930000000000049e-01,0.000000000000000000e+00
2.166999999999872362e+00,5.045389989390969276e-01,1.374099999999999974e-02,1.000309999999999949e-01,2.572800000000000087e-01,1.260419999999999874e-01,0.000000000000000000e+00
2.167999999999872252e+00,5.159249994903802872e-01,1.376299999999999919e-02,1.002750000000000030e-01,2.675649999999999973e-01,1.263100000000000056e-01,0.000000000000000000e+00
2.168999999999872141e+00,5.168019997654482722e-01,1.371099999999999923e-02,1.009639999999999982e-01,2.659819999999999962e-01,1.281460000000000099e-01,0.000000000000000000e+00
2.169999999999872031e+00,5.096129971207119524e-01,1.431800000000000087e-02,1.025569999999999954e-01,2.584710000000000063e-01,1.261069999999999969e-01,0.000000000000000000e+00
2.170999999999871921e+00,5.071100022178143263e-01,1.382399999999999948e-02,1.006230000000000041e-01,2.580600000000000116e-01,1.269010000000000138e-01,0.000000000000000000e+00
2.171999999999871811e+00,5.093020008644089103e-01,1.375999999999999966e-02,1.003460000000000046e-01,2.572300000000000142e-01,1.302510000000000057e-01,0.000000000000000000e+00
2.172999999999871701e+00,5.213699987507425249e-01,1.376600000000000046e-02,1.005790000000000017e-01,2.724050000000000082e-01,1.266799999999999871e-01,0.000000000000000000e+00
2.173999999999871591e+00,5.189860021346248686e-01,1.404900000000000072e-02,9.998799999999999355e-02,2.577180000000000026e-01,1.262629999999999864e-01,0.000000000000000000e+00
2.174999999999871481e+00,5.060559997218661010e-01,1.385899999999999979e-02,1.001129999999999937e-01,2.581649999999999778e-01,1.261019999999999919e-01,0.000000000000000000e+00
2.175999999999871370e+00,5.500879997271113098e-01,1.709799999999999862e-02,1.006800000000000056e-01,2.780869999999999731e-01,1.418540000000000079e-01,0.000000000000000000e+00
2.176999999999871260e+00,5.236599972704425454e-01,1.399000000000000070e-02,1.013550000000000006e-01,2.731640000000000179e-01,1.265249999999999986e-01,0.000000000000000000e+00
2.177999999999871150e+00,5.201059975661337376e-01,2.576300000000000118e-02,1.032819999999999988e-01,2.574560000000000182e-01,1.256230000000000124e-01,0.000000000000000000e+00
2.178999999999871040e+00,5.049660030636005104e-01,1.379400000000000071e-02,1.002910000000000051e-01,2.572820000000000107e-01,1.260539999999999994e-01,0.000000000000000000e+00
2.179999999999870930e+00,5.038869931013323367e-01,1.374000000000000048e-02,1.005569999999999936e-01,2.569379999999999997e-01,1.252089999999999870e-01,0.000000000000000000e+00
2.180999999999870820e+00,5.114279992994852364e-01,1.366200000000000053e-02,9.982199999999999407e-02,2.635319999999999885e-01,1.263269999999999949e-01,0.000000000000000000e+00
2.181999999999870710e+00,5.122430011397227645e-01,1.370900000000000070e-02,1.002799999999999941e-01,2.644560000000000244e-01,1.260999999999999899e-01,0.000000000000000000e+00
2.182999999999870600e+00,5.049169994890689850e-01,1.377800000000000032e-02,1.002529999999999949e-01,2.571459999999999857e-01,1.261500000000000121e-01,0.000000000000000000e+00
2.183999999999870489e+00,5.043980054324492812e-01,1.376400000000000019e-02,1.002750000000000030e-01,2.572340000000000182e-01,1.255799999999999972e-01,0.000000000000000000e+00
2.184999999999870379e+00,5.044870049459859729e-01,1.379099999999999944e-02,1.001060000000000005e-01,2.572789999999999799e-01,1.256940000000000002e-01,0.000000000000000000e+00
2.185999999999870269e+00,5.083130017737857997e-01,1.360399999999999977e-02,9.998600000000000543e-02,2.612550000000000150e-01,1.257900000000000129e-01,0.000000000000000000e+00
2.186999999999870159e+00,5.088190009701065719e-01,1.382000000000000069e-02,1.041160000000000002e-01,2.572420000000000262e-01,1.260620000000000074e-01,0.000000000000000000e+00
2.187999999999870049e+00,5.081939962110482156e-01,1.380299999999999930e-02,1.011139999999999955e-01,2.580500000000000016e-01,1.273849999999999982e-01,0.000000000000000000e+00
2.188999999999869939e+00,5.131090001668781042e-01,1.396200000000000045e-02,1.020419999999999938e-01,2.599460000000000104e-01,1.284589999999999899e-01,0.000000000000000000e+00
2.189999999999869829e+00,5.095269953017123044e-01,1.376400000000000019e-02,1.000589999999999952e-01,2.613679999999999892e-01,1.263529999999999931e-01,0.000000000000000000e+00
2.190999999999869718e+00,5.162220040801912546e-01,1.359899999999999998e-02,9.986599999999999644e-02,2.685509999999999842e-01,1.262540000000000051e-01,0.000000000000000000e+00
2.191999999999869608e+00,5.055649962741881609e-01,1.373699999999999921e-02,1.005120000000000041e-01,2.573130000000000139e-01,1.264299999999999868e-01,0.000000000000000000e+00
2.192999999999869498e+00,5.050980034866370261e-01,1.372499999999999935e-02,1.006549999999999945e-01,2.569719999999999782e-01,1.260449999999999904e-01,0.000000000000000000e+00
2.193999999999869388e+00,5.099999980302527547e-01,1.377899999999999958e-02,1.005560000000000065e-01,2.573520000000000252e-01,1.304839999999999889e-01,0.000000000000000000e+00
2.194999999999869278e+00,5.103130024508573115e-01,1.372699999999999962e-02,1.008909999999999946e-01,2.616089999999999804e-01,1.261609999999999954e-01,0.000000000000000000e+00
2.195999999999869168e+00,5.130389981786720455e-01,1.372800000000000062e-02,1.074279999999999957e-01,2.579040000000000221e-01,1.263170000000000126e-01,0.000000000000000000e+00
2.196999999999869058e+00,5.043769997428171337e-01,1.369800000000000011e-02,9.999900000000000455e-02,2.573869999999999769e-01,1.256420000000000037e-01,0.000000000000000000e+00
2.197999999999868947e+00,5.038140006945468485e-01,1.362999999999999975e-02,9.980300000000000282e-02,2.570000000000000062e-01,1.260179999999999911e-01,0.000000000000000000e+00
2.198999999999868837e+00,5.095200031064450741e-01,1.369899999999999937e-02,1.001829999999999943e-01,2.570540000000000047e-01,1.305840000000000056e-01,0.000000000000000000e+00
2.199999999999868727e+00,5.086610035505145788e-01,1.370700000000000043e-02,1.003750000000000059e-01,2.614859999999999962e-01,1.257939999999999892e-01,0.000000000000000000e+00
2.200999999999868617e+00,5.090699996799230576e-01,1.377300000000000052e-02,1.045480000000000020e-01,2.569239999999999857e-01,1.261690000000000034e-01,0.000000000000000000e+00
2.201999999999868507e+00,5.149940043338574469e-01,1.369100000000000004e-02,1.001100000000000045e-01,2.679860000000000020e-01,1.253519999999999912e-01,0.000000000000000000e+00
2.202999999999868397e+00,5.059239992988295853e-01,1.389400000000000010e-02,1.005329999999999974e-01,2.573030000000000039e-01,1.264570000000000138e-01,0.000000000000000000e+00
2.203999999999868287e+00,5.074810032965615392e-01,1.370700000000000043e-02,9.987999999999999656e-02,2.573500000000000232e-01,1.291009999999999935e-01,0.000000000000000000e+00
2.204999999999868177e+00,5.079950060462579131e-01,1.367600000000000066e-02,9.969999999999999696e-02,2.612140000000000017e-01,1.258370000000000044e-01,0.000000000000000000e+00
2.205999999999868066e+00,5.041270051151514053e-01,1.371600000000000076e-02,1.000970000000000054e-01,2.575760000000000272e-01,1.255650000000000099e-01,0.000000000000000000e+00
2.206999999999867956e+00,5.037779992562718689e-01,1.372300000000000082e-02,9.981399999999999995e-02,2.572889999999999899e-01,1.256720000000000059e-01,0.000000000000000000e+00
2.207999999999867846e+00,5.042650009272620082e-01,1.366099999999999953e-02,1.002659999999999940e-01,2.569830000000000170e-01,1.259850000000000136e-01,0.000000000000000000e+00
2.208999999999867736e+00,5.082399948150850832e-01,1.365000000000000067e-02,1.000339999999999979e-01,2.608929999999999860e-01,1.259359999999999924e-01,0.000000000000000000e+00
2.209999999999867626e+00,5.103660005261190236e-01,1.368699999999999951e-02,1.002119999999999955e-01,2.628809999999999758e-01,1.260360000000000091e-01,0.000000000000000000e+00
2.210999999999867516e+00,5.046139995101839304e-01,1.374200000000000074e-02,1.002579999999999999e-01,2.571229999999999905e-01,1.259319999999999884e-01,0.000000000000000000e+00
2.211999999999867406e+00,5.042520060669630766e-01,1.372199999999999982e-02,1.002119999999999955e-01,2.572409999999999974e-01,1.254889999999999894e-01,0.000000000000000000e+00
2.212999999999867295e+00,5.042630000389181077e-01,1.368399999999999998e-02,1.005489999999999995e-01,2.569739999999999802e-01,1.255519999999999969e-01,0.000000000000000000e+00
2.213999999999867185e+00,5.087730023660697043e-01,1.376499999999999946e-02,1.003160000000000024e-01,2.613260000000000027e-01,1.258890000000000009e-01,0.000000000000000000e+00
2.214999999999867075e+00,5.098969995742663741e-01,1.374599999999999954e-02,1.053830000000000044e-01,2.572039999999999882e-01,1.258950000000000069e-01,0.000000000000000000e+00
2.215999999999866965e+00,5.093370054964907467e-01,1.381600000000000016e-02,1.006910000000000027e-01,2.591189999999999882e-01,1.280260000000000009e-01,0.000000000000000000e+00
2.216999999999866855e+00,5.096329987281933427e-01,1.429500000000000041e-02,1.025189999999999990e-01,2.583460000000000201e-01,1.267280000000000073e-01,0.000000000000000000e+00
2.217999999999866745e+00,5.089999976917169988e-01,1.388999999999999957e-02,1.003399999999999986e-01,2.571729999999999849e-01,1.300330000000000097e-01,0.000000000000000000e+00
2.218999999999866635e+00,5.089050027891062200e-01,1.360899999999999957e-02,1.000749999999999973e-01,2.620330000000000159e-01,1.255969999999999864e-01,0.000000000000000000e+00
2.219999999999866525e+00,5.086010060040280223e-01,1.760199999999999959e-02,1.006810000000000066e-01,2.572860000000000147e-01,1.254500000000000060e-01,0.000000000000000000e+00
2.220999999999866414e+00,5.041230033384636045e-01,1.364399999999999988e-02,1.001810000000000062e-01,2.572200000000000042e-01,1.256529999999999869e-01,0.000000000000000000e+00
2.221999999999866304e+00,5.042179982410743833e-01,1.364699999999999941e-02,1.000079999999999997e-01,2.572780000000000067e-01,1.257300000000000084e-01,0.000000000000000000e+00
2.222999999999866194e+00,5.259280005702748895e-01,1.360699999999999930e-02,9.955600000000000560e-02,2.726759999999999740e-01,1.318110000000000115e-01,0.000000000000000000e+00
2.223999999999866084e+00,5.148830023244954646e-01,1.384099999999999914e-02,1.005759999999999987e-01,2.664349999999999774e-01,1.258710000000000107e-01,0.000000000000000000e+00
2.224999999999865974e+00,5.052790002082474530e-01,1.388099999999999924e-02,9.977700000000000458e-02,2.575589999999999824e-01,1.261859999999999926e-01,0.000000000000000000e+00
2.225999999999865864e+00,5.049079991295002401e-01,1.370799999999999970e-02,1.001729999999999982e-01,2.571689999999999809e-01,1.262260000000000049e-01,0.000000000000000000e+00
2.226999999999865754e+00,5.191119998926296830e-01,1.410199999999999995e-02,1.010940000000000033e-01,2.592349999999999932e-01,1.350099999999999911e-01,0.000000000000000000e+00
2.227999999999865643e+00,5.155389953870326281e-01,1.397699999999999984e-02,1.014899999999999969e-01,2.643490000000000006e-01,1.275030000000000052e-01,0.000000000000000000e+00
2.228999999999865533e+00,5.409010045696049929e-01,1.415699999999999945e-02,1.032079999999999942e-01,2.820779999999999954e-01,1.303040000000000032e-01,0.000000000000000000e+00
2.229999999999865423e+00,5.179369982215575874e-01,1.420199999999999935e-02,1.037970000000000004e-01,2.619469999999999854e-01,1.283070000000000044e-01,0.000000000000000000e+00
2.230999999999865313e+00,5.420469969976693392e-01,1.400000000000000029e-02,1.165260000000000046e-01,2.677760000000000140e-01,1.349180000000000101e-01,0.000000000000000000e+00
2.231999999999865203e+00,5.220089951762929559e-01,1.404500000000000019e-02,1.031659999999999938e-01,2.676189999999999958e-01,1.282570000000000099e-01,0.000000000000000000e+00
2.232999999999865093e+00,5.111759965075179935e-01,1.387500000000000018e-02,1.013219999999999954e-01,2.595979999999999954e-01,1.281700000000000061e-01,0.000000000000000000e+00
2.233999999999864983e+00,5.283249993226490915e-01,1.373500000000000068e-02,1.174570000000000058e-01,2.605830000000000091e-01,1.276639999999999997e-01,0.000000000000000000e+00
2.234999999999864873e+00,5.165210022823885083e-01,1.376699999999999972e-02,1.006119999999999931e-01,2.667100000000000026e-01,1.269889999999999908e-01,0.000000000000000000e+00
2.235999999999864762e+00,5.172559976927004755e-01,1.378799999999999991e-02,1.009310000000000068e-01,2.674989999999999868e-01,1.266049999999999953e-01,0.000000000000000000e+00
2.236999999999864652e+00,5.126480027684010565e-01,1.810099999999999903e-02,1.004680000000000017e-01,2.583770000000000233e-01,1.269959999999999978e-01,0.000000000000000000e+00
2.237999999999864542e+00,5.570219946093857288e-01,1.374300000000000001e-02,1.020589999999999969e-01,2.895440000000000236e-01,1.421159999999999923e-01,0.000000000000000000e+00
2.238999999999864432e+00,5.260579928290098906e-01,1.395700000000000066e-02,1.016309999999999991e-01,2.692330000000000001e-01,1.319059999999999955e-01,0.000000000000000000e+00
2.239999999999864322e+00,5.300769989844411612e-01,1.392299999999999961e-02,1.016480000000000022e-01,2.745630000000000015e-01,1.310429999999999928e-01,0.000000000000000000e+00
2.240999999999864212e+00,5.262559934635646641e-01,1.523000000000000048e-02,1.058240000000000014e-01,2.632209999999999828e-01,1.315020000000000078e-01,0.000000000000000000e+00
2.241999999999864102e+00,5.461010005092248321e-01,1.496699999999999940e-02,1.077629999999999977e-01,2.786330000000000195e-01,1.339750000000000107e-01,0.000000000000000000e+00
2.242999999999863991e+00,5.277740056044422090e-01,1.520099999999999923e-02,1.055579999999999991e-01,2.657019999999999937e-01,1.308840000000000003e-01,0.000000000000000000e+00
2.243999999999863881e+00,5.178119972697459161e-01,1.462800000000000038e-02,1.036259999999999959e-01,2.616729999999999889e-01,1.293559999999999988e-01,0.000000000000000000e+00
2.244999999999863771e+00,5.241929975454695523e-01,1.410900000000000001e-02,1.032399999999999984e-01,2.610120000000000218e-01,1.370830000000000104e-01,0.000000000000000000e+00
2.245999999999863661e+00,5.196970014367252588e-01,1.399599999999999976e-02,1.023799999999999988e-01,2.678459999999999730e-01,1.273350000000000037e-01,0.000000000000000000e+00
2.246999999999863551e+00,5.051749976701103151e-01,1.383599999999999934e-02,1.003099999999999964e-01,2.576100000000000056e-01,1.255729999999999902e-01,0.000000000000000000e+00
2.247999999999863441e+00,5.044229983468540013e-01,1.362400000000000069e-02,1.005970000000000059e-01,2.572429999999999994e-01,1.254490000000000050e-01,0.000000000000000000e+00
2.248999999999863331e+00,5.049360042903572321e-01,1.371299999999999950e-02,1.000709999999999933e-01,2.574380000000000002e-01,1.260979999999999879e-01,0.000000000000000000e+00
2.249999999999863221e+00,5.101799979456700385e-01,1.384499999999999967e-02,1.006370000000000042e-01,2.618900000000000117e-01,1.260759999999999936e-01,0.000000000000000000e+00
2.250999999999863110e+00,5.085709999548271298e-01,1.376100000000000066e-02,1.042130000000000001e-01,2.574989999999999779e-01,1.254909999999999914e-01,0.000000000000000000e+00
2.251999999999863000e+00,5.059790055383928120e-01,1.374500000000000027e-02,1.008200000000000068e-01,2.574989999999999779e-01,1.259959999999999969e-01,0.000000000000000000e+00
2.252999999999862890e+00,5.049669998697936535e-01,1.375600000000000087e-02,1.002180000000000015e-01,2.570330000000000115e-01,1.261899999999999966e-01,0.000000000000000000e+00
2.253999999999862780e+00,5.122189977555535734e-01,1.383400000000000081e-02,1.001859999999999973e-01,2.571080000000000032e-01,1.330469999999999986e-01,0.000000000000000000e+00
2.254999999999862670e+00,5.141549991094507277e-01,1.388600000000000077e-02,1.003700000000000009e-01,2.661240000000000272e-01,1.258199999999999874e-01,0.000000000000000000e+00
2.255999999999862560e+00,5.534730007639154792e-01,2.340499999999999872e-02,1.218660000000000021e-01,2.701120000000000188e-01,1.294430000000000025e-01,0.000000000000000000e+00
2.256999999999862450e+00,5.074930013506673276e-01,1.405200000000000025e-02,1.006849999999999967e-01,2.582300000000000151e-01,1.265120000000000133e-01,0.000000000000000000e+00
2.257999999999862339e+00,5.139929999131709337e-01,1.372800000000000062e-02,1.003109999999999974e-01,2.574089999999999989e-01,1.342790000000000095e-01,0.000000000000000000e+00
2.258999999999862229e+00,5.145769973751157522e-01,1.375700000000000013e-02,1.002490000000000048e-01,2.669739999999999891e-01,1.256160000000000054e-01,0.000000000000000000e+00
2.259999999999862119e+00,5.159559950698167086e-01,1.385300000000000073e-02,1.105119999999999991e-01,2.573130000000000139e-01,1.260850000000000026e-01,0.000000000000000000e+00
2.260999999999862009e+00,5.054819994256831706e-01,1.380499999999999956e-02,1.002180000000000015e-01,2.573099999999999832e-01,1.264730000000000021e-01,0.000000000000000000e+00
2.261999999999861899e+00,5.045509969932027161e-01,1.373399999999999968e-02,9.994899999999999618e-02,2.576039999999999996e-01,1.256329999999999947e-01,0.000000000000000000e+00
2.262999999999861789e+00,5.101950009702704847e-01,1.371299999999999950e-02,9.976799999999999558e-02,2.574670000000000014e-01,1.314309999999999923e-01,0.000000000000000000e+00
2.263999999999861679e+00,5.172580058570019901e-01,1.368499999999999925e-02,1.003109999999999974e-01,2.698530000000000095e-01,1.255769999999999942e-01,0.000000000000000000e+00
2.264999999999861569e+00,5.053909990238025784e-01,1.377399999999999979e-02,1.002760000000000040e-01,2.574279999999999902e-01,1.263209999999999888e-01,0.000000000000000000e+00
2.265999999999861458e+00,5.053490021964535117e-01,1.374500000000000027e-02,1.002579999999999999e-01,2.572820000000000107e-01,1.264849999999999863e-01,0.000000000000000000e+00
2.266999999999861348e+00,5.050340041634626687e-01,1.377399999999999979e-02,1.000150000000000067e-01,2.575419999999999932e-01,1.261510000000000131e-01,0.000000000000000000e+00
2.267999999999861238e+00,5.123160008224658668e-01,1.374399999999999927e-02,9.995700000000000418e-02,2.640199999999999769e-01,1.265199999999999936e-01,0.000000000000000000e+00
2.268999999999861128e+00,5.092700012028217316e-01,1.366700000000000033e-02,1.043810000000000016e-01,2.573219999999999952e-01,1.262209999999999999e-01,0.000000000000000000e+00
2.269999999999861018e+00,5.046930018579587340e-01,1.383700000000000034e-02,1.004560000000000036e-01,2.572809999999999819e-01,1.258930000000000049e-01,0.000000000000000000e+00
2.270999999999860908e+00,5.038310046074911952e-01,1.372899999999999988e-02,1.001510000000000039e-01,2.570749999999999980e-01,1.252759999999999985e-01,0.000000000000000000e+00
2.271999999999860798e+00,5.082069983473047614e-01,1.385800000000000053e-02,1.000800000000000023e-01,2.571789999999999909e-01,1.295159999999999922e-01,0.000000000000000000e+00
2.272999999999860687e+00,5.091290004202164710e-01,1.377600000000000005e-02,1.002340000000000036e-01,2.614349999999999730e-01,1.258460000000000134e-01,0.000000000000000000e+00
2.273999999999860577e+00,5.089930054964497685e-01,1.371099999999999923e-02,1.048639999999999989e-01,2.573739999999999917e-01,1.256359999999999977e-01,0.000000000000000000e+00
2.274999999999860467e+00,5.043249984737485647e-01,1.383200000000000054e-02,9.934500000000000275e-02,2.573250000000000259e-01,1.262699999999999934e-01,0.000000000000000000e+00
2.275999999999860357e+00,5.040280011598952115e-01,1.388700000000000004e-02,9.987999999999999656e-02,2.572909999999999919e-01,1.255560000000000009e-01,0.000000000000000000e+00
2.276999999999860247e+00,5.101610004203394055e-01,1.389699999999999963e-02,1.004730000000000067e-01,2.578099999999999836e-01,1.301750000000000129e-01,0.000000000000000000e+00
2.277999999999860137e+00,5.090630002086982131e-01,1.369800000000000011e-02,1.005349999999999994e-01,2.618150000000000199e-01,1.254460000000000020e-01,0.000000000000000000e+00
2.278999999999860027e+00,5.042389966547489166e-01,1.376499999999999946e-02,9.984899999999999332e-02,2.573400000000000132e-01,1.255779999999999952e-01,0.000000000000000000e+00
2.279999999999859916e+00,5.063829958089627326e-01,1.370200000000000064e-02,1.000189999999999968e-01,2.580189999999999984e-01,1.263690000000000091e-01,0.000000000000000000e+00
2.280999999999859806e+00,5.224030028330162168e-01,1.435200000000000017e-02,1.025210000000000010e-01,2.599659999999999749e-01,1.367160000000000042e-01,0.000000000000000000e+00
2.281999999999859696e+00,5.130229983478784561e-01,1.386300000000000032e-02,1.004020000000000051e-01,2.647570000000000201e-01,1.260139999999999871e-01,0.000000000000000000e+00
2.282999999999859586e+00,5.096099994261749089e-01,1.371499999999999976e-02,1.046529999999999960e-01,2.577380000000000226e-01,1.260630000000000084e-01,0.000000000000000000e+00
2.283999999999859476e+00,5.039690004196017981e-01,1.382500000000000048e-02,1.000240000000000018e-01,2.573840000000000017e-01,1.251649999999999985e-01,0.000000000000000000e+00
2.284999999999859366e+00,5.059289978817105293e-01,1.364899999999999967e-02,1.007709999999999995e-01,2.573810000000000264e-01,1.264079999999999926e-01,0.000000000000000000e+00
2.285999999999859256e+00,5.087949975859373808e-01,1.367799999999999919e-02,1.002230000000000065e-01,2.571760000000000157e-01,1.300560000000000049e-01,0.000000000000000000e+00
2.286999999999859146e+00,5.086689998279325664e-01,1.366299999999999980e-02,1.002159999999999995e-01,2.612670000000000270e-01,1.259299999999999864e-01,0.000000000000000000e+00
2.287999999999859035e+00,5.048870007158257067e-01,1.375799999999999940e-02,1.003710000000000019e-01,2.571140000000000092e-01,1.257820000000000049e-01,0.000000000000000000e+00
2.288999999999858925e+00,5.038669987698085606e-01,1.373899999999999948e-02,1.000629999999999992e-01,2.570270000000000055e-01,1.255719999999999892e-01,0.000000000000000000e+00
2.289999999999858815e+00,5.051839980296790600e-01,1.373100000000000015e-02,1.004099999999999993e-01,2.575279999999999792e-01,1.258849999999999969e-01,0.000000000000000000e+00
2.290999999999858705e+00,5.086140008643269539e-01,1.365899999999999927e-02,1.004140000000000033e-01,2.609020000000000228e-01,1.259550000000000114e-01,0.000000000000000000e+00
2.291999999999858595e+00,5.104009978822432458e-01,1.377399999999999979e-02,1.006409999999999944e-01,2.619440000000000102e-01,1.259299999999999864e-01,0.000000000000000000e+00
2.292999999999858485e+00,5.050250038038939238e-01,1.377399999999999979e-02,1.001159999999999967e-01,2.571300000000000252e-01,1.264299999999999868e-01,0.000000000000000000e+00
2.293999999999858375e+00,5.059539980720728636e-01,1.370599999999999943e-02,1.006100000000000050e-01,2.577499999999999791e-01,1.263239999999999919e-01,0.000000000000000000e+00
2.294999999999858264e+00,5.082589996163733304e-01,1.371200000000000023e-02,9.995800000000000518e-02,2.572189999999999754e-01,1.296930000000000027e-01,0.000000000000000000e+00
2.295999999999858154e+00,5.086949968244880438e-01,1.367799999999999919e-02,1.005439999999999945e-01,2.611020000000000008e-01,1.256569999999999909e-01,0.000000000000000000e+00
2.296999999999858044e+00,5.089689948363229632e-01,1.366999999999999986e-02,1.043369999999999992e-01,2.575760000000000272e-01,1.256450000000000067e-01,0.000000000000000000e+00
2.297999999999857934e+00,5.052319975220598280e-01,1.374599999999999954e-02,1.003919999999999951e-01,2.577280000000000126e-01,1.257699999999999929e-01,0.000000000000000000e+00
2.298999999999857824e+00,5.048409948358312249e-01,1.365599999999999974e-02,1.003819999999999990e-01,2.571010000000000240e-01,1.257260000000000044e-01,0.000000000000000000e+00
2.299999999999857714e+00,5.092999999760650098e-01,1.370799999999999970e-02,1.003509999999999958e-01,2.570760000000000267e-01,1.304450000000000054e-01,0.000000000000000000e+00
2.300999999999857604e+00,5.088060061098076403e-01,1.361500000000000037e-02,9.980899999999999495e-02,2.612360000000000237e-01,1.263950000000000073e-01,0.000000000000000000e+00
2.301999999999857494e+00,5.085599987069144845e-01,1.361200000000000083e-02,1.036760000000000043e-01,2.575979999999999936e-01,1.259649999999999936e-01,0.000000000000000000e+00
2.302999999999857383e+00,5.037939990870654583e-01,1.364199999999999961e-02,1.000500000000000000e-01,2.569589999999999930e-01,1.256430000000000047e-01,0.000000000000000000e+00
2.303999999999857273e+00,5.031830005464144051e-01,1.360600000000000004e-02,9.985900000000000332e-02,2.571519999999999917e-01,1.252510000000000012e-01,0.000000000000000000e+00
2.304999999999857163e+00,5.096349996165372431e-01,1.380999999999999936e-02,1.008850000000000025e-01,2.573099999999999832e-01,1.300179999999999947e-01,0.000000000000000000e+00
2.305999999999857053e+00,5.084459990030154586e-01,1.370999999999999996e-02,1.000950000000000034e-01,2.610140000000000238e-01,1.259419999999999984e-01,0.000000000000000000e+00
2.306999999999856943e+00,5.052209962741471827e-01,1.371799999999999929e-02,1.000230000000000008e-01,2.577559999999999851e-01,1.259800000000000086e-01,0.000000000000000000e+00
2.307999999999856833e+00,5.041420008637942374e-01,1.370399999999999917e-02,1.003700000000000009e-01,2.573230000000000239e-01,1.252000000000000057e-01,0.000000000000000000e+00
2.308999999999856723e+00,5.045119978603906929e-01,1.376600000000000046e-02,1.001910000000000023e-01,2.572380000000000222e-01,1.255860000000000032e-01,0.000000000000000000e+00
2.309999999999856612e+00,5.082159987068735063e-01,1.369599999999999984e-02,1.000700000000000062e-01,2.611729999999999885e-01,1.255739999999999912e-01,0.000000000000000000e+00
2.310999999999856502e+00,5.087889949209056795e-01,1.373100000000000015e-02,9.969200000000000284e-02,2.618150000000000199e-01,1.259099999999999941e-01,0.000000000000000000e+00
2.311999999999856392e+00,5.042470002081245184e-01,1.370999999999999996e-02,9.977700000000000458e-02,2.572729999999999739e-01,1.259029999999999871e-01,0.000000000000000000e+00
2.312999999999856282e+00,5.043030032538808882e-01,1.369500000000000058e-02,1.001490000000000019e-01,2.571410000000000085e-01,1.260139999999999871e-01,0.000000000000000000e+00
2.313999999999856172e+00,5.042489938205108047e-01,1.358900000000000038e-02,1.001149999999999957e-01,2.574199999999999822e-01,1.258529999999999927e-01,0.000000000000000000e+00
2.314999999999856062e+00,5.083009964437223971e-01,1.372600000000000035e-02,1.000079999999999997e-01,2.612869999999999915e-01,1.257169999999999954e-01,0.000000000000000000e+00
2.315999999999855952e+00,5.086419987492263317e-01,1.372499999999999935e-02,1.042259999999999992e-01,2.575629999999999864e-01,1.255199999999999927e-01,0.000000000000000000e+00
2.316999999999855842e+00,5.047130034654401243e-01,1.377100000000000025e-02,1.002880000000000021e-01,2.572699999999999987e-01,1.258990000000000109e-01,0.000000000000000000e+00
2.317999999999855731e+00,5.054749999544583261e-01,1.379900000000000050e-02,1.009540000000000021e-01,2.573719999999999897e-01,1.258100000000000052e-01,0.000000000000000000e+00
2.318999999999855621e+00,5.089559999760240316e-01,1.378300000000000011e-02,1.001380000000000048e-01,2.574540000000000162e-01,1.299520000000000119e-01,0.000000000000000000e+00
2.319999999999855511e+00,5.088250036351382732e-01,1.371499999999999976e-02,1.001999999999999974e-01,2.614420000000000077e-01,1.258509999999999907e-01,0.000000000000000000e+00
2.320999999999855401e+00,5.088760008220560849e-01,1.371099999999999923e-02,1.045559999999999962e-01,2.572949999999999959e-01,1.258430000000000104e-01,0.000000000000000000e+00
2.321999999999855291e+00,5.148179989191703498e-01,1.442099999999999979e-02,1.030680000000000068e-01,2.595199999999999729e-01,1.289559999999999873e-01,0.000000000000000000e+00
2.322999999999855181e+00,5.066180019639432430e-01,1.402400000000000001e-02,1.005940000000000029e-01,2.579170000000000074e-01,1.261609999999999954e-01,0.000000000000000000e+00
2.323999999999855071e+00,5.087620011181570590e-01,1.380200000000000003e-02,1.000980000000000064e-01,2.614049999999999985e-01,1.256299999999999917e-01,0.000000000000000000e+00
2.324999999999854960e+00,5.088760008220560849e-01,1.383700000000000034e-02,1.044179999999999969e-01,2.574100000000000277e-01,1.253769999999999885e-01,0.000000000000000000e+00
2.325999999999854850e+00,5.043609999120235443e-01,1.375400000000000060e-02,1.003259999999999985e-01,2.576019999999999976e-01,1.250560000000000005e-01,0.000000000000000000e+00
2.326999999999854740e+00,5.043150013079866767e-01,1.377100000000000025e-02,9.980100000000000082e-02,2.575890000000000124e-01,1.257350000000000134e-01,0.000000000000000000e+00
2.327999999999854630e+00,4.970529989805072546e-01,1.341000000000000004e-02,9.812600000000000489e-02,2.515499999999999958e-01,1.267530000000000046e-01,0.000000000000000000e+00
2.328999999999854520e+00,4.978239958290942013e-01,1.337900000000000027e-02,9.796799999999999953e-02,2.555189999999999961e-01,1.235239999999999949e-01,0.000000000000000000e+00
2.329999999999854410e+00,4.969950023223645985e-01,1.339100000000000013e-02,1.018840000000000023e-01,2.513449999999999851e-01,1.227789999999999992e-01,0.000000000000000000e+00
2.330999999999854300e+00,4.929390051984228194e-01,1.344899999999999915e-02,9.779000000000000192e-02,2.511760000000000104e-01,1.231399999999999995e-01,0.000000000000000000e+00
2.331999999999854190e+00,4.924619934172369540e-01,1.346499999999999954e-02,9.783500000000000529e-02,2.515249999999999986e-01,1.225490000000000052e-01,0.000000000000000000e+00
2.332999999999854079e+00,4.926500041619874537e-01,1.344200000000000082e-02,9.802099999999999702e-02,2.513040000000000274e-01,1.225679999999999964e-01,0.000000000000000000e+00
2.333999999999853969e+00,4.970439986209385097e-01,1.346999999999999933e-02,9.794700000000000628e-02,2.515450000000000186e-01,1.265419999999999878e-01,0.000000000000000000e+00
2.334999999999853859e+00,4.956800039508379996e-01,1.344300000000000009e-02,9.742800000000000071e-02,2.551899999999999724e-01,1.222519999999999996e-01,0.000000000000000000e+00
2.335999999999853749e+00,4.991189998690970242e-01,1.344799999999999988e-02,1.049270000000000064e-01,2.513589999999999991e-01,1.221740000000000048e-01,0.000000000000000000e+00
2.336999999999853639e+00,4.921949948766268790e-01,1.352100000000000003e-02,9.772000000000000131e-02,2.514970000000000261e-01,1.223769999999999997e-01,0.000000000000000000e+00
2.337999999999853529e+00,4.920549981761723757e-01,1.337600000000000074e-02,9.751300000000000245e-02,2.514770000000000061e-01,1.225030000000000008e-01,0.000000000000000000e+00
2.338999999999853419e+00,4.968840003130026162e-01,1.344099999999999982e-02,9.764799999999999869e-02,2.514449999999999741e-01,1.232319999999999943e-01,0.000000000000000000e+00
2.339999999999853308e+00,4.971980015398003161e-01,1.336000000000000035e-02,9.755500000000000282e-02,2.554779999999999829e-01,1.231509999999999966e-01,0.000000000000000000e+00
2.340999999999853198e+00,4.962460006936453283e-01,1.338899999999999986e-02,9.742000000000000659e-02,2.556059999999999999e-01,1.225379999999999941e-01,0.000000000000000000e+00
2.341999999999853088e+00,4.920939973089843988e-01,1.344599999999999962e-02,9.760599999999999832e-02,2.514080000000000203e-01,1.224299999999999972e-01,0.000000000000000000e+00
2.342999999999852978e+00,4.926670007989741862e-01,1.345599999999999921e-02,9.755199999999999982e-02,2.514120000000000243e-01,1.231229999999999963e-01,0.000000000000000000e+00
2.343999999999852868e+00,4.926030014757998288e-01,1.351300000000000071e-02,9.765400000000000469e-02,2.512199999999999989e-01,1.229449999999999987e-01,0.000000000000000000e+00
2.344999999999852758e+00,4.965890038874931633e-01,1.345200000000000042e-02,9.759299999999999919e-02,2.515640000000000098e-01,1.266440000000000066e-01,0.000000000000000000e+00
2.345999999999852648e+00,4.966790002072229981e-01,1.333400000000000037e-02,9.787899999999999379e-02,2.553650000000000087e-01,1.226909999999999945e-01,0.000000000000000000e+00
2.346999999999852538e+00,4.967560016666539013e-01,1.340099999999999972e-02,1.015680000000000055e-01,2.515350000000000086e-01,1.227889999999999954e-01,0.000000000000000000e+00
2.347999999999852427e+00,4.920759965898469090e-01,1.343100000000000023e-02,9.745800000000000296e-02,2.516300000000000203e-01,1.222440000000000054e-01,0.000000000000000000e+00
2.348999999999852317e+00,4.923809974570758641e-01,1.331899999999999924e-02,9.751100000000000045e-02,2.512710000000000221e-01,1.229660000000000059e-01,0.000000000000000000e+00
2.349999999999852207e+00,4.928870039293542504e-01,1.333200000000000010e-02,9.791600000000000303e-02,2.514989999999999726e-01,1.227170000000000066e-01,0.000000000000000000e+00
2.350999999999852097e+00,4.965929983882233500e-01,1.334699999999999949e-02,9.787700000000000566e-02,2.552630000000000177e-01,1.227769999999999972e-01,0.000000000000000000e+00
2.351999999999851987e+00,4.969259971403516829e-01,1.333100000000000084e-02,9.775200000000000555e-02,2.561280000000000223e-01,1.223599999999999965e-01,0.000000000000000000e+00
2.352999999999851877e+00,4.925670000375248492e-01,1.338800000000000059e-02,9.789499999999999591e-02,2.511689999999999756e-01,1.228630000000000000e-01,0.000000000000000000e+00
2.353999999999851767e+00,4.919319981127046049e-01,1.331300000000000018e-02,9.803900000000000114e-02,2.511430000000000051e-01,1.222020000000000051e-01,0.000000000000000000e+00
2.354999999999851656e+00,4.929679998895153403e-01,1.340299999999999998e-02,9.776700000000000668e-02,2.513969999999999816e-01,1.231720000000000037e-01,0.000000000000000000e+00
2.355999999999851546e+00,4.960360020049847662e-01,1.336200000000000061e-02,9.772799999999999543e-02,2.515100000000000113e-01,1.260539999999999994e-01,0.000000000000000000e+00
2.356999999999851436e+00,4.965020052623003721e-01,1.339599999999999992e-02,9.791300000000000003e-02,2.551619999999999999e-01,1.226959999999999995e-01,0.000000000000000000e+00
2.357999999999851326e+00,5.077039968455210328e-01,1.343300000000000050e-02,1.116990000000000066e-01,2.516309999999999936e-01,1.230929999999999941e-01,0.000000000000000000e+00
2.358999999999851216e+00,4.937699995934963226e-01,1.340000000000000045e-02,9.790600000000000691e-02,2.514750000000000041e-01,1.233270000000000061e-01,0.000000000000000000e+00
2.359999999999851106e+00,4.933410018566064537e-01,1.342299999999999917e-02,9.788099999999999579e-02,2.515950000000000131e-01,1.230389999999999956e-01,0.000000000000000000e+00
2.360999999999850996e+00,4.928839989588595927e-01,1.347100000000000034e-02,9.804200000000000415e-02,2.512829999999999786e-01,1.227680000000000021e-01,0.000000000000000000e+00
2.361999999999850886e+00,4.968810026184655726e-01,1.345000000000000015e-02,9.791400000000000103e-02,2.553079999999999794e-01,1.229520000000000057e-01,0.000000000000000000e+00
2.362999999999850775e+00,4.973069953848607838e-01,1.341799999999999937e-02,9.810399999999999676e-02,2.552650000000000197e-01,1.230870000000000020e-01,0.000000000000000000e+00
2.363999999999850665e+00,4.930110007990151644e-01,1.345599999999999921e-02,9.816199999999999926e-02,2.515569999999999751e-01,1.223749999999999977e-01,0.000000000000000000e+00
2.364999999999850555e+00,4.926090041408315301e-01,1.344700000000000062e-02,9.782299999999999329e-02,2.513900000000000023e-01,1.226629999999999943e-01,0.000000000000000000e+00
2.365999999999850445e+00,4.927559930365532637e-01,1.345400000000000068e-02,9.794999999999999540e-02,2.514190000000000036e-01,1.226020000000000026e-01,0.000000000000000000e+00
2.366999999999850335e+00,4.968079956597648561e-01,1.338400000000000006e-02,9.763199999999999656e-02,2.514359999999999928e-01,1.270219999999999960e-01,0.000000000000000000e+00
2.367999999999850225e+00,4.965539992554113269e-01,1.332099999999999951e-02,9.783999999999999642e-02,2.554520000000000124e-01,1.225320000000000020e-01,0.000000000000000000e+00
2.368999999999850115e+00,4.965179978171363473e-01,1.335599999999999982e-02,1.020059999999999995e-01,2.512929999999999886e-01,1.224739999999999995e-01,0.000000000000000000e+00
2.369999999999850004e+00,4.934669996146112680e-01,1.362299999999999969e-02,9.800499999999999490e-02,2.515240000000000253e-01,1.229340000000000016e-01,0.000000000000000000e+00
2.370999999999849894e+00,4.932399970130063593e-01,1.340700000000000051e-02,9.774599999999999955e-02,2.514719999999999733e-01,1.233940000000000037e-01,0.000000000000000000e+00
2.371999999999849784e+00,4.922139996779151261e-01,1.324200000000000030e-02,9.792299999999999616e-02,2.513239999999999919e-01,1.223930000000000018e-01,0.000000000000000000e+00
2.372999999999849674e+00,4.965270054526627064e-01,1.337099999999999921e-02,9.787600000000000466e-02,2.548480000000000190e-01,1.230119999999999963e-01,0.000000000000000000e+00
2.373999999999849564e+00,4.965679981978610158e-01,1.336700000000000041e-02,9.746900000000000008e-02,2.554130000000000011e-01,1.230050000000000032e-01,0.000000000000000000e+00
2.374999999999849454e+00,4.964420004398562014e-01,1.341099999999999931e-02,9.759099999999999719e-02,2.513290000000000246e-01,1.229159999999999975e-01,0.000000000000000000e+00
2.375999999999849344e+00,4.949639987898990512e-01,1.348300000000000019e-02,9.814100000000000601e-02,2.516200000000000103e-01,1.238220000000000015e-01,0.000000000000000000e+00
2.376999999999849233e+00,4.949330032104626298e-01,1.353700000000000042e-02,9.761899999999999744e-02,2.517420000000000213e-01,1.244529999999999942e-01,0.000000000000000000e+00
2.377999999999849123e+00,5.010120003134943545e-01,1.352100000000000003e-02,9.804699999999999527e-02,2.515089999999999826e-01,1.302359999999999907e-01,0.000000000000000000e+00
2.378999999999849013e+00,4.998410004191100597e-01,1.345499999999999995e-02,9.803000000000000602e-02,2.573050000000000059e-01,1.233540000000000053e-01,0.000000000000000000e+00
2.379999999999848903e+00,4.977970020263455808e-01,1.351199999999999971e-02,1.023880000000000068e-01,2.514930000000000221e-01,1.229790000000000050e-01,0.000000000000000000e+00
2.380999999999848793e+00,4.930579962092451751e-01,1.350799999999999917e-02,9.791400000000000103e-02,2.514540000000000108e-01,1.228120000000000045e-01,0.000000000000000000e+00
2.381999999999848683e+00,4.922090010950341821e-01,1.347300000000000060e-02,9.770199999999999718e-02,2.513009999999999966e-01,1.224429999999999963e-01,0.000000000000000000e+00
2.382999999999848573e+00,4.974069961463101208e-01,1.338499999999999933e-02,9.828499999999999737e-02,2.512079999999999869e-01,1.271269999999999900e-01,0.000000000000000000e+00
2.383999999999848463e+00,4.975689953425899148e-01,1.333200000000000010e-02,9.788600000000000079e-02,2.559170000000000056e-01,1.229129999999999945e-01,0.000000000000000000e+00
2.384999999999848352e+00,4.979400036972947419e-01,1.328099999999999940e-02,9.767000000000000681e-02,2.563830000000000275e-01,1.231669999999999987e-01,0.000000000000000000e+00
2.385999999999848242e+00,4.922950029140338302e-01,1.335199999999999929e-02,9.783500000000000529e-02,2.515020000000000033e-01,1.223500000000000004e-01,0.000000000000000000e+00
2.386999999999848132e+00,4.927850022795610130e-01,1.333100000000000084e-02,9.786599999999999466e-02,2.513580000000000259e-01,1.227759999999999962e-01,0.000000000000000000e+00
2.387999999999848022e+00,4.928670023218728602e-01,1.332599999999999930e-02,9.814499999999999613e-02,2.514689999999999981e-01,1.225760000000000044e-01,0.000000000000000000e+00
2.388999999999847912e+00,4.991200039512477815e-01,1.357500000000000026e-02,9.805899999999999339e-02,2.521050000000000235e-01,1.274700000000000000e-01,0.000000000000000000e+00
2.389999999999847802e+00,4.975890042260289192e-01,1.348399999999999946e-02,9.799199999999999577e-02,2.556320000000000259e-01,1.227020000000000055e-01,0.000000000000000000e+00
2.390999999999847692e+00,4.975379997631534934e-01,1.734700000000000131e-02,9.813299999999999801e-02,2.513909999999999756e-01,1.231010000000000021e-01,0.000000000000000000e+00
2.391999999999847581e+00,4.932550000376068056e-01,1.331399999999999945e-02,9.807499999999999551e-02,2.517090000000000161e-01,1.228250000000000036e-01,0.000000000000000000e+00
2.392999999999847471e+00,4.936819968861527741e-01,1.334199999999999969e-02,9.823199999999999987e-02,2.514299999999999868e-01,1.234399999999999942e-01,0.000000000000000000e+00
2.393999999999847361e+00,4.968069988535717130e-01,1.339199999999999939e-02,9.800200000000000577e-02,2.514080000000000203e-01,1.266180000000000083e-01,0.000000000000000000e+00
2.394999999999847251e+00,4.970160007360391319e-01,1.339599999999999992e-02,9.798700000000000465e-02,2.552099999999999924e-01,1.229210000000000025e-01,0.000000000000000000e+00
2.395999999999847141e+00,4.970669979229569435e-01,1.338199999999999980e-02,1.022369999999999945e-01,2.516979999999999773e-01,1.222680000000000017e-01,0.000000000000000000e+00
2.396999999999847031e+00,4.931350049446336925e-01,1.341099999999999931e-02,9.781900000000000317e-02,2.514850000000000141e-01,1.232300000000000062e-01,0.000000000000000000e+00
2.397999999999846921e+00,4.920960054732859135e-01,1.339399999999999966e-02,9.806800000000000239e-02,2.513279999999999959e-01,1.222049999999999942e-01,0.000000000000000000e+00
2.398999999999846811e+00,4.919290004181675613e-01,1.330600000000000012e-02,9.772200000000000331e-02,2.513529999999999931e-01,1.223039999999999961e-01,0.000000000000000000e+00
2.399999999999846700e+00,4.957569981343112886e-01,1.336000000000000035e-02,9.800599999999999590e-02,2.512409999999999921e-01,1.259010000000000129e-01,0.000000000000000000e+00
2.400999999999846590e+00,4.969340006937272847e-01,1.340399999999999925e-02,9.777500000000000080e-02,2.553900000000000059e-01,1.231010000000000021e-01,0.000000000000000000e+00
2.401999999999846480e+00,4.972179958713240921e-01,1.712800000000000086e-02,9.827299999999999924e-02,2.518090000000000050e-01,1.226949999999999985e-01,0.000000000000000000e+00
2.402999999999846370e+00,4.928000053041614592e-01,1.340799999999999978e-02,9.792599999999999916e-02,2.512949999999999906e-01,1.229259999999999936e-01,0.000000000000000000e+00
2.403999999999846260e+00,4.930089999106712639e-01,1.331000000000000065e-02,9.772000000000000131e-02,2.515279999999999738e-01,1.229360000000000036e-01,0.000000000000000000e+00
2.404999999999846150e+00,5.036850052420049906e-01,1.351300000000000071e-02,9.799599999999999977e-02,2.512469999999999981e-01,1.333509999999999973e-01,0.000000000000000000e+00
2.405999999999846040e+00,4.978589931852184236e-01,1.346800000000000080e-02,9.795700000000000240e-02,2.559759999999999813e-01,1.229900000000000021e-01,0.000000000000000000e+00
2.406999999999845929e+00,4.970660011167638004e-01,1.344000000000000056e-02,1.015569999999999945e-01,2.514069999999999916e-01,1.232029999999999931e-01,0.000000000000000000e+00
2.407999999999845819e+00,4.922110019833780825e-01,1.346499999999999954e-02,9.790899999999999603e-02,2.511990000000000056e-01,1.223189999999999972e-01,0.000000000000000000e+00
2.408999999999845709e+00,4.922759981127455831e-01,1.341200000000000031e-02,9.773999999999999355e-02,2.512869999999999826e-01,1.225730000000000014e-01,0.000000000000000000e+00
2.409999999999845599e+00,4.929569986416026950e-01,1.333900000000000016e-02,9.794700000000000628e-02,2.515439999999999898e-01,1.228670000000000040e-01,0.000000000000000000e+00
2.410999999999845489e+00,4.967269996996037662e-01,1.332299999999999977e-02,9.748199999999999921e-02,2.516030000000000211e-01,1.266859999999999931e-01,0.000000000000000000e+00
2.411999999999845379e+00,5.527429966605268419e-01,1.328400000000000067e-02,9.773600000000000343e-02,3.007540000000000213e-01,1.335939999999999905e-01,0.000000000000000000e+00
2.412999999999845269e+00,4.710810026153922081e-01,1.285099999999999958e-02,9.351600000000000190e-02,2.405259999999999898e-01,1.170839999999999936e-01,0.000000000000000000e+00
2.413999999999845159e+00,4.709739951067604125e-01,1.290299999999999954e-02,9.342699999999999616e-02,2.405339999999999978e-01,1.170940000000000036e-01,0.000000000000000000e+00
2.414999999999845048e+00,4.712290028692223132e-01,1.289700000000000048e-02,9.342000000000000304e-02,2.405120000000000036e-01,1.174999999999999933e-01,0.000000000000000000e+00
2.415999999999844938e+00,4.711329966085031629e-01,1.283399999999999992e-02,9.359800000000000064e-02,2.405809999999999893e-01,1.171419999999999961e-01,0.000000000000000000e+00
2.416999999999844828e+00,4.713430025731213391e-01,1.282900000000000013e-02,9.370799999999999963e-02,2.404260000000000008e-01,1.174790000000000001e-01,0.000000000000000000e+00
2.417999999999844718e+00,4.753350003738887608e-01,1.280300000000000014e-02,9.398399999999999810e-02,2.440680000000000072e-01,1.174459999999999948e-01,0.000000000000000000e+00
2.418999999999844608e+00,4.772760003106668591e-01,1.288500000000000062e-02,9.344299999999999828e-02,2.462729999999999919e-01,1.177480000000000054e-01,0.000000000000000000e+00
2.419999999999844498e+00,4.757380011142231524e-01,1.651599999999999943e-02,9.376299999999999912e-02,2.404340000000000088e-01,1.179359999999999992e-01,0.000000000000000000e+00
2.420999999999844388e+00,4.704259990830905735e-01,1.275500000000000071e-02,9.313299999999999357e-02,2.404270000000000018e-01,1.173160000000000036e-01,0.000000000000000000e+00
2.421999999999844277e+00,4.705350002041086555e-01,1.283499999999999919e-02,9.342699999999999616e-02,2.404679999999999873e-01,1.168399999999999994e-01,0.000000000000000000e+00
2.422999999999844167e+00,4.709689965238794684e-01,1.276599999999999957e-02,9.329900000000000693e-02,2.404280000000000028e-01,1.173229999999999967e-01,0.000000000000000000e+00
2.423999999999844057e+00,4.711610017693601549e-01,1.278100000000000069e-02,9.356799999999999840e-02,2.403879999999999906e-01,1.175139999999999935e-01,0.000000000000000000e+00
2.424999999999843947e+00,4.756399939651601017e-01,1.276099999999999977e-02,9.368300000000000238e-02,2.404519999999999991e-01,1.216730000000000034e-01,0.000000000000000000e+00
2.425999999999843837e+00,4.757930000778287649e-01,1.274300000000000085e-02,9.369099999999999651e-02,2.448349999999999971e-01,1.175169999999999965e-01,0.000000000000000000e+00
2.426999999999843727e+00,4.758219947689212859e-01,1.281400000000000074e-02,9.372900000000000675e-02,2.441939999999999944e-01,1.178540000000000004e-01,0.000000000000000000e+00
2.427999999999843617e+00,4.714169990620575845e-01,1.282800000000000086e-02,9.384599999999999886e-02,2.405239999999999878e-01,1.170449999999999963e-01,0.000000000000000000e+00
2.428999999999843507e+00,4.713279995485208929e-01,1.283800000000000045e-02,9.343899999999999428e-02,2.403679999999999983e-01,1.177310000000000023e-01,0.000000000000000000e+00
2.429999999999843396e+00,4.715120012406259775e-01,1.275699999999999924e-02,9.382000000000000062e-02,2.404169999999999918e-01,1.175559999999999938e-01,0.000000000000000000e+00
2.430999999999843286e+00,4.711099973064847291e-01,1.294999999999999971e-02,9.324000000000000343e-02,2.401260000000000061e-01,1.176949999999999941e-01,0.000000000000000000e+00
2.431999999999843176e+00,4.715379982371814549e-01,1.282299999999999933e-02,9.355099999999999527e-02,2.405410000000000048e-01,1.175500000000000017e-01,0.000000000000000000e+00
2.432999999999843066e+00,5.039789975853636861e-01,1.283800000000000045e-02,9.376700000000000312e-02,2.725469999999999837e-01,1.178229999999999972e-01,0.000000000000000000e+00
2.433999999999842956e+00,4.811239996342919767e-01,1.285900000000000064e-02,9.323499999999999843e-02,2.496629999999999960e-01,1.178619999999999945e-01,0.000000000000000000e+00
2.434999999999842846e+00,4.759380026371218264e-01,1.278800000000000076e-02,9.756700000000000095e-02,2.404590000000000061e-01,1.177639999999999937e-01,0.000000000000000000e+00
2.435999999999842736e+00,4.716170005849562585e-01,1.278600000000000049e-02,9.369399999999999951e-02,2.406979999999999953e-01,1.175900000000000001e-01,0.000000000000000000e+00
2.436999999999842625e+00,4.716719995485618711e-01,1.278100000000000069e-02,9.383199999999999874e-02,2.406069999999999875e-01,1.175439999999999957e-01,0.000000000000000000e+00
2.437999999999842515e+00,5.635890047415159643e-01,1.272700000000000047e-02,9.357200000000000240e-02,2.570399999999999907e-01,1.802390000000000103e-01,0.000000000000000000e+00
2.438999999999842405e+00,5.046669975854456425e-01,1.289099999999999968e-02,9.386899999999999411e-02,2.410509999999999875e-01,1.497310000000000030e-01,0.000000000000000000e+00
2.439999999999842295e+00,5.039159950683824718e-01,1.287300000000000076e-02,9.371899999999999675e-02,2.723010000000000153e-01,1.177200000000000052e-01,0.000000000000000000e+00
2.440999999999842185e+00,5.031719992985017598e-01,1.289299999999999995e-02,1.249610000000000026e-01,2.406989999999999963e-01,1.175490000000000007e-01,0.000000000000000000e+00
2.441999999999842075e+00,5.105399977765046060e-01,1.309199999999999947e-02,1.109239999999999948e-01,2.593059999999999810e-01,1.199339999999999989e-01,0.000000000000000000e+00
2.442999999999841965e+00,4.714870010502636433e-01,1.291499999999999940e-02,9.379600000000000437e-02,2.403220000000000078e-01,1.174489999999999978e-01,0.000000000000000000e+00
2.443999999999841855e+00,4.881549975834786892e-01,1.287199999999999976e-02,9.370900000000000063e-02,2.403399999999999981e-01,1.342059999999999920e-01,0.000000000000000000e+00
2.444999999999841744e+00,6.495190027635544538e-01,1.309600000000000000e-02,9.617100000000000648e-02,2.926730000000000165e-01,2.385339999999999960e-01,0.000000000000000000e+00
2.445999999999841634e+00,5.244279964244924486e-01,1.567500000000000143e-02,1.058090000000000003e-01,2.603010000000000046e-01,1.317679999999999962e-01,0.000000000000000000e+00
2.446999999999841524e+00,6.442169978981837630e-01,1.611500000000000085e-02,1.209279999999999938e-01,3.424730000000000274e-01,1.507330000000000059e-01,0.000000000000000000e+00
2.447999999999841414e+00,6.160289995023049414e-01,2.527700000000000086e-02,1.518829999999999902e-01,2.819360000000000199e-01,1.430289999999999895e-01,0.000000000000000000e+00
2.448999999999841304e+00,7.370859966613352299e-01,1.479899999999999965e-02,1.746099999999999874e-01,2.940720000000000001e-01,2.146389999999999965e-01,0.000000000000000000e+00
2.449999999999841194e+00,5.470879987115040421e-01,1.379099999999999944e-02,9.843000000000000360e-02,2.845420000000000171e-01,1.408399999999999930e-01,0.000000000000000000e+00
2.450999999999841084e+00,5.361889998312108219e-01,1.302900000000000065e-02,9.395499999999999685e-02,3.029560000000000031e-01,1.184810000000000030e-01,0.000000000000000000e+00
2.451999999999840973e+00,4.720179931609891355e-01,1.294900000000000044e-02,9.354800000000000615e-02,2.404630000000000101e-01,1.177259999999999973e-01,0.000000000000000000e+00
2.452999999999840863e+00,4.715020040748640895e-01,1.287899999999999982e-02,9.340700000000000391e-02,2.402140000000000108e-01,1.178120000000000001e-01,0.000000000000000000e+00
2.453999999999840753e+00,4.717230040114372969e-01,1.282999999999999939e-02,9.326500000000000068e-02,2.404590000000000061e-01,1.180729999999999974e-01,0.000000000000000000e+00
2.454999999999840643e+00,4.712360023404471576e-01,1.284099999999999998e-02,9.353499999999999315e-02,2.403260000000000118e-01,1.178089999999999971e-01,0.000000000000000000e+00
2.455999999999840533e+00,4.761129966937005520e-01,1.287400000000000003e-02,9.374399999999999400e-02,2.404820000000000013e-01,1.218660000000000021e-01,0.000000000000000000e+00
2.456999999999840423e+00,4.766620040754787624e-01,1.289099999999999968e-02,9.366299999999999626e-02,2.447950000000000126e-01,1.179570000000000063e-01,0.000000000000000000e+00
2.457999999999840313e+00,5.037470036768354475e-01,1.290099999999999927e-02,9.359099999999999364e-02,2.443190000000000084e-01,1.459509999999999974e-01,0.000000000000000000e+00
2.458999999999840202e+00,4.718139971373602748e-01,1.285000000000000031e-02,9.365700000000000414e-02,2.405490000000000128e-01,1.176920000000000049e-01,0.000000000000000000e+00
2.459999999999840092e+00,5.003490005037747324e-01,1.282800000000000086e-02,9.366099999999999426e-02,2.692140000000000088e-01,1.174690000000000040e-01,0.000000000000000000e+00
2.460999999999839982e+00,4.714989991043694317e-01,1.276200000000000077e-02,9.368799999999999351e-02,2.403859999999999886e-01,1.176340000000000025e-01,0.000000000000000000e+00
2.461999999999839872e+00,4.710290013463236392e-01,1.275300000000000045e-02,9.330700000000000105e-02,2.406999999999999973e-01,1.173450000000000049e-01,0.000000000000000000e+00
2.462999999999839762e+00,4.747529965243302286e-01,1.266100000000000038e-02,9.326199999999999768e-02,2.405110000000000026e-01,1.212889999999999940e-01,0.000000000000000000e+00
2.463999999999839652e+00,4.757810020237229764e-01,1.279100000000000029e-02,9.362399999999999889e-02,2.447330000000000061e-01,1.174950000000000022e-01,0.000000000000000000e+00
2.464999999999839542e+00,4.754059991682879627e-01,1.278800000000000076e-02,9.352100000000000690e-02,2.446180000000000021e-01,1.174619999999999970e-01,0.000000000000000000e+00
2.465999999999839432e+00,5.228969966992735863e-01,1.268400000000000083e-02,1.444789999999999963e-01,2.408770000000000078e-01,1.176999999999999991e-01,0.000000000000000000e+00
2.466999999999839321e+00,4.719049975392408669e-01,1.280899999999999921e-02,9.389200000000000323e-02,2.406669999999999920e-01,1.175260000000000055e-01,0.000000000000000000e+00
2.467999999999839211e+00,4.713239977718330920e-01,1.279199999999999955e-02,9.389100000000000223e-02,2.403139999999999998e-01,1.172310000000000019e-01,0.000000000000000000e+00
2.468999999999839101e+00,4.714640017482452095e-01,1.281700000000000027e-02,9.334199999999999442e-02,2.402960000000000096e-01,1.178850000000000037e-01,0.000000000000000000e+00
2.469999999999838991e+00,4.756640046252869070e-01,1.272000000000000040e-02,9.336400000000000254e-02,2.402140000000000108e-01,1.220399999999999957e-01,0.000000000000000000e+00
2.470999999999838881e+00,5.040800024289637804e-01,1.273900000000000032e-02,9.313899999999999957e-02,2.596809999999999952e-01,1.313580000000000025e-01,0.000000000000000000e+00
2.471999999999838771e+00,4.769589941133745015e-01,1.269499999999999969e-02,9.360300000000000564e-02,2.461929999999999952e-01,1.174790000000000001e-01,0.000000000000000000e+00
2.472999999999838661e+00,4.755300033139064908e-01,1.273799999999999932e-02,9.729699999999999460e-02,2.406830000000000080e-01,1.179049999999999959e-01,0.000000000000000000e+00
2.473999999999838550e+00,4.716660041594877839e-01,1.271500000000000061e-02,9.366199999999999526e-02,2.405140000000000056e-01,1.176630000000000037e-01,0.000000000000000000e+00
2.474999999999838440e+00,4.714220049208961427e-01,1.284399999999999951e-02,9.361700000000000577e-02,2.407539999999999958e-01,1.173379999999999979e-01,0.000000000000000000e+00
2.475999999999838330e+00,4.713419984909705818e-01,1.282999999999999939e-02,9.353999999999999815e-02,2.405259999999999898e-01,1.174550000000000038e-01,0.000000000000000000e+00
2.476999999999838220e+00,4.712669979198835790e-01,1.286499999999999970e-02,9.391599999999999948e-02,2.403839999999999866e-01,1.172050000000000036e-01,0.000000000000000000e+00
2.477999999999838110e+00,6.559780013049021363e-01,1.326399999999999975e-02,1.097019999999999940e-01,3.196919999999999762e-01,1.916360000000000008e-01,0.000000000000000000e+00
2.478999999999838000e+00,4.753789980895817280e-01,1.331700000000000071e-02,9.504999999999999560e-02,2.419270000000000032e-01,1.177239999999999953e-01,0.000000000000000000e+00
2.479999999999837890e+00,4.722319936263374984e-01,1.280799999999999994e-02,9.340900000000000591e-02,2.410760000000000125e-01,1.177070000000000061e-01,0.000000000000000000e+00
2.480999999999837780e+00,5.283339996822178364e-01,1.277799999999999943e-02,9.355700000000000127e-02,2.405680000000000041e-01,1.738210000000000033e-01,0.000000000000000000e+00
2.481999999999837669e+00,5.251890033832751215e-01,1.285299999999999984e-02,9.350100000000000078e-02,2.940400000000000236e-01,1.175380000000000036e-01,0.000000000000000000e+00
2.482999999999837559e+00,5.335099995136260986e-01,1.277200000000000037e-02,1.547090000000000132e-01,2.408140000000000003e-01,1.176520000000000066e-01,0.000000000000000000e+00
2.483999999999837449e+00,4.720590004581026733e-01,1.275500000000000071e-02,9.378499999999999337e-02,2.405269999999999908e-01,1.177519999999999956e-01,0.000000000000000000e+00
2.484999999999837339e+00,4.718670024885796010e-01,1.288000000000000082e-02,9.364899999999999614e-02,2.407940000000000080e-01,1.174449999999999938e-01,0.000000000000000000e+00
2.485999999999837229e+00,4.714959941338747740e-01,1.270100000000000048e-02,9.363900000000000001e-02,2.406089999999999895e-01,1.174790000000000001e-01,0.000000000000000000e+00
2.486999999999837119e+00,5.201929961913265288e-01,1.277400000000000063e-02,1.214329999999999993e-01,2.405509999999999871e-01,1.379239999999999911e-01,0.000000000000000000e+00
2.487999999999837009e+00,5.206839996390044689e-01,1.273900000000000032e-02,9.405600000000000072e-02,2.887790000000000079e-01,1.178329999999999933e-01,0.000000000000000000e+00
2.488999999999836898e+00,5.200389932724647224e-01,1.280799999999999994e-02,1.163079999999999947e-01,2.663530000000000064e-01,1.174000000000000044e-01,0.000000000000000000e+00
2.489999999999836788e+00,5.581590012297965586e-01,1.269600000000000069e-02,9.369299999999999851e-02,2.851239999999999886e-01,1.597649999999999904e-01,0.000000000000000000e+00
2.490999999999836678e+00,5.798269994556903839e-01,1.284300000000000025e-02,9.347700000000000453e-02,3.018259999999999832e-01,1.632679999999999965e-01,0.000000000000000000e+00
2.491999999999836568e+00,5.275790026644244790e-01,1.316200000000000009e-02,9.658300000000000218e-02,2.911889999999999756e-01,1.186159999999999992e-01,0.000000000000000000e+00
2.492999999999836458e+00,5.433539990917779505e-01,1.282200000000000006e-02,1.637109999999999954e-01,2.409499999999999975e-01,1.179319999999999952e-01,0.000000000000000000e+00
2.493999999999836348e+00,4.727190025732852519e-01,1.278800000000000076e-02,9.392599999999999560e-02,2.406889999999999863e-01,1.180960000000000065e-01,0.000000000000000000e+00
2.494999999999836238e+00,4.730060027213767171e-01,1.283600000000000019e-02,9.389400000000000523e-02,2.407390000000000085e-01,1.181999999999999995e-01,0.000000000000000000e+00
2.495999999999836128e+00,4.925090033793821931e-01,1.283699999999999945e-02,9.351700000000000290e-02,2.402499999999999913e-01,1.383220000000000005e-01,0.000000000000000000e+00
2.496999999999836017e+00,5.141590008861385286e-01,1.370099999999999964e-02,9.980100000000000082e-02,2.672379999999999756e-01,1.255999999999999894e-01,0.000000000000000000e+00
2.497999999999835907e+00,5.131409998284652829e-01,1.383400000000000081e-02,1.080070000000000058e-01,2.574170000000000069e-01,1.260060000000000069e-01,0.000000000000000000e+00
2.498999999999835797e+00,5.486660011229105294e-01,1.433300000000000025e-02,1.224969999999999948e-01,2.723090000000000233e-01,1.304490000000000094e-01,0.000000000000000000e+00
2.499999999999835687e+00,5.193999968469142914e-01,1.405700000000000005e-02,1.024609999999999965e-01,2.599339999999999984e-01,1.346279999999999977e-01,0.000000000000000000e+00
2.500999999999835577e+00,5.167790004634298384e-01,1.379999999999999977e-02,1.002659999999999940e-01,2.685879999999999934e-01,1.262189999999999979e-01,0.000000000000000000e+00
2.501999999999835467e+00,5.184920009924098849e-01,1.376299999999999919e-02,1.131510000000000016e-01,2.575500000000000012e-01,1.259490000000000054e-01,0.000000000000000000e+00
2.502999999999835357e+00,5.053380009485408664e-01,1.376100000000000066e-02,1.003730000000000039e-01,2.575629999999999864e-01,1.260539999999999994e-01,0.000000000000000000e+00
2.503999999999835246e+00,5.052479973528534174e-01,1.375299999999999960e-02,1.004889999999999950e-01,2.578210000000000224e-01,1.255100000000000104e-01,0.000000000000000000e+00
2.504999999999835136e+00,5.187350034248083830e-01,1.377399999999999979e-02,1.004980000000000040e-01,2.576860000000000261e-01,1.384730000000000127e-01,0.000000000000000000e+00
2.505999999999835026e+00,5.102700015413574874e-01,1.368100000000000045e-02,1.001250000000000057e-01,2.630640000000000200e-01,1.256120000000000014e-01,0.000000000000000000e+00
2.506999999999834916e+00,5.053749991930089891e-01,1.373699999999999921e-02,9.999500000000000055e-02,2.576180000000000136e-01,1.263539999999999941e-01,0.000000000000000000e+00
2.507999999999834806e+00,5.063249991508200765e-01,1.392700000000000014e-02,1.006250000000000061e-01,2.571869999999999989e-01,1.265940000000000121e-01,0.000000000000000000e+00
2.508999999999834696e+00,5.105950040160678327e-01,1.384900000000000020e-02,1.001879999999999993e-01,2.577940000000000231e-01,1.310379999999999878e-01,0.000000000000000000e+00
2.509999999999834586e+00,5.161980006960220635e-01,1.377600000000000005e-02,1.005189999999999972e-01,2.678949999999999942e-01,1.262129999999999919e-01,0.000000000000000000e+00
2.510999999999834476e+00,5.194980039959773421e-01,1.390199999999999943e-02,1.138429999999999997e-01,2.573340000000000072e-01,1.263640000000000041e-01,0.000000000000000000e+00
2.511999999999834365e+00,5.056189984316006303e-01,1.384499999999999967e-02,1.007849999999999996e-01,2.572690000000000254e-01,1.259709999999999996e-01,0.000000000000000000e+00
2.512999999999834255e+00,5.056930021964944899e-01,1.386100000000000006e-02,1.000280000000000058e-01,2.577099999999999946e-01,1.264699999999999991e-01,0.000000000000000000e+00
2.513999999999834145e+00,5.088170000817626715e-01,1.397900000000000011e-02,1.004160000000000053e-01,2.571289999999999965e-01,1.296839999999999937e-01,0.000000000000000000e+00
2.514999999999834035e+00,5.086790042696520686e-01,1.375499999999999987e-02,1.001260000000000067e-01,2.614830000000000210e-01,1.256369999999999987e-01,0.000000000000000000e+00
2.515999999999833925e+00,5.044400022597983479e-01,1.370399999999999917e-02,1.004290000000000044e-01,2.572070000000000189e-01,1.256240000000000134e-01,0.000000000000000000e+00
2.516999999999833815e+00,5.042030024924315512e-01,1.378099999999999985e-02,9.997699999999999643e-02,2.570399999999999907e-01,1.257290000000000074e-01,0.000000000000000000e+00
2.517999999999833705e+00,5.044890058343298733e-01,1.376600000000000046e-02,1.003600000000000048e-01,2.574489999999999834e-01,1.254570000000000130e-01,0.000000000000000000e+00
2.518999999999833594e+00,5.193930046516470611e-01,1.369800000000000011e-02,1.002279999999999976e-01,2.710509999999999864e-01,1.265100000000000113e-01,0.000000000000000000e+00
2.519999999999833484e+00,5.090140039101243019e-01,1.366900000000000059e-02,1.046559999999999990e-01,2.576840000000000241e-01,1.253299999999999970e-01,0.000000000000000000e+00
2.520999999999833374e+00,5.041580006945878267e-01,1.372899999999999988e-02,1.000950000000000034e-01,2.570350000000000135e-01,1.258890000000000009e-01,0.000000000000000000e+00
2.521999999999833264e+00,5.035569993196986616e-01,1.375099999999999933e-02,9.968100000000000571e-02,2.572590000000000154e-01,1.254230000000000067e-01,0.000000000000000000e+00
2.522999999999833154e+00,5.083149953861720860e-01,1.372499999999999935e-02,1.002370000000000066e-01,2.570589999999999820e-01,1.296950000000000047e-01,0.000000000000000000e+00
2.523999999999833044e+00,5.103290022816509008e-01,1.367499999999999966e-02,1.001950000000000063e-01,2.628800000000000026e-01,1.258859999999999979e-01,0.000000000000000000e+00
2.524999999999832934e+00,5.095689994050189853e-01,1.374300000000000001e-02,1.045340000000000019e-01,2.576769999999999894e-01,1.260270000000000001e-01,0.000000000000000000e+00
2.525999999999832824e+00,5.037090013502165675e-01,1.367699999999999992e-02,1.002429999999999988e-01,2.571280000000000232e-01,1.253090000000000037e-01,0.000000000000000000e+00
2.526999999999832713e+00,5.043050041422247887e-01,1.386500000000000059e-02,1.001890000000000003e-01,2.571700000000000097e-01,1.255429999999999879e-01,0.000000000000000000e+00
2.527999999999832603e+00,5.082049974589608610e-01,1.365500000000000047e-02,9.995600000000000318e-02,2.572789999999999799e-01,1.297999999999999987e-01,0.000000000000000000e+00
2.528999999999832493e+00,5.111900027259252965e-01,1.379999999999999977e-02,9.981199999999999795e-02,2.644400000000000084e-01,1.256359999999999977e-01,0.000000000000000000e+00
2.529999999999832383e+00,5.083810028736479580e-01,1.764500000000000096e-02,1.001380000000000048e-01,2.573250000000000259e-01,1.256990000000000052e-01,0.000000000000000000e+00
2.530999999999832273e+00,5.068399987067095935e-01,1.387500000000000018e-02,1.006480000000000014e-01,2.588940000000000130e-01,1.259170000000000011e-01,0.000000000000000000e+00
2.531999999999832163e+00,5.048780003562569618e-01,1.383000000000000028e-02,1.004970000000000030e-01,2.573829999999999729e-01,1.257419999999999927e-01,0.000000000000000000e+00
2.532999999999832053e+00,5.079140028101392090e-01,1.371600000000000076e-02,1.000830000000000053e-01,2.609460000000000113e-01,1.258299999999999974e-01,0.000000000000000000e+00
2.533999999999831942e+00,5.096969980513677001e-01,1.367200000000000013e-02,1.004229999999999984e-01,2.618369999999999864e-01,1.262179999999999969e-01,0.000000000000000000e+00
2.534999999999831832e+00,5.042810007580555975e-01,1.380699999999999983e-02,9.983999999999999819e-02,2.569230000000000125e-01,1.262929999999999886e-01,0.000000000000000000e+00
2.535999999999831722e+00,5.044880017521791160e-01,1.363600000000000055e-02,1.001060000000000005e-01,2.574969999999999759e-01,1.259579999999999866e-01,0.000000000000000000e+00
2.536999999999831612e+00,5.045910002081654966e-01,1.377699999999999932e-02,1.000800000000000023e-01,2.574400000000000022e-01,1.260560000000000014e-01,0.000000000000000000e+00
2.537999999999831502e+00,5.084820004412904382e-01,1.371600000000000076e-02,1.003109999999999974e-01,2.612749999999999795e-01,1.256680000000000019e-01,0.000000000000000000e+00
2.538999999999831392e+00,5.099679983686655760e-01,1.384200000000000014e-02,1.045309999999999989e-01,2.576829999999999954e-01,1.264200000000000046e-01,0.000000000000000000e+00
2.539999999999831282e+00,5.036849979660473764e-01,1.367400000000000039e-02,9.970900000000000596e-02,2.572849999999999859e-01,1.255139999999999867e-01,0.000000000000000000e+00
2.540999999999831171e+00,5.040300020482391119e-01,1.370900000000000070e-02,9.993699999999999806e-02,2.570560000000000067e-01,1.256849999999999912e-01,0.000000000000000000e+00
2.541999999999831061e+00,5.083979995106346905e-01,1.363999999999999935e-02,1.004319999999999935e-01,2.576039999999999996e-01,1.290989999999999915e-01,0.000000000000000000e+00
2.542999999999830951e+00,5.084389995317906141e-01,1.379599999999999924e-02,1.000199999999999978e-01,2.613269999999999760e-01,1.256839999999999902e-01,0.000000000000000000e+00
2.543999999999830841e+00,5.083160067442804575e-01,1.361500000000000037e-02,1.039039999999999964e-01,2.574759999999999827e-01,1.257459999999999967e-01,0.000000000000000000e+00
2.544999999999830731e+00,5.051530024502426386e-01,1.377399999999999979e-02,1.000169999999999948e-01,2.572090000000000209e-01,1.262560000000000071e-01,0.000000000000000000e+00
2.545999999999830621e+00,5.033830020693130791e-01,1.383299999999999981e-02,9.983899999999999719e-02,2.570740000000000247e-01,1.251700000000000035e-01,0.000000000000000000e+00
2.546999999999830511e+00,5.115099993417970836e-01,1.390100000000000016e-02,1.006080000000000030e-01,2.572320000000000162e-01,1.317599999999999882e-01,0.000000000000000000e+00
2.547999999999830401e+00,5.111229984322562814e-01,1.376100000000000066e-02,1.003099999999999964e-01,2.633739999999999970e-01,1.260229999999999961e-01,0.000000000000000000e+00
2.548999999999830290e+00,5.094299995107576251e-01,1.375099999999999933e-02,1.046020000000000005e-01,2.572229999999999794e-01,1.262149999999999939e-01,0.000000000000000000e+00
2.549999999999830180e+00,5.053700006101280451e-01,1.360699999999999930e-02,1.007849999999999996e-01,2.573030000000000039e-01,1.259659999999999946e-01,0.000000000000000000e+00
2.550999999999830070e+00,5.054790017311461270e-01,1.369599999999999984e-02,9.998500000000000443e-02,2.579580000000000206e-01,1.262139999999999929e-01,0.000000000000000000e+00
2.551999999999829960e+00,5.107890028739348054e-01,1.366799999999999959e-02,1.004420000000000035e-01,2.625040000000000151e-01,1.259560000000000124e-01,0.000000000000000000e+00
2.552999999999829850e+00,5.256430013105273247e-01,1.420399999999999961e-02,1.022419999999999995e-01,2.722069999999999768e-01,1.284750000000000059e-01,0.000000000000000000e+00
2.553999999999829740e+00,5.113119987072423100e-01,1.431400000000000033e-02,1.024439999999999934e-01,2.592300000000000160e-01,1.270890000000000075e-01,0.000000000000000000e+00
2.554999999999829630e+00,5.071699997643008828e-01,1.386300000000000032e-02,1.005800000000000027e-01,2.580029999999999824e-01,1.270439999999999903e-01,0.000000000000000000e+00
2.555999999999829519e+00,5.180410007596947253e-01,1.386300000000000032e-02,1.004280000000000034e-01,2.577269999999999839e-01,1.377819999999999878e-01,0.000000000000000000e+00
2.556999999999829409e+00,5.102379946038126945e-01,1.384299999999999940e-02,1.005189999999999972e-01,2.622519999999999851e-01,1.258680000000000077e-01,0.000000000000000000e+00
2.557999999999829299e+00,5.048790044384077191e-01,1.377399999999999979e-02,1.002780000000000060e-01,2.574589999999999934e-01,1.258930000000000049e-01,0.000000000000000000e+00
2.558999999999829189e+00,5.035379945184104145e-01,1.370799999999999970e-02,1.000540000000000040e-01,2.571089999999999764e-01,1.253029999999999977e-01,0.000000000000000000e+00
2.559999999999829079e+00,5.042699995101429522e-01,1.375999999999999966e-02,1.002060000000000034e-01,2.573460000000000192e-01,1.255620000000000069e-01,0.000000000000000000e+00
2.560999999999828969e+00,5.120560017530806363e-01,1.363699999999999982e-02,1.002340000000000036e-01,2.646020000000000039e-01,1.257590000000000097e-01,0.000000000000000000e+00
2.561999999999828859e+00,5.074050059192813933e-01,1.372199999999999982e-02,1.038720000000000060e-01,2.570029999999999815e-01,1.252409999999999912e-01,0.000000000000000000e+00
2.562999999999828749e+00,5.054100038250908256e-01,1.374599999999999954e-02,1.003590000000000038e-01,2.575580000000000092e-01,1.260900000000000076e-01,0.000000000000000000e+00
2.563999999999828638e+00,5.518449979717843235e-01,1.537799999999999931e-02,1.071850000000000025e-01,2.786029999999999895e-01,1.398520000000000041e-01,0.000000000000000000e+00
2.564999999999828528e+00,5.239570018602535129e-01,1.461199999999999999e-02,1.030930000000000041e-01,2.697910000000000030e-01,1.272749999999999992e-01,0.000000000000000000e+00
2.565999999999828418e+00,5.053499990026466548e-01,1.382399999999999948e-02,1.003909999999999941e-01,2.580189999999999984e-01,1.252900000000000125e-01,0.000000000000000000e+00
2.566999999999828308e+00,5.040910036768764257e-01,1.363499999999999955e-02,9.987500000000000544e-02,2.576269999999999949e-01,1.255439999999999889e-01,0.000000000000000000e+00
2.567999999999828198e+00,5.039570023654960096e-01,1.371900000000000029e-02,1.000209999999999988e-01,2.571320000000000272e-01,1.255050000000000054e-01,0.000000000000000000e+00
2.568999999999828088e+00,5.108360055601224303e-01,1.380699999999999983e-02,1.000780000000000003e-01,2.629560000000000231e-01,1.263050000000000006e-01,0.000000000000000000e+00
2.569999999999827978e+00,5.096680033602751791e-01,1.380800000000000083e-02,1.004049999999999943e-01,2.615049999999999875e-01,1.261750000000000094e-01,0.000000000000000000e+00
2.570999999999827867e+00,5.048500024713575840e-01,1.374900000000000080e-02,1.003499999999999948e-01,2.573869999999999769e-01,1.257810000000000039e-01,0.000000000000000000e+00
2.571999999999827757e+00,5.052420019637793303e-01,1.376800000000000072e-02,1.006360000000000032e-01,2.571309999999999985e-01,1.258960000000000079e-01,0.000000000000000000e+00
2.572999999999827647e+00,5.124950039316900074e-01,1.390500000000000069e-02,1.008450000000000041e-01,2.578670000000000129e-01,1.311569999999999958e-01,0.000000000000000000e+00
2.573999999999827537e+00,5.092720020911656320e-01,1.382500000000000048e-02,1.005199999999999982e-01,2.614009999999999945e-01,1.258309999999999984e-01,0.000000000000000000e+00
2.574999999999827427e+00,5.091580023872666061e-01,1.381499999999999916e-02,1.042050000000000060e-01,2.570959999999999912e-01,1.263160000000000116e-01,0.000000000000000000e+00
2.575999999999827317e+00,5.048349994467571378e-01,1.382899999999999928e-02,1.006650000000000045e-01,2.571350000000000025e-01,1.258630000000000027e-01,0.000000000000000000e+00
2.576999999999827207e+00,5.046000005677342415e-01,1.379400000000000071e-02,1.003929999999999961e-01,2.570209999999999995e-01,1.257969999999999922e-01,0.000000000000000000e+00
2.577999999999827097e+00,5.082830030005425215e-01,1.372400000000000009e-02,9.998799999999999355e-02,2.572729999999999739e-01,1.296360000000000012e-01,0.000000000000000000e+00
2.578999999999826986e+00,4.859530017711222172e-01,1.314500000000000043e-02,9.579400000000000415e-02,2.494439999999999991e-01,1.203400000000000025e-01,0.000000000000000000e+00
2.579999999999826876e+00,4.855359948123805225e-01,1.307999999999999961e-02,9.960800000000000209e-02,2.457509999999999972e-01,1.198619999999999963e-01,0.000000000000000000e+00
2.580999999999826766e+00,4.821600014111027122e-01,1.316799999999999915e-02,9.589399999999999313e-02,2.456180000000000030e-01,1.203440000000000065e-01,0.000000000000000000e+00
2.581999999999826656e+00,4.820109970751218498e-01,1.302099999999999959e-02,9.586000000000000076e-02,2.459469999999999990e-01,1.200330000000000008e-01,0.000000000000000000e+00
2.582999999999826546e+00,4.816109940293245018e-01,1.319000000000000034e-02,9.568699999999999428e-02,2.457219999999999960e-01,1.197980000000000017e-01,0.000000000000000000e+00
2.583999999999826436e+00,4.863219946855679154e-01,1.316600000000000062e-02,9.593100000000000238e-02,2.457660000000000122e-01,1.242299999999999932e-01,0.000000000000000000e+00
2.584999999999826326e+00,6.409720008377917111e-01,1.373100000000000015e-02,1.607260000000000078e-01,3.360449999999999826e-01,1.224709999999999965e-01,0.000000000000000000e+00
2.585999999999826215e+00,5.481760017573833466e-01,1.326399999999999975e-02,9.699699999999999989e-02,3.045829999999999926e-01,1.245649999999999952e-01,0.000000000000000000e+00
2.586999999999826105e+00,5.529839982045814395e-01,1.534899999999999980e-02,1.022549999999999987e-01,2.998140000000000249e-01,1.254280000000000117e-01,0.000000000000000000e+00
2.587999999999825995e+00,5.320740019669756293e-01,1.345599999999999921e-02,1.431850000000000067e-01,2.466460000000000041e-01,1.209820000000000062e-01,0.000000000000000000e+00
2.588999999999825885e+00,5.111549980938434601e-01,1.313500000000000084e-02,9.558600000000000430e-02,2.749480000000000257e-01,1.201679999999999970e-01,0.000000000000000000e+00
2.589999999999825775e+00,4.820950052817352116e-01,1.322100000000000011e-02,9.610200000000000686e-02,2.456669999999999965e-01,1.199859999999999954e-01,0.000000000000000000e+00
2.590999999999825665e+00,4.931169969495385885e-01,1.318300000000000027e-02,9.575200000000000378e-02,2.457010000000000027e-01,1.308630000000000071e-01,0.000000000000000000e+00
2.591999999999825555e+00,4.864919974352233112e-01,1.320200000000000019e-02,9.598399999999999987e-02,2.498680000000000068e-01,1.201249999999999957e-01,0.000000000000000000e+00
2.592999999999825445e+00,4.906399990431964397e-01,1.323000000000000044e-02,9.600000000000000200e-02,2.538889999999999758e-01,1.201829999999999982e-01,0.000000000000000000e+00
2.593999999999825334e+00,4.831140031456016004e-01,1.318000000000000074e-02,9.571799999999999753e-02,2.463970000000000049e-01,1.204230000000000023e-01,0.000000000000000000e+00
2.594999999999825224e+00,4.820559988729655743e-01,1.314500000000000043e-02,9.595199999999999563e-02,2.454880000000000118e-01,1.204250000000000043e-01,0.000000000000000000e+00
2.595999999999825114e+00,4.815429929294623435e-01,1.333400000000000037e-02,9.552599999999999980e-02,2.456800000000000095e-01,1.201180000000000025e-01,0.000000000000000000e+00
2.596999999999825004e+00,4.816840009880252182e-01,1.319799999999999966e-02,9.586100000000000176e-02,2.455890000000000017e-01,1.200080000000000036e-01,0.000000000000000000e+00
2.597999999999824894e+00,4.955960030201822519e-01,1.324200000000000030e-02,9.597400000000000375e-02,2.459989999999999954e-01,1.328259999999999996e-01,0.000000000000000000e+00
2.598999999999824784e+00,4.874789956375025213e-01,1.317399999999999995e-02,9.604699999999999349e-02,2.499750000000000028e-01,1.209370000000000028e-01,0.000000000000000000e+00
2.599999999999824674e+00,4.864810034632682800e-01,1.315900000000000056e-02,1.002910000000000051e-01,2.458480000000000110e-01,1.201139999999999985e-01,0.000000000000000000e+00
2.600999999999824563e+00,4.813880004803650081e-01,1.312199999999999998e-02,9.502199999999999536e-02,2.458299999999999930e-01,1.203440000000000065e-01,0.000000000000000000e+00
2.601999999999824453e+00,4.820380054297856987e-01,1.309100000000000021e-02,9.586699999999999389e-02,2.459139999999999937e-01,1.199110000000000037e-01,0.000000000000000000e+00
2.602999999999824343e+00,4.824880015803501010e-01,1.304600000000000030e-02,9.590700000000000613e-02,2.459790000000000032e-01,1.204759999999999998e-01,0.000000000000000000e+00
2.603999999999824233e+00,4.859160035266540945e-01,1.305399999999999963e-02,9.547300000000000231e-02,2.457590000000000052e-01,1.244009999999999977e-01,0.000000000000000000e+00
2.604999999999824123e+00,4.864189977524802089e-01,1.318599999999999980e-02,9.580500000000000127e-02,2.498519999999999908e-01,1.203059999999999963e-01,0.000000000000000000e+00
2.605999999999824013e+00,4.857489984715357423e-01,1.329699999999999979e-02,9.560599999999999654e-02,2.496009999999999895e-01,1.199770000000000003e-01,0.000000000000000000e+00
2.606999999999823903e+00,4.815859938389621675e-01,1.306099999999999969e-02,9.563399999999999679e-02,2.457459999999999922e-01,1.199820000000000053e-01,0.000000000000000000e+00
2.607999999999823793e+00,4.818939996766857803e-01,1.320999999999999952e-02,9.583999999999999464e-02,2.457320000000000060e-01,1.199459999999999971e-01,0.000000000000000000e+00
2.608999999999823682e+00,4.822389964829199016e-01,1.319000000000000034e-02,9.571100000000000441e-02,2.460400000000000087e-01,1.201730000000000020e-01,0.000000000000000000e+00
2.609999999999823572e+00,4.819169989787042141e-01,1.320400000000000046e-02,9.607300000000000562e-02,2.455370000000000053e-01,1.199550000000000061e-01,0.000000000000000000e+00
2.610999999999823462e+00,4.862860005232505500e-01,1.322800000000000017e-02,9.596599999999999575e-02,2.494089999999999918e-01,1.204260000000000053e-01,0.000000000000000000e+00
2.611999999999823352e+00,4.858399988734163344e-01,1.311499999999999992e-02,9.573399999999999965e-02,2.497699999999999920e-01,1.198960000000000026e-01,0.000000000000000000e+00
2.612999999999823242e+00,4.867390016443096101e-01,1.317300000000000068e-02,9.989399999999999669e-02,2.461019999999999874e-01,1.203309999999999935e-01,0.000000000000000000e+00
2.613999999999823132e+00,4.824860006920062006e-01,1.306700000000000049e-02,9.593599999999999350e-02,2.456699999999999995e-01,1.206089999999999940e-01,0.000000000000000000e+00
2.614999999999823022e+00,6.300300010479986668e-01,1.315999999999999982e-02,9.578899999999999915e-02,3.056479999999999753e-01,2.079060000000000075e-01,0.000000000000000000e+00
2.615999999999822911e+00,6.283909970079548657e-01,1.367699999999999992e-02,9.932100000000000650e-02,3.841149999999999842e-01,1.228899999999999992e-01,0.000000000000000000e+00
2.616999999999822801e+00,4.851550038438290358e-01,1.353200000000000063e-02,9.603899999999999937e-02,2.467100000000000126e-01,1.211460000000000037e-01,0.000000000000000000e+00
2.617999999999822691e+00,4.828070013900287449e-01,1.319599999999999940e-02,9.601999999999999424e-02,2.459469999999999990e-01,1.203680000000000028e-01,0.000000000000000000e+00
2.618999999999822581e+00,4.820280009880661964e-01,1.312299999999999925e-02,9.561600000000000654e-02,2.460420000000000107e-01,1.201119999999999965e-01,0.000000000000000000e+00
2.619999999999822471e+00,4.858920001424849033e-01,1.320600000000000072e-02,9.576900000000000690e-02,2.495560000000000000e-01,1.197870000000000046e-01,0.000000000000000000e+00
2.620999999999822361e+00,4.860789995291270316e-01,1.305199999999999937e-02,9.539799999999999669e-02,2.499949999999999950e-01,1.202799999999999980e-01,0.000000000000000000e+00
2.621999999999822251e+00,4.866109957220032811e-01,1.315200000000000050e-02,9.996099999999999430e-02,2.459709999999999952e-01,1.203739999999999949e-01,0.000000000000000000e+00
2.622999999999822140e+00,4.822970004170201719e-01,1.313300000000000058e-02,9.605199999999999849e-02,2.458170000000000077e-01,1.201890000000000042e-01,0.000000000000000000e+00
2.623999999999822030e+00,4.820850008400157094e-01,1.314000000000000064e-02,9.566199999999999704e-02,2.458170000000000077e-01,1.204390000000000044e-01,0.000000000000000000e+00
2.624999999999821920e+00,4.822609989787451923e-01,1.322100000000000011e-02,9.579100000000000115e-02,2.460660000000000069e-01,1.202150000000000024e-01,0.000000000000000000e+00
2.625999999999821810e+00,4.856980012846179307e-01,1.314500000000000043e-02,9.562900000000000567e-02,2.457439999999999902e-01,1.238800000000000040e-01,0.000000000000000000e+00
2.626999999999821700e+00,4.870030024903826416e-01,1.313500000000000084e-02,9.608800000000000674e-02,2.498920000000000030e-01,1.205350000000000033e-01,0.000000000000000000e+00
2.627999999999821590e+00,5.335360037861391902e-01,1.309600000000000000e-02,1.463160000000000016e-01,2.465169999999999861e-01,1.203260000000000024e-01,0.000000000000000000e+00
2.628999999999821480e+00,4.831230035051703453e-01,1.311499999999999992e-02,9.591500000000000026e-02,2.459040000000000115e-01,1.208729999999999943e-01,0.000000000000000000e+00
2.629999999999821370e+00,5.098900001030415297e-01,1.310099999999999980e-02,9.609399999999999886e-02,2.457429999999999892e-01,1.473849999999999882e-01,0.000000000000000000e+00
2.630999999999821259e+00,4.937009944114834070e-01,1.321400000000000005e-02,9.588099999999999401e-02,2.526370000000000005e-01,1.244190000000000018e-01,0.000000000000000000e+00
2.631999999999821149e+00,5.360510040191002190e-01,1.317699999999999948e-02,1.176839999999999969e-01,2.770369999999999777e-01,1.206099999999999950e-01,0.000000000000000000e+00
2.632999999999821039e+00,4.864199945586733520e-01,1.317800000000000048e-02,9.999900000000000455e-02,2.457000000000000017e-01,1.202190000000000064e-01,0.000000000000000000e+00
2.633999999999820929e+00,4.820430040126666427e-01,1.308600000000000041e-02,9.583800000000000652e-02,2.457940000000000125e-01,1.201929999999999943e-01,0.000000000000000000e+00
2.634999999999820819e+00,4.818489978788420558e-01,1.313500000000000084e-02,9.540500000000000369e-02,2.456949999999999967e-01,1.204660000000000036e-01,0.000000000000000000e+00
2.635999999999820709e+00,4.821519978577271104e-01,1.314000000000000064e-02,9.592900000000000038e-02,2.459689999999999932e-01,1.198420000000000041e-01,0.000000000000000000e+00
2.636999999999820599e+00,4.856909945374354720e-01,1.307200000000000029e-02,9.560200000000000642e-02,2.456909999999999927e-01,1.240990000000000010e-01,0.000000000000000000e+00
2.637999999999820488e+00,4.852929996559396386e-01,1.311599999999999919e-02,9.595099999999999463e-02,2.493839999999999946e-01,1.196709999999999996e-01,0.000000000000000000e+00
2.638999999999820378e+00,4.888399998890236020e-01,1.309199999999999947e-02,9.565500000000000391e-02,2.526920000000000277e-01,1.199770000000000003e-01,0.000000000000000000e+00
2.639999999999820268e+00,4.827110024052672088e-01,1.318199999999999927e-02,9.587400000000000089e-02,2.460670000000000079e-01,1.204630000000000006e-01,0.000000000000000000e+00
2.640999999999820158e+00,4.826680014957673848e-01,1.317600000000000021e-02,9.576300000000000090e-02,2.459999999999999964e-01,1.205330000000000013e-01,0.000000000000000000e+00
2.641999999999820048e+00,4.825959986192174256e-01,1.315200000000000050e-02,9.619600000000000373e-02,2.457360000000000100e-01,1.201730000000000020e-01,0.000000000000000000e+00
2.642999999999819938e+00,4.811999970115721226e-01,1.319099999999999960e-02,9.534700000000000120e-02,2.455009999999999970e-01,1.199709999999999943e-01,0.000000000000000000e+00
2.643999999999819828e+00,4.919760031043551862e-01,1.311999999999999972e-02,9.587199999999999889e-02,2.557039999999999869e-01,1.198560000000000042e-01,0.000000000000000000e+00
2.644999999999819718e+00,4.857730018557049334e-01,1.304199999999999977e-02,9.570499999999999841e-02,2.499389999999999945e-01,1.200210000000000027e-01,0.000000000000000000e+00
2.645999999999819607e+00,4.858620013692416251e-01,1.307200000000000029e-02,9.993399999999999506e-02,2.457610000000000072e-01,1.198840000000000044e-01,0.000000000000000000e+00
2.646999999999819497e+00,4.815209977095946670e-01,1.308199999999999988e-02,9.560599999999999654e-02,2.456939999999999957e-01,1.199869999999999964e-01,0.000000000000000000e+00
2.647999999999819387e+00,4.817529988940805197e-01,1.306599999999999949e-02,9.585100000000000564e-02,2.456490000000000062e-01,1.200269999999999948e-01,0.000000000000000000e+00
2.648999999999819277e+00,4.816930013475939631e-01,1.310799999999999986e-02,9.570399999999999741e-02,2.454900000000000138e-01,1.201389999999999958e-01,0.000000000000000000e+00
2.649999999999819167e+00,4.864059956162236631e-01,1.308100000000000061e-02,9.636599999999999333e-02,2.456740000000000035e-01,1.239890000000000020e-01,0.000000000000000000e+00
2.650999999999819057e+00,4.865689988946542144e-01,1.311200000000000039e-02,9.581499999999999739e-02,2.498529999999999918e-01,1.205129999999999951e-01,0.000000000000000000e+00
2.651999999999818947e+00,4.861150009674020112e-01,1.312100000000000072e-02,9.977999999999999370e-02,2.459270000000000067e-01,1.200729999999999992e-01,0.000000000000000000e+00
2.652999999999818836e+00,4.815580032300204039e-01,1.311599999999999919e-02,9.588299999999999601e-02,2.455420000000000103e-01,1.199289999999999939e-01,0.000000000000000000e+00
2.653999999999818726e+00,4.822819973924197257e-01,1.299299999999999934e-02,9.687199999999999978e-02,2.460160000000000124e-01,1.195220000000000032e-01,0.000000000000000000e+00
2.654999999999818616e+00,4.814570056623779237e-01,1.309300000000000047e-02,9.551700000000000468e-02,2.455459999999999865e-01,1.203270000000000034e-01,0.000000000000000000e+00
2.655999999999818506e+00,4.851610065088607371e-01,1.313199999999999958e-02,9.560599999999999654e-02,2.455900000000000027e-01,1.238790000000000030e-01,0.000000000000000000e+00
2.656999999999818396e+00,4.864990041824057698e-01,1.314000000000000064e-02,9.579699999999999327e-02,2.497780000000000000e-01,1.205539999999999945e-01,0.000000000000000000e+00
2.657999999999818286e+00,4.934789976687170565e-01,1.402100000000000048e-02,9.910900000000000265e-02,2.483599999999999974e-01,1.236830000000000013e-01,0.000000000000000000e+00
2.658999999999818176e+00,4.838659951929003000e-01,1.364499999999999914e-02,9.578499999999999515e-02,2.459040000000000115e-01,1.206740000000000035e-01,0.000000000000000000e+00
2.659999999999818066e+00,4.818209999939426780e-01,1.305699999999999916e-02,9.592499999999999638e-02,2.456329999999999902e-01,1.201229999999999937e-01,0.000000000000000000e+00
2.660999999999817955e+00,4.858390020672231913e-01,1.317699999999999948e-02,9.563499999999999779e-02,2.457529999999999992e-01,1.241749999999999937e-01,0.000000000000000000e+00
2.661999999999817845e+00,4.859710024902597070e-01,1.310700000000000059e-02,9.615600000000000536e-02,2.499109999999999943e-01,1.195449999999999985e-01,0.000000000000000000e+00
2.662999999999817735e+00,4.854990038438700140e-01,1.311999999999999972e-02,9.559099999999999542e-02,2.498460000000000125e-01,1.198909999999999976e-01,0.000000000000000000e+00
2.663999999999817625e+00,4.809230013052001595e-01,1.309100000000000021e-02,9.582000000000000239e-02,2.456480000000000052e-01,1.194120000000000043e-01,0.000000000000000000e+00
2.664999999999817515e+00,4.814769999939016998e-01,1.320400000000000046e-02,9.545199999999999518e-02,2.457989999999999897e-01,1.197170000000000040e-01,0.000000000000000000e+00
2.665999999999817405e+00,4.811199978576041758e-01,1.315700000000000029e-02,9.601899999999999324e-02,2.453369999999999995e-01,1.196679999999999966e-01,0.000000000000000000e+00
2.666999999999817295e+00,4.820350004592910409e-01,1.315400000000000076e-02,9.589799999999999713e-02,2.455160000000000120e-01,1.203359999999999985e-01,0.000000000000000000e+00
2.667999999999817184e+00,4.859419932472519577e-01,1.316600000000000062e-02,9.584399999999999864e-02,2.458120000000000027e-01,1.241140000000000021e-01,0.000000000000000000e+00
2.668999999999817074e+00,4.857690000790171325e-01,1.315799999999999956e-02,9.528200000000000558e-02,2.494949999999999946e-01,1.206170000000000020e-01,0.000000000000000000e+00
2.669999999999816964e+00,4.870250049862079322e-01,1.303299999999999945e-02,1.003909999999999941e-01,2.460559999999999969e-01,1.201139999999999985e-01,0.000000000000000000e+00
2.670999999999816854e+00,4.820540052605792880e-01,1.328499999999999993e-02,9.570800000000000141e-02,2.458780000000000132e-01,1.201720000000000010e-01,0.000000000000000000e+00
2.671999999999816744e+00,4.812309998669661582e-01,1.318899999999999934e-02,9.575200000000000378e-02,2.457340000000000080e-01,1.194220000000000004e-01,0.000000000000000000e+00
2.672999999999816634e+00,4.820210015168413520e-01,1.315599999999999929e-02,9.579899999999999527e-02,2.456129999999999980e-01,1.202330000000000065e-01,0.000000000000000000e+00
2.673999999999816524e+00,4.855329971178434789e-01,1.309600000000000000e-02,9.582899999999999752e-02,2.454570000000000085e-01,1.239309999999999995e-01,0.000000000000000000e+00
2.674999999999816414e+00,4.859760010731406510e-01,1.312400000000000025e-02,9.578599999999999615e-02,2.495340000000000058e-01,1.204329999999999984e-01,0.000000000000000000e+00
2.675999999999816303e+00,4.856629966525360942e-01,1.309699999999999927e-02,9.572999999999999565e-02,2.495999999999999885e-01,1.201870000000000022e-01,0.000000000000000000e+00
2.676999999999816193e+00,4.813159976038150489e-01,1.323099999999999971e-02,9.571300000000000641e-02,2.454540000000000055e-01,1.197359999999999952e-01,0.000000000000000000e+00
2.677999999999816083e+00,4.810830068890936673e-01,1.308899999999999994e-02,9.551800000000000568e-02,2.455640000000000045e-01,1.199009999999999937e-01,0.000000000000000000e+00
2.678999999999815973e+00,4.817399967578239739e-01,1.320200000000000019e-02,9.539599999999999469e-02,2.458470000000000100e-01,1.202199999999999935e-01,0.000000000000000000e+00
2.679999999999815863e+00,4.812519982806406915e-01,1.320600000000000072e-02,9.571799999999999753e-02,2.456289999999999862e-01,1.197479999999999933e-01,0.000000000000000000e+00
2.680999999999815753e+00,4.855840015807189047e-01,1.312199999999999998e-02,9.558200000000000029e-02,2.456490000000000062e-01,1.238900000000000001e-01,0.000000000000000000e+00
2.681999999999815643e+00,4.860280023422092199e-01,1.304400000000000004e-02,9.589999999999999913e-02,2.498049999999999993e-01,1.200539999999999941e-01,0.000000000000000000e+00
2.682999999999815532e+00,4.882499997620470822e-01,1.320799999999999925e-02,1.014940000000000009e-01,2.458480000000000110e-01,1.202679999999999999e-01,0.000000000000000000e+00
2.683999999999815422e+00,4.816220025531947613e-01,1.308800000000000067e-02,9.567900000000000016e-02,2.461099999999999954e-01,1.197389999999999982e-01,0.000000000000000000e+00
2.684999999999815312e+00,4.814530038856901228e-01,1.317499999999999921e-02,9.539899999999999769e-02,2.457390000000000130e-01,1.199459999999999971e-01,0.000000000000000000e+00
2.685999999999815202e+00,4.819759997189976275e-01,1.309600000000000000e-02,9.560499999999999554e-02,2.458400000000000030e-01,1.202170000000000044e-01,0.000000000000000000e+00
2.686999999999815092e+00,4.862750065512955189e-01,1.312999999999999931e-02,9.596599999999999575e-02,2.459109999999999907e-01,1.240089999999999942e-01,0.000000000000000000e+00
2.687999999999814982e+00,4.847509990213438869e-01,1.311700000000000019e-02,9.538499999999999757e-02,2.495229999999999948e-01,1.195080000000000031e-01,0.000000000000000000e+00
2.688999999999814872e+00,4.856969972024671733e-01,1.311099999999999939e-02,9.542699999999999794e-02,2.492949999999999888e-01,1.205740000000000006e-01,0.000000000000000000e+00
2.689999999999814762e+00,4.821049951715394855e-01,1.313399999999999984e-02,9.595299999999999663e-02,2.458559999999999912e-01,1.201070000000000054e-01,0.000000000000000000e+00
2.690999999999814651e+00,4.821059992536902428e-01,1.316299999999999935e-02,9.567299999999999416e-02,2.457699999999999885e-01,1.203369999999999995e-01,0.000000000000000000e+00
2.691999999999814541e+00,4.825650030397810042e-01,1.314300000000000017e-02,9.643699999999999495e-02,2.460110000000000074e-01,1.197369999999999962e-01,0.000000000000000000e+00
2.692999999999814431e+00,4.820009999093599617e-01,1.312199999999999998e-02,9.593500000000000638e-02,2.456480000000000052e-01,1.201819999999999972e-01,0.000000000000000000e+00
2.693999999999814321e+00,4.865299997618421912e-01,1.313600000000000011e-02,9.607899999999999774e-02,2.458190000000000097e-01,1.241069999999999951e-01,0.000000000000000000e+00
2.694999999999814211e+00,4.867009993176907301e-01,1.317699999999999948e-02,9.538800000000000057e-02,2.500870000000000037e-01,1.208459999999999951e-01,0.000000000000000000e+00
2.695999999999814101e+00,4.859900000155903399e-01,1.322300000000000038e-02,9.956199999999999772e-02,2.460130000000000094e-01,1.200250000000000067e-01,0.000000000000000000e+00
2.696999999999813991e+00,4.817160006496123970e-01,1.312299999999999925e-02,9.549699999999999855e-02,2.460279999999999967e-01,1.198739999999999944e-01,0.000000000000000000e+00
2.697999999999813880e+00,4.815219945157878101e-01,1.312100000000000072e-02,9.553899999999999892e-02,2.455670000000000075e-01,1.201409999999999978e-01,0.000000000000000000e+00
2.698999999999813770e+00,5.030410029576160014e-01,1.307999999999999961e-02,9.540700000000000569e-02,2.456419999999999992e-01,1.416840000000000044e-01,0.000000000000000000e+00
2.699999999999813660e+00,5.176720005692914128e-01,1.305199999999999937e-02,9.611000000000000099e-02,2.809260000000000090e-01,1.203700000000000048e-01,0.000000000000000000e+00
2.700999999999813550e+00,5.179430008865892887e-01,1.314099999999999990e-02,1.307740000000000014e-01,2.461139999999999994e-01,1.204350000000000004e-01,0.000000000000000000e+00
2.701999999999813440e+00,5.672439947375096381e-01,1.315299999999999976e-02,9.606599999999999862e-02,3.029410000000000158e-01,1.480750000000000122e-01,0.000000000000000000e+00
2.702999999999813330e+00,5.671519975294359028e-01,1.319900000000000066e-02,9.593000000000000138e-02,3.026710000000000234e-01,1.482249999999999956e-01,0.000000000000000000e+00
2.703999999999813220e+00,4.867819952778518200e-01,1.311000000000000013e-02,9.561999999999999666e-02,2.462280000000000024e-01,1.244780000000000053e-01,0.000000000000000000e+00
2.704999999999813109e+00,4.862519999733194709e-01,1.313699999999999937e-02,9.569099999999999828e-02,2.497520000000000018e-01,1.204019999999999951e-01,0.000000000000000000e+00
2.705999999999812999e+00,4.853130012634210289e-01,1.299799999999999914e-02,9.985299999999999732e-02,2.456109999999999960e-01,1.195739999999999997e-01,0.000000000000000000e+00
2.706999999999812889e+00,4.819220048375427723e-01,1.307299999999999955e-02,9.560200000000000642e-02,2.459179999999999977e-01,1.202399999999999997e-01,0.000000000000000000e+00
2.707999999999812779e+00,4.817000008188188076e-01,1.315799999999999956e-02,9.594600000000000350e-02,2.456699999999999995e-01,1.200390000000000068e-01,0.000000000000000000e+00
2.708999999999812669e+00,4.819440000574104488e-01,1.311799999999999945e-02,9.566199999999999704e-02,2.458440000000000070e-01,1.202529999999999988e-01,0.000000000000000000e+00
2.709999999999812559e+00,4.815899956156499684e-01,1.304499999999999930e-02,9.569099999999999828e-02,2.457149999999999890e-01,1.200490000000000029e-01,0.000000000000000000e+00
2.710999999999812449e+00,4.856129962718114257e-01,1.308499999999999941e-02,9.536200000000000232e-02,2.495719999999999883e-01,1.202769999999999950e-01,0.000000000000000000e+00
2.711999999999812339e+00,4.858800020883791149e-01,1.316400000000000035e-02,9.574699999999999878e-02,2.496829999999999883e-01,1.201200000000000045e-01,0.000000000000000000e+00
2.712999999999812228e+00,4.859929977101273835e-01,1.308600000000000041e-02,9.980600000000000582e-02,2.456319999999999892e-01,1.203800000000000009e-01,0.000000000000000000e+00
2.713999999999812118e+00,4.818710003746673465e-01,1.314500000000000043e-02,9.590300000000000213e-02,2.457779999999999965e-01,1.199439999999999951e-01,0.000000000000000000e+00
2.714999999999812008e+00,4.820039976038970053e-01,1.320099999999999919e-02,9.574100000000000665e-02,2.455519999999999925e-01,1.202649999999999969e-01,0.000000000000000000e+00
2.715999999999811898e+00,4.822189948754385114e-01,1.327799999999999987e-02,9.596599999999999575e-02,2.456869999999999887e-01,1.199979999999999936e-01,0.000000000000000000e+00
2.716999999999811788e+00,4.879400003119371831e-01,1.324999999999999963e-02,9.577800000000000202e-02,2.462840000000000029e-01,1.253249999999999920e-01,0.000000000000000000e+00
2.717999999999811678e+00,6.007629999658092856e-01,1.318800000000000007e-02,9.566299999999999804e-02,3.028009999999999868e-01,1.801109999999999933e-01,0.000000000000000000e+00
2.718999999999811568e+00,5.760979984188452363e-01,1.344200000000000082e-02,1.258019999999999972e-01,2.937770000000000103e-01,1.348499999999999976e-01,0.000000000000000000e+00
2.719999999999811457e+00,5.166420014575123787e-01,1.358999999999999965e-02,9.674000000000000654e-02,2.687269999999999937e-01,1.294690000000000007e-01,0.000000000000000000e+00
2.720999999999811347e+00,5.240210011834278703e-01,1.359199999999999992e-02,9.839900000000000035e-02,2.822799999999999754e-01,1.215890000000000026e-01,0.000000000000000000e+00
2.721999999999811237e+00,5.210439994698390365e-01,1.691300000000000095e-02,1.087039999999999951e-01,2.467270000000000019e-01,1.202219999999999955e-01,0.000000000000000000e+00
2.722999999999811127e+00,4.851139965467154980e-01,1.336999999999999994e-02,9.654000000000000081e-02,2.466740000000000044e-01,1.209749999999999992e-01,0.000000000000000000e+00
2.723999999999811017e+00,4.842880007345229387e-01,1.323599999999999950e-02,9.656299999999999606e-02,2.468569999999999931e-01,1.200660000000000061e-01,0.000000000000000000e+00
2.724999999999810907e+00,5.063200005679391325e-01,1.326500000000000075e-02,1.002949999999999953e-01,2.568380000000000107e-01,1.277760000000000007e-01,0.000000000000000000e+00
2.725999999999810797e+00,4.945599939674139023e-01,1.333299999999999937e-02,9.629500000000000559e-02,2.568489999999999940e-01,1.201900000000000052e-01,0.000000000000000000e+00
2.726999999999810687e+00,4.868260002695024014e-01,1.315999999999999982e-02,9.974600000000000133e-02,2.458809999999999885e-01,1.207450000000000051e-01,0.000000000000000000e+00
2.727999999999810576e+00,4.825389987672679126e-01,1.318399999999999954e-02,9.580600000000000227e-02,2.457769999999999955e-01,1.204339999999999994e-01,0.000000000000000000e+00
2.728999999999810466e+00,4.825420037377625704e-01,1.313500000000000084e-02,9.599299999999999500e-02,2.457809999999999995e-01,1.202610000000000068e-01,0.000000000000000000e+00
2.729999999999810356e+00,5.462759945658035576e-01,1.322100000000000011e-02,9.598600000000000187e-02,2.463190000000000102e-01,1.830900000000000027e-01,0.000000000000000000e+00
2.730999999999810246e+00,4.863249996560625732e-01,1.322599999999999991e-02,9.575400000000000578e-02,2.502099999999999880e-01,1.200100000000000056e-01,0.000000000000000000e+00
2.731999999999810136e+00,4.846839947276748717e-01,1.315200000000000050e-02,9.936000000000000387e-02,2.456230000000000080e-01,1.192860000000000031e-01,0.000000000000000000e+00
2.732999999999810026e+00,4.815669963136315346e-01,1.314000000000000064e-02,9.553200000000000580e-02,2.456790000000000085e-01,1.199719999999999953e-01,0.000000000000000000e+00
2.733999999999809916e+00,4.820569956791587174e-01,1.308999999999999921e-02,9.569800000000000528e-02,2.460209999999999897e-01,1.201020000000000004e-01,0.000000000000000000e+00
2.734999999999809805e+00,4.820279937121085823e-01,1.314700000000000070e-02,9.563900000000000179e-02,2.460100000000000064e-01,1.200640000000000041e-01,0.000000000000000000e+00
2.735999999999809695e+00,4.890689961030147970e-01,1.308899999999999994e-02,9.607799999999999674e-02,2.465610000000000024e-01,1.258950000000000069e-01,0.000000000000000000e+00
2.736999999999809585e+00,4.863489957642741501e-01,1.316499999999999962e-02,9.581000000000000627e-02,2.497979999999999923e-01,1.203270000000000034e-01,0.000000000000000000e+00
2.737999999999809475e+00,4.862040004809387028e-01,1.308800000000000067e-02,9.583700000000000552e-02,2.498789999999999900e-01,1.200500000000000039e-01,0.000000000000000000e+00
2.738999999999809365e+00,4.820009999093599617e-01,1.319500000000000013e-02,9.570199999999999541e-02,2.457300000000000040e-01,1.202580000000000038e-01,0.000000000000000000e+00
2.739999999999809255e+00,4.822650007554329932e-01,1.304300000000000077e-02,9.586799999999999489e-02,2.459490000000000010e-01,1.202779999999999960e-01,0.000000000000000000e+00
2.740999999999809145e+00,4.827510056202299893e-01,1.318100000000000001e-02,9.586699999999999389e-02,2.462119999999999864e-01,1.203960000000000030e-01,0.000000000000000000e+00
2.741999999999809035e+00,4.813260020455345511e-01,1.307000000000000002e-02,9.569099999999999828e-02,2.458420000000000050e-01,1.196060000000000040e-01,0.000000000000000000e+00
2.742999999999808924e+00,4.861749985138885677e-01,1.317300000000000068e-02,9.583300000000000152e-02,2.496400000000000008e-01,1.203960000000000030e-01,0.000000000000000000e+00
2.743999999999808814e+00,4.849600009038113058e-01,1.311799999999999945e-02,9.536300000000000332e-02,2.492250000000000021e-01,1.198960000000000026e-01,0.000000000000000000e+00
2.744999999999808704e+00,4.862419955315999687e-01,1.317600000000000021e-02,1.000349999999999989e-01,2.457499999999999962e-01,1.203290000000000054e-01,0.000000000000000000e+00
2.745999999999808594e+00,4.810829996131360531e-01,1.305199999999999937e-02,9.559099999999999542e-02,2.454649999999999888e-01,1.198970000000000036e-01,0.000000000000000000e+00
2.746999999999808484e+00,4.813299965462647378e-01,1.310200000000000080e-02,9.546899999999999831e-02,2.456240000000000090e-01,1.197710000000000025e-01,0.000000000000000000e+00
2.747999999999808374e+00,4.816299988306127489e-01,1.313800000000000037e-02,9.570299999999999641e-02,2.457239999999999980e-01,1.197799999999999976e-01,0.000000000000000000e+00
2.748999999999808264e+00,4.872930003330111504e-01,1.313699999999999937e-02,9.608999999999999486e-02,2.457249999999999990e-01,1.247380000000000017e-01,0.000000000000000000e+00
2.749999999999808153e+00,4.871260025538504124e-01,1.323200000000000071e-02,9.612500000000000211e-02,2.500990000000000157e-01,1.204609999999999986e-01,0.000000000000000000e+00
2.750999999999808043e+00,4.854919970966875553e-01,1.307900000000000035e-02,9.949600000000000111e-02,2.455960000000000087e-01,1.200549999999999951e-01,0.000000000000000000e+00
2.751999999999807933e+00,4.814229978364892304e-01,1.316699999999999988e-02,9.581699999999999939e-02,2.458780000000000132e-01,1.196160000000000001e-01,0.000000000000000000e+00
2.752999999999807823e+00,4.826029980904422700e-01,1.318800000000000007e-02,9.572100000000000053e-02,2.457840000000000025e-01,1.206080000000000069e-01,0.000000000000000000e+00
2.753999999999807713e+00,4.815050051547586918e-01,1.313500000000000084e-02,9.594700000000000450e-02,2.454099999999999893e-01,1.198769999999999974e-01,0.000000000000000000e+00
2.754999999999807603e+00,4.861479974351823330e-01,1.301800000000000006e-02,9.580299999999999927e-02,2.457100000000000117e-01,1.243110000000000048e-01,0.000000000000000000e+00
2.755999999999807493e+00,5.163950045243836939e-01,1.312499999999999951e-02,9.569999999999999341e-02,2.809389999999999943e-01,1.195910000000000029e-01,0.000000000000000000e+00
2.756999999999807383e+00,5.170530057512223721e-01,1.307700000000000008e-02,9.545099999999999418e-02,2.810889999999999778e-01,1.200979999999999964e-01,0.000000000000000000e+00
2.757999999999807272e+00,4.814030035049654543e-01,1.307200000000000029e-02,9.547700000000000631e-02,2.456309999999999882e-01,1.198280000000000040e-01,0.000000000000000000e+00
2.758999999999807162e+00,4.816049986402504146e-01,1.302500000000000012e-02,9.546200000000000518e-02,2.456760000000000055e-01,1.203629999999999978e-01,0.000000000000000000e+00
2.759999999999807052e+00,4.809640013263560832e-01,1.309300000000000047e-02,9.547700000000000631e-02,2.457550000000000012e-01,1.197339999999999932e-01,0.000000000000000000e+00
2.760999999999806942e+00,5.173239987925626338e-01,1.321699999999999958e-02,9.561100000000000154e-02,2.673740000000000006e-01,1.337270000000000125e-01,0.000000000000000000e+00
2.761999999999806832e+00,5.168740026419982314e-01,1.312900000000000005e-02,9.538299999999999557e-02,2.805860000000000021e-01,1.204429999999999945e-01,0.000000000000000000e+00
2.762999999999806722e+00,4.817709996132180095e-01,1.320999999999999952e-02,9.573600000000000165e-02,2.454570000000000085e-01,1.202300000000000035e-01,0.000000000000000000e+00
2.763999999999806612e+00,4.818499946850351989e-01,1.304100000000000051e-02,9.568999999999999728e-02,2.461349999999999927e-01,1.199690000000000062e-01,0.000000000000000000e+00
2.764999999999806501e+00,4.817000008188188076e-01,1.312699999999999978e-02,9.578599999999999615e-02,2.457219999999999960e-01,1.200100000000000056e-01,0.000000000000000000e+00
2.765999999999806391e+00,4.866089948336593807e-01,1.313199999999999958e-02,9.588000000000000689e-02,2.458130000000000037e-01,1.243500000000000022e-01,0.000000000000000000e+00
2.766999999999806281e+00,4.862740024691447616e-01,1.316900000000000015e-02,9.575200000000000378e-02,2.496170000000000055e-01,1.205669999999999936e-01,0.000000000000000000e+00
2.767999999999806171e+00,4.860850021941587329e-01,1.316200000000000009e-02,9.573199999999999765e-02,2.498479999999999868e-01,1.200309999999999988e-01,0.000000000000000000e+00
2.768999999999806061e+00,4.815970023628324270e-01,1.311299999999999966e-02,9.552199999999999580e-02,2.458029999999999937e-01,1.200530000000000069e-01,0.000000000000000000e+00
2.769999999999805951e+00,4.823459967155940831e-01,1.308499999999999941e-02,9.607100000000000362e-02,2.457940000000000125e-01,1.201210000000000055e-01,0.000000000000000000e+00
2.770999999999805841e+00,4.823229974135756493e-01,1.313600000000000011e-02,9.601899999999999324e-02,2.459880000000000122e-01,1.199770000000000003e-01,0.000000000000000000e+00
2.771999999999805731e+00,4.822709961445070803e-01,1.311999999999999972e-02,9.607200000000000462e-02,2.459050000000000125e-01,1.200169999999999987e-01,0.000000000000000000e+00
2.772999999999805620e+00,4.885219968855381012e-01,1.309399999999999974e-02,9.557999999999999829e-02,2.526619999999999977e-01,1.199080000000000007e-01,0.000000000000000000e+00
2.773999999999805510e+00,4.861390043515712023e-01,1.306399999999999922e-02,9.580299999999999927e-02,2.497389999999999888e-01,1.201819999999999972e-01,0.000000000000000000e+00
2.774999999999805400e+00,4.863990034209564328e-01,1.315200000000000050e-02,9.980600000000000582e-02,2.455330000000000013e-01,1.206710000000000005e-01,0.000000000000000000e+00
2.775999999999805290e+00,4.825680007343180478e-01,1.323099999999999971e-02,9.605600000000000249e-02,2.457630000000000092e-01,1.202050000000000063e-01,0.000000000000000000e+00
2.776999999999805180e+00,4.816079963347874582e-01,1.314500000000000043e-02,9.534199999999999620e-02,2.458039999999999947e-01,1.200650000000000051e-01,0.000000000000000000e+00
2.777999999999805070e+00,4.816660002688877285e-01,1.324099999999999930e-02,9.592399999999999538e-02,2.455370000000000053e-01,1.198369999999999991e-01,0.000000000000000000e+00
2.778999999999804960e+00,4.856020022998563945e-01,1.304699999999999957e-02,9.556399999999999617e-02,2.458869999999999945e-01,1.238719999999999960e-01,0.000000000000000000e+00
2.779999999999804849e+00,4.860459957853890955e-01,1.313800000000000037e-02,9.571399999999999353e-02,2.495449999999999890e-01,1.202140000000000014e-01,0.000000000000000000e+00
2.780999999999804739e+00,4.856590021518059075e-01,1.320200000000000019e-02,9.562099999999999766e-02,2.496120000000000005e-01,1.199510000000000021e-01,0.000000000000000000e+00
2.781999999999804629e+00,4.823229974135756493e-01,1.319299999999999987e-02,9.594199999999999950e-02,2.460150000000000114e-01,1.199589999999999962e-01,0.000000000000000000e+00
2.782999999999804519e+00,4.816650034626945853e-01,1.309800000000000027e-02,9.590600000000000513e-02,2.455150000000000110e-01,1.199960000000000054e-01,0.000000000000000000e+00
2.783999999999804409e+00,4.819850000785663724e-01,1.324200000000000030e-02,9.602299999999999724e-02,2.456389999999999962e-01,1.198769999999999974e-01,0.000000000000000000e+00
2.784999999999804299e+00,4.823410054086707532e-01,1.312499999999999951e-02,9.528000000000000358e-02,2.466899999999999926e-01,1.199910000000000004e-01,0.000000000000000000e+00
2.785999999999804189e+00,6.410249989130534232e-01,1.315000000000000023e-02,9.601700000000000512e-02,3.745169999999999888e-01,1.494179999999999953e-01,0.000000000000000000e+00
2.786999999999804078e+00,4.902700020465999842e-01,1.358499999999999985e-02,9.855700000000000571e-02,2.479810000000000070e-01,1.219620000000000010e-01,0.000000000000000000e+00
2.787999999999803968e+00,4.824210045626387000e-01,1.309300000000000047e-02,9.575500000000000678e-02,2.459790000000000032e-01,1.203270000000000034e-01,0.000000000000000000e+00
2.788999999999803858e+00,4.933529999107122421e-01,1.319099999999999960e-02,9.604899999999999549e-02,2.465299999999999991e-01,1.296710000000000085e-01,0.000000000000000000e+00
2.789999999999803748e+00,4.893290024483576417e-01,1.326300000000000048e-02,1.012850000000000000e-01,2.464439999999999964e-01,1.209309999999999968e-01,0.000000000000000000e+00
2.790999999999803638e+00,4.823779963771812618e-01,1.320499999999999972e-02,9.572300000000000253e-02,2.460110000000000074e-01,1.201779999999999932e-01,0.000000000000000000e+00
2.791999999999803528e+00,4.831110054510645568e-01,1.310900000000000086e-02,9.580199999999999827e-02,2.458390000000000020e-01,1.209390000000000048e-01,0.000000000000000000e+00
2.792999999999803418e+00,4.822549963137134910e-01,1.314099999999999990e-02,9.556199999999999417e-02,2.458780000000000132e-01,1.203999999999999931e-01,0.000000000000000000e+00
2.793999999999803308e+00,5.171189986867830157e-01,1.315500000000000003e-02,9.606000000000000649e-02,2.492409999999999903e-01,1.512469999999999926e-01,0.000000000000000000e+00
2.794999999999803197e+00,5.218509977567009628e-01,1.317100000000000042e-02,9.564999999999999891e-02,2.853700000000000125e-01,1.201850000000000002e-01,0.000000000000000000e+00
2.795999999999803087e+00,4.947310007992200553e-01,2.593499999999999972e-02,9.542100000000000581e-02,2.457090000000000107e-01,1.202519999999999978e-01,0.000000000000000000e+00
2.796999999999802977e+00,4.824019997613504529e-01,1.315400000000000076e-02,9.601099999999999912e-02,2.457159999999999900e-01,1.203960000000000030e-01,0.000000000000000000e+00
2.797999999999802867e+00,4.829239987884648144e-01,1.318199999999999927e-02,9.586000000000000076e-02,2.459429999999999950e-01,1.205989999999999979e-01,0.000000000000000000e+00
2.798999999999802757e+00,4.863600042881444097e-01,1.303799999999999924e-02,9.596699999999999675e-02,2.457219999999999960e-01,1.242650000000000005e-01,0.000000000000000000e+00
2.799999999999802647e+00,4.860519984504207969e-01,1.310500000000000033e-02,9.574299999999999478e-02,2.498460000000000125e-01,1.200869999999999993e-01,0.000000000000000000e+00
2.800999999999802537e+00,4.899199993815273046e-01,1.322699999999999917e-02,9.563299999999999579e-02,2.526809999999999889e-01,1.210610000000000019e-01,0.000000000000000000e+00
2.801999999999802426e+00,4.821109978365711868e-01,1.311400000000000066e-02,9.580800000000000427e-02,2.457620000000000082e-01,1.201929999999999943e-01,0.000000000000000000e+00
2.802999999999802316e+00,4.818279994651675224e-01,1.323399999999999924e-02,9.543400000000000494e-02,2.458710000000000062e-01,1.202440000000000037e-01,0.000000000000000000e+00
2.803999999999802206e+00,4.853819991694763303e-01,1.328499999999999993e-02,9.675599999999999479e-02,2.461250000000000104e-01,1.214129999999999932e-01,0.000000000000000000e+00
2.804999999999802096e+00,4.878149993601255119e-01,1.323799999999999977e-02,9.594999999999999363e-02,2.459129999999999927e-01,1.251150000000000040e-01,0.000000000000000000e+00
2.805999999999801986e+00,4.870960037806071341e-01,1.314300000000000017e-02,9.619600000000000373e-02,2.502610000000000112e-01,1.201360000000000067e-01,0.000000000000000000e+00
2.806999999999801876e+00,4.860469998675398529e-01,1.310599999999999959e-02,9.940300000000000524e-02,2.458440000000000070e-01,1.202610000000000068e-01,0.000000000000000000e+00
2.807999999999801766e+00,4.818259985768236220e-01,1.316699999999999988e-02,9.565400000000000291e-02,2.457719999999999905e-01,1.198440000000000061e-01,0.000000000000000000e+00
2.808999999999801656e+00,4.826959993806667626e-01,1.317100000000000042e-02,9.568200000000000316e-02,2.458889999999999965e-01,1.206829999999999986e-01,0.000000000000000000e+00
2.809999999999801545e+00,4.818460001843050122e-01,1.300899999999999973e-02,9.553699999999999692e-02,2.459570000000000090e-01,1.200790000000000052e-01,0.000000000000000000e+00
2.810999999999801435e+00,4.856889936490915716e-01,1.308400000000000014e-02,9.612700000000000411e-02,2.455890000000000017e-01,1.236880000000000063e-01,0.000000000000000000e+00
2.811999999999801325e+00,5.568749984377063811e-01,1.310099999999999980e-02,9.562400000000000067e-02,2.591899999999999760e-01,1.808230000000000115e-01,0.000000000000000000e+00
2.812999999999801215e+00,5.035979993408545852e-01,2.668200000000000086e-02,1.014520000000000005e-01,2.466919999999999946e-01,1.212669999999999998e-01,0.000000000000000000e+00
2.813999999999801105e+00,4.829660028917714953e-01,1.310300000000000006e-02,9.598800000000000388e-02,2.461099999999999954e-01,1.203879999999999950e-01,0.000000000000000000e+00
2.814999999999800995e+00,4.823050039703957736e-01,1.316100000000000082e-02,9.588399999999999701e-02,2.456150000000000000e-01,1.204240000000000033e-01,0.000000000000000000e+00
2.815999999999800885e+00,4.822819973924197257e-01,1.310700000000000059e-02,9.608400000000000274e-02,2.456909999999999927e-01,1.203599999999999948e-01,0.000000000000000000e+00
2.816999999999800774e+00,4.858640022575855255e-01,1.312900000000000005e-02,9.552599999999999980e-02,2.459619999999999862e-01,1.240490000000000065e-01,0.000000000000000000e+00
2.817999999999800664e+00,4.864340007770806551e-01,1.316200000000000009e-02,9.577099999999999502e-02,2.499820000000000098e-01,1.203339999999999965e-01,0.000000000000000000e+00
2.818999999999800554e+00,4.852160054724663496e-01,1.307299999999999955e-02,9.953599999999999948e-02,2.455849999999999977e-01,1.198960000000000026e-01,0.000000000000000000e+00
2.819999999999800444e+00,4.812499973922967911e-01,1.304499999999999930e-02,9.565099999999999991e-02,2.456830000000000125e-01,1.198619999999999963e-01,0.000000000000000000e+00
2.820999999999800334e+00,4.807939985767006874e-01,1.303600000000000071e-02,9.501800000000000523e-02,2.459210000000000007e-01,1.197509999999999963e-01,0.000000000000000000e+00
2.821999999999800224e+00,4.808819940080866218e-01,1.310000000000000053e-02,9.574199999999999378e-02,2.456629999999999925e-01,1.192600000000000049e-01,0.000000000000000000e+00
2.822999999999800114e+00,4.859789987676776946e-01,1.305100000000000010e-02,9.555600000000000205e-02,2.457209999999999950e-01,1.244090000000000057e-01,0.000000000000000000e+00
2.823999999999800004e+00,4.866510062129236758e-01,1.308999999999999921e-02,9.557899999999999729e-02,2.508040000000000269e-01,1.201480000000000048e-01,0.000000000000000000e+00
2.824999999999799893e+00,4.857579988311044872e-01,1.297500000000000042e-02,9.570099999999999441e-02,2.494979999999999976e-01,1.204729999999999968e-01,0.000000000000000000e+00
2.825999999999799783e+00,4.810519967577420175e-01,1.300499999999999920e-02,9.570299999999999641e-02,2.454620000000000135e-01,1.199360000000000009e-01,0.000000000000000000e+00
2.826999999999799673e+00,4.807500008610077202e-01,1.300399999999999993e-02,9.546200000000000518e-02,2.456079999999999930e-01,1.196559999999999985e-01,0.000000000000000000e+00
2.827999999999799563e+00,5.379889989853836596e-01,1.310099999999999980e-02,9.534099999999999520e-02,3.023930000000000229e-01,1.197840000000000016e-01,0.000000000000000000e+00
2.828999999999799453e+00,7.046850005281157792e-01,1.306000000000000043e-02,9.608800000000000674e-02,3.346279999999999810e-01,2.521990000000000065e-01,0.000000000000000000e+00
2.829999999999799343e+00,4.937260018778033555e-01,1.502099999999999963e-02,9.796399999999999553e-02,2.476049999999999918e-01,1.201340000000000047e-01,0.000000000000000000e+00
2.830999999999799233e+00,4.811250037164427340e-01,1.310300000000000006e-02,9.510799999999999810e-02,2.454759999999999998e-01,1.204029999999999961e-01,0.000000000000000000e+00
2.831999999999799122e+00,4.815200009034015238e-01,1.307200000000000029e-02,9.595399999999999763e-02,2.455539999999999945e-01,1.198240000000000000e-01,0.000000000000000000e+00
2.832999999999799012e+00,4.816720029339194298e-01,1.306099999999999969e-02,9.595399999999999763e-02,2.455189999999999872e-01,1.199439999999999951e-01,0.000000000000000000e+00
2.833999999999798902e+00,4.851990015595220029e-01,1.312800000000000078e-02,9.571000000000000341e-02,2.454060000000000130e-01,1.239090000000000052e-01,0.000000000000000000e+00
2.834999999999798792e+00,4.863799986196681857e-01,1.308999999999999921e-02,9.607200000000000462e-02,2.501090000000000257e-01,1.199970000000000064e-01,0.000000000000000000e+00
2.835999999999798682e+00,4.851499979849904776e-01,1.299900000000000014e-02,9.995900000000000618e-02,2.451180000000000025e-01,1.197460000000000052e-01,0.000000000000000000e+00
2.836999999999798572e+00,4.810679965885356069e-01,1.309399999999999974e-02,9.576700000000000490e-02,2.456560000000000132e-01,1.194390000000000035e-01,0.000000000000000000e+00
2.837999999999798462e+00,4.813729974557645619e-01,1.308199999999999988e-02,9.568200000000000316e-02,2.455289999999999973e-01,1.199209999999999998e-01,0.000000000000000000e+00
2.838999999999798352e+00,4.810859973076730967e-01,1.302599999999999938e-02,9.564300000000000579e-02,2.452070000000000083e-01,1.201839999999999992e-01,0.000000000000000000e+00
2.839999999999798241e+00,4.847019954468123615e-01,1.302400000000000085e-02,9.557799999999999629e-02,2.454989999999999950e-01,1.235389999999999960e-01,0.000000000000000000e+00
2.840999999999798131e+00,4.855650040553882718e-01,1.307799999999999935e-02,9.591199999999999726e-02,2.490850000000000009e-01,1.202460000000000057e-01,0.000000000000000000e+00
2.841999999999798021e+00,4.850089972023852170e-01,1.306700000000000049e-02,9.575000000000000178e-02,2.491089999999999971e-01,1.199179999999999968e-01,0.000000000000000000e+00
2.842999999999797911e+00,4.844649956794455647e-01,1.316100000000000082e-02,9.537400000000000044e-02,2.452680000000000138e-01,1.195689999999999947e-01,0.000000000000000000e+00
2.843999999999797801e+00,4.814429994439706206e-01,1.314099999999999990e-02,9.572400000000000353e-02,2.459050000000000125e-01,1.196880000000000027e-01,0.000000000000000000e+00
2.844999999999797691e+00,4.812779952771961689e-01,1.303499999999999971e-02,9.544600000000000306e-02,2.457679999999999865e-01,1.200679999999999942e-01,0.000000000000000000e+00
2.845999999999797581e+00,4.812030019820667803e-01,1.303299999999999945e-02,9.595900000000000263e-02,2.456619999999999915e-01,1.196870000000000017e-01,0.000000000000000000e+00
2.846999999999797470e+00,4.854049984714947641e-01,1.308100000000000061e-02,9.581699999999999939e-02,2.493029999999999968e-01,1.200330000000000008e-01,0.000000000000000000e+00
2.847999999999797360e+00,4.853539940086193383e-01,1.302700000000000038e-02,9.580299999999999927e-02,2.497739999999999960e-01,1.197919999999999957e-01,0.000000000000000000e+00
2.848999999999797250e+00,4.865590017288923264e-01,1.308299999999999914e-02,9.959500000000000297e-02,2.462809999999999999e-01,1.203290000000000054e-01,0.000000000000000000e+00
2.849999999999797140e+00,4.815089996554888785e-01,1.301700000000000079e-02,9.581800000000000039e-02,2.459639999999999882e-01,1.197690000000000005e-01,0.000000000000000000e+00
2.850999999999797030e+00,5.103820003569126129e-01,1.305500000000000063e-02,9.571799999999999753e-02,2.746890000000000165e-01,1.200250000000000067e-01,0.000000000000000000e+00
2.851999999999796920e+00,4.817040025955066085e-01,1.314000000000000064e-02,9.572899999999999465e-02,2.455289999999999973e-01,1.202219999999999955e-01,0.000000000000000000e+00
2.852999999999796810e+00,4.859360051341354847e-01,1.306500000000000022e-02,9.589200000000000501e-02,2.457100000000000117e-01,1.241690000000000016e-01,0.000000000000000000e+00
2.853999999999796700e+00,4.853779973927885294e-01,1.309100000000000021e-02,9.563599999999999879e-02,2.495149999999999868e-01,1.200530000000000069e-01,0.000000000000000000e+00
2.854999999999796589e+00,4.857759995502419770e-01,1.307700000000000008e-02,9.957900000000000085e-02,2.458970000000000045e-01,1.201040000000000024e-01,0.000000000000000000e+00
2.855999999999796479e+00,4.815799984498880804e-01,1.311200000000000039e-02,9.578599999999999615e-02,2.455670000000000075e-01,1.199189999999999978e-01,0.000000000000000000e+00
2.856999999999796369e+00,4.815829961444251239e-01,1.317399999999999995e-02,9.571799999999999753e-02,2.458349999999999980e-01,1.197959999999999997e-01,0.000000000000000000e+00
2.857999999999796259e+00,4.824620045837946236e-01,1.311400000000000066e-02,9.603399999999999437e-02,2.455730000000000135e-01,1.204189999999999983e-01,0.000000000000000000e+00
2.858999999999796149e+00,4.856529994867742062e-01,1.318500000000000054e-02,9.587400000000000089e-02,2.455320000000000003e-01,1.240249999999999964e-01,0.000000000000000000e+00
2.859999999999796039e+00,4.898629995295777917e-01,1.318300000000000027e-02,9.565300000000000191e-02,2.534600000000000186e-01,1.203980000000000050e-01,0.000000000000000000e+00
2.860999999999795929e+00,4.860710032517090440e-01,1.308400000000000014e-02,9.553699999999999692e-02,2.499240000000000073e-01,1.203860000000000069e-01,0.000000000000000000e+00
2.861999999999795818e+00,4.858079992118291557e-01,1.311299999999999966e-02,9.995199999999999918e-02,2.459810000000000052e-01,1.197379999999999972e-01,0.000000000000000000e+00
2.862999999999795708e+00,5.106379976496100426e-01,1.303600000000000071e-02,9.579300000000000315e-02,2.457550000000000012e-01,1.490229999999999888e-01,0.000000000000000000e+00
2.863999999999795598e+00,4.827180018764920533e-01,1.315900000000000056e-02,9.604600000000000637e-02,2.458490000000000120e-01,1.204090000000000021e-01,0.000000000000000000e+00
2.864999999999795488e+00,4.818989982595667243e-01,1.307799999999999935e-02,9.568899999999999628e-02,2.460019999999999984e-01,1.202150000000000024e-01,0.000000000000000000e+00
2.865999999999795378e+00,4.851220001000910997e-01,1.308199999999999988e-02,9.555099999999999705e-02,2.457610000000000072e-01,1.234650000000000053e-01,0.000000000000000000e+00
2.866999999999795268e+00,4.852040001424029469e-01,1.306299999999999996e-02,9.568200000000000316e-02,2.494069999999999898e-01,1.200459999999999999e-01,0.000000000000000000e+00
2.867999999999795158e+00,4.858820029767230153e-01,1.313899999999999964e-02,9.955200000000000160e-02,2.458329999999999960e-01,1.202190000000000064e-01,0.000000000000000000e+00
2.868999999999795048e+00,4.818369998247362673e-01,1.303200000000000018e-02,9.562700000000000367e-02,2.459099999999999897e-01,1.202010000000000023e-01,0.000000000000000000e+00
2.869999999999794937e+00,4.816310029127635062e-01,1.311700000000000019e-02,9.575899999999999690e-02,2.457449999999999912e-01,1.198099999999999998e-01,0.000000000000000000e+00
2.870999999999794827e+00,4.825330033781938255e-01,1.309199999999999947e-02,9.616399999999999948e-02,2.456079999999999930e-01,1.205699999999999966e-01,0.000000000000000000e+00
2.871999999999794717e+00,4.863459980697371066e-01,1.310799999999999986e-02,9.581699999999999939e-02,2.461959999999999982e-01,1.241389999999999993e-01,0.000000000000000000e+00
2.872999999999794607e+00,4.868030009674839675e-01,1.309899999999999953e-02,9.623700000000000310e-02,2.497840000000000060e-01,1.204419999999999935e-01,0.000000000000000000e+00
2.873999999999794497e+00,4.854529979638755322e-01,1.308100000000000061e-02,9.575699999999999490e-02,2.497540000000000038e-01,1.195739999999999997e-01,0.000000000000000000e+00
2.874999999999794387e+00,4.858210013480857015e-01,1.682399999999999868e-02,9.558300000000000129e-02,2.458299999999999930e-01,1.201139999999999985e-01,0.000000000000000000e+00
2.875999999999794277e+00,4.827470038435421884e-01,1.323399999999999924e-02,9.656399999999999706e-02,2.458730000000000082e-01,1.200340000000000018e-01,0.000000000000000000e+00
2.876999999999794166e+00,4.822499977308325469e-01,1.332200000000000051e-02,9.567399999999999516e-02,2.457860000000000045e-01,1.200699999999999962e-01,0.000000000000000000e+00
2.877999999999794056e+00,4.863249996560625732e-01,1.314000000000000064e-02,9.600999999999999812e-02,2.454679999999999918e-01,1.242020000000000068e-01,0.000000000000000000e+00
2.878999999999793946e+00,4.864299990003928542e-01,1.313300000000000058e-02,9.598600000000000187e-02,2.498430000000000095e-01,1.200340000000000018e-01,0.000000000000000000e+00
2.879999999999793836e+00,4.868209944106638432e-01,1.314399999999999943e-02,1.001289999999999958e-01,2.460670000000000079e-01,1.200490000000000029e-01,0.000000000000000000e+00
2.880999999999793726e+00,5.968600016785785556e-01,1.317699999999999948e-02,1.240559999999999996e-01,3.318389999999999951e-01,1.202789999999999970e-01,0.000000000000000000e+00
2.881999999999793616e+00,5.245720021775923669e-01,1.460700000000000019e-02,1.043879999999999947e-01,2.676790000000000003e-01,1.283420000000000116e-01,0.000000000000000000e+00
2.882999999999793506e+00,5.137449988978914917e-01,1.393400000000000021e-02,1.074819999999999942e-01,2.578770000000000229e-01,1.262949999999999906e-01,0.000000000000000000e+00
2.883999999999793395e+00,4.832769991480745375e-01,1.335599999999999982e-02,9.584299999999999764e-02,2.461289999999999867e-01,1.207209999999999950e-01,0.000000000000000000e+00
2.884999999999793285e+00,4.829090030398219824e-01,1.331799999999999998e-02,9.550899999999999668e-02,2.457959999999999867e-01,1.208059999999999967e-01,0.000000000000000000e+00
2.885999999999793175e+00,4.870939956163056195e-01,1.319099999999999960e-02,9.616500000000000048e-02,2.458210000000000117e-01,1.244269999999999959e-01,0.000000000000000000e+00
2.886999999999793065e+00,4.860569970333017409e-01,1.323000000000000044e-02,9.576700000000000490e-02,2.496289999999999898e-01,1.203700000000000048e-01,0.000000000000000000e+00
2.887999999999792955e+00,4.857499952777288854e-01,1.320499999999999972e-02,9.552499999999999880e-02,2.498599999999999988e-01,1.199069999999999997e-01,0.000000000000000000e+00
2.888999999999792845e+00,4.865980008617043495e-01,1.320200000000000019e-02,9.611699999999999411e-02,2.459979999999999944e-01,1.202560000000000018e-01,0.000000000000000000e+00
2.889999999999792735e+00,4.817659937543794513e-01,1.314799999999999996e-02,9.568200000000000316e-02,2.457280000000000020e-01,1.199400000000000049e-01,0.000000000000000000e+00
2.890999999999792625e+00,4.815649954252876341e-01,1.316400000000000035e-02,9.548900000000000443e-02,2.457679999999999865e-01,1.199650000000000022e-01,0.000000000000000000e+00
2.891999999999792514e+00,4.824220013688318431e-01,1.303200000000000018e-02,9.578899999999999915e-02,2.460950000000000082e-01,1.203850000000000059e-01,0.000000000000000000e+00
2.892999999999792404e+00,4.857500025536864996e-01,1.321800000000000058e-02,9.599800000000000000e-02,2.456939999999999957e-01,1.236160000000000037e-01,0.000000000000000000e+00
2.893999999999792294e+00,4.864229995291680098e-01,1.307200000000000029e-02,9.582799999999999652e-02,2.500829999999999997e-01,1.202069999999999944e-01,0.000000000000000000e+00
2.894999999999792184e+00,4.988040018361061811e-01,1.317300000000000068e-02,9.906099999999999628e-02,2.550580000000000069e-01,1.236349999999999949e-01,0.000000000000000000e+00
2.895999999999792074e+00,4.844069990213029087e-01,1.325299999999999916e-02,9.726999999999999535e-02,2.462050000000000072e-01,1.201740000000000030e-01,0.000000000000000000e+00
2.896999999999791964e+00,4.822230039280839264e-01,1.315000000000000023e-02,9.600300000000000500e-02,2.460120000000000084e-01,1.200060000000000016e-01,0.000000000000000000e+00
2.897999999999791854e+00,4.818939996766857803e-01,1.314000000000000064e-02,9.571399999999999353e-02,2.459719999999999962e-01,1.199970000000000064e-01,0.000000000000000000e+00
2.898999999999791743e+00,4.858889951719902456e-01,1.323900000000000077e-02,9.538499999999999757e-02,2.459020000000000095e-01,1.241349999999999953e-01,0.000000000000000000e+00
2.899999999999791633e+00,4.857399981119669974e-01,1.302799999999999965e-02,9.596200000000000563e-02,2.496559999999999890e-01,1.197809999999999986e-01,0.000000000000000000e+00
2.900999999999791523e+00,4.857329986407421529e-01,1.313500000000000084e-02,9.922999999999999876e-02,2.459149999999999947e-01,1.202010000000000023e-01,0.000000000000000000e+00
2.901999999999791413e+00,4.811870021512731910e-01,1.315400000000000076e-02,9.529700000000000670e-02,2.458339999999999970e-01,1.198530000000000012e-01,0.000000000000000000e+00
2.902999999999791303e+00,4.816580039914697409e-01,1.318500000000000054e-02,9.537299999999999944e-02,2.458700000000000052e-01,1.202929999999999972e-01,0.000000000000000000e+00
2.903999999999791193e+00,4.807410005014389753e-01,1.308199999999999988e-02,9.579000000000000015e-02,2.456039999999999890e-01,1.193420000000000036e-01,0.000000000000000000e+00
2.904999999999791083e+00,4.814220010302960873e-01,1.312600000000000051e-02,9.572600000000000553e-02,2.459619999999999862e-01,1.195470000000000005e-01,0.000000000000000000e+00
2.905999999999790973e+00,4.852300044149160385e-01,1.317899999999999974e-02,9.597100000000000075e-02,2.492179999999999951e-01,1.195559999999999956e-01,0.000000000000000000e+00
2.906999999999790862e+00,4.856399973505176604e-01,1.308100000000000061e-02,9.557499999999999329e-02,2.496190000000000075e-01,1.200959999999999944e-01,0.000000000000000000e+00
2.907999999999790752e+00,4.854830040130764246e-01,1.299699999999999987e-02,9.960700000000000109e-02,2.456419999999999992e-01,1.200620000000000021e-01,0.000000000000000000e+00
2.908999999999790642e+00,4.816849977942183614e-01,1.314700000000000070e-02,9.546399999999999331e-02,2.456059999999999910e-01,1.203420000000000045e-01,0.000000000000000000e+00
2.909999999999790532e+00,4.818640009034425020e-01,1.298500000000000001e-02,9.546100000000000418e-02,2.458380000000000010e-01,1.204619999999999996e-01,0.000000000000000000e+00
2.910999999999790422e+00,4.818230008822865784e-01,1.313899999999999964e-02,9.561799999999999466e-02,2.456220000000000070e-01,1.202639999999999959e-01,0.000000000000000000e+00
2.911999999999790312e+00,5.173859972273930907e-01,1.314700000000000070e-02,9.583099999999999952e-02,2.463849999999999929e-01,1.547540000000000027e-01,0.000000000000000000e+00
2.912999999999790202e+00,5.173539975658059120e-01,1.314000000000000064e-02,9.574499999999999678e-02,2.807089999999999863e-01,1.203530000000000016e-01,0.000000000000000000e+00
2.913999999999790091e+00,5.162559973541647196e-01,3.086799999999999961e-02,1.083550000000000069e-01,2.457550000000000012e-01,1.203869999999999940e-01,0.000000000000000000e+00
2.914999999999789981e+00,4.826459989999420941e-01,1.314000000000000064e-02,9.572100000000000053e-02,2.460700000000000109e-01,1.205180000000000001e-01,0.000000000000000000e+00
2.915999999999789871e+00,4.820879985345527530e-01,1.310099999999999980e-02,9.580299999999999927e-02,2.459870000000000112e-01,1.200220000000000037e-01,0.000000000000000000e+00
2.916999999999789761e+00,4.820470057893544436e-01,1.311299999999999966e-02,9.552800000000000180e-02,2.461029999999999884e-01,1.201669999999999960e-01,0.000000000000000000e+00
2.917999999999789651e+00,4.853270002058707178e-01,1.315400000000000076e-02,9.573099999999999665e-02,2.491440000000000043e-01,1.203739999999999949e-01,0.000000000000000000e+00
2.918999999999789541e+00,4.858000029344111681e-01,1.309300000000000047e-02,9.538399999999999657e-02,2.497790000000000010e-01,1.203580000000000066e-01,0.000000000000000000e+00
2.919999999999789431e+00,4.856929954257793725e-01,1.315500000000000003e-02,9.964000000000000634e-02,2.457880000000000065e-01,1.197870000000000046e-01,0.000000000000000000e+00
2.920999999999789321e+00,4.814549974980764091e-01,1.308100000000000061e-02,9.573500000000000065e-02,2.455229999999999912e-01,1.198199999999999960e-01,0.000000000000000000e+00
2.921999999999789210e+00,4.813920022570528090e-01,1.317499999999999921e-02,9.558200000000000029e-02,2.458140000000000047e-01,1.197600000000000053e-01,0.000000000000000000e+00
2.922999999999789100e+00,4.817730005015619099e-01,1.312400000000000025e-02,9.564200000000000479e-02,2.459189999999999987e-01,1.202529999999999988e-01,0.000000000000000000e+00
2.923999999999788990e+00,4.855239967582747340e-01,1.307499999999999982e-02,9.581599999999999839e-02,2.456520000000000092e-01,1.238100000000000034e-01,0.000000000000000000e+00
2.924999999999788880e+00,4.870260017924010754e-01,1.315400000000000076e-02,9.570199999999999541e-02,2.498110000000000053e-01,1.211239999999999956e-01,0.000000000000000000e+00
2.925999999999788770e+00,4.866310046054422855e-01,1.303200000000000018e-02,9.598800000000000388e-02,2.496909999999999963e-01,1.207069999999999949e-01,0.000000000000000000e+00
2.926999999999788660e+00,4.820390022359788418e-01,1.310900000000000086e-02,9.568699999999999428e-02,2.460640000000000049e-01,1.199090000000000017e-01,0.000000000000000000e+00
2.927999999999788550e+00,4.812799961655400693e-01,1.297000000000000063e-02,9.579200000000000215e-02,2.459040000000000115e-01,1.195679999999999937e-01,0.000000000000000000e+00
2.928999999999788439e+00,4.819379973923787475e-01,1.316600000000000062e-02,9.593400000000000538e-02,2.457699999999999885e-01,1.199159999999999948e-01,0.000000000000000000e+00
2.929999999999788329e+00,4.821689944947138429e-01,1.318599999999999980e-02,9.592499999999999638e-02,2.459790000000000032e-01,1.200439999999999979e-01,0.000000000000000000e+00
2.930999999999788219e+00,4.860800036112777889e-01,1.318399999999999954e-02,9.587299999999999989e-02,2.455779999999999907e-01,1.242110000000000020e-01,0.000000000000000000e+00
2.931999999999788109e+00,4.854429935221560299e-01,1.305399999999999963e-02,9.592199999999999338e-02,2.494909999999999906e-01,1.196450000000000014e-01,0.000000000000000000e+00
2.932999999999787999e+00,4.858840038650669158e-01,1.305899999999999943e-02,9.968399999999999483e-02,2.456589999999999885e-01,1.202860000000000040e-01,0.000000000000000000e+00
2.933999999999787889e+00,4.812640036107040942e-01,1.311299999999999966e-02,9.575400000000000578e-02,2.455410000000000093e-01,1.199589999999999962e-01,0.000000000000000000e+00
2.934999999999787779e+00,4.817669978365302086e-01,1.316699999999999988e-02,9.549499999999999655e-02,2.460239999999999927e-01,1.200770000000000032e-01,0.000000000000000000e+00
2.935999999999787669e+00,4.813580017071217299e-01,1.305699999999999916e-02,9.555400000000000005e-02,2.457020000000000037e-01,1.199439999999999951e-01,0.000000000000000000e+00
2.936999999999787558e+00,4.856289961026050150e-01,1.313899999999999964e-02,9.546899999999999831e-02,2.461750000000000049e-01,1.238429999999999948e-01,0.000000000000000000e+00
2.937999999999787448e+00,4.858039974351413548e-01,1.299600000000000061e-02,9.568100000000000216e-02,2.498289999999999955e-01,1.200230000000000047e-01,0.000000000000000000e+00
2.938999999999787338e+00,5.150689976289868355e-01,1.322300000000000038e-02,1.108910000000000035e-01,2.631189999999999918e-01,1.205969999999999959e-01,0.000000000000000000e+00
2.939999999999787228e+00,4.823060007765889168e-01,1.315999999999999982e-02,9.606299999999999562e-02,2.456150000000000000e-01,1.202690000000000009e-01,0.000000000000000000e+00
2.940999999999787118e+00,4.816500004380941391e-01,1.314500000000000043e-02,9.578799999999999815e-02,2.457729999999999915e-01,1.199410000000000059e-01,0.000000000000000000e+00
2.941999999999787008e+00,4.811749968212097883e-01,1.300399999999999993e-02,9.583800000000000652e-02,2.454800000000000038e-01,1.199419999999999931e-01,0.000000000000000000e+00
2.942999999999786898e+00,4.815330030396580696e-01,1.314000000000000064e-02,9.578000000000000402e-02,2.456869999999999887e-01,1.199569999999999942e-01,0.000000000000000000e+00
2.943999999999786787e+00,4.853649952565319836e-01,1.305000000000000084e-02,9.560299999999999354e-02,2.456589999999999885e-01,1.238920000000000021e-01,0.000000000000000000e+00
2.944999999999786677e+00,4.853869977523572743e-01,1.307099999999999929e-02,9.545199999999999518e-02,2.495459999999999900e-01,1.201839999999999992e-01,0.000000000000000000e+00
2.945999999999786567e+00,4.856900050071999431e-01,1.306399999999999922e-02,9.985199999999999632e-02,2.459069999999999867e-01,1.196979999999999988e-01,0.000000000000000000e+00
2.946999999999786457e+00,4.818910019821487367e-01,1.312299999999999925e-02,9.588399999999999701e-02,2.455529999999999935e-01,1.202590000000000048e-01,0.000000000000000000e+00
2.947999999999786347e+00,4.815200009034015238e-01,1.315200000000000050e-02,9.563699999999999979e-02,2.459230000000000027e-01,1.197330000000000061e-01,0.000000000000000000e+00
2.948999999999786237e+00,4.818949964828789234e-01,1.311299999999999966e-02,9.540999999999999481e-02,2.457509999999999972e-01,1.205210000000000031e-01,0.000000000000000000e+00
2.949999999999786127e+00,4.850559998885728419e-01,1.316900000000000015e-02,9.591700000000000226e-02,2.454969999999999930e-01,1.234559999999999963e-01,0.000000000000000000e+00
2.950999999999786017e+00,4.857739986618980765e-01,1.314399999999999943e-02,9.589100000000000401e-02,2.497209999999999985e-01,1.198580000000000062e-01,0.000000000000000000e+00
2.951999999999785906e+00,4.862750065512955189e-01,1.313500000000000084e-02,9.506499999999999673e-02,2.509299999999999864e-01,1.197679999999999995e-01,0.000000000000000000e+00
2.952999999999785796e+00,4.852839992963708937e-01,1.307099999999999929e-02,9.579300000000000315e-02,2.454780000000000018e-01,1.199930000000000024e-01,0.000000000000000000e+00
2.953999999999785686e+00,4.833999992115423083e-01,1.331700000000000071e-02,9.623600000000000210e-02,2.458259999999999890e-01,1.206030000000000019e-01,0.000000000000000000e+00
2.954999999999785576e+00,4.824019997613504529e-01,1.318300000000000027e-02,9.596300000000000663e-02,2.457940000000000125e-01,1.203179999999999944e-01,0.000000000000000000e+00
2.955999999999785466e+00,4.832060003536753356e-01,1.311700000000000019e-02,9.620700000000000085e-02,2.468740000000000101e-01,1.198929999999999996e-01,0.000000000000000000e+00
2.956999999999785356e+00,6.344740031636320055e-01,1.428399999999999982e-02,1.776000000000000079e-01,3.093170000000000086e-01,1.235880000000000034e-01,0.000000000000000000e+00
2.957999999999785246e+00,4.850499972235411406e-01,1.335599999999999982e-02,9.635799999999999921e-02,2.473490000000000133e-01,1.206330000000000041e-01,0.000000000000000000e+00
2.958999999999785135e+00,4.836019943468272686e-01,1.321400000000000005e-02,9.577199999999999602e-02,2.462699999999999889e-01,1.210399999999999948e-01,0.000000000000000000e+00
2.959999999999785025e+00,5.201720050536096096e-01,1.305599999999999990e-02,9.561200000000000254e-02,2.837200000000000277e-01,1.203550000000000036e-01,0.000000000000000000e+00
2.960999999999784915e+00,4.870990014751441777e-01,1.307799999999999935e-02,9.570599999999999941e-02,2.503489999999999882e-01,1.206440000000000012e-01,0.000000000000000000e+00
2.961999999999784805e+00,5.691960031981579959e-01,1.317899999999999974e-02,1.108060000000000017e-01,3.174060000000000215e-01,1.206399999999999972e-01,0.000000000000000000e+00
2.962999999999784695e+00,5.685369978891685605e-01,1.334100000000000043e-02,9.613900000000000223e-02,3.312450000000000117e-01,1.206590000000000024e-01,0.000000000000000000e+00
2.963999999999784585e+00,4.861579946009442210e-01,1.308600000000000041e-02,9.592399999999999538e-02,2.465729999999999866e-01,1.232540000000000024e-01,0.000000000000000000e+00
2.964999999999784475e+00,4.856430023210123181e-01,1.307900000000000035e-02,9.564300000000000579e-02,2.495580000000000020e-01,1.199189999999999978e-01,0.000000000000000000e+00
2.965999999999784364e+00,4.861529960180632770e-01,1.312699999999999978e-02,9.562299999999999967e-02,2.497919999999999863e-01,1.202730000000000049e-01,0.000000000000000000e+00
2.966999999999784254e+00,4.859870023210532963e-01,1.698699999999999863e-02,9.574900000000000078e-02,2.459079999999999877e-01,1.198700000000000043e-01,0.000000000000000000e+00
2.967999999999784144e+00,4.815499996766448021e-01,1.312999999999999931e-02,9.544800000000000506e-02,2.458329999999999960e-01,1.199179999999999968e-01,0.000000000000000000e+00
2.968999999999784034e+00,4.818730012630112469e-01,1.311200000000000039e-02,9.603399999999999437e-02,2.456010000000000137e-01,1.200800000000000062e-01,0.000000000000000000e+00
2.969999999999783924e+00,4.821719994652085006e-01,1.302799999999999965e-02,9.594900000000000651e-02,2.463090000000000002e-01,1.198130000000000028e-01,0.000000000000000000e+00
2.970999999999783814e+00,4.853080026805400848e-01,1.308899999999999994e-02,9.550200000000000355e-02,2.456510000000000082e-01,1.238900000000000001e-01,0.000000000000000000e+00
2.971999999999783704e+00,4.856849991483613849e-01,1.312800000000000078e-02,9.562800000000000467e-02,2.495840000000000003e-01,1.200579999999999981e-01,0.000000000000000000e+00
2.972999999999783594e+00,4.858600004808977246e-01,1.309100000000000021e-02,9.952600000000000335e-02,2.459749999999999992e-01,1.201850000000000002e-01,0.000000000000000000e+00
2.973999999999783483e+00,4.811350008822046220e-01,1.309399999999999974e-02,9.551800000000000568e-02,2.459020000000000095e-01,1.195169999999999982e-01,0.000000000000000000e+00
2.974999999999783373e+00,4.810519967577420175e-01,1.310300000000000006e-02,9.566399999999999904e-02,2.456579999999999875e-01,1.194019999999999943e-01,0.000000000000000000e+00
2.975999999999783263e+00,4.825590003747493029e-01,1.318599999999999980e-02,9.558200000000000029e-02,2.458730000000000082e-01,1.206910000000000066e-01,0.000000000000000000e+00
2.976999999999783153e+00,4.825360010727308691e-01,1.310200000000000080e-02,9.593899999999999650e-02,2.458039999999999947e-01,1.202359999999999957e-01,0.000000000000000000e+00
2.977999999999783043e+00,4.865269947913475335e-01,1.316400000000000035e-02,9.590200000000000113e-02,2.502329999999999832e-01,1.198729999999999934e-01,0.000000000000000000e+00
2.978999999999782933e+00,4.866759991273283958e-01,1.310700000000000059e-02,9.606199999999999461e-02,2.496490000000000098e-01,1.203749999999999959e-01,0.000000000000000000e+00
2.979999999999782823e+00,4.859839973505586386e-01,1.307000000000000002e-02,9.966500000000000359e-02,2.457709999999999895e-01,1.200920000000000043e-01,0.000000000000000000e+00
2.980999999999782712e+00,4.810949976672418416e-01,1.312900000000000005e-02,9.556900000000000117e-02,2.458370000000000000e-01,1.196040000000000020e-01,0.000000000000000000e+00
2.981999999999782602e+00,4.813050036318600178e-01,1.309500000000000074e-02,9.556000000000000605e-02,2.456450000000000022e-01,1.199260000000000048e-01,0.000000000000000000e+00
2.982999999999782492e+00,4.817169974558055401e-01,1.319999999999999993e-02,9.533899999999999320e-02,2.460600000000000009e-01,1.200230000000000047e-01,0.000000000000000000e+00
2.983999999999782382e+00,4.852040001424029469e-01,1.312100000000000072e-02,9.578299999999999315e-02,2.459099999999999897e-01,1.231369999999999965e-01,0.000000000000000000e+00
2.984999999999782272e+00,4.846939991693943739e-01,1.325699999999999969e-02,9.541099999999999581e-02,2.496939999999999993e-01,1.189560000000000062e-01,0.000000000000000000e+00
2.985999999999782162e+00,4.861499983235262334e-01,1.313100000000000031e-02,9.608600000000000474e-02,2.498990000000000100e-01,1.198609999999999953e-01,0.000000000000000000e+00
2.986999999999782052e+00,4.822039991267956793e-01,1.323299999999999997e-02,9.577099999999999502e-02,2.456069999999999920e-01,1.200869999999999993e-01,0.000000000000000000e+00
2.987999999999781942e+00,4.819749956368468702e-01,1.305800000000000016e-02,9.604100000000000137e-02,2.458039999999999947e-01,1.200780000000000042e-01,0.000000000000000000e+00
2.988999999999781831e+00,4.816450018552131951e-01,1.306700000000000049e-02,9.576099999999999890e-02,2.454729999999999968e-01,1.201389999999999958e-01,0.000000000000000000e+00
2.989999999999781721e+00,4.815349966520443559e-01,1.307200000000000029e-02,9.576400000000000190e-02,2.455100000000000060e-01,1.200419999999999959e-01,0.000000000000000000e+00
2.990999999999781611e+00,4.860550034209154546e-01,1.304899999999999984e-02,9.567499999999999616e-02,2.499649999999999928e-01,1.199299999999999949e-01,0.000000000000000000e+00
2.991999999999781501e+00,4.860910048591904342e-01,1.307600000000000082e-02,9.557200000000000417e-02,2.499820000000000098e-01,1.199859999999999954e-01,0.000000000000000000e+00
2.992999999999781391e+00,4.861510024056769907e-01,1.313100000000000031e-02,9.956500000000000072e-02,2.459199999999999997e-01,1.201590000000000019e-01,0.000000000000000000e+00
2.993999999999781281e+00,4.823220006073825061e-01,1.318899999999999934e-02,9.584800000000000264e-02,2.462489999999999957e-01,1.199039999999999967e-01,0.000000000000000000e+00
2.994999999999781171e+00,4.813749983441084623e-01,1.315599999999999929e-02,9.580900000000000527e-02,2.454379999999999895e-01,1.198879999999999946e-01,0.000000000000000000e+00
2.995999999999781060e+00,4.816580039914697409e-01,1.304100000000000051e-02,9.576400000000000190e-02,2.455479999999999885e-01,1.200050000000000006e-01,0.000000000000000000e+00
2.996999999999780950e+00,4.859730033786036074e-01,1.324499999999999983e-02,9.568100000000000216e-02,2.453639999999999988e-01,1.243549999999999933e-01,0.000000000000000000e+00
2.997999999999780840e+00,4.860569970333017409e-01,1.313500000000000084e-02,9.568500000000000616e-02,2.498430000000000095e-01,1.199709999999999943e-01,0.000000000000000000e+00
2.998999999999780730e+00,4.862060013692826033e-01,1.307400000000000055e-02,9.586300000000000376e-02,2.497560000000000058e-01,1.202929999999999972e-01,0.000000000000000000e+00
