time_s,wall_time_s,compute_us,limited,q1,q2,q3,q4,q5,q6,dq1,dq2,dq3,dq4,dq5,dq6,pose_error1,pose_error2,pose_error3,pose_error4,pose_error5,pose_error6,tau_ff1,tau_ff2,tau_ff3,tau_ff4,tau_ff5,tau_ff6,tau_pd1,tau_pd2,tau_pd3,tau_pd4,tau_pd5,tau_pd6,tau_cmd1,tau_cmd2,tau_cmd3,tau_cmd4,tau_cmd5,tau_cmd6,motor_tau1,motor_tau2,motor_tau3,motor_tau4,motor_tau5,motor_tau6
0,0,24.193,1,-0.215779564688,0.277595395173,-1.6501368891,-0.560677408192,0.414316226583,0.521275433863,0,0.00785398163397,-0,-0.0010471975512,-0.00209439510239,-0.0115191730632,-7.62924573903e-05,2.1168529098e-05,0.000190097488926,0.000297079601739,-0.000401007110536,4.24079609012e-05,-0.000321533765113,-1.31521880462e-05,5.44876815383e-05,-2.35077510724e-05,-5.94695423461e-09,-7.03676710867e-09,0.0131017813069,-0.145129799048,0.0897586299119,0.0354785032371,0.0291003528644,0.0122818849217,0.0127802475418,-0.03,0.03,0.015,0.015,0.0122818778849,0.00882,0.18144,-0.1353,0.0006,-0.007,0.0016
0.001,0.000693753,11.289,1,-0.215779364951,0.277603584393,-1.65013808752,-0.560679805037,0.414312871,0.5212624909,0,0.00785398163397,-0.00174532925199,-0.0010471975512,-0.00314159265359,-0.0115191730632,-7.76786644661e-05,2.16081798159e-05,0.000196399734211,0.000310207974836,-0.000413567674279,4.30381377357e-05,-0.000642219144947,-2.67717596607e-05,0.000108740086004,-4.70081044481e-05,-1.72176947422e-08,-1.38058369814e-08,0.0135634465803,-0.164064804391,0.107070564199,0.0396615375687,0.0342423800505,0.0119739175571,0.0129212274353,-0.06,0.06,0.03,0.03,0.0119739037513,0.06174,0.12411,-0.1397,0.0086,-0.0036,-0.0008
0.002,0.001787213,6.459,1,-0.215778965477,0.277612173088,-1.65014028463,-0.560684598727,0.414309275733,0.52125074636,0,0.00872664625997,-0.00261799387799,-0.00523598775598,-0.00418879020479,-0.0115191730632,-7.88597588522e-05,2.19779350205e-05,0.000203750055047,0.00032403141449,-0.000428183192371,4.27509804637e-05,-0.00128430434418,-5.3434953216e-05,0.000217387972812,-9.39677013747e-05,-3.96779315237e-08,-2.78551462881e-08,0.0159747684848,-0.196666432389,0.133404670685,0.0506755330093,0.041508007446,0.0155038171302,0.0146904641406,-0.09,0.09,0.045,0.0415079677681,0.015503789275,-0.00252,0.13419,-0.13475,0.01,-0.0002,-0.0064
0.003,0.002703944,5.232,1,-0.215778366266,0.277622359679,-1.65014288121,-0.560693227369,0.41430592015,0.521239720873,0,0.010471975512,-0.00261799387799,-0.010471975512,-0.00314159265359,-0.00942477796077,-8.01008645325e-05,2.23649468248e-05,0.000212760163995,0.000340218664874,-0.000445309438977,4.08043509843e-05,-0.00192474910528,-8.02253210885e-05,0.000326009089896,-0.000140771964541,-5.54188317459e-08,-4.17055233563e-08,0.0167536201552,-0.231382121362,0.158552385207,0.0607679290444,0.0469273289681,0.0179097324614,0.0148288710499,-0.12,0.12,0.06,0.0469272735493,0.0179096907559,0.00756,0.16506,-0.1375,0.0128,-0.0006,-0.0012
0.004,0.003703087,3.733,1,-0.215777966792,0.277633744692,-1.65014587726,-0.560705451278,0.414302564567,0.521228455702,0,0.011344640138,-0.00261799387799,-0.0136135681656,-0.00418879020479,-0.010471975512,-8.13317275778e-05,2.30128034114e-05,0.000223170908774,0.00035959438501,-0.00046471852927,3.78009348275e-05,-0.00256282766331,-0.000106533157641,0.000433963248916,-0.000187512317843,-7.62875380922e-08,-5.54733179363e-08,0.0195968026062,-0.254296977242,0.175543110607,0.0693929251243,0.0520663707737,0.0217427836387,0.0170339749429,-0.15,0.15,0.0692054128064,0.0520662944862,0.0217427281654,0.01701,0.16128,-0.1331,0.0184,0.0088,-0.0054
0.005,0.004823213,3.343,1,-0.215776968106,0.277645129706,-1.65014887332,-0.560717914872,0.414298969299,0.521216950846,0.000872664625997,0.011344640138,-0.00261799387799,-0.0125663706144,-0.00209439510239,-0.0115191730632,-8.254888126e-05,2.3293789006e-05,0.000233633948185,0.000379429328675,-0.000484382560547,3.42333090784e-05,-0.00320001725627,-0.000132853548539,0.000541860594216,-0.000234150742796,-9.40464177368e-08,-6.92636149439e-08,0.00466268254489,-0.247076369394,0.170475176941,0.0681017489828,0.0478578040219,0.0219309590783,0.00146266528862,-0.18,0.171017037535,0.06786759824,0.0478577099755,0.0219308898147,0.0189,0.14931,-0.12265,0.0158,0.0008,-0.0138
0.006,0.005646245,3.496,1,-0.215775769684,0.277655915509,-1.65015226885,-0.560728940359,0.414294654978,0.521204966621,0.000872664625997,0.010471975512,-0.00261799387799,-0.00942477796077,-0.00418879020479,-0.0115191730632,-8.36575772569e-05,2.34045397427e-05,0.000243788140631,0.00039846938798,-0.000504187059711,3.13274208654e-05,-0.00383697931676,-0.000160092411857,0.000650022609982,-0.00028066602778,-1.10548277865e-07,-8.28984802309e-08,0.00651736626074,-0.23494483748,0.161711120952,0.0623801140528,0.0473974216853,0.0193371753244,0.00268038694398,-0.21,0.162361143562,0.062099448025,0.047397311137,0.0193370924259,-0.00378,0.15813,-0.13585,0.0078,-0.005,-0.0016
0.007,0.00681885,3.326,0,-0.215774970736,0.277666901048,-1.65015566438,-0.560739007108,0.414290100973,0.521191544289,0.000872664625997,0.010471975512,-0.00261799387799,-0.00942477796077,-0.00418879020479,-0.0136135681656,-8.48599394379e-05,2.37658819618e-05,0.000253965422484,0.000418027359203,-0.000524201973853,2.92734312594e-05,-0.00447235868361,-0.00018581370448,0.000757232160332,-0.000327196855154,-1.37499594516e-07,-9.68773323861e-08,0.00651444292847,-0.235898328134,0.162253305711,0.0646593084123,0.0476621818341,0.0215293784852,0.00204208424486,-0.236084141838,0.163010537871,0.0643321115572,0.0476620443345,0.0215292816078,0.05229,0.15435,-0.1331,0.0082,-0.0056,-0.005
0.008,0.008027068,11.547,0,-0.215774371524,0.277678286062,-1.6501584607,-0.560750272279,0.414285546967,0.521177882273,0,0.011344640138,-0.00174532925199,-0.0115191730632,-0.00418879020479,-0.0146607657168,-8.61741171196e-05,2.43230236665e-05,0.000264267069353,0.000438965782689,-0.000544262328169,2.69998256096e-05,-0.00510537521044,-0.00021172676238,0.00086439695079,-0.000373543139061,-1.54146839654e-07,-1.10420975273e-07,0.0198344997053,-0.246974817968,0.167085688971,0.0695494927874,0.0505211379739,0.0245980236403,0.0147291244948,-0.247186544731,0.167950085922,0.0691759496483,0.050520983827,0.0245979132193,-0.0252,0.14112,-0.1452,0.0064,-0.0016,-0.0088
0.009,0.009004574,12.019,0,-0.215774171787,0.277691268972,-1.65016065781,-0.560763454926,0.414281472331,0.521162782149,0,0.01308996939,-0.00174532925199,-0.0136135681656,-0.00314159265359,-0.0136135681656,-8.78096254444e-05,2.52525013145e-05,0.000275493010942,0.000462881701625,-0.000565266910663,2.42163991939e-05,-0.00573811071791,-0.00023917640938,0.000971802863338,-0.000419788655799,-1.68415944718e-07,-1.24012495753e-07,0.0201752484288,-0.27513718803,0.185808625062,0.0756466423202,0.0547830464536,0.0252139731028,0.0144371377109,-0.275376364439,0.186780427926,0.0752268536644,0.0547828780377,0.0252138490903,0,0.16317,-0.12485,0.0162,0.002,0.0066
0.01,0.009820864,4.568,0,-0.215774770998,0.277704651356,-1.65016205597,-0.560778315365,0.414277637379,0.521148880448,0,0.012217304764,-0.000872664625997,-0.0146607657168,-0.00314159265359,-0.0146607657168,-8.95615354625e-05,2.67689979752e-05,0.000286790186301,0.000487222121244,-0.000586010987956,2.15264561156e-05,-0.00636924894992,-0.00026547392779,0.00107859410776,-0.00046597730147,-1.83036108659e-07,-1.37779363644e-07,0.0202689017386,-0.258699918453,0.173848578736,0.0750800608328,0.0514198441501,0.0277151033307,0.0138996527887,-0.258965392381,0.174927172844,0.0746140835314,0.051419661114,0.0277149655514,0.04599,0.17892,-0.1177,0.0138,-0.0044,-0.015
0.011,0.010819482,5.518,1,-0.21577537021,0.277716835318,-1.65016285492,-0.560791737697,0.414274042111,0.521134020009,-0.000872664625997,0.010471975512,-0,-0.0115191730632,-0.00314159265359,-0.0146607657168,-9.123663954e-05,2.8198588796e-05,0.000296848611402,0.00051158831526,-0.00060450126379,1.92191942507e-05,-0.00699886559757,-0.000291167540556,0.00118527544254,-0.000512036891818,-2.01595696581e-07,-1.51337394295e-07,0.030604297272,-0.221893369737,0.145218847525,0.0650764879527,0.0454337152518,0.0255210244084,0.0236054316745,-0.228965392381,0.146404122968,0.0645644510609,0.0454335136561,0.025520873071,0.00252,0.16128,-0.11935,0.0218,-0.0084,-0.0026
0.012,0.011693435,6.125,0,-0.215775170473,0.277727820858,-1.6501638536,-0.560802763184,0.414270926213,0.521118440517,0.000872664625997,0.00959931088597,-0.000872664625997,-0.00837758040957,-0.00209439510239,-0.0157079632679,-9.27625116469e-05,2.89641499531e-05,0.000305898726055,0.000534693810611,-0.00062112071706,1.67115796891e-05,-0.00762760803943,-0.000316508376986,0.00129156220817,-0.000558067002652,-2.27149153792e-07,-1.65086642805e-07,0.00395384322398,-0.207341996133,0.138080859795,0.060601134949,0.0399838924012,0.0238089639288,-0.00367376481544,-0.20765850451,0.139372422003,0.0600430679464,0.0399836652521,0.0238087988421,0.01512,0.18207,-0.12595,0.021,-0.0034,-0.0082
0.013,0.012779147,5.288,0,-0.215775170473,0.277737607975,-1.65016485229,-0.560810912457,0.414268049999,0.521102861025,0,0.00872664625997,-0.000872664625997,-0.00628318530718,-0.00209439510239,-0.0146607657168,-9.41962905252e-05,2.97129750898e-05,0.000313805870221,0.000555423594375,-0.000635784194025,1.52893526645e-05,-0.00825523497149,-0.000343304702437,0.00139794249279,-0.000603942564532,-2.42518857857e-07,-1.78653025434e-07,0.0145402030538,-0.192667685263,0.126546397177,0.0548648585917,0.0384066741065,0.0211344626599,0.00628496808226,-0.193010989965,0.12794433967,0.0542609160272,0.0384064315877,0.0211342840068,0.04536,0.16632,-0.1221,0.0146,0,-0.0004
0.014,0.013836552,6.522,0,-0.215774571261,0.277745996932,-1.65016605071,-0.560817383939,0.414265653154,0.521086322794,0,0.00785398163397,-0.000872664625997,-0.00523598775598,-0.0010471975512,-0.0178023583703,-9.53992904335e-05,2.99345145404e-05,0.000320671389428,0.000575833415755,-0.000648524717891,1.36146657024e-05,-0.00888126889955,-0.000369806367164,0.00150390488436,-0.000649759459717,-2.66041570607e-07,-1.9217389727e-07,0.0119970282328,-0.175660736357,0.114581729848,0.0540806028453,0.0345159493288,0.0236063116049,0.0031157593333,-0.176030542724,0.116085634732,0.0534308433856,0.0345156832872,0.0236061194311,-0.00189,0.13293,-0.12705,0.0106,-0.001,-0.0142
0.015,0.014834315,5.917,0,-0.215773572576,0.277754186153,-1.65016784834,-0.560822896682,0.414263735678,0.52106906551,0.000872664625997,0.00785398163397,-0.000872664625997,-0.00523598775598,-0.0010471975512,-0.0167551608191,-9.6519518335e-05,2.98159025811e-05,0.000327526309865,0.000595999533414,-0.00066104792223,1.16353181108e-05,-0.00950583519373,-0.000394746649743,0.00160946454176,-0.000695497502315,-2.85753661233e-07,-2.05677138213e-07,0.00024214154528,-0.176056707596,0.116035019089,0.0532600015279,0.0333792718012,0.022660515766,-0.00926369364845,-0.176451454246,0.117644483631,0.0525645040256,0.0333789860475,0.0226603100888,-0.01008,0.16002,-0.12265,0.0112,-0.0084,-0.0078
0.016,0.015828715,4.492,0,-0.215773372839,0.277762175636,-1.65016964598,-0.56082864911,0.41426277694,0.521051328858,0,0.00785398163397,-0.00174532925199,-0.00418879020479,-0.0010471975512,-0.0188495559215,-9.75847761927e-05,3.01534216091e-05,0.000334200857416,0.0006169051564,-0.000672593895679,9.89481376575e-06,-0.0101293366328,-0.000421394823956,0.00171534879853,-0.000741057210349,-2.94717707461e-07,-2.19022230875e-07,0.0110997399229,-0.182728449991,0.12078648706,0.0556718559296,0.0362297003938,0.0237134001857,0.000970403290129,-0.183149844815,0.122501835859,0.0549307987192,0.0362294056761,0.0237131811635,0.01827,0.17325,-0.1199,0.0188,0.0038,-0.0158
0.017,0.016826107,4.693,0,-0.215773572576,0.277769765645,-1.65017144361,-0.560834641222,0.414262297571,0.521032154098,0,0.00698131700798,-0.00174532925199,-0.00628318530718,-0,-0.0188495559215,-9.85535768505e-05,3.07057237174e-05,0.000340612358779,0.000639555106278,-0.000683380593404,8.22984410301e-06,-0.010751280775,-0.000446821490797,0.00182055438497,-0.000786584336526,-3.1829317082e-07,-2.3252652844e-07,0.0090534047859,-0.172952162648,0.11584929984,0.057060332969,0.033538909247,0.0259307027922,-0.00169787598911,-0.173398984139,0.117669854225,0.0562737486324,0.0335385909538,0.0259304702657,0.00189,0.17262,-0.11495,0.0122,-0.0026,-0.0068
0.018,0.017829206,4.86,0,-0.215773772313,0.277776157232,-1.65017384046,-0.560840153966,0.414262057886,0.521011541231,0,0.00523598775598,-0.00174532925199,-0.00418879020479,-0,-0.0198967534727,-9.92051753317e-05,3.11524366381e-05,0.000346470170726,0.00066333208152,-0.000693277621579,6.61199014122e-06,-0.0113715492575,-0.00047330252465,0.00192599416549,-0.000831930550998,-3.2870315822e-07,-2.4607532288e-07,0.00715728598699,-0.14440012475,0.0966003457065,0.0512307523663,0.0283250236699,0.0255532005154,-0.00421426327049,-0.144873427275,0.098526339872,0.0503988218153,0.0283246949667,0.0255529544401,0.03906,0.15876,-0.1265,0.0126,-0.0028,-0.0084
0.019,0.018832487,4.974,0,-0.21577397205,0.277781350396,-1.6501762373,-0.560845666709,0.414261818202,0.520990928364,0,0.00349065850399,-0.00261799387799,-0.00314159265359,-0,-0.0198967534727,-9.96073781808e-05,3.1539756562e-05,0.000351577320222,0.000687364987713,-0.000702005536362,4.99556430012e-06,-0.0119916156545,-0.000499113931294,0.0020308262588,-0.000877299732359,-3.50268965804e-07,-2.59355109644e-07,0.00482693920637,-0.125826889597,0.0869276266842,0.0478869477462,0.0252886648873,0.0249015683163,-0.00716467644816,-0.126326003528,0.088958452943,0.0470096480139,0.0252883146184,0.0249013089612,-0.00063,0.17514,-0.11385,0.0218,0.004,-0.0046
0.02,0.019696057,4.749,0,-0.215772773628,0.277785944349,-1.65017903362,-0.560850939768,0.414260859464,0.520969596444,0.000872664625997,0.00349065850399,-0.00261799387799,-0.00523598775598,-0,-0.0209439510239,-9.98350440051e-05,3.10135966817e-05,0.000356529285762,0.000711942472237,-0.000711111853465,2.42082478163e-06,-0.0126101213019,-0.00052371038818,0.00213498504566,-0.000922636335696,-3.81706111385e-07,-2.72794604552e-07,-0.00669971249331,-0.129894976893,0.0920343475566,0.0523245564327,0.0249047227367,0.0279895049697,-0.0193098337952,-0.130418687282,0.0941693326023,0.051401920097,0.0249043410306,0.0279892321751,-0.03024,0.1638,-0.12705,0.006,-0.0044,-0.005
0.021,0.020821091,4.568,0,-0.215771774942,0.277790538302,-1.65018182994,-0.560856212827,0.414259181672,0.520948983577,0.000872664625997,0.00436332312999,-0.00261799387799,-0.00418879020479,-0.0010471975512,-0.0188495559215,-0.000100062731521,3.06477853736e-05,0.000361546115904,0.000735800367915,-0.000720842781968,4.05691682759e-07,-0.0132269693696,-0.000549670148306,0.00223966245593,-0.000967743831365,-3.94648019097e-07,-2.86094663828e-07,-0.00470037857706,-0.143849596484,0.100646124317,0.0512146315924,0.0282701125152,0.0248689449552,-0.0179273479466,-0.144399266632,0.102885786773,0.050246887761,0.0282697178672,0.0248686588605,0,0.1323,-0.13475,0.0172,-0.0072,-0.0044
0.022,0.021830255,4.894,0,-0.215771175731,0.277795531729,-1.65018402705,-0.560861006517,0.414258462619,0.520929808817,0,0.00436332312999,-0.00174532925199,-0.00418879020479,-0,-0.0188495559215,-0.000100493871608,3.05082505354e-05,0.000366384960614,0.000757822418195,-0.000729451024117,-1.52063615484e-06,-0.0138428820402,-0.000575383959692,0.00234404678138,-0.00101277332826,-4.09806134388e-07,-2.993923058e-07,0.00581489467219,-0.134867259686,0.0910969733747,0.0493882974281,0.0265034187065,0.0251652568187,-0.00802798736802,-0.135442643646,0.0934410201561,0.0483755240999,0.0265030089004,0.0251649574264,0.03843,0.15246,-0.11605,0.0114,-0.0058,-0.0082
0.023,0.022694368,4.965,0,-0.215770776257,0.277801324104,-1.65018542521,-0.560865560523,0.41425798325,0.520911113426,0,0.00610865238198,-0,-0.00418879020479,-0,-0.0167551608191,-0.000101230177241,3.05359771465e-05,0.000371298195613,0.000779148171922,-0.00073780320567,-3.28293643933e-06,-0.0144571339114,-0.000601786866799,0.0024483275666,-0.00105769437867,-4.21905097303e-07,-3.12903194835e-07,0.00837261742435,-0.145347806446,0.0927443728589,0.0478218859991,0.0275737191237,0.0231774809364,-0.00608451648701,-0.145949593313,0.0951927004255,0.0467641916205,0.0275732972186,0.0231771680332,0,0.16758,-0.12045,0.0058,-0.0022,-0.0028
0.024,0.02371405,3.896,0,-0.215770376783,0.277807515954,-1.65018642389,-0.560870114528,0.414257024512,0.520892178351,0,0.00610865238198,-0,-0.00314159265359,-0,-0.0178023583703,-0.000102112191676,3.06139012599e-05,0.000376317649867,0.000800711308301,-0.000746570350592,-4.80630235444e-06,-0.0150705366108,-0.00062726921864,0.00255228542742,-0.00110253908356,-4.42112931848e-07,-3.25969115187e-07,0.00808505133613,-0.14358872085,0.0908539243966,0.0473222812295,0.0272833339194,0.0233738662164,-0.00698548527472,-0.144215990068,0.0934062098241,0.0462197421459,0.0272828918064,0.0233735402473,0.02394,0.16632,-0.12155,0.0144,-0.006,-0.011
0.025,0.024719312,3.355,0,-0.215770376783,0.277813308329,-1.6501870231,-0.56087394948,0.414256545143,0.520874202013,0,0.00523598775598,-0.000872664625997,-0.00314159265359,-0.0010471975512,-0.0167551608191,-0.000103013065793,3.08932527966e-05,0.000380764414861,0.000820829908996,-0.000753998616111,-5.91700251923e-06,-0.0156822926751,-0.000652211376522,0.00265559982211,-0.0011473492074,-4.66310530939e-07,-3.39189474214e-07,0.00819499636345,-0.142453583739,0.0932678164373,0.0469059925815,0.028287954354,0.0224272541526,-0.00748729631165,-0.143105795115,0.0959234162594,0.0457586433741,0.0282874880435,0.0224269149632,0.02772,0.14301,-0.1111,0.011,-0.0028,-0.0076
0.026,0.025817764,3.363,0,-0.215770376783,0.277819500178,-1.65018742258,-0.560877544748,0.414256305458,0.520856225676,0,0.00523598775598,-0,-0.00314159265359,-0,-0.0167551608191,-0.000104041832394,3.11713062939e-05,0.00038531576997,0.000840684966612,-0.00076136575024,-7.06404078408e-06,-0.0162924344878,-0.000677237607345,0.00275884494563,-0.00119202851363,-4.7908898565e-07,-3.52420764024e-07,0.0070981567533,-0.132692852231,0.0842459249377,0.0449241580419,0.0252140694016,0.0227133642012,-0.00919427773453,-0.133370089838,0.0870047698834,0.0437321295282,0.0252135903127,0.0227130117804,0.01953,0.14553,-0.1254,0.0102,-0.0064,0.001
0.027,0.026658122,3.395,0,-0.21577057652,0.277826091502,-1.65018802179,-0.560880420962,0.414255826089,0.520838968392,0,0.00610865238198,-0,-0.00209439510239,-0,-0.0167551608191,-0.000105161486694,3.15753521483e-05,0.000390140126829,0.000859035986771,-0.000769382072372,-7.64109185844e-06,-0.0169016953153,-0.000702263916509,0.00286202276677,-0.00123660608692,-4.98267840099e-07,-3.65673969561e-07,0.0076074443871,-0.143487545208,0.0902065177189,0.0452851614743,0.027193698403,0.0216596488134,-0.0092942509282,-0.144189809125,0.0930685404857,0.0440485553873,0.0271932001351,0.0216592831394,0.0063,0.18018,-0.1254,0.0114,0.0006,-0.0144
0.028,0.027633592,3.399,0,-0.21577057652,0.277832283352,-1.65018822153,-0.560883057491,0.414255826089,0.520822669846,0,0.00610865238198,-0,-0.00209439510239,-0,-0.0157079632679,-0.000106274074504,3.18079857886e-05,0.000394452610046,0.000876378962073,-0.000776153299207,-8.57149518e-06,-0.0175099890796,-0.000727964947469,0.00296516309173,-0.00128107989306,-5.17960649205e-07,-3.78943741898e-07,0.00747881012382,-0.144304155133,0.0908204220285,0.0445079704417,0.0272881106445,0.0206991582058,-0.0100311789558,-0.14503212008,0.0937855851203,0.0432268905486,0.0272875926839,0.0206987792621,-0.00126,0.16632,-0.12375,0.0114,-0.0014,-0.0018
0.029,0.028826513,3.366,0,-0.215770177046,0.277838075727,-1.65018802179,-0.56088569402,0.414255586405,0.520807569723,0,0.00523598775598,-0,-0.00209439510239,-0,-0.0146607657168,-0.00010736631299,3.17836540474e-05,0.00039835005124,0.000892695165652,-0.000782353000333,-9.78203044217e-06,-0.0181173478343,-0.000753420239107,0.00306801038188,-0.00132547556851,-5.39881596207e-07,-3.91987279654e-07,0.0065444856662,-0.132721113447,0.0837424355871,0.0418710799817,0.025096467074,0.0199203799338,-0.0115728621681,-0.133474533686,0.0868104459689,0.0405456044132,0.0250959271924,0.0199199879465,0.01449,0.1764,-0.1232,0.0068,-0.0052,-0.0118
0.03,0.029839832,3.367,0,-0.215770177046,0.277843468628,-1.65018762231,-0.560888570234,0.414255107036,0.520793428338,0,0.00523598775598,-0,-0.00209439510239,-0,-0.0136135681656,-0.000108393651562,3.20148597673e-05,0.000401955546667,0.000908400100028,-0.00078822252241,-1.05563228295e-05,-0.0187223632212,-0.00077835648786,0.00317015356021,-0.00136983166163,-5.57493749109e-07,-4.04934654639e-07,0.00640562295842,-0.13344218979,0.084290839151,0.0410675272039,0.0251737783162,0.0189517013496,-0.0123167402628,-0.134220546278,0.0874609927112,0.0396976955423,0.0251732208225,0.0189512964149,0.02457,0.16128,-0.1254,0.0148,-0.0016,-0.0106
0.031,0.030835117,3.401,0,-0.215770177046,0.277848262318,-1.65018742258,-0.560891206764,0.414255107036,0.520780006006,0,0.00349065850399,-0,-0.00209439510239,-0,-0.0136135681656,-0.000109278264498,3.21722534327e-05,0.000405205534248,0.000923251680376,-0.000793238705702,-1.14848901676e-05,-0.0193257608124,-0.000803723009028,0.00327254936235,-0.00141398484928,-5.67826908576e-07,-4.17947055721e-07,0.00471854942068,-0.109199418961,0.0692756044016,0.0375240887351,0.0206947587005,0.0193996461206,-0.0146072113918,-0.11000314197,0.072548153764,0.0361101038858,0.0206941908735,0.0193992281735,0.02961,0.15309,-0.10835,0.0112,0.0026,-0.0178
0.032,0.031817503,3.345,0,-0.215770376783,0.277852656534,-1.65018762231,-0.560893603609,0.414254387982,0.520766343989,0,0.00349065850399,-0,-0.0010471975512,-0,-0.0115191730632,-0.000110029663823,3.24472025445e-05,0.00040842532832,0.000938124491823,-0.000798829281491,-1.17733129771e-05,-0.0199290002099,-0.000829025221069,0.00337489590338,-0.00145806538095,-5.88156910453e-07,-4.30993817949e-07,0.00442137159144,-0.107872529936,0.0678862253443,0.0340670820486,0.0203599346998,0.016420989777,-0.0155076286184,-0.108701555157,0.0712611212477,0.0326090166677,0.0203593465429,0.0164205587832,-0.03402,0.16758,-0.12045,0.0128,-0.0076,0
0.033,0.032839522,3.364,0,-0.21577057652,0.277856851013,-1.65018822153,-0.560896000454,0.414253908613,0.520753640711,0,0.00436332312999,-0,-0.0010471975512,-0.0010471975512,-0.0125663706144,-0.000110676869313,3.26781712269e-05,0.000411685991076,0.000951995352422,-0.000804408311083,-1.21799214385e-05,-0.0205306078551,-0.000854102892269,0.00347688883402,-0.00150206319181,-6.0241454361e-07,-4.4401169774e-07,0.00659379620659,-0.123154656739,0.07777201233,0.0374138042305,0.0240854804505,0.0173506899956,-0.0139368116485,-0.124008759631,0.081248901164,0.0359117410387,0.0240848780359,0.0173502459839,0.01953,0.14616,-0.1298,0.016,0.0008,-0.011
0.034,0.033825394,3.51,0,-0.215771575205,0.277860246543,-1.65018882074,-0.560898397299,0.414253668929,0.520741656486,-0.000872664625997,0.00261799387799,-0.000872664625997,-0.00209439510239,-0,-0.010471975512,-0.000111157850464,3.33627769323e-05,0.000414424156241,0.000965316830129,-0.000808999273433,-1.19066019282e-05,-0.0211312955006,-0.000878569663335,0.00357825106915,-0.00154605557341,-6.29009981157e-07,-4.57196119225e-07,0.0146304517994,-0.107187235369,0.0698573142706,0.0351239320649,0.0217171014626,0.0164676616753,-0.00650084370121,-0.108065805033,0.0734355653398,0.0335778764915,0.0217164724526,0.0164672044792,0.01953,0.15561,-0.1276,0.0064,0.0002,-0.0076
0.035,0.034710172,4.088,0,-0.215772374153,0.277863841811,-1.65018882074,-0.560901273513,0.414253668929,0.520729911946,0,0.00349065850399,-0,-0.00209439510239,-0,-0.010471975512,-0.000111748133077,3.39395147913e-05,0.000417047411635,0.000978924621242,-0.000813088286293,-1.2119790014e-05,-0.0217303730909,-0.000903114362842,0.00367953879273,-0.00158991706277,-6.48947538318e-07,-4.70167276911e-07,0.00420724618591,-0.111459998224,0.0710432505,0.0351807710995,0.0209507452187,0.0165364001572,-0.017523126905,-0.112363112587,0.0747227892927,0.0335908540367,0.0209500962712,0.0165359299899,0.01512,0.15372,-0.13255,0.0158,-0.0064,-0.009
0.036,0.035669739,3.376,0,-0.215772773628,0.277867437078,-1.65018802179,-0.560904629096,0.414253429245,0.520718646774,0,0.00349065850399,0.000872664625997,-0.00314159265359,-0,-0.0115191730632,-0.000112437742144,3.43019960828e-05,0.000419379603494,0.000992661093133,-0.000816699946794,-1.27797954019e-05,-0.0223271218576,-0.000927795156528,0.00378072873417,-0.00163361869125,-6.63387061867e-07,-4.82912436649e-07,0.00478672221026,-0.10610642394,0.0658758037938,0.0361574587079,0.0196070637452,0.018797746742,-0.0175403996473,-0.107034219096,0.069656532528,0.0345238400167,0.0196064003581,0.0187972638295,0.00756,0.14679,-0.1397,0.0104,-0.0028,-0.0148
0.037,0.036823297,3.375,0,-0.215772773628,0.277871631557,-1.65018662363,-0.560908703732,0.41425318956,0.520707621287,0,0.00349065850399,0.000872664625997,-0.00418879020479,-0,-0.010471975512,-0.000113306788441,3.44645984145e-05,0.000421899278728,0.00100681811455,-0.000820455910344,-1.40901185077e-05,-0.0229236230826,-0.000953092984911,0.00388190466027,-0.00167724587293,-6.77201328153e-07,-4.9591117059e-07,0.00475523010238,-0.108884386102,0.0684557998015,0.0370003599886,0.0200554585277,0.0187799514323,-0.0181683929802,-0.109837479087,0.0723377044618,0.0353231141157,0.0200547813264,0.0187794555211,0.01827,0.16821,-0.1254,0.012,-0.0016,-0.012
0.038,0.037832909,3.374,0,-0.215772573891,0.277876025773,-1.65018462626,-0.560912778369,0.41425318956,0.520697314854,0,0.00436332312999,0.00174532925199,-0.00418879020479,-0,-0.010471975512,-0.000114311758179,3.45060936592e-05,0.000424242738752,0.00102034032542,-0.000823613912702,-1.57189717394e-05,-0.0235192545595,-0.000977168462089,0.00398247881239,-0.00172084509069,-6.99741475402e-07,-5.08649758403e-07,0.00588825194466,-0.113894845395,0.0690242249961,0.0371735490867,0.0205709438832,0.0188475557539,-0.0176310026149,-0.114872013857,0.0730067038085,0.0354527039961,0.0205702441417,0.0188470471041,-0.01134,0.13482,-0.13365,0.0122,0.0022,-0.0148
0.039,0.038829903,3.355,0,-0.215771774942,0.277880819463,-1.65018262889,-0.560916373636,0.414252710191,0.520687487789,0.000872664625997,0.00436332312999,0.00174532925199,-0.00314159265359,-0,-0.00837758040957,-0.000115425923358,3.41820256337e-05,0.000426817252612,0.00103286042489,-0.00082748124991,-1.7541498586e-05,-0.0241132009542,-0.00100197726868,0.00408299235569,-0.00176431170623,-7.23975670192e-07,-5.21392463784e-07,-0.0061790970125,-0.111722484184,0.0681418389208,0.0335511582098,0.0189027674136,0.0158578567768,-0.0302922979667,-0.112724461452,0.0722248312765,0.0317868465036,0.018902043438,0.0158573353843,0.03402,0.17136,-0.12595,0.0142,-0.0098,-0.0066
0.04,0.039829561,3.386,0,-0.215770776257,0.277886212364,-1.65018083125,-0.560919968904,0.414252710191,0.520678379779,0,0.00523598775598,0.000872664625997,-0.00209439510239,-0,-0.00837758040957,-0.000116633524885,3.37144505205e-05,0.000429818532926,0.00104449002719,-0.000831713964681,-1.98029054196e-05,-0.0247055341383,-0.00102687080192,0.00418343689651,-0.00180764790662,-7.36819205399e-07,-5.3437049374e-07,0.00520947857136,-0.130688183559,0.0806343496887,0.0357343778782,0.0239078627915,0.0145829452415,-0.0194960555669,-0.131715054361,0.0848177865852,0.0339267299716,0.0239071259723,0.0145824108711,-0.03717,0.16128,-0.12155,0.012,0.0022,-0.013
0.041,0.040834094,3.364,0,-0.215769977308,0.277891605265,-1.65017983257,-0.560923084802,0.414252470507,0.520669271768,0.000872664625997,0.00523598775598,-0,-0.00314159265359,-0,-0.00837758040957,-0.000117741612689,3.33361977606e-05,0.00043315284817,0.00105550901744,-0.000836837413263,-2.15777840083e-05,-0.025296354981,-0.00105080903688,0.00428344481044,-0.00185092776579,-7.54264226993e-07,-5.47309935983e-07,-0.00714265437854,-0.140245888934,0.0909374205938,0.0391866365999,0.024859246363,0.0154105315915,-0.0324390093596,-0.141296697971,0.0952208654043,0.0373357088341,0.0248584920988,0.0154099842815,0.00819,0.15624,-0.13915,0.0126,-0.0084,-0.0106
0.042,0.041829119,3.432,0,-0.215770177046,0.277896798429,-1.65017923336,-0.560925481647,0.414252470507,0.52066088281,0,0.00436332312999,-0,-0.00209439510239,-0,-0.00628318530718,-0.000118785038467,3.35330263751e-05,0.000436435424662,0.00106510847816,-0.000841805587208,-2.22216094458e-05,-0.0258868350803,-0.00107639155755,0.00438379563189,-0.00189405841666,-7.64596655989e-07,-5.59880234874e-07,0.00337735714325,-0.127360591312,0.0813182259492,0.0339888110604,0.0235458254449,0.0125916285387,-0.0225094779371,-0.128436982869,0.0857020215811,0.0320947526437,0.0235450608482,0.0125910686584,0.03528,0.16569,-0.13475,0.0112,-0.0032,0.002
0.043,0.042829632,3.349,0,-0.21577057652,0.277901791856,-1.65017903362,-0.560927399123,0.414252710191,0.520653452591,0,0.00436332312999,-0,0,-0,-0.00733038285838,-0.000119750166341,3.37977876562e-05,0.000439696183009,0.00107326673094,-0.000846664933742,-2.26176264864e-05,-0.0264757090949,-0.00110050124971,0.00448323708315,-0.00193718041702,-7.90157768854e-07,-5.72361765327e-07,0.00286046181215,-0.123162979694,0.0771257912205,0.0316898889796,0.0227986483951,0.0117623660351,-0.0236152472827,-0.124263480943,0.0816090283037,0.0297527085626,0.0227978582373,0.0117617936734,0.04662,0.18018,-0.132,0.0242,-0.0052,-0.015
0.044,0.043718593,3.365,0,-0.215770376783,0.277906186072,-1.65017883388,-0.560928597546,0.414252710191,0.520647220794,0,0.00436332312999,-0,-0.00209439510239,-0,-0.00418879020479,-0.000120630232881,3.36325951529e-05,0.000442511064074,0.00107969779568,-0.000851002516736,-2.32417319911e-05,-0.0270623130002,-0.00112464740805,0.00458248492295,-0.00198019167346,-8.10284134789e-07,-5.85259780289e-07,0.00291141673496,-0.128643837191,0.0823312529774,0.0322666258571,0.0236550121804,0.0105701700406,-0.0241508962653,-0.129768484599,0.0869137379003,0.0302864341836,0.0236542018962,0.0105695847808,-0.01512,0.15183,-0.132,0.007,-0.0092,-0.0058
0.045,0.044712534,3.388,0,-0.215769777571,0.277909781339,-1.65017843441,-0.560929076915,0.414252470507,0.52064170805,0.000872664625997,0.00261799387799,-0,0,-0.0010471975512,-0.00523598775598,-0.000121414667128,3.31619818347e-05,0.000444660419909,0.00108496496252,-0.000854428383386,-2.3894082952e-05,-0.0276487200541,-0.00114879939847,0.00468174776657,-0.00202310603102,-8.26185195951e-07,-5.97984833622e-07,-0.00932986141201,-0.101564346493,0.0654632304575,0.0265112517068,0.0184104658621,0.0101009139428,-0.0369785814662,-0.102713145891,0.070144978224,0.0244881456758,0.0184096396769,0.010100315958,-0.00252,0.18522,-0.1353,0.0138,-0.0004,-0.0188
0.046,0.045655712,3.505,0,-0.215769378097,0.277913376607,-1.6501778352,-0.560929316599,0.414252710191,0.520636674676,0.000872664625997,0.00261799387799,-0,0,-0,-0.00418879020479,-0.000122244067426,3.27834841799e-05,0.000446642661047,0.00108957506133,-0.000857195665684,-2.449974317e-05,-0.0282334746478,-0.00117276464005,0.00478069464047,-0.00206591374488,-8.45510857328e-07,-6.1069541479e-07,-0.0111929353199,-0.0993321771573,0.0637209186559,0.025202531229,0.0170487406822,0.00907676594159,-0.0394264099677,-0.100504941797,0.0685016132964,0.0231366174841,0.0170478951713,0.00907615524618,0.02898,0.18144,-0.12485,0.0136,-0.0086,-0.0108
0.047,0.046840486,3.341,0,-0.21576917836,0.277916372663,-1.6501778352,-0.560929556284,0.414253429245,0.52063212067,0,0.00174532925199,-0,0,-0,-0.00314159265359,-0.0001228542471,3.24463564891e-05,0.000448486747592,0.0010937076139,-0.000859546837156,-2.51464386805e-05,-0.0288172601692,-0.00119741199214,0.00487960965967,-0.0021086177536,-8.6065100588e-07,-6.23199648708e-07,-0.000611880291314,-0.0882220996972,0.0558890225704,0.0225824055489,0.0160953675241,0.0082363358866,-0.0294291404605,-0.0894195116893,0.0607686322301,0.0204737877953,0.0160945068731,0.00823571268695,0.01386,0.17325,-0.1265,0.0166,-0.0038,-0.0014
0.048,0.047822145,3.343,0,-0.215768978623,0.277919168982,-1.65017803493,-0.560929076915,0.414254387982,0.520628046034,0,0.00261799387799,-0,0,0.0010471975512,-0.00314159265359,-0.000123431127581,3.20494642889e-05,0.000450184798753,0.0010967019715,-0.00086154561673,-2.56593842886e-05,-0.0293994694168,-0.00122208146954,0.00497839709963,-0.0021512155128,-8.73933330536e-07,-6.35699741431e-07,-0.00172246607084,-0.0980589892887,0.0615565585586,0.0240618356299,0.0169967130609,0.00806444698635,-0.0311219354876,-0.0992810707582,0.0665349556582,0.0219106201171,0.0169958391276,0.00806381128661,-0.02331,0.1701,-0.12375,0.0098,-0.0056,-0.0076
0.049,0.048836072,3.398,0,-0.215769378097,0.27792136609,-1.65017883388,-0.560928118177,0.414254867351,0.520624930135,0,0.000872664625997,-0,0.0010471975512,-0,-0.00209439510239,-0.000123815214822,3.19872028772e-05,0.000451768625188,0.0010982980446,-0.000863863962146,-2.51668997589e-05,-0.0299801201502,-0.00124553732804,0.0050765117363,-0.00219378111388,-8.97149569135e-07,-6.48360405967e-07,-0.00211985989876,-0.0743183386271,0.0466493204533,0.0181735969781,0.0134486987367,0.00644032016827,-0.0320999800489,-0.0755638759552,0.0517258321896,0.0159798158642,0.0134478015871,0.00643967180786,0.0189,0.19593,-0.1298,0.0162,0.0026,-0.0088
0.05,0.049832156,3.351,0,-0.215769977308,0.277922963987,-1.65018023204,-0.560927159439,0.414255107036,0.520623012659,0,0.00174532925199,-0.000872664625997,0,-0,-0.0010471975512,-0.000123980508603,3.20039982485e-05,0.00045328002024,0.00109869637567,-0.000866391923629,-2.43547113791e-05,-0.0305605780891,-0.00126899283849,0.00517463614746,-0.00223624993045,-9.20898298867e-07,-6.60847870588e-07,-0.00204082287047,-0.0969395728518,0.0641097642151,0.0225484105114,0.0179364247601,0.00598001850342,-0.0326014009596,-0.0982085656903,0.0692844003625,0.0203121605809,0.0179355038618,0.00597935765555,0.01575,0.1449,-0.1353,0.0148,-0.0002,-0.0116
0.051,0.050824818,3.371,0,-0.215770776257,0.277923762935,-1.6501816302,-0.560926200701,0.414254867351,0.520621814237,0,-0,-0.000872664625997,0,-0,-0.0010471975512,-0.00012397953427,3.21229749066e-05,0.000454332765647,0.00109854734781,-0.000868553405695,-2.31031375881e-05,-0.0311386081223,-0.00129294455924,0.00527240314918,-0.00227860534143,-9.43377220564e-07,-6.73288042027e-07,-0.00382757401953,-0.0723788602117,0.0489249068397,0.0188783957776,0.0134021907507,0.0063529856052,-0.0349661821419,-0.0736718047709,0.0541973099889,0.0165997904362,0.0134012473735,0.00635231231716,0.03213,0.19656,-0.12925,0.0132,-0.0116,-0.015
0.052,0.051648095,3.757,0,-0.215770975994,0.277924162409,-1.65018282862,-0.560925961016,0.414254627667,0.520621095183,0,-0,-0.000872664625997,0,-0.0010471975512,0,-0.000123887687222,3.18500397841e-05,0.000455135031167,0.00109870460177,-0.000870275238569,-2.27018162683e-05,-0.0317150296962,-0.00131697520437,0.00537009604289,-0.00232083037407,-9.59243238369e-07,-6.85739570746e-07,-0.00258018308985,-0.0754122710527,0.0514029416257,0.0183351411732,0.0147833027151,0.00530657172631,-0.0342952127861,-0.0767292462571,0.0567730376686,0.0160143107991,0.0147823434719,0.00530588598674,0.0063,0.13545,-0.132,0.022,0.0046,-0.0078
0.053,0.052835516,3.369,0,-0.215770776257,0.277924761621,-1.65018342784,-0.560926440385,0.414254387982,0.520620615814,0,-0,-0,-0.0010471975512,-0,-0.0010471975512,-0.000123891956322,3.1354196008e-05,0.000455874246009,0.00109936635348,-0.00087175038818,-2.29510424153e-05,-0.0322905908271,-0.00134097666512,0.00546769010617,-0.00236297822586,-9.67365634541e-07,-6.98200388209e-07,-0.0037597283122,-0.0670931243014,0.0439716484703,0.0188028220496,0.0120030463885,0.00750255396045,-0.0360503191393,-0.0684341009665,0.0494393385765,0.0164398438238,0.0120020790228,0.00750185576006,-0.02583,0.17073,-0.1232,0.0096,-0.008,-0.018
0.054,0.053611027,3.309,0,-0.215770776257,0.277925360832,-1.65018362757,-0.560927399123,0.414253668929,0.520619896761,0,-0,-0,-0.0010471975512,-0,0,-0.000123932531299,3.10223203163e-05,0.000456530677515,0.00110079152914,-0.000873345804894,-2.29295256564e-05,-0.0328659488629,-0.00136465623246,0.00556499898431,-0.00240507764395,-9.90854390565e-07,-7.10671243807e-07,-0.00409365615751,-0.067383791984,0.0442802608329,0.0178551702702,0.0119948709409,0.0064624796611,-0.0369596050204,-0.0687484482164,0.0498452598172,0.0154500926262,0.0119938800865,0.00646176898985,0,0.189,-0.1287,0.0128,-0.0018,-0.0084
0.055,0.054841992,3.376,0,-0.215771175731,0.277925960043,-1.65018362757,-0.560928357861,0.414253429245,0.520619177707,0,-0,-0,0,-0,0,-0.000124004583551,3.09139407835e-05,0.00045705091449,0.00110226040862,-0.000874331900084,-2.27463799262e-05,-0.0334388683653,-0.00138919120408,0.00566228299499,-0.00244699133479,-1.00772935088e-06,-7.22925879383e-07,-0.00456061071708,-0.0652216433476,0.0422122614081,0.0161797654879,0.0115790939418,0.00551119830836,-0.0379994790824,-0.0666108345516,0.0478745444031,0.0137327741531,0.0115780862124,0.00551047538248,0.03465,0.18774,-0.1232,0.0172,-0.0028,-0.0024
0.056,0.055837005,3.39,0,-0.21577057652,0.277925960043,-1.65018342784,-0.56092883723,0.414252949876,0.520618698339,0,-0,-0,0,-0,-0.0010471975512,-0.000124009752085,3.01291693754e-05,0.000457062187821,0.00110322066957,-0.000874648758083,-2.32736907542e-05,-0.034010974392,-0.00141241131754,0.0057588749589,-0.00248892616833,-1.0286823873e-06,-7.35339750864e-07,-0.00496750156366,-0.0649709352817,0.0420111035697,0.017127945601,0.0115469357302,0.00656319468287,-0.0389784759557,-0.0663833465993,0.0477699785286,0.0146390194327,0.0115459070479,0.00656245934312,-0.01008,0.18711,-0.11825,0.01,-0.006,-0.0154
0.057,0.056826185,3.386,0,-0.215769378097,0.277925760306,-1.65018342784,-0.560929076915,0.414252470507,0.520618458654,0.00174532925199,-0,-0,0,-0,0,-0.00012395514875,2.89213924565e-05,0.000457011354022,0.0011037233087,-0.000874918255474,-2.4317440205e-05,-0.0345815407098,-0.00143472716638,0.00585507867323,-0.00253078057971,-1.05426116823e-06,-7.47506583449e-07,-0.0287314381079,-0.0636230640103,0.0434150265378,0.0158935771368,0.00890482534554,0.00552003384933,-0.0633129788177,-0.0650577911766,0.049270105211,0.013362796557,0.00890377108437,0.00551928634274,0.0126,0.17766,-0.12815,0.009,-0.0034,-0.0036
0.058,0.057661102,3.458,0,-0.215768579149,0.277925360832,-1.65018362757,-0.560929795968,0.414251991138,0.520618698339,0.000872664625997,-0,-0,0,-0,0,-0.000123801248865,2.7949801021e-05,0.000456989815527,0.00110418479908,-0.000875282594817,-2.51295760521e-05,-0.0351503701168,-0.00145907640045,0.00595182623252,-0.0025724046701,-1.06028982522e-06,-7.59753386441e-07,-0.0175245979855,-0.0643498418868,0.0428640592312,0.0160112672625,0.0101701048796,0.00552157634688,-0.0526749681023,-0.0658089182873,0.0488158854637,0.0134388625924,0.0101690445898,0.00552081659349,0.00882,0.17262,-0.13255,0.0106,-0.0032,-0.017
0.059,0.058794432,3.332,0,-0.215767979938,0.277924961358,-1.65018382731,-0.56093147376,0.414251511769,0.520618698339,0,-0,-0,-0.0010471975512,-0,0,-0.000123594981681,2.71153325864e-05,0.000457091433566,0.00110576290363,-0.000875838494704,-2.60763240547e-05,-0.0357190224282,-0.00148306056671,0.00604824610462,-0.00261400501663,-1.07697952573e-06,-7.72444004739e-07,-0.00614952751098,-0.0673019977779,0.0444597117862,0.017821533714,0.0118439047207,0.00648732285734,-0.0418685499392,-0.0687850583446,0.0505079578908,0.0152075286974,0.0118428277411,0.00648655041334,-0.00567,0.1764,-0.12485,0.0122,-0.0104,-0.0034
0.06,0.059827915,3.361,0,-0.215768179675,0.277924761621,-1.65018382731,-0.560933391236,0.414251751453,0.520619177707,0,-0,-0,-0.0010471975512,-0,0,-0.000123448461831,2.6762014889e-05,0.000457191901894,0.00110708158678,-0.000875821433546,-2.66653874432e-05,-0.0362860348767,-0.00150649988721,0.00614401778049,-0.00265557078396,-1.10249472549e-06,-7.8461793179e-07,-0.00652090428678,-0.067280815928,0.044491985915,0.017817868305,0.011814542688,0.00649391255117,-0.0428069391635,-0.0687873158152,0.0506360036955,0.015162297521,0.0118134401933,0.00649312793324,-0.01323,0.18396,-0.13035,0.0184,0.006,-0.0062
0.061,0.060837846,3.357,0,-0.215769378097,0.277924561883,-1.65018362757,-0.560935308712,0.414251751453,0.520620136445,-0.000872664625997,-0,-0,-0.0010471975512,-0,0,-0.000123332995163,2.70512945595e-05,0.000457219209915,0.00110796309734,-0.000875814975877,-2.61374376828e-05,-0.0368514755484,-0.00152909178991,0.00623945470681,-0.00269703201655,-1.12788289211e-06,-7.96560312262e-07,0.00483907264198,-0.0680234608765,0.0439342483021,0.0179415433196,0.0130942069887,0.00649755262351,-0.0320124029064,-0.0695525526664,0.0501737030089,0.015244511303,0.0130930791058,0.0064967560632,0.06615,0.1953,-0.11605,0.0186,-0.0002,-0.0104
0.062,0.061834568,3.38,0,-0.215769777571,0.277923962672,-1.65018342784,-0.560936746819,0.414250553031,0.520620615814,-0.000872664625997,-0,-0,-0.00209439510239,-0,0.0010471975512,-0.000123160995942,2.68425707832e-05,0.000457042989132,0.00110897059462,-0.000876363433689,-2.56424742832e-05,-0.0374153089521,-0.00155176333269,0.00633481779733,-0.00273836310004,-1.14669206525e-06,-8.08514521881e-07,0.00463888677603,-0.0704059263157,0.0463026660423,0.0186527944183,0.0134705112377,0.00641401392913,-0.032776422176,-0.0719576896484,0.0526374838397,0.0159144313183,0.0134693645456,0.00641320541461,-0.02079,0.19152,-0.1265,0.0042,-0.0076,-0.0034
0.063,0.06283075,3.384,0,-0.215770177046,0.277922963987,-1.65018362757,-0.560937945241,0.414249354608,0.520620615814,0,-0.000872664625997,-0,0,-0.00209439510239,0,-0.000122856008441,2.65775414658e-05,0.000456772536876,0.00111023850995,-0.000876863466691,-2.50652559539e-05,-0.0379781685882,-0.00157599507875,0.00643036237078,-0.00277958978483,-1.15493379027e-06,-8.20939496766e-07,-0.00533534842089,-0.0580322503627,0.0390407530091,0.0150687998677,0.0118235993854,0.00573792448881,-0.0433135170091,-0.0596082454415,0.0454711153798,0.0122892100829,0.0118224444516,0.00573710354931,0.00063,0.1701,-0.1166,0.012,0.0018,-0.0046
0.064,0.063841979,3.381,0,-0.215770376783,0.277921965301,-1.65018362757,-0.560939383348,0.414248156186,0.52062037613,0,-0.000872664625997,-0,-0.0010471975512,-0.0010471975512,0,-0.000122569363297,2.61801169751e-05,0.00045643858259,0.0011120091925,-0.000877214837697,-2.47713137044e-05,-0.0385394349614,-0.00159941674239,0.00652560966138,-0.00282068786606,-1.17252397203e-06,-8.33147040994e-07,-0.00713331440966,-0.0574349982822,0.0390232589348,0.0163333200477,0.0108092317799,0.00670539893308,-0.0456727493711,-0.0590344150246,0.0455488685962,0.0135126321817,0.0108080592559,0.00670456578604,0.02835,0.17199,-0.12925,0.0114,0.0046,-0.0042
0.065,0.06483668,3.368,0,-0.21577057652,0.277920966616,-1.65018382731,-0.560941540509,0.414246478394,0.520620615814,-0.000872664625997,-0.000872664625997,-0,-0.00209439510239,-0,0,-0.00012221182649,2.58010592279e-05,0.000456334415991,0.00111391422817,-0.000878322969038,-2.44896419813e-05,-0.0390998635416,-0.00162156774279,0.00662020778747,-0.00286178272357,-1.19894563877e-06,-8.4508072227e-07,0.00271437798115,-0.0576326413226,0.0384546406816,0.0177362116405,0.0111033320676,0.00767278112381,-0.0363854855604,-0.0592542090654,0.045074848469,0.0148744289169,0.011102133122,0.00767193604309,-0.04977,0.19278,-0.12925,0.0092,-0.0122,-0.006
0.066,0.065831662,3.372,0,-0.215770975994,0.277920367405,-1.65018362757,-0.560944656407,0.414244081549,0.520621095183,0,-0,-0,-0.00209439510239,-0.00314159265359,0,-0.000121947685125,2.56259372897e-05,0.000456481725988,0.00111645862557,-0.000880246912667,-2.39853995431e-05,-0.0396593363203,-0.00164404329486,0.00671444215665,-0.00290284690904,-1.22660054216e-06,-8.57202025327e-07,-0.00385691822343,-0.0773767949871,0.0531878821411,0.0206672790845,0.0162074937372,0.00749941075006,-0.0435162545437,-0.0790208382819,0.0599023242978,0.0177644321755,0.0162062671366,0.00749855354804,0.04158,0.18837,-0.12155,0.0186,-0.0014,-0.0166
0.067,0.066841007,3.331,0,-0.215771175731,0.277919967931,-1.65018342784,-0.560947532621,0.414242403758,0.520621095183,0,-0,-0,-0.00314159265359,-0.0010471975512,0,-0.000121738196028,2.52702001861e-05,0.000456658668945,0.00111921980873,-0.00088169380908,-2.39550376387e-05,-0.0402171268777,-0.00166793483859,0.00680924418383,-0.00294365862804,-1.23586026332e-06,-8.69200468215e-07,-0.00722746644473,-0.0741236442365,0.0510699688861,0.0215449654167,0.0138218596434,0.00847184256914,-0.0474445933224,-0.0757915790751,0.05787921307,0.0186013067887,0.0138206237832,0.00847097336867,0.03024,0.1827,-0.12265,0.0116,0.0038,-0.0064
0.068,0.067831827,3.351,0,-0.21577057652,0.277919568456,-1.65018342784,-0.560949929466,0.414240246597,0.520620855499,0,-0,-0,-0.0010471975512,-0,0,-0.00012152364122,2.43884735053e-05,0.000456909872826,0.00112173947077,-0.000883654494691,-2.43177076925e-05,-0.0407733611672,-0.00169061406059,0.00690337384149,-0.00298443819578,-1.25511873172e-06,-8.80912401984e-07,-0.00958042304072,-0.0669695576675,0.0447133752191,0.0177782313375,0.0116022920369,0.00656718476409,-0.050353784208,-0.068660171728,0.0516167490606,0.0147937931417,0.0116010369182,0.00656630385169,-0.03906,0.19026,-0.14135,0.0122,-0.007,-0.0066
0.069,0.068661661,3.591,0,-0.215770376783,0.277919168982,-1.65018302836,-0.560952086626,0.41423880849,0.520620855499,0,-0,-0,-0.0010471975512,-0.00209439510239,0,-0.000121384965816,2.37144122434e-05,0.000456878567008,0.00112388493798,-0.000884552670357,-2.45548024941e-05,-0.0413280038151,-0.00171300810874,0.00699709213262,-0.00302516041964,-1.27792359489e-06,-8.93029155481e-07,-0.00691330225011,-0.0723830155186,0.0490424352215,0.0185812827183,0.0143359125413,0.00657791138535,-0.0482413060652,-0.0740960236274,0.0560395273541,0.0155561222986,0.0143346346177,0.0065770183562,0.01701,0.18711,-0.13915,0.008,0.0026,-0.01
0.07,0.06984584,3.854,0,-0.215769777571,0.277918569771,-1.65018222941,-0.560954004102,0.414237849752,0.520620615814,0,-0,-0,-0.0010471975512,-0.0010471975512,0,-0.000121280727593,2.27382561165e-05,0.00045646214808,0.00112617936853,-0.000884403752209,-2.53467144243e-05,-0.0418824205517,-0.00173633026855,0.00709108163516,-0.00306576067607,-1.29487409925e-06,-9.0521696014e-07,-0.00897747406664,-0.0695611569289,0.0468797266464,0.0181584580128,0.0129019899136,0.00658938068886,-0.0508598946183,-0.0712974871975,0.0539708082816,0.0150926973367,0.0129006950395,0.0065884754719,0.01638,0.19089,-0.121,0.0036,-0.0002,-0.0014
0.071,0.070841446,3.376,0,-0.215768978623,0.277918170297,-1.65018123073,-0.560956161263,0.41423665133,0.52062037613,0,-0,0.000872664625997,0,-0,0,-0.000121236496676,2.16494409777e-05,0.000456129939751,0.00112869294909,-0.00088451027904,-2.63020853297e-05,-0.0424351842435,-0.00175947390279,0.00718476110258,-0.00310625441697,-1.31059123232e-06,-9.16943960707e-07,-0.0106399090722,-0.0568865092983,0.0353055258438,0.0142764928677,0.00927176006263,0.00583017542532,-0.0530750933157,-0.0586459832011,0.0424902869464,0.0111702384507,0.0092704494714,0.00582925848136,0.01071,0.21924,-0.13475,0.0174,-0.0082,-0.005
0.072,0.071663683,3.369,0,-0.215768579149,0.277917770823,-1.65018023204,-0.560958318423,0.414235692592,0.520620855499,0,-0,-0,-0.00209439510239,-0.00209439510239,0,-0.000121192064655,2.07841923882e-05,0.000455775327241,0.00113048830183,-0.000884408625128,-2.69773119567e-05,-0.0429856698346,-0.0017814702099,0.007277750446,-0.00314668751383,-1.33273468483e-06,-9.28820309479e-07,-0.00827981325473,-0.0743330068472,0.0511528576062,0.0202109538783,0.0145927453904,0.0075695516044,-0.0512654830894,-0.0761144770571,0.0584306080522,0.0170642663645,0.0145914126557,0.00756862278409,0.00693,0.19971,-0.13365,0.01,0.0072,-0.0088
0.073,0.072845031,3.341,0,-0.215768379412,0.277916772137,-1.65017923336,-0.560960475584,0.414234733854,0.520621334868,0,-0.000872664625997,-0,-0.0010471975512,-0,0,-0.00012102307209,1.99999245289e-05,0.000455045619167,0.00113241136398,-0.000883721344736,-2.74528659516e-05,-0.0435359981145,-0.00180341135398,0.00737069683602,-0.00318704858125,-1.36025920286e-06,-9.4050926283e-07,-0.0128165290356,-0.0541872132273,0.0370211710433,0.0158479011473,0.0090916422027,0.0068073938409,-0.0563525271501,-0.0559906245813,0.0443918678793,0.0126608525661,0.0090902819435,0.00680645333164,-0.02331,0.19152,-0.13365,0.0114,-0.0062,-0.0118
0.074,0.073842577,3.374,0,-0.215768778886,0.277916172926,-1.65017843441,-0.560961913691,0.414233295747,0.520621574552,0,-0,0.000872664625997,0,-0.0010471975512,0,-0.000120945182277,1.95976658418e-05,0.000454609970568,0.00113378641235,-0.000883891276659,-2.68385005959e-05,-0.0440853570908,-0.0018260431367,0.00746361751103,-0.00322730676902,-1.37894898994e-06,-9.52217611419e-07,-0.0105089829995,-0.0593005621398,0.0373910976606,0.0146112268812,0.0105093398268,0.00585563706625,-0.0545943400903,-0.0611266052765,0.0448547151716,0.0113839201122,0.0105079608778,0.00585468484863,0.01449,0.18396,-0.13915,0.0188,0.0012,-0.0082
0.075,0.074609458,3.447,0,-0.215769977308,0.277915373978,-1.65017743572,-0.560962872429,0.41423185764,0.520621095183,-0.000872664625997,-0,-0,0,-0.00209439510239,0,-0.000120883563414,1.96722762292e-05,0.000453894474794,0.00113552852249,-0.000883576491251,-2.52588371167e-05,-0.0446324207146,-0.00184876368876,0.00755639343689,-0.00326743052286,-1.39228733723e-06,-9.64134807735e-07,0.00174178447022,-0.0703236764334,0.0462007230862,0.0168965783975,0.014945038722,0.00567671649523,-0.0428906362443,-0.0721724401221,0.0537571165231,0.0136291478747,0.0149436464347,0.00567575236042,0.06741,0.19341,-0.1276,0.0136,0.0044,-0.0044
0.076,0.075765227,3.458,0,-0.21577057652,0.277914974504,-1.65017663677,-0.560962632744,0.414230179848,0.520620136445,0,-0,0.000872664625997,0,-0.0010471975512,0,-0.000120938994046,1.93343769096e-05,0.000453389825351,0.00113652397528,-0.000883814023646,-2.374041392e-05,-0.0451785871349,-0.00187118508008,0.00764882414918,-0.00330750153398,-1.41276523236e-06,-9.760364348e-07,-0.0113284329263,-0.0590846765224,0.037318544907,0.0145531530896,0.0104276651715,0.00586932039328,-0.0565070200612,-0.0609558616025,0.0449673690562,0.0112456515556,0.0104262524063,0.00586834435685,-0.00882,0.19089,-0.1507,0.008,-0.0032,-0.0034
0.077,0.076815512,3.365,0,-0.215770376783,0.277914774766,-1.65017543835,-0.560962632744,0.414228022688,0.520619896761,0.000872664625997,-0,0.000872664625997,0,-0.00209439510239,0,-0.000121086007638,1.85165188417e-05,0.000452897107769,0.00113706390143,-0.000884319198565,-2.28657814098e-05,-0.0457238058434,-0.00189305500309,0.00774067858146,-0.00334754342124,-1.44095403729e-06,-9.87673875639e-07,-0.0219236383745,-0.0609554642689,0.0400262957182,0.0147938716499,0.0104643120519,0.00587278890087,-0.0676474442179,-0.062848519272,0.0477669742997,0.0114463282286,0.0104628710978,0.00587180122699,0.03465,0.20853,-0.14465,0.0118,-0.0032,-0.0022
0.078,0.077839105,3.391,0,-0.215769977308,0.277914375292,-1.65017423993,-0.560962632744,0.414226105212,0.520620136445,0.000872664625997,-0,-0,0,-0.00209439510239,0,-0.000121191354963,1.75283186843e-05,0.000452257801975,0.0011371669639,-0.000884420847606,-2.2309598434e-05,-0.04626671862,-0.0019153728711,0.00783272077915,-0.00338737835269,-1.45844884342e-06,-9.99127251286e-07,-0.0230389930705,-0.0684957865311,0.0472776775658,0.0165326386952,0.0122034012146,0.00568644660076,-0.0693057116905,-0.0704111594022,0.055110398345,0.0131452603425,0.0122019427658,0.0056854474735,0.01449,0.19593,-0.13035,0.016,0.0012,-0.0058
0.079,0.078754812,3.356,0,-0.21576917836,0.277913776081,-1.65017264203,-0.560962632744,0.414224667105,0.52062037613,0,-0,0.000872664625997,0,-0,0,-0.000121317967412,1.62418005493e-05,0.000451263361009,0.00113739826507,-0.000883522112884,-2.23912008318e-05,-0.0468087310185,-0.00193739834971,0.00792442323552,-0.00342716080922,-1.47835121395e-06,-1.01078966175e-06,-0.0145185271833,-0.0559886104284,0.0350423617002,0.0140246537679,0.00887634160429,0.00587368562365,-0.0613272582019,-0.0579260087781,0.0429667849358,0.0105974929587,0.00887486325308,0.00587267483399,0.01449,0.18207,-0.1364,0.007,-0.0104,-0.0088
0.08,0.079798666,3.38,0,-0.215767979938,0.277912977133,-1.65017124387,-0.56096239306,0.414223228998,0.52062037613,0,-0.000872664625997,0.00174532925199,0,-0.0010471975512,0,-0.00012138465753,1.46547179776e-05,0.000450206656549,0.00113764979394,-0.00088257590774,-2.27887937654e-05,-0.0473498076186,-0.00196005848806,0.00801604683182,-0.0034668649651,-1.4942098728e-06,-1.02268048588e-06,-0.0137722124142,-0.0385398103479,0.022181338274,0.0107556118791,0.00612127694149,0.006248650383,-0.0611220200328,-0.0404998688359,0.0301973851059,0.00728874691396,0.00611978273162,0.00624762770251,-0.01638,0.21357,-0.14025,0.0084,-0.0056,-0.003
0.081,0.080757573,3.407,0,-0.215767180989,0.277911978447,-1.65017044493,-0.560961913691,0.414222509944,0.52062037613,0,-0,-0,0,-0.0010471975512,0,-0.000121329074842,1.32287922216e-05,0.000449210071763,0.00113759590174,-0.000881348249022,-2.30617592729e-05,-0.0478900702234,-0.00198175174054,0.00810730088685,-0.00350651833525,-1.51837427595e-06,-1.0343378739e-06,-0.0147752671747,-0.066013728746,0.0443411053639,0.0161049978675,0.0119048319376,0.00568781614085,-0.0626653373981,-0.0679954804865,0.0524484062508,0.0125984795322,0.0119033135633,0.00568678180297,-0.03843,0.20034,-0.13035,0.012,0.0106,-0.006
0.082,0.081653605,3.397,0,-0.215766581778,0.277910780025,-1.65017004545,-0.560961674006,0.414221551206,0.52062037613,0.000872664625997,-0.000872664625997,-0,0,-0,0.0010471975512,-0.000121155738404,1.19045001459e-05,0.000448326907737,0.00113771871759,-0.000880570244414,-2.30995024721e-05,-0.0484279805614,-0.00200363448327,0.00819850645686,-0.00354598869112,-1.53717277482e-06,-1.0457862865e-06,-0.0293523578126,-0.0502385158675,0.0352903306715,0.0127228044907,0.00687975071141,0.0048288537167,-0.077780338374,-0.0522421503508,0.0434888371284,0.00917681579959,0.00687821353863,0.00482780793042,0.04095,0.18963,-0.14465,0.009,-0.002,0.0022
0.083,0.082811586,3.398,0,-0.215766581778,0.277909581602,-1.65017004545,-0.560961674006,0.414220352784,0.52062037613,0,-0.000872664625997,-0,0,-0.0010471975512,0,-0.00012090666148,1.09474056532e-05,0.000447683642683,0.00113797495821,-0.000880440712034,-2.25013307687e-05,-0.0489649731234,-0.00202491626645,0.00828908793935,-0.00358545448313,-1.56372983764e-06,-1.05717999459e-06,-0.016700150303,-0.0533749358761,0.0366148688212,0.0141802869978,0.00950920478877,0.0058765626466,-0.0656651234264,-0.0553998521426,0.0449039567606,0.0105948325146,0.00950764105893,0.00587550546661,-0.01386,0.21735,-0.1375,0.0182,-0.0046,-0.0038
0.084,0.083707837,3.36,0,-0.215767180989,0.277908183443,-1.65017004545,-0.560961913691,0.414219873415,0.520620615814,0,-0.000872664625997,-0,0,-0.0010471975512,0,-0.000120602795322,1.03111518471e-05,0.000446880462837,0.00113825452765,-0.000879538141245,-2.17472653204e-05,-0.0495010304978,-0.00204683304445,0.00837959066766,-0.00362484187726,-1.58626085617e-06,-1.06857834264e-06,-0.0172198934671,-0.0532196015509,0.0365725592922,0.0141408214304,0.00945064296959,0.00587796047164,-0.0667209239649,-0.0552664345954,0.0449521499599,0.0105159795531,0.00944905670874,0.0058768918933,0.02394,0.2016,-0.1342,0.0112,0.0056,-0.0072
0.085,0.084641427,3.347,0,-0.215768179675,0.277906585546,-1.65017004545,-0.560962153375,0.41421963373,0.520621095183,-0.000872664625997,-0.000872664625997,-0,0,0.0010471975512,0,-0.000120257414045,9.88679539639e-06,0.000445931697397,0.00113833547547,-0.000878234682933,-2.07127534777e-05,-0.0500355054726,-0.0020691338999,0.0084702994464,-0.00366405195754,-1.60171503411e-06,-1.08025335905e-06,-0.0091907999741,-0.0483564836254,0.0316353382137,0.0134180727656,0.00792413040214,0.00587759876639,-0.0592263054467,-0.0504256175253,0.0401056376601,0.00975402080804,0.00792252868711,0.00587651851303,0.01575,0.20601,-0.13475,0.0102,-0.0082,-0.0098
0.086,0.08580332,3.36,0,-0.215768978623,0.277904787912,-1.65017024519,-0.56096239306,0.414218914677,0.520620855499,-0.000872664625997,-0.00174532925199,-0,0,-0,0,-0.000119839090884,9.32013073728e-06,0.000444994214234,0.0011391367147,-0.000877347386188,-1.96386861843e-05,-0.050569116702,-0.00209021598944,0.00856040779437,-0.00370323520078,-1.62606356754e-06,-1.09167054767e-06,-0.00891370113306,-0.0385633570172,0.0260801079735,0.0119401504511,0.00697546210571,0.0060684575785,-0.059482817835,-0.0406535730066,0.0346405157679,0.0082369152503,0.00697383604214,0.00606736590795,-0.01197,0.21798,-0.14575,0.0118,-0.0044,-0.003
0.087,0.086655236,4.352,0,-0.215769777571,0.277902790542,-1.65017024519,-0.560962632744,0.414218435308,0.520620615814,0,-0.00174532925199,-0,0,-0.0010471975512,0,-0.000119410411422,8.71509511964e-06,0.000443815935509,0.00114002263985,-0.000875860444443,-1.86840754345e-05,-0.0511003519399,-0.00211205607124,0.00865039624273,-0.00374228212113,-1.64396870833e-06,-1.10306749851e-06,-0.0195294753774,-0.040312543862,0.02873275895,0.0121681139567,0.00698967088036,0.00607365314944,-0.0706298273173,-0.0424245999332,0.0373831551928,0.00842583183559,0.00698802691165,0.00607255008194,0.03339,0.21861,-0.121,0.0088,0.002,-0.0082
0.088,0.087842892,3.437,0,-0.21577057652,0.277900193959,-1.65017004545,-0.560962872429,0.414218195623,0.520620615814,-0.000872664625997,-0.00261799387799,-0,0,-0,0,-0.00011888867744,8.05302396071e-06,0.000442147947104,0.00114084066987,-0.000873387336946,-1.78485588232e-05,-0.0516306881614,-0.00213360456879,0.00874004522198,-0.0037812766177,-1.66432122087e-06,-1.11445006154e-06,-0.0107503546202,-0.0257265701704,0.0182261704126,0.00999146587176,0.00455257156402,0.00626383335541,-0.0623810427816,-0.0278601747392,0.0269662156346,0.00621018925406,0.00455090724279,0.00626271890534,0.00441,0.20727,-0.1375,0.0102,-0.0002,-0.009
0.089,0.088634954,3.378,0,-0.215770177046,0.27789739764,-1.65017004545,-0.560962872429,0.414217716254,0.520621334868,0,-0.00261799387799,-0,0,-0,0.0010471975512,-0.000118307058469,6.58836723076e-06,0.000440437958664,0.00114072022336,-0.000871070539396,-1.8008231441e-05,-0.0521608226007,-0.0021548405613,0.00882941541663,-0.00382022337866,-1.69543540043e-06,-1.12562102883e-06,-0.0230522005601,-0.0248887760655,0.0189109647702,0.00883563412703,0.00315749834075,0.00521679610629,-0.0752130231607,-0.0270436166268,0.0277403801869,0.00501541074837,0.00315580290535,0.00521567048526,-0.02205,0.20412,-0.1408,0.0136,0.0068,-0.0042
0.09,0.089812893,3.311,0,-0.215769977308,0.277894401584,-1.65016984571,-0.560962872429,0.414217236885,0.520622293606,0,-0.00261799387799,-0,0,-0,0,-0.000117715421732,5.22531281556e-06,0.000438510325584,0.00114044627038,-0.000868366334426,-1.79674848942e-05,-0.0526887250198,-0.00217519614366,0.00891833778396,-0.00385908594506,-1.72299834178e-06,-1.13674405485e-06,-0.0236983272574,-0.0243393977599,0.0185465680222,0.0097210130159,0.00305936363687,0.00626262450431,-0.0763870522772,-0.0265145939035,0.0274649058062,0.00586192707083,0.00305764063853,0.00626148776025,0.0189,0.22932,-0.12705,0.0132,-0.0002,-0.0106
0.091,0.090847847,3.382,0,-0.215769777571,0.277891205791,-1.65016984571,-0.560962872429,0.414216757516,0.520623012659,0,-0.00261799387799,-0,0,-0,0.0010471975512,-0.000117050674933,3.82234934547e-06,0.000436550322076,0.00114041133395,-0.000865660724348,-1.79258253258e-05,-0.0532150069022,-0.00219686986459,0.00900773266155,-0.0038977457119,-1.73231225317e-06,-1.1483878409e-06,-0.0243524654757,-0.0242303916653,0.0186301442095,0.00868977672306,0.00295985441332,0.00521525397732,-0.0775674723779,-0.0264272615299,0.0276378768711,0.00479203101116,0.00295812210106,0.00521410558948,0.00945,0.19782,-0.1353,0.0096,-0.0028,0.003
0.092,0.091855482,3.36,0,-0.215768978623,0.277888209735,-1.65017004545,-0.560963112113,0.414216038463,0.520623012659,0.000872664625997,-0.00261799387799,-0,0,-0,0,-0.000116383057543,2.02994342143e-06,0.000434861133905,0.00114122881288,-0.000863600241255,-1.84499904772e-05,-0.0537410085052,-0.00221889302974,0.00909686798689,-0.00393635582861,-1.75600083538e-06,-1.15981396831e-06,-0.0367141205384,-0.022939385852,0.018874372911,0.00945558159503,0.00156083040521,0.00626729190884,-0.0904551290436,-0.0251582788817,0.0279712408979,0.00551922576642,0.00155907440437,0.00626613209487,0.01701,0.21735,-0.14355,0.011,-0.0074,-0.0072
0.093,0.092849419,3.416,0,-0.215768379412,0.277885013941,-1.65017004545,-0.560963351798,0.414215798778,0.520622772975,0.000872664625997,-0.00261799387799,-0,0,-0,0,-0.000115705256291,3.14201005356e-07,0.000432910654578,0.00114237230082,-0.000860735154258,-1.90120803081e-05,-0.0542654070757,-0.00223945373427,0.00918510064879,-0.0039749578849,-1.79036214559e-06,-1.17048243051e-06,-0.0374217334997,-0.0226012364708,0.0187356344919,0.00938764467501,0.00145531032341,0.00627300879097,-0.0916871405754,-0.024840690205,0.0279207351407,0.00541268679011,0.00145351996126,0.00627183830854,0.02583,0.2079,-0.13035,0.0124,0.0054,-0.0138
0.094,0.093832574,3.366,0,-0.215768179675,0.277881818148,-1.65016964598,-0.560964070851,0.414215079725,0.520622053921,0,-0.00261799387799,-0,0,-0,0,-0.000115063803923,-1.11963414235e-06,0.000430878391295,0.00114451932397,-0.000857992785892,-1.91033930252e-05,-0.0547882792111,-0.00226030581494,0.00927344901971,-0.00401343166429,-1.81298898505e-06,-1.18184680182e-06,-0.0264473904208,-0.0230218468113,0.0180074447526,0.00945292080445,0.00265392170388,0.00628299555354,-0.0812356696319,-0.0252821526263,0.0272808937723,0.00543948914016,0.0026521087149,0.00628181370674,0.02079,0.18018,-0.12705,0.0124,-0.0032,0.0034
0.095,0.094851878,3.392,0,-0.215768179675,0.277879021829,-1.65016964598,-0.560964789905,0.414213641618,0.520621334868,-0.000872664625997,-0.00261799387799,0.000872664625997,-0.0010471975512,-0,0,-0.000114442890719,-2.40973189725e-06,0.000429347300327,0.00114649581569,-0.00085665243725,-1.86385415481e-05,-0.0553095199932,-0.00228129053921,0.00936177268424,-0.0040517518168,-1.82915290239e-06,-1.19301579023e-06,-0.0147214019424,-0.0180715373148,0.0121809066061,0.00943525370879,0.00248277338465,0.00743762136402,-0.0700309219356,-0.020352827854,0.0215426792904,0.00538350189199,0.00248094423175,0.00743642834823,-0.04599,0.23184,-0.15895,0.006,-0.0126,0.0006
0.096,0.09583818,3.336,0,-0.215768978623,0.277876624984,-1.65016944624,-0.560965508958,0.414212443195,0.520620855499,0,-0.00174532925199,-0,0,-0.00314159265359,0,-0.00011393623049,-3.19984985712e-06,0.000427951397246,0.00114818970503,-0.000855300406924,-1.74931966163e-05,-0.0558290581502,-0.00230271720551,0.00944976367743,-0.0040899887369,-1.84306862905e-06,-1.20415275001e-06,-0.0222483551799,-0.0430234500491,0.0319249937491,0.0124075646178,0.00891580599166,0.00611450001941,-0.0780774133301,-0.0453261672546,0.0413747574265,0.00831757588094,0.00891396292303,0.00611329586666,0.01386,0.20853,-0.12815,0.006,0.0082,-0.0062
0.097,0.096833236,3.343,0,-0.215770177046,0.277875027087,-1.65016904677,-0.560966467696,0.414211724142,0.520621334868,-0.000872664625997,-0.000872664625997,-0,-0.0010471975512,-0,0.0010471975512,-0.000113614256204,-3.7349668661e-06,0.00042695151021,0.00114901351893,-0.000854167447338,-1.62708297618e-05,-0.05634852205,-0.00232274855836,0.00953706589719,-0.00412827681217,-1.87905143909e-06,-1.21523829232e-06,-0.0149278299208,-0.050201213272,0.0348481130366,0.0138458442932,0.0086771794961,0.00584246773811,-0.0712763519708,-0.0525239618303,0.0443851789338,0.00971756748099,0.00867530044466,0.00584125249982,0.03843,0.20727,-0.1364,0.0104,-0.004,-0.0072
0.098,0.097815252,3.367,0,-0.215770776257,0.277874028402,-1.65016844755,-0.56096718675,0.414210765404,0.520622053921,0,-0,-0,0,-0,0.0010471975512,-0.000113461370779,-4.64086480718e-06,0.00042622381273,0.00114929545803,-0.000853583530807,-1.54456281809e-05,-0.0568670991421,-0.00234315069869,0.00962464058424,-0.00416639239453,-1.91158363919e-06,-1.22618052054e-06,-0.0265870448953,-0.0594210074982,0.0409131975585,0.0138322815889,0.00917942735032,0.00469913634348,-0.0834541440374,-0.0617641581969,0.0505378381428,0.00966588919435,0.00917751576668,0.00469791016296,0.01071,0.19656,-0.1331,0.0132,-0.0028,-0.0022
0.099,0.0986347,3.608,0,-0.215770975994,0.277872829979,-1.65016804808,-0.560967905803,0.414209806666,0.52062253329,0,-0.000872664625997,-0,-0.0010471975512,-0.0010471975512,0,-0.00011323557578,-5.84518365953e-06,0.000425463522911,0.00114981591754,-0.000852998123493,-1.50188451093e-05,-0.0573825080456,-0.00236536666059,0.00971239748761,-0.00420429312539,-1.91817463829e-06,-1.23735004541e-06,-0.0263004684377,-0.0516368429959,0.0372879454415,0.0149925541765,0.00862692595973,0.00689443091626,-0.0836829764833,-0.0540022096564,0.0470003429291,0.0107882610511,0.0086250077851,0.00689319356622,0.00693,0.2079,-0.1386,0.0074,0.0038,-0.0166
0.1,0.099624319,5.579,0,-0.215771175731,0.277871831294,-1.65016764861,-0.560968385172,0.414208847928,0.520622053921,0,-0.000872664625997,-0,0,-0,0,-0.00011306456401,-7.07340213729e-06,0.000424798896315,0.00115103269235,-0.000852561766383,-1.45095400154e-05,-0.0578978715776,-0.00238527356291,0.0097992154887,-0.00424227069678,-1.94381418162e-06,-1.24822594764e-06,-0.0286912263819,-0.0465566714494,0.0329788303983,0.0128666215626,0.00677151176962,0.00594187778034,-0.0865890979595,-0.0489419450123,0.042778045887,0.00862435086585,0.00676956795544,0.00594062955439,0.01575,0.22806,-0.14685,0.0106,-0.0084,-0.004
0.101,0.100750444,3.975,0,-0.215770975994,0.277870832608,-1.65016744887,-0.560968864541,0.414208128874,0.520621334868,0,-0.000872664625997,-0,0,-0,0,-0.000112862174671,-8.60407628031e-06,0.000424205464596,0.00115244712373,-0.000852110871463,-1.45189301615e-05,-0.0584123817839,-0.00240535081907,0.00988503857056,-0.00428012301439,-1.97588943557e-06,-1.25954730021e-06,-0.029409651438,-0.0464188683683,0.03296428792,0.0128304935727,0.00670107408625,0.00594895455335,-0.0878220332219,-0.0488242191874,0.0428493264906,0.00855037055832,0.00669909819682,0.00594769500605,0.01512,0.22365,-0.1463,0.0136,-0.0042,-0.003
0.102,0.10172437,2.334,0,-0.21577057652,0.277869833923,-1.65016704939,-0.56096934391,0.414207649505,0.520621574552,0,-0.000872664625997,-0,0,-0.0010471975512,0,-0.000112691238996,-1.02958809563e-05,0.000423497446831,0.00115294580562,-0.00085125817187,-1.48470076396e-05,-0.0589245149479,-0.00242746235813,0.0099686766161,-0.00431759416274,-1.98068346152e-06,-1.2713386897e-06,-0.0285932727499,-0.0489919088549,0.0350889622593,0.0131908268185,0.00800774213042,0.00595145122098,-0.0875177876979,-0.0514193712131,0.0450576388754,0.00887323265577,0.00800576144696,0.00595017988229,-0.00189,0.21861,-0.1265,0.0106,0.007,-0.0076
0.103,0.102709957,4.031,0,-0.215770177046,0.277868635501,-1.65016664992,-0.560969823279,0.414206690767,0.520622293606,0,-0,-0,0,-0,0,-0.000112478593629,-1.1999217093e-05,0.000422706820099,0.00115300751757,-0.000850624821147,-1.4934811702e-05,-0.0594362930537,-0.00244865653264,0.0100525627771,-0.00435506712408,-1.98815660737e-06,-1.28291383625e-06,-0.0301392916848,-0.0584430152759,0.0405620444343,0.0145802992607,0.00881875839159,0.00576491135959,-0.0895755847386,-0.0608916718086,0.0506146072113,0.0102252321366,0.00881677023499,0.00576362844576,-0.00315,0.19719,-0.13585,0.0106,-0.005,-0.0102
0.104,0.103741803,3.408,0,-0.215769378097,0.277867437078,-1.65016645018,-0.560969823279,0.414205492345,0.520623012659,0,-0.000872664625997,-0,0,-0.0010471975512,0.0010471975512,-0.000112261142978,-1.39933636888e-05,0.000421969100732,0.00115258849841,-0.000850297167635,-1.51353277306e-05,-0.0599470407513,-0.00246818379483,0.0101380888126,-0.00439268452118,-2.01955995702e-06,-1.29378226797e-06,-0.0301351262659,-0.0488924270547,0.0352616536885,0.0121330119293,0.00785141301857,0.00490246870116,-0.0900821670172,-0.0513606108495,0.0453997425011,0.00774032740815,0.00784939345861,0.00490117491889,-0.01386,0.24129,-0.1485,0.0136,-0.0096,-0.0032
0.105,0.104618067,3.432,0,-0.215769378097,0.277866238656,-1.65016645018,-0.560969823279,0.414204773291,0.520623012659,0,-0,-0,0.0010471975512,-0.0010471975512,-0.0010471975512,-0.000112011979639,-1.55348930014e-05,0.000421282178549,0.00115284555241,-0.000849750996535,-1.4776121381e-05,-0.0604561269154,-0.00248876525224,0.0102238460432,-0.00443012278795,-2.04283773497e-06,-1.30447488914e-06,-0.0302641642114,-0.0584227916966,0.0403129696837,0.0141655432366,0.00964562762536,0.00585265925717,-0.0907202911268,-0.0609115569489,0.0505368157269,0.00973542044864,0.00964358478762,0.00585135478228,0.04599,0.19089,-0.1375,0.0202,0.0014,-0.0138
0.106,0.105733279,3.407,0,-0.215769378097,0.277865040233,-1.65016625045,-0.560969104226,0.414204293922,0.520622293606,0,-0.000872664625997,-0,0,-0,-0.0010471975512,-0.000111833759599,-1.71290006531e-05,0.000420387849936,0.00115320654322,-0.000848656606443,-1.42864376985e-05,-0.0609628758697,-0.00250917971865,0.0103092232868,-0.00446745138158,-2.06621674798e-06,-1.31535320916e-06,-0.0331818726347,-0.0453864992075,0.0325987930371,0.0135488972566,0.00631461063656,0.00699995792215,-0.0941447485044,-0.0478956789261,0.042908016324,0.00908144587503,0.00631254441981,0.00699864256894,0.0315,0.22869,-0.1375,0.0092,0,-0.0046
0.107,0.10685876,3.374,0,-0.215768978623,0.277864241285,-1.65016605071,-0.560968145488,0.414204054238,0.520622053921,0,-0,-0,0,-0,-0.0010471975512,-0.000111751838421,-1.90074978929e-05,0.000419690996821,0.00115278206907,-0.000847696371223,-1.42299382072e-05,-0.0614687545684,-0.00252926101571,0.0103942191397,-0.00450475253623,-2.08741392155e-06,-1.32642794771e-06,-0.0332062462949,-0.0575774687956,0.0402281764795,0.015339713433,0.00850670925797,0.00681098988303,-0.0946750008633,-0.0601067298113,0.0506223956193,0.0108349608968,0.00850462184404,0.00680966345508,-0.02205,0.22176,-0.143,0.008,-0.0072,-0.0098
0.108,0.107837827,3.357,0,-0.215768978623,0.277863242599,-1.65016605071,-0.560967666119,0.414204293922,0.520622293606,0,-0,-0,0,-0.0010471975512,0,-0.000111570687687,-2.06870873017e-05,0.000418981628707,0.00115231789724,-0.000846417191558,-1.41813510686e-05,-0.0619737377113,-0.00254905280311,0.0104788762913,-0.00454200190605,-2.11115482684e-06,-1.33748963017e-06,-0.0324129276746,-0.0603712305928,0.0425775575242,0.0147349444183,0.00981037067819,0.00576147328983,-0.0943866653858,-0.0629202833959,0.0530564338155,0.0101929425123,0.00980825952336,0.0057601358002,0.00882,0.21168,-0.14135,0.016,0.01,-0.0128
0.109,0.108855324,3.373,0,-0.21576917836,0.277862443651,-1.65016605071,-0.56096718675,0.414203814553,0.520622293606,0,-0,-0,0,-0,0,-0.000111431195975,-2.22208609495e-05,0.000418462082547,0.00115205015406,-0.000845956688688,-1.35745860333e-05,-0.0624778036307,-0.00256859224239,0.0105632320979,-0.00457917498227,-2.14691173298e-06,-1.34810433071e-06,-0.034726852868,-0.0575177241898,0.040421041643,0.0142849197957,0.00835604618718,0.00576013669841,-0.0972046564987,-0.0600863164322,0.0509842737409,0.0097057448134,0.00835389927545,0.00575878859408,0.01071,0.22176,-0.1276,0.0092,-0.0118,-0.0016
0.11,0.109800239,3.365,0,-0.21576917836,0.277861245229,-1.65016625045,-0.560966947065,0.414203335184,0.520622293606,0,-0.000872664625997,-0,0,-0.0010471975512,0,-0.000111163899767,-2.39315247615e-05,0.000417816444248,0.00115204416245,-0.000845349539753,-1.32516869929e-05,-0.0629801763133,-0.00258924298081,0.0106478726918,-0.00461614489678,-2.16980256806e-06,-1.35855889158e-06,-0.0347118934943,-0.0477511321722,0.0349042468959,0.0128002433278,0.00739116186426,0.00594695720038,-0.0976920698076,-0.050340375153,0.0455521195877,0.00818409843099,0.0073889920617,0.00594559864149,-0.02331,0.21609,-0.14575,0.0134,-0.0022,-0.008
0.111,0.110861285,3.391,0,-0.215769577834,0.277860246543,-1.65016645018,-0.560966707381,0.414204054238,0.520622053921,0,-0.000872664625997,-0,0,-0,0,-0.000110938191004,-2.54671936207e-05,0.00041718795058,0.00115223631436,-0.000843897325027,-1.31256249199e-05,-0.0634803206788,-0.0026090155382,0.0107320663296,-0.00465303148433,-2.18924272591e-06,-1.3691908788e-06,-0.0370374855352,-0.0448743674837,0.0327353876186,0.0123499421989,0.00592863893335,0.00594792215055,-0.100517806214,-0.0474833830219,0.0434674539483,0.00769691071462,0.00592644969062,0.00594655295967,0.01827,0.21924,-0.1309,0.0162,0.0028,-0.0016
0.112,0.111855941,3.38,0,-0.215770177046,0.277859447595,-1.65016645018,-0.560966228012,0.414204054238,0.520621814237,0,-0,-0,0,-0,0,-0.000110798687433,-2.68577803266e-05,0.000416625042935,0.00115220763279,-0.000843021026948,-1.23583594881e-05,-0.0639803217343,-0.0026283844493,0.0108158914466,-0.0046899200684,-2.21485877383e-06,-1.38025551301e-06,-0.037018282084,-0.0570824856766,0.0403768963154,0.0141470925953,0.00812847970762,0.0057609352951,-0.100998603818,-0.0597108701259,0.051192787762,0.00945717252694,0.00812626484884,0.00575955503959,0.00441,0.19971,-0.1397,0.009,-0.0028,0
0.113,0.112669421,3.361,0,-0.215770376783,0.277859048121,-1.65016645018,-0.560965508958,0.414203335184,0.520622053921,0,-0,-0,0,-0,0,-0.000110755582465,-2.84854807065e-05,0.000416346376202,0.00115139547027,-0.000843110512946,-1.15491631936e-05,-0.0644786156689,-0.00264854959615,0.0108997116962,-0.00472665360844,-2.2377003637e-06,-1.39111975621e-06,-0.037799592029,-0.0569909576715,0.0403953042931,0.0141035018253,0.00806267492955,0.00575687740905,-0.102278207698,-0.0596395072676,0.0512950159893,0.00937684821686,0.00806043722919,0.0057554862893,-0.00063,0.21105,-0.14025,0.0088,-0.0118,-0.0106
0.114,0.113806659,3.37,0,-0.21577057652,0.277858848384,-1.65016625045,-0.560965269274,0.414202855815,0.520622293606,0,-0,-0,0,-0.0010471975512,0,-0.00011075891571,-3.01272119375e-05,0.000416139827286,0.00115102144899,-0.000843089023361,-1.10264235505e-05,-0.0649760152078,-0.00266842585167,0.0109831934285,-0.0047633351672,-2.26311906307e-06,-1.40152341966e-06,-0.0370269401589,-0.0596356160346,0.0425688897605,0.01446820845,0.00938019360303,0.00575501102661,-0.102002955367,-0.0623040418863,0.0535520831891,0.00970487328283,0.00937793048396,0.00575360950319,0.02016,0.21357,-0.13255,0.0092,-0.0002,-0.0032
0.115,0.114858441,3.373,0,-0.21577057652,0.277858648646,-1.65016585097,-0.560965748643,0.414202616131,0.52062253329,0,-0,0.000872664625997,0,-0,0,-0.000110754301972,-3.19139390553e-05,0.000415910123212,0.0011513492275,-0.000842807413546,-1.10734973986e-05,-0.0654718626497,-0.00268710095514,0.0110660099379,-0.00479998639506,-2.29400699495e-06,-1.4120919646e-06,-0.0388251008498,-0.0491659226999,0.0331533737321,0.0122471812121,0.00613327669649,0.00594350110527,-0.1042969635,-0.051853023655,0.04421938367,0.00744719481704,0.00613098268949,0.00594208901331,-0.01197,0.2268,-0.14245,0.0158,-0.0002,-0.0054
0.116,0.115727751,3.736,0,-0.215770177046,0.277858049435,-1.65016585097,-0.560966467696,0.414202376446,0.520622293606,0,-0.000872664625997,-0,-0.0010471975512,-0,0,-0.000110590617369,-3.40134898467e-05,0.000415647456239,0.00115237565296,-0.000842572380298,-1.16047644137e-05,-0.0659660505745,-0.00270683154029,0.0111490581943,-0.00483645927836,-2.31682512855e-06,-1.42293343345e-06,-0.0408745104406,-0.0465857165347,0.034942891585,0.0138312309031,0.00598178925979,0.00690728194762,-0.106840561015,-0.049292548075,0.0460919497793,0.0089947716247,0.00597947243466,0.00690585901419,0.01323,0.22995,-0.143,0.009,-0.006,-0.0096
0.117,0.11687124,3.41,0,-0.215769777571,0.277856851013,-1.6501654515,-0.560967426434,0.414202376446,0.520621814237,0,-0.000872664625997,-0,0,-0.0010471975512,0,-0.000110351820885,-3.61635306297e-05,0.000414832739475,0.00115407508701,-0.000841204363404,-1.23384917191e-05,-0.0664593155979,-0.00272632363752,0.011231816089,-0.00487285609689,-2.34221284767e-06,-1.43332942654e-06,-0.040343420463,-0.0469181925263,0.0349282374775,0.0125073098527,0.00686828405392,0.0059571393179,-0.106802736061,-0.0496445161639,0.0461600535665,0.00763445375582,0.00686594184108,0.00595570598847,0.01764,0.2205,-0.1364,0.0126,0.0082,-0.0022
0.118,0.11786102,3.346,0,-0.215769577834,0.277855253116,-1.6501654515,-0.560967905803,0.414202136762,0.520621095183,0,-0.00174532925199,-0,0,-0,-0.0010471975512,-0.00010999371861,-3.82488827597e-05,0.000413914392132,0.00115557417789,-0.000839948279267,-1.25859672422e-05,-0.0669510580749,-0.00274456481452,0.0113138608114,-0.00490924666697,-2.37310926879e-06,-1.44365168827e-06,-0.0435393001339,-0.0314252390432,0.0248630272279,0.011169437837,0.00312004973328,0.00719868527753,-0.110490358209,-0.0341698038577,0.0361768880392,0.00626019117006,0.00311767662401,0.00719724162584,-0.00882,0.20979,-0.13475,0.0104,-0.0038,-0.0116
0.119,0.118674308,3.359,0,-0.21576917836,0.277853655219,-1.65016525176,-0.560968385172,0.414201657393,0.520620855499,0,-0.00174532925199,-0,0,-0,0,-0.000109666764128,-4.04734786082e-05,0.000412923013591,0.0011566387813,-0.000838702143943,-1.29127288265e-05,-0.0674417995089,-0.00276477429428,0.011396464284,-0.00494543800018,-2.39306319461e-06,-1.4542935973e-06,-0.0444286165599,-0.0314408263183,0.0250447972429,0.0101570085238,0.0030245152612,0.00615681614574,-0.111870416069,-0.0342056006126,0.0364412615269,0.00521157052363,0.003022122198,0.00615536185215,0.02583,0.22365,-0.14465,0.0148,-0.003,-0.0082
0.12,0.119829881,3.372,0,-0.215769378097,0.277852456797,-1.65016525176,-0.560968385172,0.414201657393,0.52062037613,0,-0.000872664625997,-0,0,-0,0,-0.000109417926436,-4.23716148081e-05,0.000412171496537,0.00115737408062,-0.0008375316609,-1.27128419564e-05,-0.0679309643337,-0.00278382674887,0.0114784454054,-0.00498157480976,-2.42323431404e-06,-1.4648912359e-06,-0.0445128780023,-0.0436112636341,0.0326751445218,0.0119505932955,0.00521016705811,0.00597365140589,-0.112443842336,-0.046395090383,0.0441535899273,0.00696901848575,0.0052077438238,0.00597218651465,-0.00504,0.21546,-0.13695,0.011,0.0034,0
0.121,0.120811532,3.367,0,-0.215769577834,0.277851458112,-1.6501654515,-0.560968624857,0.414201178024,0.52062037613,0,-0,-0,0,-0,0,-0.000109166215966,-4.42681495983e-05,0.000411712981529,0.00115776547289,-0.000837215842401,-1.23581050661e-05,-0.0684192650553,-0.00280254105994,0.011560040302,-0.00501768426561,-2.45604134144e-06,-1.47523791133e-06,-0.0446005424527,-0.0558225168349,0.0403377415542,0.0137505737392,0.00740482211439,0.00578876691341,-0.113019807508,-0.0586250578948,0.0518977818562,0.00873288947355,0.00740236607305,0.00578729167549,0.0063,0.21861,-0.1397,0.015,-0.0102,-0.0108
0.122,0.121820437,3.38,0,-0.215769577834,0.277850659163,-1.6501654515,-0.560968864541,0.414199979601,0.520620855499,0,-0,-0,0,-0,0,-0.000108987087591,-4.62714945643e-05,0.000411350130524,0.00115767562389,-0.00083752281247,-1.18442051093e-05,-0.068906640325,-0.00282102398045,0.0116413504421,-0.00505371802713,-2.48670114131e-06,-1.48536387472e-06,-0.0454713289734,-0.0557086889219,0.0403574349028,0.0137067392946,0.00733060509162,0.00578832451813,-0.114377969298,-0.0585297129023,0.0519987853449,0.00865302126744,0.00732811839048,0.00578683915426,-0.01386,0.22365,-0.1441,0.008,-0.0082,-0.0166
0.123,0.122846151,3.36,0,-0.215769577834,0.277849660478,-1.65016565124,-0.56096934391,0.414198541494,0.520621334868,0,-0.000872664625997,-0,0,-0.00209439510239,0.0010471975512,-0.000108722245623,-4.83044820241e-05,0.000411007706882,0.00115780609722,-0.000838084992971,-1.12950420218e-05,-0.0693917285204,-0.0028396006882,0.0117225177639,-0.00508961907436,-2.51223947839e-06,-1.49592587769e-06,-0.0439917125907,-0.0489294362677,0.0372544219083,0.0116733376447,0.0077525269724,0.0049286328295,-0.113383441111,-0.0517690369559,0.0489769396722,0.00658371857038,0.00775001473292,0.00492713690362,0.01386,0.21987,-0.1276,0.0128,0.001,-0.0004
0.124,0.123747895,3.387,0,-0.215770177046,0.277848861529,-1.65016625045,-0.560970062964,0.414197343072,0.520621334868,0,-0,-0,0,-0,0,-0.000108422757998,-4.99962282171e-05,0.000410987302257,0.00115850818569,-0.000839074277298,-1.0350686284e-05,-0.0698751407783,-0.00285892487183,0.0118036326852,-0.00512538984572,-2.53508355166e-06,-1.50649742984e-06,-0.047187469992,-0.0555229797099,0.0404394534079,0.0136363282466,0.00719574863527,0.00579250155048,-0.11706261077,-0.0583819045818,0.0522430860931,0.00851093840089,0.00719321355172,0.00579099505305,0.0441,0.19908,-0.13805,0.0132,-0.0034,-0.0086
0.125,0.124675059,3.413,0,-0.215771175731,0.277848062581,-1.65016684966,-0.560970302648,0.414196144649,0.520621334868,-0.000872664625997,-0,-0,0,-0.0010471975512,0,-0.000108149644942,-5.14765831413e-05,0.000410904796661,0.00115876935606,-0.000839967226631,-8.83830371224e-06,-0.0703583541471,-0.00287794691305,0.0118844755792,-0.0051611138889,-2.56413072963e-06,-1.51663638015e-06,-0.0347896363323,-0.0589391107179,0.0420600237128,0.0141388160491,0.0098210515282,0.00579308151732,-0.105147990479,-0.0618170576309,0.053944499292,0.00897770216019,0.00981848739747,0.00579156488094,-0.00126,0.20664,-0.1474,0.0114,-0.0026,0.001
0.126,0.12585077,3.455,0,-0.215771774942,0.277847862844,-1.65016704939,-0.560970782017,0.41419566528,0.520621574552,0,-0,-0,0,-0.0010471975512,0,-0.000108050922055,-5.32361008977e-05,0.000410976890829,0.0011589683163,-0.000840478529048,-8.16834381318e-06,-0.0708400390582,-0.00289607146334,0.0119649327852,-0.00519675979162,-2.59811676753e-06,-1.52675662197e-06,-0.0472936733129,-0.058118921557,0.0426961872673,0.0139764456491,0.00845562186773,0.00579481752717,-0.118133712371,-0.0610149930203,0.0546611200525,0.00877968585747,0.00845302375096,0.00579329077055,-0.00693,0.21861,-0.13585,0.0176,0.0034,-0.0078
0.127,0.126869722,3.423,0,-0.215772174416,0.27784746337,-1.65016684966,-0.560971021702,0.414195185911,0.520621814237,0,-0,-0,0,-0,0,-0.00010798672611,-5.51584637589e-05,0.000410706585878,0.0011590758564,-0.000840356948439,-7.614423444e-06,-0.0713201350329,-0.00291392973811,0.0120449915246,-0.00523235012054,-2.62643706883e-06,-1.5372864377e-06,-0.0497372667358,-0.0552916110241,0.0405685716635,0.0135288408516,0.00699664379807,0.00579536384566,-0.121057401769,-0.0582055407622,0.0526135631881,0.00829649073105,0.006994017361,0.00579382655922,0.01449,0.22176,-0.14135,0.0072,-0.0046,-0.0106
0.128,0.127853744,3.346,0,-0.215772174416,0.277846864159,-1.65016645018,-0.560971021702,0.414194466858,0.520621814237,0,-0,-0,0,-0,0,-0.000107925501681,-5.73657079671e-05,0.000410208206174,0.00115929032998,-0.000840005020136,-7.25532193447e-06,-0.0717994478777,-0.00293392937755,0.0121241925479,-0.00526764408347,-2.63867255129e-06,-1.54768797159e-06,-0.050661016841,-0.055158359998,0.0405710312057,0.0134790948077,0.00691253777847,0.00579644394178,-0.122460464719,-0.0580922893755,0.0526952237535,0.0082114507242,0.00690989910592,0.00579489625381,-0.0189,0.23688,-0.13805,0.0084,-0.009,-0.0116
0.129,0.12882224,3.354,0,-0.215772174416,0.277845865473,-1.65016605071,-0.560971740755,0.414194466858,0.520621334868,0,-0.000872664625997,-0,-0.0010471975512,-0.0010471975512,0,-0.000107741460181,-5.96435176904e-05,0.000409487091997,0.00116072666165,-0.000838783454274,-7.50567740105e-06,-0.0722786731711,-0.00295515655661,0.0121964781658,-0.00530247297774,-2.6361525928e-06,-1.56005655486e-06,-0.0506485193105,-0.0475813503535,0.0371824536451,0.0136749256445,0.00633440637623,0.0069491263544,-0.122927192482,-0.0505365069102,0.0493789318109,0.00837245266679,0.00633177022364,0.00694756629785,-0.00504,0.21357,-0.1386,0.0076,0.0026,-0.0012
0.13,0.129861751,3.354,0,-0.215771774942,0.277844866788,-1.65016585097,-0.560972459809,0.414194706542,0.52062037613,0,-0.000872664625997,-0,-0.0010471975512,-0,-0.0010471975512,-0.000107526638336,-6.22305148733e-05,0.000408837515658,0.00116259989445,-0.000837548853234,-8.27493374124e-06,-0.0727565833157,-0.00297439699395,0.012269037928,-0.00533737234132,-2.64481630646e-06,-1.57214168251e-06,-0.0531977172185,-0.0444618205069,0.0347977884324,0.0141831582573,0.00485263461322,0.00800568870845,-0.125954300534,-0.0474362175009,0.0470668263604,0.00884578591596,0.00484998979691,0.00800411656677,0.00252,0.2079,-0.14685,0.0128,0.002,-0.0078
0.131,0.130706778,3.387,0,-0.215771375468,0.277843668365,-1.65016565124,-0.560973178862,0.414194466858,0.520619417392,0,-0.000872664625997,-0,0,-0,-0.0010471975512,-0.000107270378593,-6.48358379131e-05,0.000408106347996,0.00116451661446,-0.000836534946903,-8.80626844646e-06,-0.0732317214076,-0.00299235774832,0.0123476647564,-0.00537250599674,-2.67456091488e-06,-1.58203401184e-06,-0.0543465800894,-0.0420703001331,0.0326486328923,0.0124528707484,0.00434932590753,0.00705662558631,-0.127578301497,-0.0450626578814,0.0449962976488,0.00708036475169,0.00434665134661,0.0070550435523,-0.00504,0.18459,-0.13255,0.0186,-0.0106,-0.0136
0.132,0.131643816,2.751,0,-0.215770975994,0.277843069154,-1.65016565124,-0.560973658231,0.414193987489,0.520618938023,0,-0,-0,-0.0010471975512,-0.0010471975512,0,-0.000107120242842,-6.7448585126e-05,0.00040783455292,0.00116556357975,-0.000836461728087,-9.13404373859e-06,-0.0737058759343,-0.00301158337225,0.0124261966346,-0.00540758541794,-2.69465627939e-06,-1.59236208057e-06,-0.0528576688764,-0.0594620522468,0.0448424071184,0.01538422198,0.00832400973816,0.00678646532437,-0.126563544811,-0.062473635619,0.057268603753,0.00997663656211,0.00832131508189,0.00678487296229,-0.00693,0.21168,-0.14135,0.0044,0.0036,-0.0066
0.133,0.132632486,1.91,0,-0.21577057652,0.277843069154,-1.6501654515,-0.560973658231,0.414193268435,0.520619177707,0,-0,-0,0,-0,0,-0.000107152579501,-7.00618535779e-05,0.000407804267981,0.00116536733689,-0.000836889890431,-9.17530429039e-06,-0.0741784742987,-0.00302996238722,0.0125043911637,-0.00544256277502,-2.7197059935e-06,-1.60268681468e-06,-0.0555753310087,-0.0544523687288,0.0406089943892,0.0132545076474,0.00645624980551,0.00582683674342,-0.129753805307,-0.057482331116,0.0531133855529,0.00781194487234,0.00645353009952,0.00582523405661,0.00567,0.20664,-0.1386,0.0172,-0.0038,-0.0012
0.134,0.13386085,3.42,0,-0.21577057652,0.277843468628,-1.6501654515,-0.560973658231,0.414192309697,0.520619896761,0,-0,-0,0,-0,0,-0.000107236635155,-7.24292159121e-05,0.000408139299149,0.00116456327366,-0.000838111603902,-8.69695030715e-06,-0.0746494987528,-0.00304718599172,0.0125819639379,-0.00547748610258,-2.75504761896e-06,-1.61296827297e-06,-0.056544608896,-0.0544351824789,0.040696063031,0.0132194194425,0.00639052173929,0.0058228163495,-0.131194107649,-0.0574823684706,0.0532780269689,0.0077419333399,0.00638776669167,0.00582120338123,0.01197,0.23184,-0.13915,0.01,-0.0076,-0.0058
0.135,0.134859569,3.397,0,-0.215770776257,0.277843268891,-1.65016565124,-0.560973658231,0.414192309697,0.520620855499,-0.000872664625997,-0,-0,0,-0,0,-0.00010716489761,-7.47868345613e-05,0.000408106796679,0.0011636045111,-0.000838112036434,-8.49638361345e-06,-0.0751195466062,-0.0030647977724,0.0126592289256,-0.00551235633716,-2.78718903818e-06,-1.6230092923e-06,-0.0458703636783,-0.0551252299782,0.0401695580194,0.0133056855694,0.00761337234388,0.00581729111086,-0.120989910284,-0.0581900277506,0.052828786945,0.00779332923221,0.00761058515484,0.00581566810156,-0.0252,0.20034,-0.14135,0.01,0.0018,-0.0122
0.136,0.135847711,3.355,0,-0.215771375468,0.277843069154,-1.65016565124,-0.560973658231,0.414192789066,0.520621574552,0,-0.000872664625997,-0,0,-0,0,-0.000107124333139,-7.69415167685e-05,0.000407937366517,0.00116292805486,-0.000837501613693,-8.13531716561e-06,-0.0755886466041,-0.00308376825069,0.0127370822648,-0.00554700558566,-2.80486089446e-06,-1.63316841852e-06,-0.059235085539,-0.0419236435408,0.0331275125969,0.0112851715011,0.00395824739325,0.00600148570019,-0.134823732143,-0.0450074117915,0.0458645948617,0.0057381659154,0.00395544253235,0.00599985253177,0.0315,0.22932,-0.13695,0.0146,0.0044,-0.0086
0.137,0.13686765,3.361,0,-0.215772174416,0.277843069154,-1.6501654515,-0.560973658231,0.414192549382,0.520622293606,-0.000872664625997,-0,-0,0,-0,0.0010471975512,-0.000107156687056,-7.89505024148e-05,0.000407864119305,0.00116225066338,-0.000837514530532,-7.21694709209e-06,-0.0760561667925,-0.00310246065832,0.0128145268673,-0.00558159945722,-2.82640950561e-06,-1.64351296485e-06,-0.0477542480627,-0.0551818052894,0.0404700201784,0.0122549846061,0.00745733724787,0.00476332548968,-0.123810414855,-0.0582842659478,0.0532845470456,0.00667338514888,0.00745451083836,0.00476168197671,-0.00126,0.19593,-0.13915,0.0094,-0.0064,0.0006
0.138,0.13787158,3.382,0,-0.215772973365,0.277843268891,-1.65016525176,-0.560973658231,0.414192309697,0.520622053921,0,-0,-0,0,-0.0010471975512,-0.0010471975512,-0.000107230995127,-8.09851342549e-05,0.00040791626828,0.00116249024081,-0.0008377230594,-6.29808041168e-06,-0.0765221068963,-0.00311933020979,0.0128907329606,-0.00561625960737,-2.86895821497e-06,-1.65371959887e-06,-0.058783422111,-0.056636854545,0.0428039463397,0.0144082049427,0.00746763462156,0.00685964908439,-0.135305529007,-0.0597561847548,0.0556946793004,0.00879194533538,0.00746476566334,0.00685799536479,-0.01134,0.20601,-0.13365,0.0076,0.0008,-0.009
0.139,0.13886275,3.436,0,-0.215773572576,0.277843868102,-1.65016485229,-0.560973897916,0.414192070013,0.520621574552,0,0.000872664625997,-0,0,-0,0,-0.000107406244025,-8.31528998955e-05,0.00040815626899,0.00116314606829,-0.000838175026133,-5.66404937909e-06,-0.0769871101577,-0.00313633582193,0.012966992821,-0.00565077247159,-2.89935288603e-06,-1.66376213216e-06,-0.0605423204756,-0.0664463773576,0.0486013205546,0.014854880578,0.00828608270209,0.00562888575618,-0.137529430633,-0.0695827131796,0.0615683133756,0.00920410810639,0.0082831833492,0.00562722199405,0.02016,0.20412,-0.13915,0.0156,0.0034,-0.002
0.14,0.139877868,3.389,0,-0.215773372839,0.277844267577,-1.65016445281,-0.5609741376,0.414191350959,0.520621095183,0,-0,-0,0,-0,0,-0.000107540117077,-8.58532185713e-05,0.000408313702347,0.00116384534483,-0.000838846180648,-5.58957264286e-06,-0.0774504584915,-0.0031543996998,0.0130434854069,-0.00568510743799,-2.9218099348e-06,-1.67363143341e-06,-0.0623473645106,-0.05405745533,0.0410153397892,0.0129760513198,0.00593608260733,0.00581922670574,-0.139797823002,-0.0572118550298,0.0540588251961,0.00729094388181,0.00593316079739,0.00581755307431,0.00378,0.21042,-0.14575,0.0108,-0.0048,-0.0054
0.141,0.140873125,3.359,0,-0.215772573891,0.277844667051,-1.65016425308,-0.560973658231,0.41419087159,0.520621095183,0.000872664625997,-0,-0,0,-0,0,-0.000107682109186,-8.90121459961e-05,0.000408450667649,0.00116336457458,-0.000839360159732,-5.98277514389e-06,-0.0779129502539,-0.00317212139462,0.0131195873901,-0.00571941621619,-2.95175520904e-06,-1.6836987659e-06,-0.0750997947078,-0.0532388419498,0.0416635360845,0.0128015322929,0.00454962019525,0.00581755581013,-0.153012744962,-0.0564109633444,0.0547831234747,0.00708211607668,0.00454666844004,0.00581587211137,-0.00567,0.20664,-0.1397,0.0114,0.002,-0.0092
0.142,0.141865775,3.374,0,-0.215771974679,0.277844667051,-1.6501638536,-0.560973178862,0.414190392222,0.520621334868,0,-0,-0,0.0010471975512,-0,0,-0.000107772446214,-9.20905334886e-05,0.000408243827605,0.00116277244736,-0.00083928961912,-6.17532777356e-06,-0.0783737724547,-0.00318972224749,0.0131954302543,-0.00575359701414,-2.98079261651e-06,-1.69377294735e-06,-0.0647060501778,-0.0516928874952,0.0389869764876,0.011196093907,0.00535343563323,0.00485521348008,-0.143079822632,-0.0548826097427,0.0521824067419,0.00544249689283,0.00535045484061,0.00485351970713,-0.01071,0.18207,-0.12815,0.013,0.0002,-0.0078
0.143,0.142865647,3.342,0,-0.215771375468,0.277844866788,-1.6501638536,-0.560972459809,0.414190152537,0.520621814237,0,-0,-0,0,-0,0,-0.000107854768488,-9.52286065292e-05,0.000408296837092,0.00116159098004,-0.000839548025962,-6.40365682948e-06,-0.0788337058646,-0.00320703767724,0.013270935941,-0.0057877272957,-3.01256426288e-06,-1.70383666124e-06,-0.0656585617693,-0.05383762319,0.0411848531269,0.0128295275753,0.00567053773676,0.00580795538104,-0.144492267634,-0.0570446608672,0.0544557890679,0.00704180027957,0.00566752517249,0.00580625154438,-0.00819,0.1953,-0.14135,0.0064,-0.0108,-0.008
0.144,0.143868421,3.371,0,-0.215771375468,0.277845066525,-1.65016425308,-0.56097198044,0.414190152537,0.520622293606,0,-0,-0,0.0010471975512,-0,0,-0.000107860936362,-9.80392262297e-05,0.000408545786934,0.00116054526385,-0.000840036770745,-6.2368635519e-06,-0.0792927581915,-0.0032237152874,0.01334577733,-0.00582187923614,-3.04768496365e-06,-1.71383549361e-06,-0.0668848110275,-0.0515844781937,0.0391337760404,0.0111049785342,0.00518654270241,0.00484407715368,-0.146177569219,-0.0548081934811,0.0524795533705,0.00528309929804,0.00518349501745,0.00484236331819,0.00819,0.21798,-0.14025,0.0188,-0.001,-0.0096
0.145,0.144862748,3.392,0,-0.215771774942,0.277844866788,-1.65016485229,-0.560971740755,0.414190392222,0.52062253329,0,-0,-0,0,-0,0,-0.000107739803804,-0.000100661912092,0.00040864762848,0.00116000018528,-0.000840170902684,-5.87384417465e-06,-0.0797494696549,-0.00324058935258,0.0134205728267,-0.00585585026017,-3.07776050493e-06,-1.72362984842e-06,-0.0677764734642,-0.0537296073343,0.0413381741022,0.0127459832015,0.00551009718559,0.00580000103426,-0.147525943119,-0.0569701966869,0.0547587469289,0.00689013294135,0.00550701942508,0.00579827740441,0.01953,0.19593,-0.1342,0.0064,0.0106,-0.0084
0.146,0.145895584,3.344,0,-0.215771774942,0.277844667051,-1.65016565124,-0.560971501071,0.414190152537,0.520622053921,0,-0,-0,0,0.0010471975512,0,-0.000107586992708,-0.000103560181243,0.000408885821568,0.00116013181856,-0.000840915805891,-5.67208542532e-06,-0.0802052172966,-0.00325851445476,0.0134956727109,-0.00588964886833,-3.09875411983e-06,-1.7337270425e-06,-0.0704268606848,-0.0509518500657,0.0392758071214,0.0123056318687,0.00404662289888,0.00580065934807,-0.150632077981,-0.0542103645205,0.0527714798324,0.00641598300039,0.00404352414476,0.00579892562103,-0.01512,0.20349,-0.1419,0.007,-0.0168,0.001
0.147,0.146624686,3.32,0,-0.215771774942,0.277845066525,-1.65016605071,-0.560971501071,0.414189673168,0.520621574552,0,-0,-0,0,-0.0010471975512,-0.0010471975512,-0.000107608700527,-0.000106435899289,0.000409364658723,0.00116044044304,-0.000842111480733,-5.43420571838e-06,-0.0806600980514,-0.00327491213114,0.0135698848456,-0.00592347054691,-3.13903437357e-06,-1.74330624458e-06,-0.0683941330499,-0.0561692210629,0.0434600427852,0.0140437987983,0.00674060725831,0.00684939917447,-0.149054231101,-0.059444133194,0.0570299276308,0.00812032825135,0.00673746822394,0.00684765586823,0.03024,0.19278,-0.14135,0.0134,-0.0038,-0.0116
0.148,0.147833547,3.385,0,-0.215771774942,0.277845665736,-1.65016625045,-0.56097198044,0.414190152537,0.520621574552,0,-0,-0,0,-0,0.0010471975512,-0.000107677095694,-0.000109370560538,0.000409851302916,0.00116070823725,-0.000842572439805,-5.84149050276e-06,-0.0811125890595,-0.00329177879163,0.0136437059616,-0.00595720631555,-3.16902861577e-06,-1.75327845682e-06,-0.0710586675622,-0.0538777668443,0.0418615004064,0.0116909803158,0.00527779183928,0.00475634457323,-0.152171256622,-0.0571695456359,0.055505206368,0.00573377400027,0.00527462281067,0.00475459129477,-0.02772,0.21735,-0.1287,0.0164,0.0076,0.0014
0.149,0.148770862,3.391,0,-0.215771974679,0.277845865473,-1.65016625045,-0.560972220124,0.414190392222,0.520621814237,0,-0,-0,0,0.0010471975512,0,-0.000107707396566,-0.000112219227029,0.000409983792544,0.00116064397473,-0.000842607583178,-5.8438074643e-06,-0.0815649216566,-0.00330896405062,0.0137178250506,-0.00599080065019,-3.19469306115e-06,-1.76334783799e-06,-0.073716834473,-0.0508664655826,0.0395562639164,0.0122030403617,0.00380834491918,0.00580321940925,-0.15528175613,-0.0541754296332,0.053274088967,0.00621223971155,0.00380515022612,0.00580145606141,-0.00252,0.2142,-0.13475,0.0068,-0.0044,-0.0178
0.15,0.149729665,3.387,0,-0.215772773628,0.277845465999,-1.65016605071,-0.560972459809,0.414190631906,0.520622293606,0,-0,-0,0,-0,0,-0.000107644379744,-0.000114742450125,0.000409647721063,0.00116051189415,-0.000841863978864,-5.24694258318e-06,-0.0820164095305,-0.00332492466734,0.0137913355775,-0.00602436998658,-3.2390731525e-06,-1.77271507921e-06,-0.0732100821286,-0.0534689790972,0.0417296941204,0.0125544464801,0.00509909177398,0.0058025594452,-0.155226491659,-0.0567939037645,0.0555210296979,0.00653007649356,0.00509585270082,0.00580078673012,0.00315,0.17829,-0.13475,0.0122,0.0016,-0.005
0.151,0.15087644,3.643,0,-0.21577397205,0.277845066525,-1.65016605071,-0.560972699493,0.414190392222,0.52062253329,-0.000872664625997,-0.000872664625997,-0,0,-0,0,-0.00010754976964,-0.000117029555591,0.000409447737057,0.00116057702588,-0.000841730708584,-4.01195488997e-06,-0.0824647212416,-0.00334239633061,0.0138647462422,-0.00605777462742,-3.26311550544e-06,-1.78272140744e-06,-0.0633535003776,-0.0417886655741,0.033535118645,0.0107941167459,0.00404407517279,0.00598899465235,-0.145818221619,-0.0451310619048,0.0473998648872,0.00473634211848,0.00404081205728,0.00598721193094,0.00441,0.22428,-0.1276,0.0084,-0.0054,-0.0088
0.152,0.151831634,3.238,0,-0.215774571261,0.277844866788,-1.65016625045,-0.560973178862,0.414189673168,0.520622053921,0,-0,-0,0,-0,0,-0.000107452345477,-0.000119706619462,0.000409540126367,0.0011614957296,-0.000842450034281,-3.22241091536e-06,-0.0829129039352,-0.00335859203882,0.0139375771606,-0.00609118378373,-3.29998791618e-06,-1.79248692769e-06,-0.0753173049243,-0.0532973244966,0.0418391199296,0.0124690949033,0.00493417397821,0.00580747851773,-0.15823020886,-0.0566559165354,0.0557766970902,0.00637791111957,0.0049308739903,0.0058056860308,-0.01071,0.20475,-0.143,0.0164,-0.0062,-0.0038
0.153,0.152860721,3.376,0,-0.215774970736,0.277844667051,-1.65016625045,-0.560973897916,0.414189193799,0.520621814237,0,-0,-0,-0.0010471975512,-0.0010471975512,0,-0.000107373153861,-0.000122549708974,0.000409549008187,0.00116243694231,-0.00084281620444,-2.83542481015e-06,-0.0833602177667,-0.00337481243166,0.0140103557323,-0.00612449458075,-3.33431848554e-06,-1.80205879634e-06,-0.0747079159763,-0.0581542852331,0.0461866751711,0.0145165188327,0.00663592968602,0.00677083472903,-0.158068133743,-0.0615290976647,0.0601970309034,0.00839202425191,0.00663259536754,0.00676903267024,-0.02142,0.21672,-0.13695,0.0078,0.0102,-0.0062
0.154,0.15387155,3.373,0,-0.215774571261,0.277844467314,-1.65016645018,-0.560974856654,0.414188474746,0.520621814237,0,-0,-0,-0.0010471975512,-0,0,-0.000107249514118,-0.000125932420225,0.000409702791976,0.00116331417039,-0.000843631374547,-3.21123666886e-06,-0.083805858017,-0.00339179046128,0.0140830886514,-0.00615767638662,-3.36137801207e-06,-1.81186689259e-06,-0.0774557283968,-0.0553598799455,0.0441199193544,0.0140742565634,0.00516216078682,0.00677522116775,-0.161261586414,-0.0587516704068,0.0582030080058,0.00791658017675,0.00515879940881,0.00677340930085,-0.02268,0.18963,-0.14795,0.0112,-0.009,-0.0104
0.155,0.154868073,3.364,0,-0.215773772313,0.277844467314,-1.65016645018,-0.560975336023,0.414187755692,0.520622293606,0.000872664625997,-0,-0,0,-0,0,-0.000107225102958,-0.00012960733722,0.000409827143845,0.00116327448443,-0.00084435078594,-3.81975054318e-06,-0.0842505648919,-0.00340822567897,0.0141552485071,-0.00619083192933,-3.39654806172e-06,-1.82164026581e-06,-0.0904892043452,-0.0523128556248,0.0426446681013,0.0122159553962,0.00336103917963,0.0058171097006,-0.174739769237,-0.0557210813038,0.0567999166084,0.00602512346685,0.00335764263157,0.00581528806034,0.00441,0.21798,-0.1463,0.0094,-0.0038,-0.0066
0.156,0.155875126,3.393,0,-0.215773772313,0.277844667051,-1.65016605071,-0.560976294761,0.414187036639,0.520622772975,0,-0,-0,0,-0,0,-0.000107278895096,-0.000132773802234,0.000409951413091,0.00116371533995,-0.000844971834849,-3.7967484874e-06,-0.0846930156634,-0.00342419055454,0.0142273384787,-0.00622380898028,-3.42787848201e-06,-1.83121582062e-06,-0.0800057366037,-0.053015509656,0.0421401400938,0.0123043741869,0.00457360476293,0.00581857669648,-0.164698752267,-0.0564397002106,0.0563674785725,0.00608056520664,0.00457017688445,0.00581674548066,0.00126,0.2079,-0.1177,0.0122,-0.0026,-0.0076
0.157,0.156873457,3.325,0,-0.215773572576,0.277844866788,-1.65016565124,-0.560977013814,0.41418655727,0.520623012659,0,-0,0.000872664625997,-0.0010471975512,-0.0010471975512,0,-0.000107345884488,-0.000136125893635,0.000410022540046,0.00116417717862,-0.000845335050863,-4.00841331998e-06,-0.085134497946,-0.00344053988228,0.0142991163974,-0.00625673399071,-3.46087703551e-06,-1.84077611385e-06,-0.0789021812174,-0.0502269566813,0.0392084230554,0.012568738561,0.00447628780602,0.00696637999837,-0.164036679163,-0.0536674965636,0.0535075394528,0.00631200457029,0.00447282692898,0.00696453922225,-0.03213,0.23814,-0.143,0.0086,0.0044,-0.007
0.158,0.157862595,3.405,0,-0.215773772313,0.277844866788,-1.6501654515,-0.560977732868,0.41418655727,0.52062253329,0,-0,-0,0,-0,-0.0010471975512,-0.000107339859896,-0.000139302581661,0.000410019818686,0.00116535680303,-0.000845284748383,-4.06032785875e-06,-0.0855750729269,-0.00345630321496,0.0143702787195,-0.00628965721182,-3.49728084331e-06,-1.85051149269e-06,-0.0823740013214,-0.0526323804699,0.0420448487895,0.0131759828623,0.00438491278017,0.00687398158056,-0.167949074248,-0.0560886836849,0.0564151275089,0.00688632565045,0.00438141549933,0.00687213106906,0.02205,0.19782,-0.13365,0.0148,-0.0016,-0.015
0.159,0.158878759,3.397,0,-0.21577397205,0.27784406784,-1.65016565124,-0.560977972552,0.41418655727,0.520621814237,-0.000872664625997,-0.000872664625997,-0,0,-0,0,-0.000107131067487,-0.000142581541255,0.000409641120384,0.00116642347677,-0.000844746920315,-3.94412685918e-06,-0.0860133780914,-0.00347128113216,0.0144410814825,-0.0063224498528,-3.53993744617e-06,-1.8597847765e-06,-0.072681286492,-0.0411346456542,0.0340666209021,0.0104533038466,0.00330934452183,0.00601822328855,-0.158694664583,-0.0446059267863,0.0485077023845,0.00413085399375,0.00330580458439,0.00601636350377,-0.01134,0.2016,-0.1452,0.0116,0.0064,-0.0072
0.16,0.160015982,3.355,0,-0.21577397205,0.277843668365,-1.65016605071,-0.560978212237,0.414186077901,0.520621334868,0,-0,-0,0,-0,0,-0.000106974226007,-0.000145993418039,0.000409649258391,0.00116712182671,-0.000845210395862,-3.78995687666e-06,-0.0864514166553,-0.00348782177789,0.0145121410088,-0.00635514599303,-3.57134230594e-06,-1.86933922389e-06,-0.0847743467105,-0.0526201325083,0.0423701166792,0.0121214224006,0.00418505021699,0.00583560983002,-0.171225763366,-0.0561079542862,0.056882257688,0.00576627640762,0.00418147887469,0.00583374049079,-0.00126,0.18144,-0.1419,0.0108,-0.0008,-0.0064
0.161,0.160876226,3.37,0,-0.215774571261,0.277843868102,-1.65016605071,-0.560978451921,0.414185119163,0.520620855499,0,-0,-0,0,-0,0,-0.000107004671615,-0.000148994761504,0.000409889838535,0.00116777821495,-0.000846285849142,-2.79805785188e-06,-0.0868886020053,-0.00350315870088,0.0145826086102,-0.00638781830908,-3.60729147333e-06,-1.87908967054e-06,-0.0859324716553,-0.0525725314614,0.0424573903662,0.01208219387,0.00410278351053,0.00583889130968,-0.172821073661,-0.0560756901623,0.0570399989764,0.00569437556089,0.00409917621906,0.00583701222001,0.03843,0.20601,-0.1364,0.0088,-0.0036,-0.003
0.162,0.16170846,3.504,0,-0.215774970736,0.277844467314,-1.65016585097,-0.56097893129,0.414184639794,0.520621095183,0,-0,-0,0,-0,0,-0.000107136681108,-0.000152157959899,0.000410274214254,0.00116789200147,-0.000847187605225,-2.32715694113e-06,-0.0873234244824,-0.00351873773806,0.0146530737573,-0.00642028594687,-3.64301166891e-06,-1.88842733206e-06,-0.0871178953704,-0.0525451427948,0.0425559482543,0.0120427960753,0.00401905208679,0.00583946027522,-0.174441319853,-0.0560638805329,0.0572090220116,0.00562251012845,0.00401540907512,0.00583757184788,-0.02394,0.22428,-0.1419,0.0134,0,-0.009
0.163,0.162875686,3.358,0,-0.215775170473,0.277844866788,-1.65016565124,-0.560979650344,0.414184639794,0.520621814237,0,-0,-0,0,-0,0.0010471975512,-0.000107214068811,-0.000155518583182,0.00041052182931,0.00116778775543,-0.000847527516113,-2.37959153006e-06,-0.0877573051573,-0.0035346584383,0.0147231844568,-0.00645272613958,-3.67571276008e-06,-1.89795982392e-06,-0.0883342674114,-0.0527179567947,0.0428666680786,0.0110399931021,0.00392677226703,0.00479174161816,-0.176091572569,-0.056252615233,0.0575898525354,0.00458726696249,0.00392309655427,0.00478984365833,-0.0315,0.2079,-0.14135,0.0156,0.001,-0.0014
0.164,0.163888483,3.396,0,-0.21577537021,0.277845266262,-1.6501654515,-0.560980129713,0.414184400109,0.52062253329,0,-0,-0,0,-0,0,-0.000107304831455,-0.000158913255057,0.000410758980962,0.00116746415667,-0.0008480263452,-2.22779078011e-06,-0.0881895787419,-0.00355036085189,0.0147929409682,-0.00648508749234,-3.70767296606e-06,-1.90747104478e-06,-0.0895596596127,-0.0524419879688,0.0427289825985,0.0119525314281,0.00383483441276,0.00583732085489,-0.177749238355,-0.0559923488207,0.0575219235667,0.00546744393573,0.00383112673979,0.00583541338385,-0.01071,0.19467,-0.1408,0.0126,-0.0004,-0.0114
0.165,0.164868716,3.354,0,-0.215775769684,0.277845665736,-1.65016525176,-0.560980129713,0.41418392074,0.520622772975,0,-0,-0,0,-0,0,-0.000107422109909,-0.000162220822889,0.0004109560504,0.00116718263174,-0.00084863783902,-1.58927999487e-06,-0.0886209424381,-0.0035658240949,0.0148624039494,-0.00651737476497,-3.7472127162e-06,-1.91676388791e-06,-0.0907744307175,-0.0523873189608,0.0428110168616,0.0119048473947,0.00374446866609,0.0058359129678,-0.179395373156,-0.0559531430557,0.0576734208109,0.00538747262977,0.00374072145337,0.00583399620391,0.01764,0.19908,-0.14135,0.0134,-0.006,-0.0088
0.166,0.165661619,3.487,0,-0.215775969421,0.277845665736,-1.65016505202,-0.560979650344,0.414183681056,0.52062253329,0,-0,-0,0,-0,0,-0.000107482576659,-0.000165740703288,0.000410819177696,0.00116702594656,-0.000848554565445,-1.10176400788e-06,-0.0890514575373,-0.00358007772025,0.0149312698822,-0.00654963822353,-3.79607040166e-06,-1.92602862525e-06,-0.0920210674143,-0.0522826569732,0.042861682077,0.0118480776784,0.00364222051337,0.00583512970886,-0.181072524952,-0.0558627346934,0.0577929519592,0.00529843945485,0.00363842444297,0.00583320368024,-0.0378,0.21231,-0.1375,0.0072,-0.0042,0.0038
0.167,0.166893198,5.055,0,-0.215775569947,0.277845665736,-1.65016485229,-0.560979650344,0.414184160425,0.520622293606,0,-0,-0,0,-0,-0.0010471975512,-0.000107517042628,-0.000169711461342,0.000410679569335,0.00116730858444,-0.000847943011076,-1.73994865807e-06,-0.0894803159826,-0.00359540597824,0.0150003804829,-0.00658172493859,-3.82765542731e-06,-1.93534713961e-06,-0.0933359139651,-0.0519449150041,0.042688912857,0.0127511121263,0.00352985997364,0.00688374077551,-0.182816229948,-0.0555403209823,0.0576892933399,0.00616938718773,0.00352603231821,0.00688180542837,-0.00756,0.21546,-0.1276,0.0112,-0.0022,-0.013
0.168,0.167881168,3.758,0,-0.215775170473,0.277845066525,-1.65016485229,-0.560979890028,0.414184160425,0.52062253329,0.000872664625997,-0,-0,0,-0,0,-0.000107382041404,-0.000173727396825,0.00041033203381,0.00116741627728,-0.000847406019667,-2.22248996926e-06,-0.0899075148619,-0.00361113465079,0.0150691135917,-0.00661375534723,-3.85740238948e-06,-1.94484809547e-06,-0.106305707225,-0.0512564970876,0.0435298889879,0.0116012566469,0.00211228101834,0.00583782148088,-0.196213222086,-0.0548676317384,0.0585990025797,0.00498750129962,0.00210842361595,0.00583587663278,0.03717,0.17577,-0.14355,0.0094,-0.0006,-0.011
0.169,0.168878009,3.377,0,-0.215774970736,0.277844866788,-1.65016485229,-0.560980369397,0.414183681056,0.520622293606,0,-0,-0,0,-0,0,-0.000107317239824,-0.00017760715681,0.00041030876262,0.00116813874807,-0.000847723349331,-2.34993853118e-06,-0.0903331683258,-0.003626014615,0.0151375056118,-0.00664568501118,-3.89704755871e-06,-1.95434800985e-06,-0.0959652168303,-0.0519235408936,0.0430207203305,0.0116825778566,0.00330902879326,0.00584069382048,-0.186298385156,-0.0555495555086,0.0581582259423,0.00503689284541,0.0033051317457,0.00583873947247,0.00189,0.18648,-0.13585,0.0146,-0.0032,-0.0024
0.17,0.169882924,3.385,0,-0.215774371524,0.277845266262,-1.65016505202,-0.560980609082,0.414182962002,0.520622053921,0,-0,-0,0,-0,0,-0.000107358785859,-0.000181759906442,0.000410745068742,0.00116846957425,-0.000848980449731,-2.67587798437e-06,-0.0907585812923,-0.00364034552701,0.0152053964882,-0.00667759343748,-3.9437157294e-06,-1.96339399382e-06,-0.0973124636484,-0.0518890424663,0.0431366917583,0.0116417796286,0.00321306523566,0.00584234729529,-0.188071044941,-0.0555293879933,0.0583420882465,0.00496418619109,0.00320912151993,0.0058403839013,-0.02331,0.20286,-0.13915,0.017,-0.0098,-0.0116
0.171,0.170684727,3.353,0,-0.215774371524,0.27784606521,-1.65016505202,-0.560980129713,0.414182962002,0.520622053921,0,-0,-0,0,-0,0,-0.000107554375729,-0.000185600871566,0.000411180651724,0.0011678591875,-0.000849664114248,-2.50902202638e-06,-0.0911823205106,-0.00365544264891,0.0152732477784,-0.00670937325767,-3.97846517766e-06,-1.97245398158e-06,-0.09862109298,-0.0518616011803,0.0432439825812,0.0115950160108,0.00311873994666,0.00583929592566,-0.189803413491,-0.0555170438292,0.0585172303596,0.00488564275316,0.00311476148148,0.00583732347168,0,0.22743,-0.1331,0.0076,0.0002,-0.0084
0.172,0.171883907,3.386,0,-0.215774770998,0.277846864159,-1.65016485229,-0.560979410659,0.414182962002,0.520621814237,0,-0,-0,0.0010471975512,-0,0.0010471975512,-0.000107794600204,-0.000189226871183,0.000411492452632,0.00116731305837,-0.000850105601733,-1.8585023842e-06,-0.0916037860801,-0.00367063306048,0.0153409530941,-0.0067410219142,-4.01310722514e-06,-1.98172937513e-06,-0.100059463268,-0.0498336887624,0.0414256546245,0.00890332547791,0.00261944078877,0.00383071566673,-0.191663249348,-0.0535043218229,0.0567666077186,0.00216230356371,0.00261542768154,0.00382873393736,0.01323,0.20097,-0.14685,0.0158,0.0024,0.0038
0.173,0.172836807,3.365,0,-0.215774970736,0.277847063896,-1.65016485229,-0.56097893129,0.414182962002,0.520621574552,0,-0,-0,0,-0,0,-0.000107865679868,-0.00019305239023,0.000411552582173,0.00116706975348,-0.000850203934584,-1.49174166082e-06,-0.0920251344984,-0.00368419765526,0.0154077525441,-0.00677274846248,-4.06130949063e-06,-1.99115902911e-06,-0.101216733406,-0.0517375242171,0.043408790152,0.011490193077,0.00292069828484,0.00583534912574,-0.193241867905,-0.0554217218724,0.0588165426961,0.00471744461455,0.00291663697535,0.00583335796671,-0.01953,0.19278,-0.1408,0.007,0.0026,-0.006
0.174,0.173939807,3.479,0,-0.215775170473,0.277847263633,-1.65016445281,-0.560978451921,0.414182722318,0.520622053921,0,-0,-0,0,-0,0,-0.000107999331482,-0.000196894511922,0.000411447500445,0.001166195418,-0.000850120435623,-1.00531034169e-06,-0.0924454920487,-0.0036988732585,0.0154749108897,-0.00680427882804,-4.09582673003e-06,-2.00023707914e-06,-0.102535270862,-0.0516353626651,0.0434644750759,0.0114271665858,0.00281319445282,0.00583097665452,-0.194980762911,-0.0553342359236,0.0589393859656,0.00462288775778,0.00280909862609,0.00582897641744,-0.00315,0.21798,-0.12705,0.0158,0.0006,-0.0088
0.175,0.174883766,3.339,0,-0.215775569947,0.27784746337,-1.65016425308,-0.560978212237,0.414182003264,0.520622293606,0,-0,-0,0,-0,0,-0.000108088737718,-0.000200627743377,0.000411509861565,0.0011657360968,-0.000850696685904,-1.64130430089e-07,-0.0928634824649,-0.00371312468844,0.0155414504834,-0.006835725332,-4.14087058251e-06,-2.00903238331e-06,-0.103841821187,-0.0515558334207,0.0435394320975,0.0113712678924,0.0027132546599,0.00582868067163,-0.196705303652,-0.0552689581092,0.0590808825808,0.00453554256037,0.00270911378931,0.00582667163924,-0.02142,0.20475,-0.13585,0.0164,-0.0086,-0.0106
0.176,0.175879911,3.392,0,-0.215776169158,0.27784746337,-1.65016405334,-0.560978212237,0.414182003264,0.520622293606,0,-0,-0,0,-0,0,-0.000108123454156,-0.000204316322814,0.00041141314213,0.00116577806387,-0.000850501444399,4.34333492256e-07,-0.0932799154107,-0.00372741835552,0.0156078729927,-0.00686707028153,-4.1799340674e-06,-2.01850455199e-06,-0.105147598095,-0.0514498617978,0.0435967553594,0.0113138944329,0.00260665726055,0.00582889122057,-0.198427513505,-0.0551772801534,0.0592046283522,0.00444682415135,0.00260247732648,0.00582687271602,0.03213,0.20601,-0.1353,0.0166,-0.005,-0.0096
0.177,0.176886997,3.383,0,-0.215776169158,0.27784746337,-1.65016405334,-0.560978212237,0.414182962002,0.520622293606,0,-0,-0,0,-0,0,-0.000108127109631,-0.000208488919722,0.000411323117705,0.00116577835557,-0.000849669411431,-4.3484539699e-08,-0.0936960736337,-0.00374209088827,0.0156740556254,-0.00689836858739,-4.21960465727e-06,-2.02776660118e-06,-0.106524579092,-0.0513357079596,0.0436561145672,0.0112554241617,0.00248944998524,0.0058288916571,-0.200220652726,-0.0550777988479,0.0593301701926,0.00435705557432,0.00248523038058,0.0058268638905,-0.00126,0.22176,-0.1386,0.0142,0.0084,-0.003
0.178,0.177696076,3.32,0,-0.215775969421,0.27784746337,-1.65016465255,-0.560977972552,0.414183441371,0.520622293606,0,-0,-0.000872664625997,0,0.0010471975512,0,-0.000108050256081,-0.000212835051722,0.000411525327313,0.00116543014754,-0.000849790727456,-3.97863864932e-07,-0.0941106630335,-0.00375561975097,0.0157396237018,-0.00692961399555,-4.26506728254e-06,-2.03654112142e-06,-0.110067044016,-0.0561854175196,0.0488864166784,0.0125771919871,0.00278823927831,0.00564030845655,-0.204177707049,-0.0599410372706,0.0646260403802,0.00564757799153,0.00278397421103,0.00563827191543,-0.01449,0.19656,-0.1375,0.0124,-0.0042,-0.0112
0.179,0.178875968,3.359,0,-0.215776368895,0.277847063896,-1.65016525176,-0.560977732868,0.414182722318,0.520622053921,0,-0,-0.000872664625997,0,-0,0,-0.000107889928177,-0.000216796786541,0.000411585179793,0.00116540858307,-0.000850562066623,4.43838361488e-07,-0.0945236664954,-0.00376924122579,0.0158051227605,-0.00696073335838,-4.30454443551e-06,-2.04555966732e-06,-0.109856103908,-0.0588190270247,0.0511222543259,0.0129291473937,0.0040692589359,0.0056402013009,-0.204379770403,-0.0625882682505,0.0669273770864,0.00596841403534,0.00406495439146,0.00563815574124,0.01134,0.2016,-0.13475,0.0112,-0.0088,-0.0036
0.18,0.179885515,3.373,0,-0.215777167843,0.277847263633,-1.65016605071,-0.560977253499,0.414182722318,0.520621574552,-0.000872664625997,-0,-0,0,-0,0,-0.000107836480845,-0.000220569902238,0.000412018653373,0.0011652347516,-0.000851442526992,1.40927201576e-06,-0.094936432152,-0.00378317899601,0.0158703234496,-0.00699183066014,-4.35415872926e-06,-2.05457659243e-06,-0.0989594667604,-0.0518911167373,0.0433750174643,0.0112368542112,0.00348494768916,0.0058254308586,-0.193895898912,-0.0556742957333,0.0592453409139,0.00424502355103,0.00348059353043,0.00582337628201,0.00819,0.19719,-0.14135,0.008,0.0002,-0.003
0.181,0.180875064,3.444,0,-0.215777367581,0.27784746337,-1.65016684966,-0.560977732868,0.414182482633,0.520621574552,0,-0,-0,0,-0,0,-0.000107730134296,-0.000224733880296,0.000412596633155,0.00116546019835,-0.000852722685708,1.56123710716e-06,-0.0953468252589,-0.00379825131677,0.0159357461841,-0.00702272266529,-4.38773125921e-06,-2.06363561359e-06,-0.111994937712,-0.0510992654272,0.0440894265482,0.011067505861,0.00208790703658,0.00582730143459,-0.20734176297,-0.0548975167439,0.0600251727323,0.00404478319568,0.00208351930532,0.00582523779897,-0.00693,0.21861,-0.143,0.0138,-0.0012,-0.0102
0.182,0.181879506,3.363,0,-0.215777567318,0.277847263633,-1.65016684966,-0.560978691606,0.414182242949,0.520621574552,0,-0,-0,-0.0010471975512,-0,0,-0.000107640297454,-0.000228921110677,0.000412612015533,0.00116637976379,-0.000852927182966,1.5453722892e-06,-0.0957557114521,-0.00381120990902,0.0160002510167,-0.00705361235344,-4.42885032947e-06,-2.07262163923e-06,-0.113233192662,-0.0532083506997,0.0463008687558,0.0126990547523,0.00238136588359,0.00679055134905,-0.208988904114,-0.0570195606088,0.0623011197725,0.00564544239883,0.00237693703326,0.00678847872741,-0.0063,0.16632,-0.13145,0.0148,-0.0012,-0.0038
0.183,0.182666013,3.394,0,-0.215777767055,0.277847063896,-1.65016625045,-0.560979650344,0.414181523895,0.520621814237,0,-0,0.000872664625997,-0.0010471975512,-0.0010471975512,0,-0.000107644536938,-0.000233107272527,0.000412390119165,0.00116718872038,-0.000852962923724,1.76921049862e-06,-0.0961636344576,-0.00382455621679,0.0160644449771,-0.00708445095936,-4.47178474908e-06,-2.08159439725e-06,-0.112490504715,-0.0481517367643,0.0412175859455,0.011265675321,0.00185690894694,0.00698143840685,-0.208654139173,-0.0519762929811,0.0572820309226,0.00418122436167,0.00185243716219,0.00697935681245,-0.01323,0.22554,-0.1298,0.0104,-0.001,-0.005
0.184,0.183882197,3.352,0,-0.215777767055,0.277847063896,-1.65016585097,-0.560980369397,0.414180804842,0.520621814237,0,-0,-0,0,-0,0,-0.00010767214799,-0.000237471256472,0.000412355855257,0.00116793238074,-0.000853340299683,1.87539879449e-06,-0.0965699290262,-0.0038377303253,0.0161283283244,-0.00711518710411,-4.5188142693e-06,-2.09033790419e-06,-0.116211936557,-0.0507629029244,0.0442893422143,0.0109007861925,0.00174686925782,0.00583966148244,-0.212781865583,-0.0546006332497,0.0604176705387,0.00378559908836,0.00174235044355,0.00583757114453,0.00504,0.22743,-0.14245,0.014,-0.0086,-0.0036
0.185,0.184864346,3.423,0,-0.215778166529,0.277846464685,-1.6501654515,-0.560980369397,0.414180565157,0.520621095183,0,-0,-0,0,-0,-0.0010471975512,-0.000107614570562,-0.000241694085877,0.000411810373933,0.00116886581589,-0.000852572354225,2.39439792762e-06,-0.0969760546533,-0.00385091865863,0.0161922268134,-0.00714583123128,-4.56705743412e-06,-2.09914135726e-06,-0.117620780514,-0.0503613871032,0.0440846977668,0.0117909464808,0.00162129852913,0.00689152709392,-0.214596835168,-0.0542123057618,0.0602769245802,0.00464511524952,0.00161673147169,0.00688942795257,0,0.1701,-0.1342,0.013,0.004,-0.0088
0.186,0.185854723,3.435,0,-0.21577876574,0.277845465999,-1.65016525176,-0.560980609082,0.414180804842,0.520620136445,0,-0.000872664625997,-0,0,-0,-0.0010471975512,-0.000107429566943,-0.000245877481947,0.000411096507008,0.00117029948175,-0.000851242848097,2.79112932855e-06,-0.0973805207109,-0.0038645161445,0.0162557539824,-0.00717641967174,-4.60881936615e-06,-2.10812907953e-06,-0.119793732559,-0.037812143601,0.036435047234,0.00987864469355,-0.000782124067701,0.00708553694318,-0.21717425327,-0.0416766597455,0.0526908012164,0.00270222502182,-0.000786732887068,0.0070834288141,0.03087,0.20916,-0.1353,0.013,0.0034,-0.0068
0.187,0.186805646,2.593,0,-0.215779165214,0.277845066525,-1.65016565124,-0.560981088451,0.414180565157,0.520619417392,0,-0,-0,0,-0,0,-0.000107261697547,-0.000250197853898,0.000411111849498,0.00117145645284,-0.00085154676469,3.14077078141e-06,-0.0977826365343,-0.00387800640292,0.0163189527634,-0.00720687685778,-4.65109802278e-06,-2.11709940882e-06,-0.120455579481,-0.0502706032908,0.0443948322324,0.0107115536543,0.00137718875472,0.005857282769,-0.218238216015,-0.0541486096937,0.0607137849958,0.00350467679657,0.0013725376567,0.00585516566959,-0.01575,0.2016,-0.14245,0.0168,0.0018,-0.0026
0.188,0.187709162,1.885,0,-0.215779165214,0.277844866788,-1.65016625045,-0.56098156782,0.414180085788,0.520619177707,0,-0,-0.000872664625997,0,-0,0,-0.000107104523314,-0.000254804301636,0.000411367068034,0.00117204975616,-0.000852447671811,3.21161010864e-06,-0.098184554773,-0.00389156127336,0.0163822147995,-0.00723721773951,-4.69458486418e-06,-2.12592077827e-06,-0.122504261098,-0.0578477831515,0.0517893460383,0.0124417373518,0.00305939242226,0.00567340657601,-0.220688815871,-0.0617393444249,0.0681715608377,0.00520451961226,0.00305469783739,0.00567128065523,0.02205,0.21231,-0.1265,0.0118,-0.0058,-0.0052
0.189,0.188807727,1.9,0,-0.21577876574,0.277844866788,-1.65016664992,-0.560982047189,0.414179606419,0.520619177707,0,-0,-0,0,-0,0,-0.000107020584833,-0.000259697115613,0.00041165364006,0.0011724036844,-0.000853351053756,2.88361129794e-06,-0.0985849175493,-0.00390361481838,0.0164445303112,-0.00726757845579,-4.7492735652e-06,-2.13442444034e-06,-0.123438472405,-0.0501211797687,0.0446163506395,0.0106127206657,0.00115365361231,0.00586201814105,-0.222023389954,-0.0540247945871,0.0610608809508,0.00334514220995,0.00114890433875,0.00585988371661,-0.01134,0.189,-0.1364,0.015,-0.0032,-0.0162
0.19,0.189876018,3.469,0,-0.215778166529,0.277845066525,-1.65016704939,-0.560982526558,0.414179366735,0.520619896761,0,-0,-0,0,-0,0.0010471975512,-0.00010697840475,-0.00026476729617,0.000412043337179,0.00117199587565,-0.000854239355097,2.23613147277e-06,-0.0989836395281,-0.00391638695191,0.016506759157,-0.00729783563822,-4.79217294294e-06,-2.14315268234e-06,-0.124978147659,-0.0502863712837,0.0449632630454,0.00960180284324,0.00103891291551,0.00481278185839,-0.223961787188,-0.0542027582356,0.0614700222024,0.00230396720503,0.00103412074257,0.00481063870571,-0.02961,0.21672,-0.13805,0.0084,-0.0038,0.003
0.191,0.190715418,3.394,0,-0.215777767055,0.277845266262,-1.65016684966,-0.560983005927,0.41417912705,0.520621095183,0,-0,-0,0,-0,-0.0010471975512,-0.000107030403918,-0.000269734546128,0.00041215278151,0.00117123673889,-0.000854543820984,1.78991413202e-06,-0.0993814748941,-0.00392923217517,0.0165689801309,-0.00732797194927,-4.83747033486e-06,-2.15192857697e-06,-0.126509896985,-0.049745901245,0.0446053224941,0.0114564378951,0.000917875628439,0.00690338152748,-0.225891371879,-0.0536751334202,0.061174302625,0.00412846594586,0.000913038158104,0.0069012295989,-0.00378,0.20475,-0.1441,0.0162,0.0022,-0.0302
0.192,0.191836765,3.361,0,-0.215777767055,0.277845465999,-1.65016625045,-0.560983245611,0.41417912705,0.520621814237,0,-0,-0,0,-0,0.00209439510239,-0.000107158611891,-0.00027449695382,0.000412022211267,0.00117082210955,-0.000854200672147,1.70724533959e-06,-0.0997784134435,-0.00394148913995,0.0166305817547,-0.00735810774938,-4.89110941793e-06,-2.16088157449e-06,-0.128012663609,-0.0502976041407,0.0453387827167,0.00851200713646,0.000792448511439,0.00375971578156,-0.227791077053,-0.0542390932806,0.0619693644714,0.00115389938708,0.000787557402021,0.00375755489998,-0.00819,0.23751,-0.12595,0.0126,-0.0056,0.0044
0.193,0.192810203,4.468,0,-0.215778366266,0.277845066525,-1.65016525176,-0.560983005927,0.414178887366,0.520621574552,0,-0,0.000872664625997,0,-0,-0.0010471975512,-0.000107250913813,-0.000278935277464,0.000411289823976,0.00117114155533,-0.000852995526756,2.51013740293e-06,-0.100173718182,-0.00395358793558,0.0166918837536,-0.00738814114776,-4.93940509175e-06,-2.16938293229e-06,-0.128899937882,-0.0417706668768,0.0373794435221,0.00952831907648,-0.00113439103949,0.00708974649972,-0.229073656064,-0.0457242548124,0.0540713272758,0.00214017792872,-0.00113933044458,0.00708757711679,0.02457,0.2205,-0.1342,0.0154,-0.0084,-0.0092
0.194,0.193703922,3.812,0,-0.215778965477,0.277844267577,-1.65016485229,-0.560982526558,0.41417912705,0.520621334868,0,-0,-0,0,-0,0,-0.000107179429788,-0.000283490008406,0.000410512953043,0.00117119904712,-0.000851520647285,3.15840395599e-06,-0.100566612969,-0.00396655103206,0.0167531613217,-0.0074179935264,-4.98652451794e-06,-2.17790120725e-06,-0.130959676146,-0.0494339345269,0.0448883570294,0.0102658814424,0.000519200445956,0.00585599557803,-0.231526289116,-0.0534004855589,0.0616415183511,0.002847887916,0.000514213921438,0.00585381767682,0.00189,0.19089,-0.13475,0.0044,-0.0008,-0.0062
0.195,0.194706025,4.333,0,-0.215779764425,0.277843668365,-1.65016465255,-0.560982286873,0.414179366735,0.520620136445,0,-0,-0,0,-0,0,-0.000107105091796,-0.000287955525071,0.0004099866398,0.00117234856394,-0.000850485871529,3.9212916642e-06,-0.100959373886,-0.00397913353887,0.0168140847011,-0.00744785078467,-5.03080320668e-06,-2.18663533407e-06,-0.132433400358,-0.0492517067917,0.0449118516479,0.010195534234,0.000387976572817,0.00586174276788,-0.233392774244,-0.0532308403305,0.061725936349,0.00274768344929,0.00038294576961,0.00585955613255,-0.00567,0.19467,-0.13585,0.0066,0.0042,-0.0038
0.196,0.195844621,3.515,0,-0.215779964163,0.277843868102,-1.65016465255,-0.560982526558,0.414179366735,0.520619417392,0,-0,-0,0,-0,0,-0.00010713936159,-0.000292797858853,0.000410136549507,0.00117324333263,-0.0008507280222,4.03666095895e-06,-0.101350476051,-0.00399160185232,0.0168747513411,-0.0074775817911,-5.07447558887e-06,-2.19515634002e-06,-0.133962261803,-0.0491615983649,0.0450044618196,0.0101404990157,0.000268628717528,0.00586621694059,-0.235312737854,-0.0531532002172,0.0618792131607,0.00266291722456,0.000263554241939,0.00586402178425,-0.02835,0.20916,-0.14025,0.0174,0.0012,-0.0058
0.197,0.196721414,3.535,0,-0.215779964163,0.277844467314,-1.65016505202,-0.560983245611,0.41417912705,0.520619657076,0,0.000872664625997,-0,-0.0010471975512,-0,0.0010471975512,-0.000107167652906,-0.000297786522543,0.000410807258144,0.00117344801793,-0.000852054952782,3.90366615329e-06,-0.10173998507,-0.00400384307103,0.0169350546385,-0.00750723520097,-5.12707997374e-06,-2.20365773311e-06,-0.134591075377,-0.0639189223872,0.0551657679362,0.0126633330836,0.00283792171749,0.00559185469707,-0.236331060447,-0.0679227654583,0.0721008225748,0.0051560978826,0.00283279463752,0.00558965103934,-0.00378,0.18522,-0.1342,0.01,-0.0052,-0.004
0.198,0.19789136,3.434,0,-0.215780763111,0.277845066525,-1.65016525176,-0.56098372498,0.414178887366,0.520620136445,0,-0,-0,0,-0,0,-0.000107240475471,-0.00030230944009,0.000411353833858,0.00117323595799,-0.000853139572114,4.65358081194e-06,-0.102129399901,-0.00401477048574,0.0169947375884,-0.00753691945888,-5.18805523012e-06,-2.21235528138e-06,-0.137006358241,-0.0491098024897,0.0452851032552,0.0100471082546,5.66182932061e-05,0.00586618051317,-0.239135758142,-0.0531245729754,0.0622798408436,0.00251018879577,5.14302379759e-05,0.00586396815789,0.03591,0.20286,-0.1364,0.0214,-0.0014,-0.0022
0.199,0.1988716,3.397,0,-0.215781362322,0.277845465999,-1.65016525176,-0.560983485296,0.414178887366,0.520621334868,-0.000872664625997,-0,-0,0,-0,0,-0.000107343242367,-0.000307041362355,0.000411566424017,0.00117173297645,-0.000853482316518,5.33664607253e-06,-0.102517088125,-0.00402656761707,0.0170544782006,-0.00756642747829,-5.23721816997e-06,-2.22087454161e-06,-0.126880855988,-0.0497994084731,0.0448057232072,0.0101118948978,0.0012419412464,0.00585792012339,-0.229397944113,-0.0538259760902,0.0618602014079,0.00254546741947,0.00123670402823,0.00585569924885,-0.04284,0.20286,-0.1551,0.0078,-0.0054,-0.0092
0.2,0.199891374,3.377,0,-0.215781362322,0.277845865473,-1.65016525176,-0.560982766242,0.414178887366,0.520622053921,0,-0,-0,0,-0,0,-0.000107472781691,-0.000312217521626,0.000411717650476,0.00117026983342,-0.000853729664107,5.58860591492e-06,-0.102902418544,-0.00403914263813,0.017114109275,-0.00759580299023,-5.27579423978e-06,-2.22938239122e-06,-0.140113732945,-0.0489460044909,0.0454792666987,0.00991179319958,-0.000183023997507,0.00585134977566,-0.243016151489,-0.052985147129,0.0625933759737,0.00231599020936,-0.000188299791747,0.00584912039327,-0.01512,0.20097,-0.13145,0.0118,0.0072,-0.0056
0.201,0.200889538,3.398,0,-0.215781562059,0.277845865473,-1.65016505202,-0.560982047189,0.41417912705,0.520622293606,0,-0,-0,0,-0,0,-0.000107550375772,-0.000317336914075,0.000411503226288,0.00116941528142,-0.000853183031643,5.92131442769e-06,-0.103286922181,-0.0040501468572,0.0171728070812,-0.00762522833724,-5.33397768437e-06,-2.23803326503e-06,-0.141694487957,-0.0488061087018,0.0455370158767,0.0098355509033,-0.000316070087371,0.0058470761392,-0.244981410139,-0.052856255559,0.0627098229579,0.00221032256606,-0.000321404065055,0.00584483810593,0.00315,0.21357,-0.1386,0.0036,0.0026,-0.0148
0.202,0.201875793,3.389,0,-0.215781562059,0.277845465999,-1.65016465255,-0.56098156782,0.414178647681,0.520621814237,0,-0,-0,0,-0,0,-0.000107563301385,-0.000322601348697,0.000411040002009,0.00116962692596,-0.000852722112974,6.32802536229e-06,-0.103671213134,-0.00406090840965,0.0172312842264,-0.0076545854923,-5.39878124164e-06,-2.24604814588e-06,-0.143296929273,-0.048629994473,0.0455739031987,0.00975751670205,-0.000454817188817,0.00584813411813,-0.246968142408,-0.0526909028827,0.0628051874251,0.00210293120974,-0.000460215970059,0.00584588806998,-0.00945,0.18963,-0.14465,0.0142,-0.01,0.0062
0.203,0.202894376,3.363,0,-0.215781562059,0.277845266262,-1.65016425308,-0.56098156782,0.414178887366,0.520620855499,0,-0,-0,0,-0,-0.00209439510239,-0.000107591600475,-0.000327929625835,0.000410699280102,0.00117071371656,-0.000851928628934,6.20837935404e-06,-0.104053067659,-0.00407379098197,0.0172902988108,-0.00768368847121,-5.43644429851e-06,-2.25458947894e-06,-0.144915428236,-0.0480180342578,0.0451713607293,0.0116038786688,-0.000595069028407,0.00794796427912,-0.248968495895,-0.0520918252397,0.0624616595402,0.00392019019755,-0.000600505472705,0.00794570968964,-0.01134,0.22428,-0.1298,0.013,0.0062,-0.0136
0.204,0.203882359,3.371,0,-0.215781562059,0.277845465999,-1.6501638536,-0.560981807504,0.414178647681,0.52062037613,0,-0,-0,0,-0,0,-0.000107689944519,-0.000333257006368,0.000410682889275,0.00117145610156,-0.000851989607498,6.24396611482e-06,-0.10443340929,-0.00408578559341,0.0173489311696,-0.00771271611217,-5.47947791965e-06,-2.26311796549e-06,-0.146532903219,-0.048350785517,0.0456984953803,0.00962204297707,-0.000725683927732,0.00585728014363,-0.250966312509,-0.0524365711104,0.0630474265499,0.0019093268649,-0.000731163405652,0.00585501702566,-0.00126,0.18648,-0.14245,0.0082,0.0014,0.001
0.205,0.204890612,3.364,0,-0.215781562059,0.277845665736,-1.6501638536,-0.560981807504,0.414178407997,0.520620136445,0,-0,-0,0,-0,0,-0.000107738495285,-0.000338653416261,0.000410822357186,0.00117165206698,-0.000852392866038,6.36317324016e-06,-0.104812903372,-0.00409590731497,0.0174063512256,-0.0077418412649,-5.54272636558e-06,-2.27130213794e-06,-0.148164010488,-0.0482539169068,0.0457962206011,0.00955926255562,-0.000852799662647,0.00585826031601,-0.25297691386,-0.0523498242218,0.0632025718267,0.00181742129071,-0.000858342389013,0.00585598901387,0.00378,0.19404,-0.1419,0.0154,-0.0024,-0.014
0.206,0.205891645,3.365,0,-0.215781362322,0.277845865473,-1.65016405334,-0.56098156782,0.414177928628,0.520619896761,0,-0,-0,0,-0,0,-0.000107769367203,-0.000344227695913,0.000411045844427,0.00117158719563,-0.000853149306644,6.48463209045e-06,-0.105191423951,-0.00410678513358,0.0174637993049,-0.0077708441996,-5.59782329698e-06,-2.27975407586e-06,-0.149821323906,-0.048166945926,0.0459057057453,0.00949691286811,-0.000978983011343,0.00585793584774,-0.255012747857,-0.0522737310596,0.0633695050502,0.00172606866851,-0.00098458083464,0.00585565609366,0.02268,0.19908,-0.1375,0.0126,-0.0054,-0.0036
0.207,0.206888587,3.353,0,-0.215781162585,0.277845865473,-1.65016445281,-0.560980848766,0.414177928628,0.52062037613,0,-0,-0,0.0010471975512,-0,0,-0.000107753355825,-0.00034990424814,0.000411133028865,0.00117036344962,-0.000853394835418,6.53557233353e-06,-0.105569014026,-0.00411747903827,0.0175210036807,-0.00779975021975,-5.66071434699e-06,-2.28778161397e-06,-0.151652342025,-0.0458470323081,0.04386919228,0.00774245319344,-0.00151614848072,0.00489316261973,-0.257221356051,-0.0499645113463,0.0613901959607,-5.72970263095e-05,-0.00152180919506,0.00489087483812,-0.0189,0.20412,-0.14685,0.016,-0.0058,-0.0164
0.208,0.207893899,3.384,0,-0.215781162585,0.27784606521,-1.65016465255,-0.560980129713,0.414178168312,0.520621095183,0,-0,-0,0,-0,0,-0.000107810726632,-0.000355498373896,0.000411229870879,0.00116890131608,-0.000853433757538,6.66683088299e-06,-0.10594427963,-0.0041280311622,0.0175778432847,-0.0078285501748,-5.71476204853e-06,-2.29622718263e-06,-0.153162111988,-0.0479539616821,0.0460986600604,0.00935182099432,-0.00124363047672,0.00584450748189,-0.259106391617,-0.0520819928443,0.0636765033451,0.00152327081953,-0.00124934523877,0.00584221125471,-0.02331,0.20412,-0.13915,0.0076,-0.0024,-0.007
0.209,0.208889311,3.492,0,-0.215781761796,0.277845865473,-1.65016485229,-0.560979650344,0.41417912705,0.520621334868,-0.000872664625997,-0,-0,0,-0,0,-0.000107772491025,-0.000360805441791,0.000411041469377,0.00116822282839,-0.000852505867242,6.95779437017e-06,-0.106318652068,-0.00413954211875,0.017634894138,-0.00785722822029,-5.76013569228e-06,-2.30472664081e-06,-0.143146546047,-0.0485722771253,0.0455843320818,0.00940651409936,-8.07503375956e-05,0.00584037020325,-0.249465198115,-0.052711819244,0.0632192262198,0.00154928587907,-8.65104732879e-05,0.00583806547661,-0.00252,0.19971,-0.1441,0.014,0.0074,-0.0082
0.21,0.209890599,3.345,0,-0.215782361008,0.277845665736,-1.65016465255,-0.560979650344,0.414179606419,0.520620855499,0,-0,-0,0,-0,0,-0.000107770725098,-0.000366111965654,0.000410771348737,0.00116878769853,-0.000851701179593,7.31862735598e-06,-0.106692084101,-0.00415020795483,0.0176910898164,-0.00788592952022,-5.81925287227e-06,-2.3127072784e-06,-0.156429716444,-0.047649231074,0.0462174266209,0.00920283021945,-0.00152174559017,0.00584393855277,-0.263121800545,-0.0517994390289,0.0639085164373,0.00131690069923,-0.00152756484305,0.00584162584549,0.01197,0.21798,-0.13255,0.0076,0.008,-0.0066
0.211,0.210900627,3.399,0,-0.215783159956,0.277845066525,-1.65016425308,-0.560980129713,0.414178887366,0.520619896761,0,-0,0.000872664625997,0,-0,-0.0010471975512,-0.000107690955324,-0.000371276687503,0.000410326732607,0.00117039823991,-0.000851446144214,8.30902836144e-06,-0.107063946347,-0.0041600867869,0.0177469996085,-0.00791450757207,-5.88373194971e-06,-2.32092922857e-06,-0.157469464749,-0.0395911388152,0.0387494650575,0.00831105542657,-0.00345147475882,0.00708602987707,-0.264533411096,-0.0437512256021,0.056496464666,0.0003965478545,-0.00345735849077,0.00708370894784,0.00819,0.19593,-0.1441,0.016,-0.0102,-0.0114
0.212,0.211886103,3.363,0,-0.215783759167,0.277844866788,-1.65016405334,-0.560980609082,0.414178168312,0.520619177707,0,-0,-0,0,-0.00209439510239,0,-0.000107663209602,-0.000376608617827,0.00041022578402,0.00117164217359,-0.000851776552408,9.09879143234e-06,-0.107434189999,-0.00417099588552,0.017803108139,-0.00794293465998,-5.93121222467e-06,-2.32919347186e-06,-0.156566662664,-0.0527896283767,0.0506366251829,0.00987527930927,0.000976740669306,0.00585821115376,-0.264000852662,-0.0569606242622,0.068439733322,0.00193234464929,0.000970809457081,0.00585588196029,-0.03024,0.2016,-0.14025,0.0162,0.005,-0.0092
0.213,0.212887668,3.498,0,-0.215783958904,0.277845066525,-1.65016405334,-0.560980848766,0.414177928628,0.520618698339,0,-0,-0,0,-0,0,-0.000107700268092,-0.000382267118679,0.000410394529424,0.00117229805443,-0.00085222737613,9.33292431495e-06,-0.10780276517,-0.0041820019676,0.0178585567835,-0.00797135473712,-5.98242764102e-06,-2.33737931418e-06,-0.161381150033,-0.0472377766053,0.0464388436995,0.00900309230913,-0.00192176512619,0.00586149035233,-0.269183915202,-0.0514197785729,0.064297400483,0.00103173757201,-0.00192774755383,0.00585915297302,-0.00063,0.20664,-0.14245,0.0164,-0.0076,-0.0174
0.214,0.213896609,3.356,0,-0.215784158641,0.277845266262,-1.6501638536,-0.560980848766,0.414177209574,0.520618458654,0,-0,-0,0,-0,0,-0.000107782060697,-0.000387950137445,0.000410481932539,0.00117253697191,-0.00085285072637,9.89030532231e-06,-0.108171168942,-0.00419183326122,0.0179135190218,-0.00799973331757,-6.05152123237e-06,-2.34535806062e-06,-0.163077091708,-0.0471316498476,0.0465347362367,0.00893537830409,-0.00205324149326,0.00586268469987,-0.27124826065,-0.0513234831089,0.0644482552584,0.000935644986523,-0.0020592930145,0.00586033934181,-0.04599,0.21231,-0.14905,0.0036,0.0024,-0.0104
0.215,0.214662903,3.362,0,-0.215784558115,0.277845465999,-1.6501638536,-0.560981328135,0.414176490521,0.52061821897,0,-0,-0,0,-0,0,-0.00010780624131,-0.000393550047339,0.000410724921305,0.00117317282559,-0.000853766276124,1.04793766464e-05,-0.108538069058,-0.00420110629958,0.0179683999116,-0.00802798890106,-6.10648312999e-06,-2.35336617131e-06,-0.164765510651,-0.0470440948023,0.0466475557767,0.00887461741814,-0.00218000802084,0.00586586445839,-0.273303579709,-0.0512452011019,0.0646159556883,0.000846628517083,-0.00218611450397,0.00586351109222,0.01764,0.20034,-0.12925,0.014,-0.0002,-0.009
0.216,0.215688567,3.345,0,-0.215785157327,0.277845865473,-1.65016405334,-0.560982047189,0.414175771467,0.520618698339,0,-0,-0,0,-0,0,-0.00010782757597,-0.000399064074597,0.000411216390909,0.00117322301005,-0.00085511787034,1.11842465944e-05,-0.108903211113,-0.00421149747044,0.0180229727581,-0.00805616359903,-6.16344297552e-06,-2.36156870383e-06,-0.166445618983,-0.0469908232871,0.046786011737,0.00881812247485,-0.00229952887101,0.00586611558576,-0.275348830097,-0.0512023207576,0.0648089844951,0.000761958875815,-0.00230569231399,0.00586375401705,0.01638,0.24318,-0.13585,0.0184,-0.0018,-0.0116
0.217,0.21689912,3.366,0,-0.215785357064,0.277845665736,-1.65016445281,-0.560982526558,0.414175292098,0.520619417392,0,-0,-0,0,-0,0.0010471975512,-0.000107706768777,-0.000404937238337,0.000411372377467,0.00117290070141,-0.000855824752315,1.14562731739e-05,-0.10926740258,-0.00422140333022,0.0180770232428,-0.0080842899969,-6.22882581178e-06,-2.36975560886e-06,-0.168176310627,-0.0471074975662,0.0471215582124,0.0077922979126,-0.00243291527888,0.00481730641231,-0.277443713207,-0.0513289008964,0.0651985814552,-0.000291992084302,-0.00243914410469,0.0048149366567,-0.03024,0.22302,-0.1441,0.0124,0.0002,-0.0036
0.218,0.217881758,3.38,0,-0.215785157327,0.277844667051,-1.65016505202,-0.560982766242,0.414175292098,0.520620615814,0,-0.000872664625997,-0.000872664625997,0,-0,0,-0.000107401609582,-0.000411191664594,0.000411047832173,0.00117200706341,-0.000855483610554,1.11750843978e-05,-0.109630098161,-0.00423073831762,0.0181309818235,-0.00811229333932,-6.28958160453e-06,-2.37774721456e-06,-0.171307921392,-0.0420113454763,0.0465988952961,0.00860434228221,-0.00306510517153,0.00586003538569,-0.280938019552,-0.0462420837939,0.0647298771196,0.000492048942885,-0.00307139475313,0.00585765763848,-0.01071,0.19719,-0.13695,0.0078,-0.0008,-0.007
0.219,0.218861434,3.403,0,-0.215785157327,0.277843268891,-1.65016525176,-0.560983245611,0.414175292098,0.520621574552,0,-0.000872664625997,-0,0,-0,0,-0.000107063358447,-0.000417368168157,0.000410316303472,0.00117174394996,-0.000854408651307,1.10084101578e-05,-0.109991851818,-0.00424078086877,0.0181849209047,-0.00814019866866,-6.34227859375e-06,-2.3855446427e-06,-0.172508670567,-0.0341173227499,0.0393422573454,0.00673553222642,-0.00501904834346,0.00604556008256,-0.282500522385,-0.0383581036186,0.0575271782501,-0.00140466644224,-0.00502539062206,0.00604317453791,0.02772,0.17451,-0.1397,0.0132,0.0056,-0.0086
0.22,0.219905561,3.374,0,-0.215785357064,0.277842469943,-1.6501654515,-0.560983964665,0.414174812729,0.520621814237,-0.000872664625997,-0,-0,0,-0,0,-0.000106836385417,-0.000423409072469,0.000410034365495,0.0011722911256,-0.000854383942645,1.11966530553e-05,-0.110352006486,-0.00424993760373,0.0182378861295,-0.00816814764599,-6.40995949736e-06,-2.39367733136e-06,-0.161858269545,-0.0470517283021,0.0464885872962,0.0086338943042,-0.00159260963001,0.00586071063771,-0.272210276031,-0.0513016659058,0.0647264734257,0.000465746658206,-0.0015990195895,0.00585831696038,-0.06552,0.20349,-0.1507,0.0138,-0.0038,-0.0142
0.221,0.220889345,3.708,0,-0.215785756538,0.277842469943,-1.65016505202,-0.560984923403,0.414174573045,0.520621095183,0,-0,-0,0,-0.0010471975512,0,-0.000106857118755,-0.000429322993296,0.000409981563389,0.00117397303727,-0.000854393450727,1.13801294253e-05,-0.110710524969,-0.00425929211239,0.0182908801417,-0.00819592324554,-6.47183870403e-06,-2.40163874261e-06,-0.173694710349,-0.0488776717451,0.0493000539806,0.00884170400354,-0.00165220197582,0.00586986515467,-0.284405235317,-0.0531369638575,0.0675909341223,0.000645780758009,-0.00165867381453,0.00586746351593,0.01197,0.20727,-0.12595,0.0166,0.0072,0.003
0.222,0.221900858,3.35,0,-0.215786555486,0.277843069154,-1.65016425308,-0.560985642456,0.414174093676,0.520619896761,0,0.000872664625997,0.000872664625997,0,-0,-0.0010471975512,-0.000107078477469,-0.000434984893505,0.000410108617991,0.00117587204826,-0.000854759098047,1.2165604248e-05,-0.111067433022,-0.00426880095148,0.0183438602655,-0.00822354964686,-6.52319820946e-06,-2.40941460595e-06,-0.175631328136,-0.050514640442,0.0473870346929,0.00939742533668,-0.00268916921026,0.00692655812784,-0.286698761158,-0.0547834413935,0.0657308949583,0.00117387568982,-0.00269569240847,0.00692414871323,0,0.19593,-0.13035,0.0104,-0.0062,-0.007
0.223,0.222828384,3.36,0,-0.215786555486,0.277843268891,-1.65016405334,-0.560986121825,0.414173374622,0.520618938023,0,-0,-0,0,-0.0010471975512,-0.0010471975512,-0.000107135807116,-0.000441243641857,0.000410255740985,0.00117726921366,-0.00085547781504,1.23556509569e-05,-0.111424123,-0.0042782723654,0.0183962115419,-0.00825122790066,-6.59028329975e-06,-2.417360824e-06,-0.177214781274,-0.0484448709642,0.0492751890843,0.00967371181939,-0.00192479261848,0.00693354386102,-0.288638904274,-0.0527231433296,0.0676714006262,0.00142248391873,-0.00193138290178,0.0069311265002,-0.00693,0.21861,-0.14685,0.0094,0.0026,-0.015
0.224,0.223730539,3.37,0,-0.215785956275,0.277843268891,-1.65016405334,-0.56098636151,0.414173134938,0.520618698339,0.000872664625997,-0,-0,0,-0,0,-0.000107133553795,-0.000447986542722,0.000410297802674,0.0011777282635,-0.000855733848912,1.17908025977e-05,-0.111779942864,-0.00428659764294,0.0184480215287,-0.00827886018897,-6.66223438986e-06,-2.42529830783e-06,-0.192293488006,-0.0450469108953,0.0480278581221,0.00810712749392,-0.0047602802458,0.00588938848393,-0.30407343087,-0.0493335085382,0.0664758796507,-0.000171732695048,-0.00476694248019,0.00588696318562,0.0063,0.21105,-0.1364,0.0094,-0.0026,-0.0086
0.225,0.224900081,3.339,0,-0.215785357064,0.277843268891,-1.65016405334,-0.560986121825,0.414172655569,0.520618458654,0,-0,-0,0,-0,0,-0.000107158298842,-0.000454780580158,0.000410297483728,0.0011777490096,-0.000856100328246,1.15146887011e-05,-0.112132595918,-0.00429592485577,0.0184998544143,-0.00830625872565,-6.71530888838e-06,-2.43303456072e-06,-0.182523959369,-0.0456790706034,0.0475466904786,0.00816127422119,-0.00360952333574,0.00588874518392,-0.294656555286,-0.0499749954592,0.0660465448929,-0.000144984504465,-0.00361623864462,0.00588631214936,-0.00882,0.20034,-0.1452,0.01,-0.0062,-0.005
0.226,0.225897093,3.339,0,-0.21578495759,0.277843069154,-1.65016425308,-0.56098636151,0.414172415884,0.520618938023,0,-0,-0,0,-0,0,-0.000107084177715,-0.000461514504234,0.000410306741506,0.00117748927776,-0.000856357510246,1.11517318236e-05,-0.112485135287,-0.00430484923895,0.0185513130693,-0.00833366310851,-6.78468450571e-06,-2.440762948e-06,-0.184398147208,-0.0455425439643,0.0476474104215,0.0080849453251,-0.00376036598068,0.00588744706939,-0.296883282495,-0.0498473932033,0.0661987234908,-0.000248717783414,-0.00376715066518,0.00588500630644,-0.03717,0.21609,-0.1397,0.0098,-0.0046,-0.0154
0.227,0.226906324,3.364,0,-0.215785556801,0.277842869417,-1.65016445281,-0.560986601194,0.414172655569,0.520619896761,0,-0,-0,0,-0,0.0010471975512,-0.000107009953379,-0.000467685475994,0.000410271733162,0.0011767504898,-0.00085619754372,1.15484538768e-05,-0.112836910642,-0.00431278673953,0.0186023711079,-0.00836104643043,-6.85368327019e-06,-2.44870227389e-06,-0.186198602238,-0.04562791254,0.0479629108448,0.00704768096126,-0.00390638871599,0.00483655570422,-0.29903551288,-0.0499406992795,0.0665652819527,-0.00131336546917,-0.00391324239926,0.00483410700195,0.00126,0.20979,-0.1452,0.018,0.0044,-0.0046
0.228,0.227924263,3.373,0,-0.215786755223,0.27784266968,-1.65016465255,-0.560986121825,0.414172895253,0.520620855499,-0.000872664625997,-0,-0,0,-0,0,-0.000106975668117,-0.000473542928082,0.000410144847104,0.0011753524905,-0.000855894747512,1.27960910943e-05,-0.11318625362,-0.00432130305896,0.018653137715,-0.0083882976677,-6.91277395692e-06,-2.45662212563e-06,-0.176311681412,-0.0460234015532,0.0472397106072,0.00805252575642,-0.00274813944251,0.00587601631991,-0.289497935032,-0.0503447046122,0.0658928483222,-0.000335771911278,-0.00275505221647,0.00587355969779,0.01638,0.1953,-0.132,0.0134,0,-0.0094
0.229,0.228845654,3.326,0,-0.21578835312,0.277842869417,-1.65016505202,-0.560985642456,0.414172415884,0.520621334868,-0.000872664625997,-0,-0,0,-0,0,-0.000106992902034,-0.000479149433867,0.000410426396923,0.00117430481598,-0.00085680091637,1.47989513133e-05,-0.113534702863,-0.00432958154014,0.0187036082418,-0.00841547713141,-6.98453885259e-06,-2.46432766736e-06,-0.178038900727,-0.0459381340993,0.0473596438069,0.00798056595298,-0.00287454558922,0.00587077655221,-0.29157360359,-0.0502677156395,0.0660632520487,-0.00043491117843,-0.00288153012808,0.00586831222454,-0.00252,0.22176,-0.14135,0.01,-0.0098,-0.0058
0.23,0.229895186,3.398,0,-0.215789551543,0.277843069154,-1.65016525176,-0.560985163087,0.414171936515,0.520621095183,0,-0,-0,0.0010471975512,-0.0010471975512,0,-0.000107041723713,-0.000485057657322,0.00041061379859,0.00117401983408,-0.000857511359388,1.64034702507e-05,-0.113882183084,-0.00433861894481,0.0187541077228,-0.0084425347664,-7.04827903111e-06,-2.47185458088e-06,-0.190052969544,-0.0455869993129,0.048064849986,0.00649944315143,-0.00333036866326,0.00491144258822,-0.303935152628,-0.0499256182577,0.0668189577088,-0.00194309161496,-0.00333741694229,0.00490897073364,0.02079,0.20223,-0.14135,0.0144,0.003,-0.0024
0.231,0.230905169,3.358,0,-0.215790150754,0.277843069154,-1.65016505202,-0.560985402772,0.414171457146,0.520620855499,0,-0,-0,0,-0.0010471975512,-0.0010471975512,-0.000107072648532,-0.00049138076807,0.000410581599404,0.00117452090918,-0.000857778986964,1.71560958935e-05,-0.114227296079,-0.00434725830291,0.0188040069204,-0.0084695106106,-7.10859554776e-06,-2.47955182831e-06,-0.191728664666,-0.0474384083627,0.050065374316,0.00906525803452,-0.00307139946197,0.00691980257795,-0.305955960745,-0.0517856666656,0.0688693812364,0.000595747423922,-0.00307850805752,0.00691732302613,-0.01386,0.20475,-0.14355,0.017,0.006,-0.0164
0.232,0.231891691,3.428,0,-0.215790150754,0.277843268891,-1.65016445281,-0.560985402772,0.414171217462,0.52062037613,0,-0,-0,0,0.0010471975512,0,-0.000107221349425,-0.000498136899455,0.000410434650462,0.00117508604225,-0.000857596400049,1.72755810223e-05,-0.114572295572,-0.00435463128961,0.0188533297699,-0.00849649410775,-7.18218253956e-06,-2.48723774517e-06,-0.196744698512,-0.0420576335993,0.0460652441059,0.00721566292368,-0.00599502358048,0.00587543069014,-0.311316994084,-0.0464122648889,0.0649185738758,-0.00128083118408,-0.00600220576302,0.00587294345239,0.00189,0.20349,-0.14135,0.0126,-0.006,-0.0036
0.233,0.232900397,3.358,0,-0.215789951017,0.277843868102,-1.65016365386,-0.560985163087,0.414170738093,0.520619657076,0,-0,-0,0,-0,0,-0.00010749845462,-0.000505042534477,0.000410434317108,0.00117562880207,-0.000857769272427,1.73992725579e-05,-0.114916423595,-0.00436172970648,0.0189023193482,-0.00852343022723,-7.25899109699e-06,-2.49491944968e-06,-0.197098809007,-0.0446563861332,0.04830513687,0.00754087356692,-0.00476506822484,0.00587814467754,-0.312015232602,-0.0490181158397,0.0672074562182,-0.000982556660303,-0.00477232721594,0.00587564975809,-0.01386,0.21924,-0.13145,0.0118,-0.0018,-0.0064
0.234,0.233920978,3.39,0,-0.21578975128,0.277844467314,-1.65016305465,-0.560984683718,0.414170738093,0.520619417392,0,-0,-0,0,-0,0,-0.000107757645764,-0.000512039844376,0.000410453827609,0.00117542933175,-0.000857673480076,1.73677613807e-05,-0.11525740198,-0.00437101097448,0.0189518244451,-0.0085500835523,-7.30996337431e-06,-2.50266904859e-06,-0.199030241224,-0.0445286335409,0.0483970930912,0.00745797726878,-0.00492123522412,0.00587714724747,-0.314287643204,-0.0488996445153,0.0673489175363,-0.00109210628352,-0.0049285451875,0.00587464457842,-0.02394,0.19782,-0.1397,0.0078,0.002,-0.0006
0.235,0.234897366,3.364,0,-0.215790150754,0.277845066525,-1.65016305465,-0.560984444034,0.414170738093,0.520619896761,0,-0,-0,0,0.0010471975512,0,-0.000107909518878,-0.000518721614126,0.000410784423236,0.00117460315009,-0.000858211446903,1.78504441918e-05,-0.115598282268,-0.00437866066386,0.0190004154901,-0.00857681657033,-7.38431406408e-06,-2.51012810432e-06,-0.202483362267,-0.0417151305052,0.0463727004972,0.00697780262964,-0.0064485272312,0.00587301572607,-0.318081644535,-0.0460937911691,0.0653731159873,-0.00159901394069,-0.00645591154526,0.00587050559797,0.00378,0.21861,-0.1419,0.0124,-0.0116,-0.0154
0.236,0.235904058,3.376,0,-0.215789951017,0.277844866788,-1.65016345413,-0.560983964665,0.414170258724,0.52062037613,0,-0,-0.000872664625997,0.0010471975512,-0,0.0010471975512,-0.000107845640736,-0.000525873424217,0.000410812932084,0.0011736421534,-0.00085872533255,1.80566216426e-05,-0.115938305803,-0.00438480645758,0.0190481332636,-0.00860357612254,-7.46893753664e-06,-2.51752405989e-06,-0.20361212579,-0.0499703579122,0.0540064306268,0.00643625043182,-0.00383235828889,0.00367551783831,-0.319550431592,-0.0543551643698,0.0730545638903,-0.00216732569072,-0.00383982722642,0.00367300031425,-0.0126,0.19278,-0.1309,0.0208,-0.0018,-0.0076
0.237,0.236903921,3.364,0,-0.215789951017,0.277844267577,-1.65016365386,-0.560983485296,0.414170258724,0.520620615814,0,-0,-0,0,-0,0,-0.000107730252852,-0.000532987027398,0.000410455240825,0.00117304920236,-0.000858239911555,1.8224639938e-05,-0.116275899103,-0.00439307738698,0.0190963899633,-0.0086300823303,-7.52659398473e-06,-2.52522484323e-06,-0.204832164596,-0.0441094540858,0.0486992348334,0.00720702872143,-0.00538577295396,0.0058652467395,-0.321108063699,-0.0485025314728,0.0677956247967,-0.00142305360887,-0.00539329954794,0.00586272151466,-0.01827,0.19152,-0.1397,0.01,0.0042,-0.0172
0.238,0.237899001,3.367,0,-0.215790550228,0.277843868102,-1.65016405334,-0.560983245611,0.414170019039,0.520620615814,0,-0,-0,0,-0,0,-0.00010761204281,-0.000539750045098,0.00041036778148,0.00117282933853,-0.00085839865947,1.90259403275e-05,-0.116612661084,-0.00440014068593,0.019144047249,-0.00865656701306,-7.59869493733e-06,-2.53267792427e-06,-0.206741467323,-0.0439548189668,0.0487930647814,0.00712485153088,-0.0055392956225,0.00586414709397,-0.323354128407,-0.0483549596527,0.0679371120304,-0.00153171548218,-0.00554689431743,0.00586161441604,-0.00945,0.19719,-0.15345,0.0056,-0.0076,-0.003
0.239,0.238911796,3.383,0,-0.215791349176,0.277843868102,-1.65016425308,-0.560983485296,0.414169779355,0.520620136445,0,-0,-0,0,-0,0,-0.000107582407005,-0.000546401166291,0.000410499111079,0.00117348521573,-0.000858850179762,1.98601369616e-05,-0.116948382776,-0.00440774849746,0.0191915400277,-0.00868292994305,-7.6728366934e-06,-2.54016597154e-06,-0.208639311026,-0.0438325178784,0.0489043921106,0.00705198852217,-0.0056866594849,0.00586742697739,-0.325587693802,-0.0482402663759,0.0680959321383,-0.00163094142088,-0.0056943323216,0.00586488681141,0.01386,0.21042,-0.13695,0.015,-0.0048,-0.0082
0.24,0.239902277,3.341,0,-0.215791948387,0.27784406784,-1.65016405334,-0.560984683718,0.414170258724,0.520619417392,0,-0,-0,0,-0,0,-0.000107605483153,-0.000553224447308,0.000410626469622,0.00117530115827,-0.000858676464517,1.98018990801e-05,-0.117283259742,-0.0044150389817,0.0192386572087,-0.00870927007221,-7.74551200494e-06,-2.54785980561e-06,-0.210566733236,-0.0437058196929,0.0490106633504,0.00698362201493,-0.00584108153656,0.00587650634093,-0.327849992977,-0.0481208586746,0.0682493205591,-0.00172564805728,-0.00584882704857,0.00587395848113,-0.01512,0.18963,-0.1309,0.0188,-0.0062,-0.0022
0.241,0.240905808,3.436,0,-0.215792347862,0.277844667051,-1.65016405334,-0.560985642456,0.414170498408,0.520619177707,0,-0,-0,-0.0010471975512,-0,0,-0.000107693380299,-0.000560213124043,0.000411087237586,0.00117629010616,-0.000859245932704,1.97468295076e-05,-0.117615915751,-0.00442115764907,0.0192850485627,-0.0087355786972,-7.82074281275e-06,-2.5552521787e-06,-0.212361527686,-0.0458377907652,0.0512861094728,0.0086018383376,-0.00558342413979,0.00684010807127,-0.329977443437,-0.0502589484143,0.0705711580355,-0.000133740359602,-0.0055912448826,0.00683755281909,0.00189,0.22932,-0.1386,0.0132,-0.0038,-0.0108
0.242,0.241905027,3.345,0,-0.215792547599,0.277845066525,-1.65016405334,-0.560985882141,0.414170498408,0.520618938023,0,-0,-0,0,-0,0,-0.000107779564295,-0.000567400023571,0.00041135187384,0.00117666337888,-0.000859683853515,1.98630823197e-05,-0.117946856631,-0.00442814469648,0.0193314940741,-0.00876171250018,-7.88912697516e-06,-2.56246874751e-06,-0.214497603232,-0.0435201957547,0.0492761259337,0.00684509114873,-0.00614134875633,0.00588331683087,-0.332444459863,-0.0479483404512,0.0686076200078,-0.00191662135145,-0.0061492378833,0.00588075436212,0.02835,0.20601,-0.14025,0.0144,-0.0014,-0.0058
0.243,0.242732772,3.483,0,-0.215792347862,0.277845066525,-1.65016425308,-0.560985402772,0.414170498408,0.520618938023,0,-0,-0,0,-0,0,-0.000107790955692,-0.00057494232325,0.00041136765356,0.00117618111084,-0.000859783219434,1.98306710131e-05,-0.118277632602,-0.00443448482307,0.0193773402486,-0.00878787665094,-7.9697127516e-06,-2.56987797706e-06,-0.216526107477,-0.0433754871405,0.049381246208,0.006759572586,-0.00630465284356,0.00588090576734,-0.334803740079,-0.0478099719636,0.0687585864566,-0.00202830406493,-0.00631262255631,0.00587833588937,-0.0378,0.20538,-0.1375,0.006,-0.005,-0.0144
0.244,0.243687062,6.357,0,-0.21579174865,0.277844667051,-1.65016425308,-0.560984683718,0.414170738093,0.520618698339,0,-0,-0,0,-0,0,-0.000107763860556,-0.000582826237011,0.000410987146893,0.00117584913136,-0.000859041045085,1.93628143065e-05,-0.118606770179,-0.00444190256063,0.0194234291814,-0.0088138666627,-8.03818038944e-06,-2.57734595694e-06,-0.218603570665,-0.0431718541712,0.0494486021915,0.00666297564232,-0.00648357242828,0.00587924566546,-0.337210340843,-0.0476137567318,0.0688720313729,-0.00215089102038,-0.00649161060867,0.0058766683195,-0.05292,0.18837,-0.1386,0.0088,-0.0036,-0.0052
0.245,0.244908835,4.063,0,-0.215791548913,0.277844467314,-1.6501638536,-0.560984444034,0.414170977777,0.520618938023,0,-0,-0,0,-0,0,-0.000107814972261,-0.000590473433443,0.000410606047653,0.00117551787587,-0.000858198678114,1.91278071788e-05,-0.118935044792,-0.00444816991584,0.0194689722378,-0.00883981116166,-8.11635829051e-06,-2.58458191655e-06,-0.220652485981,-0.0429727940666,0.0495114250542,0.00656607272868,-0.00666018114761,0.00587758911247,-0.339587530774,-0.0474209639824,0.068980397292,-0.00227373843299,-0.0066682975059,0.00587500453055,-0.0252,0.18522,-0.13805,0.0074,0.0022,-0.0054
0.246,0.245912992,3.422,0,-0.215792347862,0.277844467314,-1.65016345413,-0.560984683718,0.414170977777,0.520619657076,0,-0,-0,0,-0,0,-0.000107881662342,-0.000597501794003,0.000410432598935,0.00117510386273,-0.000857857311764,1.98437380979e-05,-0.119261594588,-0.00445464446644,0.0195139580621,-0.00886570136053,-8.19363071591e-06,-2.59199538742e-06,-0.222620218844,-0.0428082361433,0.0495915774349,0.0064758556076,-0.00682241187107,0.00587551930085,-0.341881813432,-0.0472628806098,0.0691055354971,-0.00238984575292,-0.00683060550178,0.00587292730546,0.00693,0.22554,-0.13035,0.0182,-0.0044,-0.0098
0.247,0.246901144,3.34,0,-0.215793746021,0.277844467314,-1.65016365386,-0.560984923403,0.414170977777,0.520620615814,-0.00174532925199,-0,-0,0,-0,0,-0.000107855044877,-0.000604222097987,0.000410538506449,0.00117432081259,-0.000858101154835,2.11583960129e-05,-0.119585801013,-0.00446102504326,0.0195586232109,-0.0088914615632,-8.26696332343e-06,-2.59894768983e-06,-0.201252581161,-0.0442122103888,0.0485452338254,0.00665461231067,-0.00436981070817,0.00587010569174,-0.320838382174,-0.048673235432,0.0681038570362,-0.00223684925253,-0.0043780776715,0.00586750674405,-0.01575,0.20412,-0.14905,0.0112,-0.0016,-0.0112
0.248,0.247909875,3.376,0,-0.215794944444,0.277844467314,-1.6501638536,-0.560984923403,0.414170498408,0.520621334868,-0.000872664625997,-0,-0,0,-0,0.0010471975512,-0.000107841929096,-0.000611106768783,0.000410656933631,0.00117355875699,-0.000858713879636,2.25971480684e-05,-0.11990997649,-0.004466343463,0.0196028957827,-0.00891723057722,-8.3531063432e-06,-2.60612357546e-06,-0.214851049629,-0.0435450838473,0.0494620368095,0.00548196502863,-0.00582129617421,0.00481984781133,-0.33476102612,-0.0480114273103,0.0690649325922,-0.00343526554859,-0.00582964928055,0.00481724168775,-0.01071,0.21735,-0.1441,0.0124,-0.0032,-0.0016
0.249,0.248772659,3.372,0,-0.215795943129,0.27784406784,-1.65016425308,-0.560985163087,0.414169779355,0.520621095183,0,-0,-0,0,-0,-0.0010471975512,-0.000107701172702,-0.000618183114208,0.000410670840908,0.00117401726632,-0.000859386364253,2.3869520206e-05,-0.120233262611,-0.00447263205113,0.0196473866874,-0.00894287942294,-8.42603816781e-06,-2.61380444057e-06,-0.228480514446,-0.0421838978097,0.0497008153844,0.00718877099875,-0.00727704260375,0.00691728450573,-0.348713777057,-0.0466565298609,0.0693482020718,-0.00175410842419,-0.00728546864192,0.00691467070129,0.02457,0.19782,-0.13915,0.0142,-0.0038,-0.0098
0.25,0.249912899,3.373,0,-0.21579654234,0.277843868102,-1.65016425308,-0.560985402772,0.414169060301,0.520620615814,0,-0,-0,0,-0,0,-0.000107664921307,-0.000625549065558,0.000410621656631,0.00117475858451,-0.000859862253885,2.47429737682e-05,-0.120554137518,-0.00447826548348,0.0196910414271,-0.00896847006035,-8.50092895713e-06,-2.62095927373e-06,-0.230501489859,-0.042253456848,0.0500253883405,0.00614769525048,-0.0074375740693,0.00587379320977,-0.351055627377,-0.0467317223315,0.0697164297676,-0.00282077480987,-0.00744607499826,0.0058711722505,-0.04662,0.19719,-0.1452,0.0076,-0.0086,-0.009
0.251,0.250893661,3.426,0,-0.215796941815,0.27784406784,-1.65016405334,-0.560985882141,0.414168580932,0.520619657076,0,-0,-0,0,-0,-0.0010471975512,-0.000107730521918,-0.000633080489122,0.000410739912081,0.0011761560333,-0.000860374331668,2.52122784969e-05,-0.120873396034,-0.00448373447951,0.0197343883161,-0.00899396051894,-8.58024722822e-06,-2.62811316124e-06,-0.232550433147,-0.0418975509074,0.0499146808843,0.00702985753438,-0.00759790969972,0.00692797788431,-0.353423829181,-0.046381285387,0.0696490692005,-0.00196410298456,-0.00760648994695,0.00692534977115,-0.01134,0.19845,-0.1331,0.007,0.001,-0.008
0.252,0.251931153,3.357,0,-0.215796941815,0.277844667051,-1.65016365386,-0.56098636151,0.414168101563,0.520618938023,0,0.000872664625997,-0,0,-0,0,-0.000107910543034,-0.000640899443749,0.000411014450337,0.00117727003813,-0.000861080891318,2.52824350756e-05,-0.121192447094,-0.00448897301782,0.0197775218567,-0.00901938486193,-8.66169621858e-06,-2.63508247277e-06,-0.233873557039,-0.0543551349558,0.0579207797999,0.00783827967498,-0.00548661531663,0.00569951197503,-0.355066004133,-0.0588441079736,0.0776983016565,-0.00118110518696,-0.00549527701285,0.00569687689255,-0.03906,0.21294,-0.13365,0.0154,-0.0046,-0.0012
0.253,0.252913159,3.433,0,-0.215797141552,0.277845066525,-1.65016325439,-0.560986840879,0.414168101563,0.520618698339,0,-0,-0,-0.0010471975512,-0,0.0010471975512,-0.000108050306417,-0.000648679593293,0.000411119008567,0.00117794895693,-0.000861177554073,2.53160876754e-05,-0.12151054729,-0.00449460736452,0.0198203474982,-0.0090447605163,-8.74530998168e-06,-2.64226668937e-06,-0.236569495741,-0.0443140854368,0.0527356326485,0.00663735874439,-0.00752050298546,0.00580120636246,-0.358080043031,-0.0488086928013,0.0725559801466,-0.00240740177192,-0.00752924829544,0.00579856409577,-0.00756,0.22743,-0.13805,0.007,-0.0014,0.0016
0.254,0.25386279,3.371,0,-0.215797141552,0.277844866788,-1.65016305465,-0.560986601194,0.414168580932,0.520619417392,0,-0,-0,0.0010471975512,-0,0,-0.000108073722651,-0.000656723099946,0.000410805515338,0.0011770973385,-0.000860322804679,2.51610559811e-05,-0.121826338316,-0.00450009210022,0.0198627995089,-0.00907003099357,-8.82978099401e-06,-2.64942285171e-06,-0.239009589837,-0.0394697132925,0.0483166718725,0.0041297411802,-0.00851170650328,0.00492682862049,-0.360835928153,-0.0439698053927,0.0681794713814,-0.00494028981337,-0.00852053628428,0.00492417919764,-0.05229,0.20286,-0.1375,0.0162,-0.0038,-0.0104
0.255,0.25466617,3.485,0,-0.215797541026,0.27784406784,-1.65016305465,-0.560986601194,0.414168820617,0.520620855499,0,-0,-0,0,-0,0.0010471975512,-0.000107928180042,-0.000664582342561,0.000410263095017,0.00117582989423,-0.000859335880948,2.54430516879e-05,-0.122141276115,-0.00450562025315,0.0199052089063,-0.00909520686707,-8.9075144028e-06,-2.65661683048e-06,-0.240954203169,-0.0416734666074,0.0507314547782,0.00474707449523,-0.00829039080178,0.00483195261477,-0.363095479285,-0.0461790868606,0.0706366636845,-0.00434813237184,-0.00829929831618,0.00482929599794,-0.0252,0.18144,-0.13915,0.0082,-0.0052,-0.012
0.256,0.255909726,3.386,0,-0.215798140237,0.277843268891,-1.65016305465,-0.560986840879,0.414168580932,0.520621574552,-0.000872664625997,-0.000872664625997,-0,0,-0,0.0010471975512,-0.000107769438914,-0.000672339611063,0.0004097936022,0.00117550088919,-0.000858811152573,2.60789380304e-05,-0.122454620461,-0.00451094739549,0.0199472732944,-0.00912030661073,-8.98023185683e-06,-2.66357209794e-06,-0.232162524366,-0.0298755903454,0.0425631245192,0.00293469180003,-0.00943965341229,0.00501639556815,-0.354617144827,-0.0343865377408,0.0625103978136,-0.0061856148107,-0.00944863364414,0.00501373199605,-0.02898,0.2079,-0.14905,0.0136,0.0028,-0.0046
0.257,0.256902525,3.386,0,-0.215799138922,0.277843069154,-1.65016305465,-0.560987320248,0.414168341248,0.520621574552,-0.000872664625997,-0,-0,0,-0,0,-0.000107722585522,-0.000679864802328,0.000409731002809,0.0011759813611,-0.00085892085507,2.70290512212e-05,-0.122766378082,-0.00451451527206,0.0199881520707,-0.00914545218019,-9.07451761695e-06,-2.67041190058e-06,-0.233459482291,-0.0418320512672,0.0500924477705,0.00565004784,-0.00733299071131,0.00587915782408,-0.356225860373,-0.0463465665393,0.0700805998412,-0.00349540434019,-0.00734206522893,0.00587648741218,-0.04221,0.2016,-0.1397,0.015,-0.011,-0.0046
0.258,0.257909453,3.346,0,-0.215800537082,0.277843468628,-1.65016285492,-0.560988039301,0.414168101563,0.520620855499,-0.000872664625997,-0,-0,0,-0.0010471975512,0,-0.000107818905341,-0.000687150382307,0.000409980847764,0.00117731441824,-0.000859468126308,2.82941649781e-05,-0.123077886037,-0.00451913328832,0.0200294060079,-0.00917043452812,-9.16391070968e-06,-2.67781345525e-06,-0.233930184856,-0.0444452604869,0.0523668353287,0.00598005838855,-0.00610427255431,0.00588582250283,-0.357008070893,-0.0489643937752,0.0723962413366,-0.00319037613957,-0.00611343646502,0.00588314468937,-0.02961,0.20601,-0.132,0.0144,0.004,-0.005
0.259,0.258912936,3.412,0,-0.215802134979,0.277843868102,-1.65016285492,-0.560988278986,0.414168101563,0.520620136445,-0.00174532925199,-0,-0,0,-0,-0.0010471975512,-0.000107910957488,-0.000694396666207,0.000410239293149,0.00117816839619,-0.000859906891301,2.98074678903e-05,-0.123387626686,-0.00452437518933,0.0200704887002,-0.00919526567597,-9.24233458863e-06,-2.68456740638e-06,-0.225873881361,-0.0421478088723,0.0495382176355,0.00658745428989,-0.00634109803354,0.00693653833523,-0.349261508047,-0.0466721840617,0.0696087063357,-0.00260781138608,-0.00635034036813,0.00693385376782,0.00315,0.19719,-0.1386,0.0138,-0.0026,-0.0094
0.26,0.259860329,3.26,0,-0.215803333401,0.277844267577,-1.65016285492,-0.560988278986,0.41416738251,0.520619896761,-0.000872664625997,-0,-0,0,-0,0,-0.000108016861,-0.000701925284293,0.000410531173819,0.00117832195532,-0.000860922219349,3.13653094511e-05,-0.123695869166,-0.00452925342116,0.0201110720282,-0.00922009358121,-9.32531319753e-06,-2.69126137717e-06,-0.239588569308,-0.0414992856616,0.0504736220507,0.00541726104517,-0.00779699363112,0.00589085894774,-0.363284438474,-0.0460285390828,0.0705846940789,-0.00380283253604,-0.00780631894431,0.00588816768636,-0.0063,0.21861,-0.13805,0.0146,-0.009,-0.0018
0.261,0.2609145,3.359,0,-0.215804132349,0.27784406784,-1.65016305465,-0.560987799617,0.414167142825,0.520620136445,0,-0,-0,0,-0,0,-0.000107993045553,-0.000709840113641,0.000410436643943,0.00117764348686,-0.000861035263317,3.24506060911e-05,-0.124002540454,-0.00453423382092,0.0201515897522,-0.00924479819053,-9.4027140114e-06,-2.69842862327e-06,-0.253358797403,-0.0405654283869,0.0511518919233,0.00519120847687,-0.0092691164321,0.00588821817707,-0.377361337857,-0.0450996622078,0.0713034816754,-0.00405358971366,-0.00927851914611,0.00588551974845,0.00693,0.1953,-0.14685,0.0084,-0.001,-0.0136
0.262,0.261914842,3.395,0,-0.215804132349,0.277843668365,-1.65016325439,-0.560986840879,0.414167142825,0.520620615814,0,-0,-0,0.0010471975512,-0,0,-0.000107954356632,-0.000718358680651,0.000410133304659,0.00117632959572,-0.000860648029792,3.27865285139e-05,-0.124308362596,-0.00453770641019,0.0201912297532,-0.00926953004222,-9.49524068972e-06,-2.7055335271e-06,-0.255721975373,-0.038151687656,0.0491007802145,0.00340255812387,-0.00985885476257,0.00492298952468,-0.380030337969,-0.0426893940662,0.0692920099677,-0.00586697191834,-0.00986835000326,0.00492028399115,0.00252,0.19278,-0.1353,0.0114,0.003,-0.0158
0.263,0.262904198,3.349,0,-0.215803133664,0.277843468628,-1.65016345413,-0.56098636151,0.41416738251,0.52062037613,0.000872664625997,-0,-0,0,0.0010471975512,0,-0.000107931200394,-0.000727567991033,0.000409995305793,0.00117612988276,-0.000860343725373,3.18346817197e-05,-0.124613206677,-0.00454162592238,0.0202306100972,-0.00929418875973,-9.58996181699e-06,-2.7121969529e-06,-0.271078796405,-0.0366824687997,0.0497650240112,0.00445163397919,-0.0123313676364,0.00588140003238,-0.395692003082,-0.041224094722,0.0699956341084,-0.00484255478054,-0.0123409575983,0.00587868783543,-0.05418,0.20223,-0.1397,0.012,-0.0078,-0.0008
0.264,0.263913669,3.359,0,-0.215802534453,0.277843668365,-1.65016365386,-0.56098636151,0.414166903141,0.520620136445,0.000872664625997,-0,-0,0,-0,0,-0.00010796513215,-0.000736510586467,0.000410233286017,0.00117628433097,-0.000861147849644,3.14732710991e-05,-0.124915609191,-0.00454649364233,0.0202700381577,-0.00931864430192,-9.66483230749e-06,-2.71912217008e-06,-0.27178678687,-0.0392775875431,0.052054372887,0.00477026637125,-0.011124283197,0.00588217365061,-0.396702396061,-0.0438240811855,0.0723244110446,-0.00454837793068,-0.0111339480293,0.00587945452844,-0.00315,0.19341,-0.1364,0.0128,0.0018,-0.0094
0.265,0.264905738,3.884,0,-0.215802134979,0.277844267577,-1.65016345413,-0.560986601194,0.414166184087,0.520620136445,0,-0,-0,0,-0,0,-0.000108132699972,-0.000745333029033,0.000410585322344,0.00117641913115,-0.000862209162197,3.13475879664e-05,-0.125217989097,-0.00454942346525,0.0203088609912,-0.00934311050339,-9.75900506922e-06,-2.7260428628e-06,-0.262394806526,-0.0399338699316,0.0516217320311,0.00481649559488,-0.00999475709811,0.00588209518575,-0.387612795623,-0.0444832933968,0.0719305930224,-0.00452661490851,-0.0100045161032,0.00587936914288,-0.0441,0.20412,-0.1364,0.0128,-0.0144,-0.0108
0.266,0.265905902,3.366,0,-0.215802334716,0.277844866788,-1.65016325439,-0.560986601194,0.414165944403,0.520619896761,0,-0,-0,0,-0,0.0010471975512,-0.000108314171118,-0.000753859760341,0.000410863261445,0.0011765729137,-0.000862807806277,3.16675737928e-05,-0.125518679938,-0.00455250588185,0.0203470738984,-0.00936754644734,-9.857119534e-06,-2.73245476263e-06,-0.264612363469,-0.0400399127808,0.0519800787486,0.00377155792396,-0.0101660670947,0.00483566690125,-0.390131043406,-0.0445924186626,0.0723271526471,-0.00559598852338,-0.0101759242142,0.00483293444649,-0.04032,0.19845,-0.13585,0.0204,-0.002,0.0018
0.267,0.266914544,3.372,0,-0.215803533138,0.277845066525,-1.65016325439,-0.560986121825,0.414166903141,0.520619896761,-0.000872664625997,-0,-0,0,-0,0,-0.000108407528449,-0.00076190386741,0.000410815401632,0.00117609094192,-0.000862076647787,3.25562335613e-05,-0.125817696973,-0.00455760219034,0.0203857969348,-0.0093917834131,-9.9320233807e-06,-2.73939459103e-06,-0.255121741442,-0.0404170575555,0.0512748135089,0.00476447710935,-0.00904138002336,0.00587970308163,-0.380939438416,-0.0449746597458,0.0716606104436,-0.00462730630376,-0.00905131204674,0.00587696368704,-0.00315,0.20223,-0.14355,0.0126,0.0092,-0.0094
0.268,0.2679055,3.387,0,-0.215805530509,0.277844667051,-1.65016325439,-0.560985642456,0.41416738251,0.52062037613,-0.00174532925199,-0,-0,0,-0,0,-0.000108376300947,-0.000769496785834,0.000410435043696,0.00117525742112,-0.000861176017731,3.4482820122e-05,-0.126115951796,-0.00456051651265,0.0204236124661,-0.00941604985738,-1.00279645575e-05,-2.7462777291e-06,-0.245569797904,-0.04097486334,0.0507630811711,0.00479015809194,-0.00791639364332,0.00587478424486,-0.3716857497,-0.0455353798527,0.0711866936373,-0.00462589176544,-0.00792642160787,0.00587203796713,-0.00756,0.18144,-0.14465,0.0142,0.0034,-0.012
0.269,0.268914282,3.374,0,-0.215806728932,0.277844467314,-1.65016325439,-0.560985402772,0.414167142825,0.52062037613,-0.000872664625997,-0,-0,0,-0,0,-0.000108373682315,-0.000777609245073,0.000410274080276,0.00117507965008,-0.000861140006056,3.5883932488e-05,-0.126412567798,-0.00456297193281,0.0204608468714,-0.00944026399257,-1.01242388794e-05,-2.75267327777e-06,-0.259385568687,-0.0400283059488,0.0514348828019,0.00456159760252,-0.00939348861553,0.00587464713674,-0.385798136484,-0.0445912778816,0.0718957296733,-0.00487866639005,-0.00940361285441,0.00587189446346,-0.02079,0.19593,-0.14135,0.01,-0.011,-0.0046
0.27,0.269911858,3.415,0,-0.215807727617,0.277844667051,-1.65016325439,-0.560985882141,0.414167142825,0.520620615814,0,-0,-0,0,-0.0010471975512,0,-0.000108415348223,-0.000785884567973,0.000410434799662,0.00117523560478,-0.000861431699261,3.67142345158e-05,-0.12670813068,-0.00456721153247,0.0204984634986,-0.00946428389203,-1.02109194509e-05,-2.75961303014e-06,-0.27166606081,-0.0418500850674,0.0542883733047,0.00474748392569,-0.00948300843233,0.00587617937543,-0.39837419149,-0.0464172965999,0.0747868368032,-0.00471679996634,-0.00949321935178,0.0058734197624,-0.02016,0.21042,-0.1287,0.0136,0.001,-0.0086
0.271,0.270906705,3.341,0,-0.215808526565,0.277845066525,-1.65016305465,-0.560986601194,0.414167142825,0.520621095183,0,0.000872664625997,-0,0,-0,0,-0.000108518066768,-0.000794323769277,0.000410656756287,0.00117537196759,-0.000861773014767,3.7263080273e-05,-0.127002122528,-0.00457000846342,0.0205351846439,-0.00948830182312,-1.03091387765e-05,-2.76647820504e-06,-0.274681407771,-0.051335495951,0.0599216381731,0.0060976581625,-0.00876769816021,0.00569002255533,-0.401683530298,-0.0559055044144,0.0804568228169,-0.00339064366062,-0.00877800729899,0.00568725607712,-0.02898,0.19215,-0.14025,0.0192,0.0036,-0.0048
0.272,0.271921957,3.365,0,-0.215808926039,0.277845465999,-1.65016305465,-0.560987080563,0.414166903141,0.520621334868,0,-0,-0,0,-0,0,-0.000108602701437,-0.000803079543414,0.000410961862467,0.00117548530403,-0.000862467083836,3.76149866686e-05,-0.127294552436,-0.00457255582963,0.0205715133225,-0.00951226795768,-1.04024258073e-05,-2.77286650446e-06,-0.277710898413,-0.0388711983796,0.0524095804712,0.00416807983598,-0.0112139786068,0.00587742717642,-0.405005450849,-0.0434437542092,0.0729810937937,-0.0053441881217,-0.0112243810327,0.00587465430992,-0.02898,0.23121,-0.1441,0.0178,-0.0032,-0.0048
0.273,0.272908283,3.402,0,-0.215809325514,0.277845465999,-1.65016325439,-0.560987080563,0.414166423772,0.520620855499,0,-0,-0.000872664625997,0,-0,0,-0.000108599610579,-0.000811920578689,0.000411070323905,0.0011759214441,-0.000863078056788,3.82518716484e-05,-0.127586164464,-0.0045750919168,0.0206077467739,-0.00953616453549,-1.04938119027e-05,-2.77972605848e-06,-0.280565090685,-0.0463731873589,0.0598210860977,0.00585616431815,-0.00960020834582,0.00569277055731,-0.408151255148,-0.0509482792757,0.0804288328716,-0.00368000021734,-0.00961070215772,0.00568999083125,-0.02961,0.20601,-0.1254,0.0104,-0.004,-0.0046
0.274,0.273919748,3.311,0,-0.215809724988,0.277844866788,-1.65016345413,-0.56098636151,0.414165944403,0.520620615814,0,-0,-0,0.0010471975512,-0.0010471975512,0,-0.000108511323367,-0.000820866537882,0.000410710193385,0.0011755881366,-0.000862959290841,3.91419977032e-05,-0.127876066106,-0.00457849963378,0.0206440354322,-0.00955988685751,-1.05784822764e-05,-2.78618731128e-06,-0.280872403471,-0.0390159193463,0.0526351335362,0.00269270630051,-0.010604024734,0.00491928134898,-0.408748469577,-0.0435944189801,0.0732791689685,-0.006867180557,-0.0106146032163,0.00491649516166,-0.02646,0.18522,-0.1397,0.0144,0.0066,-0.0036
0.275,0.274728606,3.388,0,-0.215810324199,0.27784406784,-1.65016405334,-0.560985642456,0.414165225349,0.520619657076,-0.000872664625997,-0,-0,0.0010471975512,-0,-0.0010471975512,-0.000108318871278,-0.000829755119103,0.000410433367744,0.00117593185315,-0.000863242738556,4.03489103334e-05,-0.128164975657,-0.00458117546027,0.0206795725318,-0.00958358622172,-1.06723875198e-05,-2.79261096404e-06,-0.273071323215,-0.036620128517,0.0497769640254,0.00327672308795,-0.0108725214986,0.00596744464342,-0.401236298872,-0.0412013039773,0.0704565365572,-0.00630686313377,-0.0108831938861,0.00596465203246,-0.05544,0.19215,-0.14025,0.017,-0.0064,-0.0122
0.276,0.275928537,3.343,0,-0.215810723673,0.277843468628,-1.65016465255,-0.560985402772,0.414164985665,0.520618938023,0,-0,-0.000872664625997,-0.0010471975512,-0.0010471975512,0,-0.000108142999411,-0.000838834505948,0.000410299254791,0.00117643055663,-0.000863403931189,4.09518364494e-05,-0.128453792911,-0.00458222360008,0.0207141969714,-0.00960736697866,-1.07898358968e-05,-2.7994175538e-06,-0.28573551196,-0.0506871252988,0.06439238851,0.00763969120227,-0.0083763127167,0.00665397673748,-0.41418930487,-0.0552693488989,0.0851065854815,-0.00196767577639,-0.00838710255259,0.00665117731993,-0.00252,0.21987,-0.1408,-0.003,0.0076,-0.0064
0.277,0.276916942,3.374,0,-0.215811322884,0.277843668365,-1.65016485229,-0.560986121825,0.41416474598,0.520618938023,0,-0,-0,0,-0,0,-0.000108144201626,-0.000847770001987,0.000410601194652,0.00117700344762,-0.000864146533428,4.1419855486e-05,-0.128739578449,-0.00458474076232,0.0207492659626,-0.0096308918095,-1.08827800125e-05,-2.80606117163e-06,-0.289174863536,-0.0379658921955,0.0529677273954,0.00368794857557,-0.0121336567042,0.00588501771841,-0.417914441985,-0.0425506329578,0.073716993358,-0.00594294323393,-0.0121445394842,0.00588221165724,-0.02457,0.21357,-0.13695,0.0186,-0.0008,-0.0018
0.278,0.277913822,3.369,0,-0.215811922096,0.27784406784,-1.65016485229,-0.560987559932,0.414163787242,0.520619417392,0,-0,-0,-0.00209439510239,-0,0,-0.000108179039324,-0.000856694645276,0.000411092239424,0.00117775497869,-0.000865658196102,4.19937068019e-05,-0.129023740577,-0.00458711538338,0.0207840438556,-0.00965431655531,-1.0966021104e-05,-2.81225832813e-06,-0.291160919714,-0.0422881743056,0.0574019277988,0.00697364299284,-0.0114938090349,0.00780609517825,-0.420184660291,-0.046875289689,0.0781859716544,-0.00268067356248,-0.011504775056,0.00780328291992,-0.0063,0.2079,-0.1463,0.0128,-0.0012,-0.0096
0.279,0.278924695,3.404,0,-0.215812121833,0.277844267577,-1.65016465255,-0.560988758355,0.414163068189,0.520620136445,0,-0,-0,-0.0010471975512,-0.0010471975512,0.0010471975512,-0.000108217128554,-0.000865956165181,0.000411311154072,0.00117813241961,-0.000866520818959,4.21333472621e-05,-0.129307664297,-0.0045895083935,0.020818242924,-0.00967777056263,-1.1065211578e-05,-2.81864327138e-06,-0.292102951136,-0.0428869342017,0.0577819961104,0.00464668264285,-0.0106971704566,0.00580212590109,-0.421410615433,-0.0474764425952,0.0786002390344,-0.00503108791978,-0.0107082356682,0.00579930725782,-0.01449,0.21735,-0.13255,0.014,0.0046,-0.001
0.28,0.279927359,3.377,0,-0.215812121833,0.277844267577,-1.65016445281,-0.560989956777,0.41416258882,0.520620855499,0,-0,-0,-0.0010471975512,-0,0,-0.000108214128441,-0.000875428236572,0.000411384197341,0.00117855324855,-0.000866981651215,4.19526777453e-05,-0.129590729771,-0.00459075428048,0.0208518971712,-0.0097011803102,-1.11742455104e-05,-2.82524558574e-06,-0.296044501758,-0.039771309912,0.0555338982553,0.00510598733275,-0.0122707267715,0.0068514273708,-0.425635231528,-0.0443620641925,0.0763857954264,-0.00459519297745,-0.012281901017,0.00684860212521,-0.03843,0.17136,-0.13475,0.0058,0.001,-0.0048
0.281,0.280770791,3.4,0,-0.215811722359,0.277843668365,-1.65016445281,-0.560990675831,0.414161869766,0.520621574552,0,-0,-0,0,-0,0,-0.000108081944735,-0.000885251537722,0.000411133215756,0.00117862085297,-0.000867162916622,4.16599172156e-05,-0.129872146296,-0.00459190137818,0.0208853030362,-0.00972446604344,-1.1278302631e-05,-2.83163964734e-06,-0.298628429071,-0.0373446259879,0.0535014134345,0.00331811173393,-0.0128765118046,0.00589310505237,-0.428500575367,-0.0419365273661,0.0743867164707,-0.00640635430951,-0.0128877901072,0.00589027341272,-0.03717,0.20538,-0.14245,0.0106,-0.0018,-0.0072
0.282,0.281913258,3.364,0,-0.215811322884,0.277843468628,-1.65016445281,-0.560990675831,0.414161150713,0.520621574552,0,-0,-0,0,-0,-0.0010471975512,-0.000108073382251,-0.000895134370736,0.000411039462811,0.0011786642246,-0.00086759249398,4.16203867972e-05,-0.130151153673,-0.00459481261598,0.0209189117301,-0.00974757122468,-1.13656524872e-05,-2.83806113403e-06,-0.301065323316,-0.0369304816342,0.0533915099568,0.0041736518982,-0.0130737446899,0.00694051925331,-0.431216476989,-0.0415252942502,0.074310421687,-0.00557391932648,-0.0130851103424,0.00693768119218,-0.03969,0.21168,-0.1353,0.0058,-0.0046,-0.0216
0.283,0.282919238,3.369,0,-0.215811722359,0.277843468628,-1.65016445281,-0.560990915515,0.414160911028,0.520620615814,0,-0,-0,0,-0,0,-0.000108093780818,-0.00090457577484,0.000411057942187,0.0011798427607,-0.0008678478244,4.20549646344e-05,-0.13043014882,-0.00459543494533,0.0209515886088,-0.00977075966325,-1.14729787271e-05,-2.84442423499e-06,-0.303443922634,-0.0369816483527,0.0537345697947,0.00312080994891,-0.0132642109598,0.00589921461792,-0.433874071453,-0.041577083298,0.0746861584035,-0.00664994971434,-0.0132756839385,0.00589637019369,-0.02268,0.22113,-0.1386,0.0098,0.0052,-0.0082
0.284,0.283920389,3.353,0,-0.215812920781,0.277843668365,-1.65016445281,-0.560991634569,0.414160191975,0.520618698339,-0.00174532925199,-0,-0,0,-0,-0.00209439510239,-0.000108129550798,-0.000913519425504,0.000411306668048,0.00118237551421,-0.000868811386963,4.33584361608e-05,-0.130707489688,-0.00459683629178,0.0209842304993,-0.00979382297824,-1.15689203836e-05,-2.85103213499e-06,-0.282463879335,-0.0379275184519,0.0522679058372,0.00521901248108,-0.0108375408252,0.00800475704641,-0.413171369023,-0.0425243547437,0.0732521363366,-0.00457481049716,-0.0108491097456,0.00800190601428,-0.03465,0.22806,-0.14355,0.0114,-0.0008,-0.0098
0.285,0.284889487,3.317,0,-0.215814518678,0.277843668365,-1.65016425308,-0.560993072676,0.414158993552,0.520617499916,-0.00174532925199,-0,-0,-0.0010471975512,-0.0010471975512,0,-0.000108115742567,-0.000922226188547,0.00041147176635,0.00118493193311,-0.000869944240736,4.50503984586e-05,-0.130982380936,-0.00459886562695,0.0210166255205,-0.00981673079365,-1.1659889638e-05,-2.85718952652e-06,-0.283027383365,-0.0431667368787,0.0571326611931,0.00530768686829,-0.00922279333953,0.00688180340912,-0.414009764301,-0.0477656025056,0.0781492867136,-0.00450904392536,-0.00923445322917,0.00687894621959,-0.03465,0.17766,-0.12925,0.0122,0.0002,0.0028
0.286,0.285891023,3.357,0,-0.215816516049,0.277843668365,-1.6501638536,-0.560994271098,0.41415779513,0.520616780863,-0.00174532925199,-0,-0,-0.0010471975512,-0.00209439510239,0,-0.000108147317734,-0.000930738135592,0.000411512343987,0.00118683234869,-0.000870834800099,4.72241870545e-05,-0.131257909684,-0.00459832611596,0.0210479127308,-0.00983975077146,-1.17844697791e-05,-2.8632898e-06,-0.283724701206,-0.0457333793288,0.0593998476554,0.00562402897077,-0.00801316126729,0.00689130491511,-0.414982610889,-0.0503317054448,0.0804477603862,-0.00421572180069,-0.00802494573707,0.00688844162531,-0.02646,0.20853,-0.13805,0.019,0.011,-0.0048
0.287,0.286919835,3.379,0,-0.215817914208,0.277843468628,-1.65016365386,-0.560994990152,0.414156117338,0.520617260232,-0.000872664625997,-0,-0,-0.0010471975512,-0,0.0010471975512,-0.000108133517579,-0.000939697897629,0.000411500331346,0.00118709712191,-0.000872045166887,4.92086855296e-05,-0.131531750991,-0.00459862216587,0.0210792182607,-0.00986262136726,-1.18928987511e-05,-2.86964989838e-06,-0.300815026297,-0.0395691352773,0.0560208466582,0.00362630721378,-0.0122610292966,0.00584619093517,-0.432346777289,-0.0441677574431,0.077100064919,-0.00623631415348,-0.0122729221954,0.00584332128527,-0.03465,0.19656,-0.13915,0.007,-0.007,-0.006
0.288,0.287919181,3.322,0,-0.215819312368,0.277843668365,-1.65016345413,-0.560994990152,0.414154439547,0.520617979285,-0.000872664625997,-0,-0,0,-0.00209439510239,0,-0.000108242274843,-0.000948720056738,0.000411645922063,0.00118637749387,-0.000873500986254,5.14430268433e-05,-0.13180323163,-0.0046009421485,0.0211109634057,-0.00988528787993,-1.19793496768e-05,-2.87606324425e-06,-0.300178573079,-0.0424435886913,0.0580965708347,0.00361081428314,-0.0100736564482,0.00593112572972,-0.431981804709,-0.0470445308398,0.0792075342404,-0.00627447359679,-0.0100856357978,0.00592824966647,-0.04221,0.19404,-0.1287,0.0122,-0.0012,-0.0192
0.289,0.288924177,3.368,0,-0.215821110001,0.27784406784,-1.65016345413,-0.560995229836,0.414153241124,0.52061821897,-0.00174532925199,-0,-0,0,-0.0010471975512,0,-0.000108348695021,-0.000957564084645,0.000411998412183,0.0011862706464,-0.000874979692135,5.37530472778e-05,-0.132073899324,-0.00460170004366,0.0211417782251,-0.00990800616399,-1.20857823615e-05,-2.88217584883e-06,-0.292400861226,-0.0403662980154,0.055518407035,0.00324456869674,-0.0103255902633,0.00592982585923,-0.42447476055,-0.0449679980591,0.0766601852601,-0.00666343746725,-0.0103376760457,0.00592694368338,-0.02016,0.20979,-0.1496,0.0094,0.001,-0.004
0.29,0.289918121,3.501,0,-0.215823107372,0.277844467314,-1.65016345413,-0.560995229836,0.414151803017,0.520617739601,-0.00174532925199,-0,-0,0,-0.0010471975512,-0.0010471975512,-0.000108468437346,-0.000966335098652,0.000412340833615,0.00118666368808,-0.000876617377555,5.64661825438e-05,-0.132343001065,-0.00460014593794,0.0211714901403,-0.00993072448091,-1.2205492457e-05,-2.88821019124e-06,-0.294701240768,-0.040025503189,0.0554433928779,0.00411263197014,-0.0104931816488,0.00697898639081,-0.427044241833,-0.0446256491269,0.0766148830182,-0.00581809251076,-0.0105053871412,0.00697609818062,-0.01197,0.2079,-0.1408,0.0122,0.0022,-0.0108
0.291,0.290925044,3.294,0,-0.215824905006,0.277844667051,-1.65016345413,-0.560995229836,0.414150604595,0.520616780863,-0.000872664625997,-0,-0,0,-0.0010471975512,-0.0010471975512,-0.000108547281018,-0.000975318019437,0.000412535965299,0.00118757920933,-0.000877852161555,5.885905905e-05,-0.132611792474,-0.00460062239732,0.0212018871972,-0.00995323001893,-1.23139765285e-05,-2.89439400162e-06,-0.308679747971,-0.0391182180067,0.056157395953,0.00388922461193,-0.011969809646,0.00698432790291,-0.441291540444,-0.043718840404,0.0773592831502,-0.006064005407,-0.0119821236226,0.00698143350891,-0.00693,0.2142,-0.13805,0.0188,0.0006,-0.0104
0.292,0.291864781,3.384,0,-0.215825903691,0.277844667051,-1.65016305465,-0.560994750467,0.414149645857,0.520615822125,0,-0,-0,0,-0.00209439510239,0,-0.000108675075731,-0.000984894809465,0.0004123346311,0.00118818535094,-0.000878199187878,6.05032306588e-05,-0.132878876783,-0.00460249672147,0.0212322261892,-0.00997563255706,-1.24099687091e-05,-2.90080196953e-06,-0.321177986231,-0.0411044740556,0.0592075296818,0.00309704391856,-0.0120818533326,0.00594092773627,-0.454056863014,-0.045706970777,0.080439755871,-0.0068785886385,-0.0120942633013,0.0059380269343,-0.00945,0.19089,-0.14135,0.0086,0.0082,0
0.293,0.292909288,3.384,0,-0.215825903691,0.277844467314,-1.65016305465,-0.560994750467,0.414148687119,0.520615342756,0,-0,-0,0,-0,-0.0010471975512,-0.000108672643236,-0.000995184725428,0.000412255767551,0.00118870697724,-0.00087883536179,6.09815740489e-05,-0.133143764473,-0.00460196724934,0.0212612953065,-0.00999807816765,-1.25204454727e-05,-2.90685051107e-06,-0.32681504869,-0.0352331147432,0.0548010771434,0.00314111070248,-0.0150506812557,0.00699073222145,-0.459958813163,-0.0398350819926,0.07606237245,-0.00685696746517,-0.0150632017012,0.00698782537094,-0.02079,0.20853,-0.14025,0.0144,-0.0138,-0.0128
0.294,0.293926239,3.413,0,-0.215825504217,0.277844667051,-1.65016305465,-0.560994750467,0.414147968065,0.520615342756,0,-0,-0,0,-0.0010471975512,0.0010471975512,-0.000108753615037,-0.00100578777003,0.000412406220552,0.00118866459348,-0.000879654274972,6.0939787213e-05,-0.1334085946,-0.00460043622068,0.0212900263557,-0.0100205091899,-1.26391486424e-05,-2.9126917231e-06,-0.327809346726,-0.0382447921335,0.0575413527117,0.0015253897542,-0.0138681402529,0.00489612611897,-0.461217941326,-0.0428452283542,0.0788313790673,-0.00849511943567,-0.0138807794015,0.00489321342725,-0.07749,0.19467,-0.13585,0.0066,-0.0008,0.001
0.295,0.294923011,3.351,0,-0.215825903691,0.277844667051,-1.65016305465,-0.560994750467,0.414147488696,0.520616061809,0,-0,-0,0,-0,0,-0.000108793582057,-0.00101596239862,0.000412409413025,0.00118794480485,-0.000880069154238,6.15771366636e-05,-0.133671648354,-0.00460076260181,0.0213191277482,-0.010042716928,-1.27399912126e-05,-2.91884211151e-06,-0.33187389035,-0.0351128035123,0.0552912601402,0.00197010475264,-0.015451565503,0.00593972474904,-0.465545538704,-0.0397135661141,0.0766103878884,-0.00807261217538,-0.0154643054942,0.00593680590692,0.01764,0.18333,-0.14135,0.0108,-0.0016,-0.011
0.296,0.295924471,3.343,0,-0.215826502903,0.277845066525,-1.65016305465,-0.560994990152,0.414147009327,0.520617020547,-0.000872664625997,-0,-0,0,-0,0.0010471975512,-0.000108904207916,-0.00102604604176,0.00041269322541,0.00118712045656,-0.000880924030584,6.23315093705e-05,-0.133932946399,-0.00460170328179,0.0213480484236,-0.0100647750111,-1.28394703026e-05,-2.92524120213e-06,-0.322717130532,-0.0359625709072,0.0550874164028,0.00103962488829,-0.0143418518743,0.00488763725991,-0.456650076932,-0.0405642741889,0.0764354648264,-0.00902515012282,-0.0143546913446,0.00488471201871,-0.03024,0.23184,-0.1353,0.0156,-0.0012,0.0004
0.297,0.296922534,3.372,0,-0.215827102114,0.277845665736,-1.65016305465,-0.560994510783,0.414146050589,0.520617739601,0,-0,-0,0,-0.0010471975512,0,-0.000109097015706,-0.00103617725812,0.000413050718898,0.00118583405912,-0.000882245005436,6.35755849934e-05,-0.134193533633,-0.00459970208646,0.021375354757,-0.0100870310845,-1.29660260038e-05,-2.93123540971e-06,-0.335302259835,-0.0375736988829,0.0577499782417,0.00216788591737,-0.0144474039263,0.00592916993139,-0.469495793468,-0.0421734009694,0.0791253329987,-0.0079191451671,-0.0144603699523,0.00592623869598,-0.02394,0.20286,-0.14135,0.0152,0.0014,-0.0056
0.298,0.29789806,3.382,0,-0.215827701325,0.277845465999,-1.65016345413,-0.560994031414,0.414145331536,0.520617979285,0,-0,-0,0,-0,0,-0.000109061157374,-0.0010464331421,0.000413073306139,0.00118511343934,-0.000882968990322,6.47012672286e-05,-0.134452511056,-0.004599086269,0.0214031846985,-0.0101090659011,-1.30800905826e-05,-2.93688252722e-06,-0.339380882038,-0.0346651308846,0.0557303245453,0.00165391693396,-0.0160293682406,0.00592556763354,-0.473833393094,-0.0392642171536,0.0771335092438,-0.00845514896716,-0.0160424483312,0.00592263075102,-0.04032,0.19404,-0.13805,0.0124,-0.0016,-0.0084
0.299,0.29892571,3.353,0,-0.215828899748,0.277844866788,-1.65016365386,-0.56099331236,0.414144133113,0.520617979285,-0.000872664625997,-0,-0,0,-0.0010471975512,0,-0.000108986978893,-0.00105636090283,0.000412763250857,0.00118454068102,-0.000883473743125,6.67476165711e-05,-0.134710525352,-0.00459924269222,0.0214310513009,-0.0101309811949,-1.31816619745e-05,-2.94302638998e-06,-0.328643788265,-0.0379336943107,0.0573999922599,0.00207267323835,-0.0135438642068,0.00592193278232,-0.463354313617,-0.0425329370029,0.0788310435608,-0.00805830795654,-0.0135570458688,0.00591898975593,-0.02205,0.16884,-0.14575,0.0108,-0.0026,-0.0112
0.3,0.29993461,3.355,0,-0.21583009817,0.277844667051,-1.65016365386,-0.560993072676,0.41414341406,0.520617499916,-0.000872664625997,-0,-0,0,-0,0,-0.000109001370912,-0.00106633942424,0.000412629062506,0.00118484205823,-0.000883853853412,6.83860045277e-05,-0.134966956651,-0.00459677856793,0.0214575306146,-0.0101529443185,-1.33018513331e-05,-2.94882789867e-06,-0.332688947152,-0.0350067382916,0.0553594137876,0.00155872425523,-0.0151264228405,0.00592343927161,-0.467655903803,-0.0396035168596,0.0768169444022,-0.00859422006331,-0.0151397246918,0.00592049044371,-0.02961,0.1953,-0.1364,0.0122,-0.0022,-0.0094
0.301,0.30077408,3.383,0,-0.215831296593,0.277845266262,-1.65016345413,-0.560993552045,0.414142934691,0.520617260232,-0.000872664625997,-0,-0,0,-0,0,-0.000109175529964,-0.00107633019833,0.000412971633081,0.00118543453933,-0.000884757635137,6.96556623121e-05,-0.135222374214,-0.00459603816967,0.0214843343776,-0.0101747377229,-1.34220525509e-05,-2.95493459956e-06,-0.335178171121,-0.0348747051137,0.0555113332812,0.00146237967347,-0.0153157014538,0.00592640152339,-0.470400545336,-0.0394707432833,0.0769956676588,-0.00871235804942,-0.0153291235064,0.00592344658879,-0.05859,0.21483,-0.13255,0.0172,-0.0032,-0.0058
0.302,0.301928859,3.445,0,-0.215831895804,0.277845665736,-1.65016345413,-0.560993791729,0.414142215637,0.520617260232,0,-0,-0,-0.0010471975512,-0,0,-0.000109290526715,-0.00108677783584,0.00041327165771,0.00118556902422,-0.000885819726248,7.05301461495e-05,-0.135476258749,-0.00459500708103,0.0215107039318,-0.0101965043111,-1.35326800273e-05,-2.96099873087e-06,-0.349221188895,-0.0361774020418,0.0583781623536,0.00291380252443,-0.0164075661383,0.00688651457308,-0.484697447644,-0.0407724091229,0.0798888662854,-0.0072827017867,-0.0164210988183,0.00688355357435,-0.05292,0.2079,-0.1386,0.0046,-0.011,-0.0152
0.303,0.30292662,3.348,0,-0.215832894489,0.277845865473,-1.65016365386,-0.560994271098,0.414142455322,0.520617260232,0,-0,-0,0,-0.0010471975512,0,-0.000109319839063,-0.00109709263762,0.000413485120989,0.0011859224643,-0.000886099174422,7.12413474999e-05,-0.135728594153,-0.00459284487062,0.0215364631478,-0.0102182209881,-1.36496236547e-05,-2.96635760276e-06,-0.350354484611,-0.0365320737513,0.0585382231087,0.00153512000442,-0.0156281027019,0.00592961225415,-0.486083078764,-0.0411249186219,0.0800746862565,-0.00868310098368,-0.0156417523256,0.00592664589655,0.00126,0.17514,-0.1408,0.013,0.0192,-0.0008
0.304,0.303925479,3.36,0,-0.215833693438,0.27784606521,-1.6501638536,-0.560993791729,0.414141975953,0.520617499916,-0.000872664625997,-0,-0,0,0.0010471975512,0,-0.000109402268748,-0.00110758692797,0.000413639485761,0.00118515713852,-0.000886809269525,7.24456204005e-05,-0.135979977649,-0.00459143584903,0.021562243163,-0.010239818292,-1.37683187081e-05,-2.97221196129e-06,-0.344391050992,-0.0316803875144,0.0537997339824,0.000746815756706,-0.0172935477113,0.00592501319552,-0.480371028641,-0.0362718233634,0.0753619771453,-0.00949300253533,-0.01730731603,0.00592204098356,-0.04662,0.21042,-0.13915,0.0116,-0.0108,-0.005
0.305,0.304931155,3.386,0,-0.215834292649,0.277846264947,-1.6501638536,-0.56099331236,0.41414077753,0.520617739601,0,-0,-0,0,-0.0010471975512,0,-0.00010951646969,-0.0011182288078,0.000413763948261,0.00118443529029,-0.000887947219083,7.38083257473e-05,-0.136229628585,-0.00459060477619,0.0215878054529,-0.0102612904225,-1.38762096787e-05,-2.97852526533e-06,-0.355496835241,-0.0362015388165,0.0588195622652,0.00131454492216,-0.0160269635231,0.00592217760755,-0.491726463826,-0.0407921435927,0.0804073677181,-0.00894674550033,-0.0160408397328,0.00591919908228,-0.01827,0.25263,-0.14135,0.0052,-0.0006,-0.0138
0.306,0.30593726,3.335,0,-0.215835091597,0.277845465999,-1.6501638536,-0.560993072676,0.414139579108,0.520617739601,-0.000872664625997,-0,-0,0.0010471975512,-0.00209439510239,0,-0.000109411209424,-0.00112884452564,0.000413292167052,0.00118438718574,-0.000888160454509,7.52893580695e-05,-0.136479157091,-0.0045882043964,0.0216125087389,-0.0102828193948,-1.40029591912e-05,-2.98434131213e-06,-0.345023737499,-0.037227049373,0.0583433567017,4.52507049249e-05,-0.013960417463,0.00496249076514,-0.481502894591,-0.0418152537694,0.0799558654406,-0.0102375686898,-0.0139744204222,0.00495950642383,-0.02079,0.18648,-0.1342,0.0134,0.0032,-0.0058
0.307,0.306795399,3.396,0,-0.215835890545,0.277844467314,-1.65016365386,-0.560993791729,0.414138380685,0.520617260232,-0.000872664625997,-0.000872664625997,-0,-0.0010471975512,-0.0010471975512,0,-0.000109243633556,-0.00113950125414,0.00041272403732,0.00118578203363,-0.000888173755882,7.64354927829e-05,-0.136726426419,-0.00458592442647,0.0216370817572,-0.01030422004,-1.41206815273e-05,-2.98993289092e-06,-0.349626084895,-0.0263076795214,0.0528838104741,0.00104572705035,-0.0170245637582,0.00707363402171,-0.486352511313,-0.0308936039479,0.0745208922313,-0.00925849298965,-0.0170386844397,0.00707064408882,-0.03843,0.18711,-0.14355,0.0086,0.0038,0
0.308,0.30792911,3.349,0,-0.215836689494,0.277843868102,-1.65016345413,-0.560994510783,0.414137182263,0.520617260232,-0.000872664625997,-0,-0,0,-0.0010471975512,0,-0.000109159725856,-0.00115020477183,0.000412406096923,0.00118661013439,-0.000888576247803,7.7579410993e-05,-0.136972047368,-0.00458441882394,0.0216616150996,-0.010325495699,-1.42318277483e-05,-2.99554540681e-06,-0.35161422403,-0.0362019237814,0.0585038021434,0.00109137375938,-0.015369646667,0.00593227548509,-0.488586271398,-0.0407863426053,0.080165417243,-0.00923412193965,-0.0153838784947,0.00592927993969,-0.06552,0.2268,-0.1419,0.0134,0.0046,-0.0108
0.309,0.308927024,3.389,0,-0.215837887916,0.277843868102,-1.65016325439,-0.560995229836,0.414135504471,0.52061821897,-0.000872664625997,-0,-0,0,-0.0010471975512,0.0010471975512,-0.000109200553583,-0.00116066368005,0.000412506589677,0.00118635217305,-0.000889980023747,7.93614973654e-05,-0.137217488172,-0.00458144442525,0.0216853854798,-0.0103467806473,-1.43618044189e-05,-3.00136254307e-06,-0.354177998051,-0.0362551520702,0.0588678091076,2.37124340201e-05,-0.0155663005503,0.00488378722501,-0.491395486224,-0.0408365964954,0.0805531945874,-0.0103230682133,-0.0155806623547,0.00488078586247,-0.0063,0.18081,-0.13365,0.014,0.0028,-0.009
0.31,0.309932077,3.334,0,-0.215839086339,0.277844267577,-1.65016325439,-0.560995709205,0.414133586995,0.520618938023,-0.000872664625997,-0,-0,0,-0,0.0010471975512,-0.000109308076008,-0.0011711684476,0.000412939508964,0.00118598661881,-0.000892129968153,8.13479121847e-05,-0.137461178153,-0.00457873884555,0.0217086536025,-0.0103679878097,-1.44862938975e-05,-3.0071500977e-06,-0.358311545804,-0.0334051548203,0.0568901392285,-0.000482749878626,-0.0171376351492,0.0048819572506,-0.495772723957,-0.0379838936658,0.078598792831,-0.0108507376883,-0.0171521214431,0.0048789501005,0.00882,0.21168,-0.13475,0.0114,-0.0094,-0.0012
0.311,0.31092959,3.338,0,-0.215840085024,0.277844866788,-1.65016365386,-0.560995709205,0.414131909204,0.520619177707,0,-0,-0,0,-0.00209439510239,0,-0.00010942135459,-0.00118189493506,0.000413601261349,0.00118553267886,-0.000894562850385,8.31825651823e-05,-0.137703364647,-0.00457603290754,0.0217317561991,-0.010389120249,-1.46101447624e-05,-3.0127103008e-06,-0.369440069571,-0.0377730994072,0.0617425934819,0.0010578739913,-0.0158567183114,0.00592766360865,-0.507143434218,-0.0423491323148,0.083474349681,-0.00933124625771,-0.0158713284562,0.00592465089835,-0.00504,0.20097,-0.13695,0.0108,0.0014,-0.0066
0.312,0.311881179,3.293,0,-0.215840684235,0.277845266262,-1.6501638536,-0.560995469521,0.414130710781,0.520619177707,0,-0,-0,0,-0,-0.0010471975512,-0.000109538084162,-0.00119297535385,0.000413969609816,0.00118518510697,-0.000896139325198,8.44620792921e-05,-0.137943985534,-0.00457343322743,0.0217547944919,-0.0104101298267,-1.47285721338e-05,-3.01829725264e-06,-0.375218061505,-0.0319560976944,0.0573848484318,0.00110105394449,-0.0188234849931,0.00697312345548,-0.513162047038,-0.0365295309219,0.0791396429237,-0.00930907588217,-0.0188382135652,0.00697010515822,-0.00882,0.20412,-0.13805,0.0116,0.0026,-0.014
0.313,0.312929232,3.376,0,-0.215840883973,0.277845465999,-1.65016405334,-0.560995469521,0.414129512359,0.520618698339,0,-0,-0,0,-0,0,-0.000109600389566,-0.00120438010073,0.000414243187722,0.00118557945476,-0.000897567258099,8.52564114625e-05,-0.138183600695,-0.00457134100512,0.0217776277196,-0.0104310433448,-1.48445762087e-05,-3.02390720045e-06,-0.377916864789,-0.0320218075322,0.0577700933077,3.69441928311e-05,-0.0190298903707,0.00592789785593,-0.516100465483,-0.0365931485373,0.0795477210273,-0.010394099152,-0.0190447349469,0.00592487394873,-0.0567,0.21483,-0.1353,0.0056,-0.003,-0.0024
0.314,0.313937501,3.471,0,-0.215841483184,0.277845066525,-1.6501638536,-0.56099594889,0.414127834567,0.520617979285,0,-0,-0,0,-0,0,-0.00010957576958,-0.0012155688047,0.000414058328784,0.00118686570363,-0.000898533958428,8.65239231441e-05,-0.138422312911,-0.00456784458806,0.0217996800678,-0.0104519365199,-1.49757966301e-05,-3.02948532797e-06,-0.38058863524,-0.0318006543946,0.0578862426504,-7.56124666442e-05,-0.0192433484493,0.00593432924698,-0.519010948151,-0.0363684989827,0.0796859227182,-0.0105275489865,-0.019258324246,0.00593129976166,-0.03969,0.18837,-0.1353,0.0166,-0.006,-0.006
0.315,0.314930918,3.371,0,-0.215842881343,0.277844467314,-1.65016365386,-0.560996907628,0.41412687583,0.520617979285,-0.00174532925199,-0,-0,0,-0.0010471975512,-0.0010471975512,-0.000109484523022,-0.00122634254224,0.000413743847518,0.00118791297843,-0.000898778986099,8.80668869474e-05,-0.138659449202,-0.00456379255252,0.02182105658,-0.0104728268482,-1.51074982391e-05,-3.03521890839e-06,-0.358351396418,-0.0355945573353,0.0587557714092,0.00143410028924,-0.0154708863866,0.00698519498042,-0.497010845621,-0.0401583498879,0.0805768279893,-0.00903872655895,-0.0154859938848,0.00698215976151,-0.03402,0.20412,-0.12705,0.0178,0.0078,-0.0194
0.316,0.315751589,3.36,0,-0.215844678977,0.277843468628,-1.6501638536,-0.560997386997,0.414125677407,0.520617979285,-0.00174532925199,-0.000872664625997,-0,0,-0,0.0010471975512,-0.000109273910998,-0.0012369579058,0.0004133252709,0.00118852263821,-0.00089913455374,9.02935648519e-05,-0.138895014468,-0.00456072455376,0.0218425822003,-0.0104935925275,-1.52273677841e-05,-3.0407601973e-06,-0.363274642892,-0.0207181559807,0.0494934124026,-0.00285005256035,-0.0193391608366,0.00508067042015,-0.50216965736,-0.0252788805345,0.0713359946029,-0.0133436450878,-0.0193543882044,0.00507762965995,-0.01575,0.21672,-0.1452,0.0094,0.0004,-0.0034
0.317,0.316897134,3.408,0,-0.215846676348,0.277843069154,-1.6501638536,-0.560997147312,0.414124718669,0.520617979285,-0.00174532925199,-0,-0,0,-0.0010471975512,0,-0.000109259282178,-0.00124750648672,0.000413075085969,0.00118838849418,-0.000899529399722,9.28521785963e-05,-0.139128937707,-0.00455755392478,0.0218638548996,-0.0105142348936,-1.53470928744e-05,-3.04631763214e-06,-0.363537666152,-0.035337452306,0.0591778767844,0.000235677294852,-0.0158911231871,0.00594037357277,-0.502666603859,-0.0398950062308,0.081041731684,-0.0102785575987,-0.01590647028,0.00593732725514,-0.02961,0.1953,-0.1397,0.0086,0.0012,-0.0038
0.318,0.317818345,3.374,0,-0.215848473982,0.27784266968,-1.65016405334,-0.560996907628,0.414123759931,0.520618458654,-0.00174532925199,-0,-0,0,-0,0,-0.00010921411789,-0.00125825576533,0.000412916475168,0.00118773131011,-0.000900116292868,9.52098732195e-05,-0.139362539818,-0.0045536832081,0.0218844852074,-0.0105348359539,-1.54844724924e-05,-3.05187932537e-06,-0.367717853288,-0.0323951779855,0.0571436775507,-0.000290100014051,-0.0174829839615,0.00593708591399,-0.507080393106,-0.0369488611936,0.0790281627581,-0.0108249359679,-0.017498468434,0.00593403403466,-0.0378,0.2142,-0.1364,0.0142,0.0014,-0.007
0.319,0.318932899,3.351,0,-0.215850271615,0.277842869417,-1.6501638536,-0.560996667943,0.414122561509,0.520618698339,-0.000872664625997,-0,-0,0,-0,0,-0.00010935790201,-0.00126901503275,0.000412967182909,0.00118727192994,-0.000901111335214,9.76899966694e-05,-0.139595306422,-0.00454950164037,0.0219047419688,-0.0105554153039,-1.56206399697e-05,-3.05720115959e-06,-0.381987026775,-0.0314492576069,0.0578539261947,-0.000537648950504,-0.018987030054,0.00593557376105,-0.521582333197,-0.0359987592473,0.0797586681635,-0.0110930642544,-0.019002650694,0.00593251655989,0.00945,0.18396,-0.1353,0.0128,-0.0016,-0.0062
0.32,0.319879041,3.258,0,-0.215851669775,0.277843668365,-1.6501638536,-0.560996667943,0.414121602771,0.520618458654,-0.000872664625997,0.000872664625997,-0,0,-0.0010471975512,-0.0010471975512,-0.000109582374333,-0.00128008227155,0.000413495187776,0.00118734087851,-0.00090272375105,9.9564696925e-05,-0.139825809176,-0.00454631893416,0.0219250822005,-0.010575864998,-1.57413863206e-05,-3.06252760012e-06,-0.382326463468,-0.0461764256354,0.0676128679964,0.00256570011661,-0.0155273819698,0.00679629335,-0.522152272644,-0.0507227445696,0.0895379501969,-0.00801016488135,-0.0155431233561,0.0067932308224,-0.02205,0.19593,-0.1419,0.0084,0.0008,-0.015
0.321,0.320933537,3.362,0,-0.215852868197,0.277845066525,-1.65016345413,-0.560996907628,0.414120644033,0.52061821897,-0.000872664625997,0.000872664625997,-0,0,-0,0,-0.000109981938573,-0.00129129620919,0.00041424222347,0.00118758491346,-0.0009045786722,0.000101155018894,-0.140053976911,-0.00454304834671,0.0219451038305,-0.0105961863291,-1.58583946237e-05,-3.068067008e-06,-0.386575698681,-0.0435907836382,0.0658819257542,0.00110354163907,-0.0171047860599,0.00575031531353,-0.526629675592,-0.0481338319849,0.0878270295847,-0.00949264469001,-0.0171206444545,0.00574724724652,-0.03717,0.20601,-0.1485,0.0078,-0.0024,0.0034
0.322,0.321955084,3.363,0,-0.215853866883,0.277846264947,-1.65016285492,-0.560997147312,0.41411944561,0.520617979285,-0.000872664625997,-0,-0,0,-0.0010471975512,0,-0.000110371506776,-0.00130269348966,0.000414792200906,0.001187915699,-0.000906251777481,0.000102665088994,-0.140282577942,-0.00453809224786,0.0219642449636,-0.0106165216231,-1.59983801464e-05,-3.07360383761e-06,-0.388494137628,-0.0338638282465,0.0605559219855,-0.000438820154788,-0.0181934783072,0.00593878819963,-0.52877671557,-0.0384019204944,0.0825201669491,-0.0110553417778,-0.0182094766874,0.00593571459579,0.00693,0.20286,-0.1364,0.013,-0.0026,-0.0046
0.323,0.322745096,3.448,0,-0.215854466094,0.277846864159,-1.65016245544,-0.560997147312,0.414118486872,0.520617499916,0,-0,-0,0,-0.0010471975512,0,-0.00011062045358,-0.00131446390103,0.000415004950928,0.00118835131981,-0.000907279377367,0.000103743196883,-0.140510299758,-0.00453255981074,0.0219827707542,-0.0106368591175,-1.61471924471e-05,-3.0790985874e-06,-0.402908438222,-0.0329317286849,0.0612838938128,-0.000682608549277,-0.0197091666485,0.00594175724717,-0.54341873798,-0.0374642884956,0.0832666645669,-0.0113194676668,-0.0197253138409,0.00593867814858,-0.04095,0.20223,-0.13805,0.0108,0.0026,-0.0014
0.324,0.323751237,3.49,0,-0.215854665831,0.277846664422,-1.6501622557,-0.560996907628,0.414117528134,0.520617499916,0,-0,-0,0,-0.0010471975512,0,-0.000110685185077,-0.0013266061695,0.000414779629732,0.00118821783029,-0.000907673795623,0.000104505377315,-0.140734338698,-0.00452811187794,0.0220013016646,-0.0106570319707,-1.62686218855e-05,-3.08433503331e-06,-0.405726069022,-0.0326966753348,0.0613981747329,-0.000809574996439,-0.0199388139654,0.00594108884251,-0.54646040772,-0.0372247872128,0.0833994763975,-0.0114666069672,-0.0199550825873,0.00593800450748,-0.04095,0.20349,-0.13365,0.01,0.0038,-0.0044
0.325,0.324750016,3.785,0,-0.215855265042,0.27784606521,-1.6501622557,-0.560996667943,0.414116090027,0.520617739601,0,-0,-0,0,-0.0010471975512,0,-0.000110635773213,-0.00133855930128,0.000414439651726,0.00118788777666,-0.000908286560713,0.000105903476876,-0.140958210591,-0.00452338267024,0.0220195676378,-0.0106771644272,-1.63971836838e-05,-3.08937338407e-06,-0.408518196921,-0.0324451768517,0.061505263701,-0.000939193020087,-0.0201662243191,0.00593943908272,-0.549476407512,-0.036968559522,0.0835248313388,-0.0116163574473,-0.0201826215028,0.00593634970933,-0.0567,0.18081,-0.1342,0.0074,-0.0016,-0.0118
0.326,0.325747471,3.532,0,-0.215856663202,0.277845665736,-1.65016285492,-0.560996667943,0.414115131289,0.520617499916,-0.000872664625997,-0,-0,0,-0.0010471975512,0,-0.000110521277662,-0.0013500959262,0.000414492986483,0.00118808425567,-0.000909312558558,0.000107777182934,-0.14118244145,-0.00451916975983,0.0220377976294,-0.0106971878197,-1.65400102979e-05,-3.09495086934e-06,-0.399608637439,-0.0330109471364,0.0610714109433,-0.000923088136539,-0.0190780462463,0.00593962826483,-0.54079107889,-0.0375301168963,0.0831092085728,-0.0116202759562,-0.0190945862566,0.00593653331396,-0.00693,0.18837,-0.1441,0.0098,0.0068,-0.0024
0.327,0.326894019,3.337,0,-0.215858660573,0.277845865473,-1.65016345413,-0.560996907628,0.414114412236,0.520617979285,-0.00261799387799,-0,-0,0,-0,0,-0.000110520437586,-0.00136129101527,0.000414928739814,0.00118765214298,-0.000910766772037,0.000110050685629,-0.141403577259,-0.00451499627659,0.0220557494642,-0.0107170285429,-1.66659531485e-05,-3.10029629064e-06,-0.380569243326,-0.0316741839126,0.0579412290343,-0.00117387378816,-0.0180591069143,0.00593587633154,-0.521972820585,-0.0361891801892,0.0799969784985,-0.0118909023311,-0.0180757728675,0.00593277603525,-0.02961,0.21357,-0.1375,0.0122,-0.0022,-0.0128
0.328,0.327943458,3.329,0,-0.215860857681,0.277846264947,-1.65016345413,-0.560996907628,0.414113693182,0.520618458654,-0.00174532925199,-0,-0,0,-0.0010471975512,0,-0.000110668608843,-0.00137240120889,0.000415177465802,0.00118708660751,-0.00091178185904,0.000112606749765,-0.141623359519,-0.00450815621194,0.0220722582488,-0.0107370385789,-1.68101297467e-05,-3.10523535972e-06,-0.393339715501,-0.0334744785176,0.0608226169504,-0.00101514094251,-0.0181809125975,0.00593384154455,-0.53496307502,-0.0379826347296,0.0828948751992,-0.0117521795214,-0.0181977227272,0.00593073630919,-0.02583,0.2079,-0.14245,0.0092,0.0088,-0.0126
0.329,0.328935413,3.35,0,-0.215863254526,0.277846464685,-1.65016345413,-0.560996907628,0.414112255075,0.520618458654,-0.00174532925199,-0,-0,0,-0.0010471975512,0,-0.000110775910243,-0.0013834220428,0.000415366327291,0.00118704310558,-0.000913225750777,0.000115718299904,-0.141842893187,-0.00450324963898,0.0220893572286,-0.0107568851306,-1.69432376987e-05,-3.11051908062e-06,-0.396011800757,-0.0333067937635,0.060971545237,-0.00112935903007,-0.01838210576,0.00593362229938,-0.537854693944,-0.0378100434025,0.0830609024656,-0.0118862441607,-0.0183990489977,0.0059305117803,-0.02331,0.17388,-0.13805,0.01,0.0024,-0.0054
0.33,0.32991139,3.366,0,-0.215865851108,0.277846664422,-1.65016305465,-0.560997147312,0.414110577284,0.520617739601,-0.00174532925199,-0,-0,0,-0.0010471975512,0,-0.000110933070912,-0.00139434924165,0.000415419393623,0.00118802320161,-0.00091453405913,0.000119064614763,-0.142060675578,-0.00449808827074,0.0221060678897,-0.0107765836942,-1.70767172734e-05,-3.11582330707e-06,-0.39867270102,-0.0331229895344,0.0611037569997,-0.00124315024359,-0.0185849678165,0.00593852010457,-0.540733376597,-0.0376210778052,0.0832098248895,-0.0120197339378,-0.0186020445337,0.00593540428127,0.00693,0.21105,-0.1485,0.0128,-0.0058,-0.0084
0.331,0.330841356,3.359,0,-0.21586844769,0.277847063896,-1.65016245544,-0.560997386997,0.414109618546,0.520616780863,-0.00261799387799,-0,-0,0,-0.0010471975512,-0.0010471975512,-0.000111165468243,-0.00140536167276,0.000415437083694,0.00118924362076,-0.000915220968996,0.000122056813004,-0.142276794863,-0.00449184040487,0.0221216189727,-0.0107963264742,-1.72307502257e-05,-3.12100656226e-06,-0.38970140025,-0.0334751168592,0.0604248895532,-0.000268597586501,-0.0174916558483,0.00699102031843,-0.531978195113,-0.0379669572641,0.0825465085259,-0.0110649240607,-0.0175088865985,0.00698789931187,-0.0378,0.2016,-0.14135,0.0104,0.0036,-0.014
0.332,0.331753215,3.53,0,-0.215870844535,0.277847063896,-1.65016185623,-0.560997386997,0.414109139177,0.520616061809,-0.00174532925199,-0,-0,0,-0,0,-0.000111328638342,-0.00141661889522,0.000415130584142,0.00119008974786,-0.000915053423104,0.000124692641152,-0.142491405649,-0.00448715246435,0.0221378459155,-0.010815873196,-1.73576318849e-05,-3.12606416657e-06,-0.405620760651,-0.0299677104826,0.0591702848727,-0.00188881374032,-0.0203980878853,0.0059488520084,-0.5481121663,-0.034454862947,0.0813081307882,-0.0127046869363,-0.0204154455172,0.00594572594423,-0.04158,0.1953,-0.1375,0.0096,-0.0038,-0.007
0.333,0.332751165,3.367,0,-0.215872841906,0.277846664422,-1.65016125702,-0.560997626681,0.414108180439,0.52061558244,-0.00174532925199,-0.000872664625997,-0,0,-0,0,-0.000111395919743,-0.00142818662469,0.000414647301069,0.00119100068941,-0.000914958590592,0.000127083603364,-0.142705252575,-0.00448029932028,0.0221531769478,-0.0108354502041,-1.74962060541e-05,-3.1310666252e-06,-0.409140170247,-0.0173572800396,0.0515983441379,-0.00386200492946,-0.0228983398732,0.00614022346369,-0.551845422822,-0.0218375793599,0.0737515210857,-0.0146974551336,-0.0229158360793,0.00613709239707,-0.02709,0.20286,-0.132,0.016,0,-0.0094
0.334,0.333939728,3.368,0,-0.215874839276,0.277846264947,-1.65016105728,-0.560997626681,0.414106982016,0.520616061809,-0.000872664625997,-0,-0,0,-0.0010471975512,0,-0.000111414280491,-0.00143982872259,0.000414340314269,0.00119064978727,-0.000915411474907,0.000129676877877,-0.142917938986,-0.00447440737359,0.0221681339182,-0.0108549290531,-1.76412473135e-05,-3.13652273193e-06,-0.421224597241,-0.0314153153135,0.062086081062,-0.00187657480033,-0.0207669276871,0.00595245123068,-0.564142536228,-0.0358897226871,0.0842542149802,-0.0127315038534,-0.0207845689344,0.00594931470794,-0.00504,0.18963,-0.1364,0.0042,-0.0004,-0.011
0.335,0.334910485,3.358,0,-0.215876836647,0.277846264947,-1.65016145676,-0.560997386997,0.414106262963,0.520617260232,-0.00174532925199,-0,-0,0,-0,0.0010471975512,-0.000111436757041,-0.00145156985354,0.000414488625446,0.00118914494095,-0.000916380304832,0.000132118207781,-0.143129753113,-0.00446860808438,0.0221830925074,-0.0108742901244,-1.77844852211e-05,-3.14180846709e-06,-0.41391695328,-0.0294935702036,0.059732812226,-0.00323404408915,-0.021063357543,0.00489692810191,-0.557046706394,-0.033962178288,0.0819159047334,-0.0141083342135,-0.0210811420282,0.00489378629344,-0.01323,0.20475,-0.14135,0.0144,0.0002,-0.0064
0.336,0.335936961,3.364,0,-0.215878234807,0.277846264947,-1.6501622557,-0.560997626681,0.414105304225,0.52061821897,-0.00174532925199,-0,-0.000872664625997,0,-0,0.0010471975512,-0.000111370694288,-0.00146375192205,0.000414906455895,0.00118823473766,-0.000918041539079,0.000133909691645,-0.143339415288,-0.00446154382353,0.0221972317596,-0.010893668806,-1.79305406712e-05,-3.14654124604e-06,-0.417336491664,-0.0369911847907,0.067203370835,-0.00157035017254,-0.0194838904613,0.00470555881927,-0.560675906953,-0.0414527286142,0.0894006025946,-0.0124640189785,-0.019501821002,0.00470241227802,-0.0441,0.19656,-0.13585,0.0144,0.0024,-0.0082
0.337,0.336943226,3.484,0,-0.215879632966,0.27784606521,-1.65016285492,-0.560997626681,0.414104345487,0.520618938023,-0.000872664625997,-0,-0,0,-0.0010471975512,0,-0.000111308371493,-0.00147600950496,0.000415074668598,0.00118742869693,-0.000919263417827,0.000135784815876,-0.143547350178,-0.00445505270358,0.022211148369,-0.0109129220879,-1.80705827061e-05,-3.15128465033e-06,-0.429697420837,-0.0308828856154,0.0625827592041,-0.00223812800555,-0.0214135602584,0.00593634141945,-0.573244771016,-0.0353379383189,0.0847939075731,-0.0131510500935,-0.0214316308411,0.0059331901348,-0.04032,0.20034,-0.13805,0.0122,0.01,-0.0144
0.338,0.337960574,3.367,0,-0.215881630337,0.277845865473,-1.65016325439,-0.560997866366,0.414103386749,0.520618698339,-0.00174532925199,-0,-0,0,-0,-0.0010471975512,-0.000111265084312,-0.00148793670986,0.000415178912463,0.00118784416097,-0.000920339027455,0.000138174773525,-0.143755026056,-0.00444843723722,0.0222249490741,-0.010932063078,-1.82129542582e-05,-3.15654647183e-06,-0.422421464268,-0.0285004836507,0.0597785706497,-0.00167107245649,-0.0217129304436,0.00698481284022,-0.566176490324,-0.0329489208879,0.0820035197238,-0.0126031355345,-0.0217311433978,0.00698165629375,-0.01449,0.20412,-0.14355,0.0106,0.0028,-0.0118
0.339,0.338945486,3.363,0,-0.215884027182,0.277845665736,-1.65016305465,-0.560998585419,0.414102188326,0.520617739601,-0.00261799387799,-0,-0,0,-0,-0.0010471975512,-0.000111291411788,-0.00149962823482,0.000415083333474,0.00118954628066,-0.000921133661721,0.00014091847043,-0.143961066089,-0.00444223833779,0.0222383781066,-0.0109511508642,-1.83541115072e-05,-3.16154965883e-06,-0.413552722965,-0.0290457414848,0.0593238148355,-0.00165773424554,-0.0206302702537,0.00699251773272,-0.557513789054,-0.0334879798226,0.0815621929421,-0.0126088851097,-0.0206486243652,0.00698935618306,-0.01764,0.22806,-0.1331,0.0134,-0.0018,-0.0052
0.34,0.339936656,3.354,0,-0.215886623764,0.277845465999,-1.65016265518,-0.560999783842,0.414100989904,0.520616541178,-0.00174532925199,-0,-0,-0.0010471975512,-0.0010471975512,0,-0.0001113231698,-0.00151124066832,0.000414955873502,0.00119196874836,-0.000921829309313,0.000143692303534,-0.144165698551,-0.00443501302245,0.0222512850325,-0.0109702384062,-1.85011485793e-05,-3.16650019419e-06,-0.426251515545,-0.0332169870967,0.0645298686117,-0.000774697033752,-0.0203622683757,0.00691692229651,-0.570417214097,-0.0376520001192,0.0867811536442,-0.01174493544,-0.0203807695243,0.00691375579631,-0.00693,0.18774,-0.14135,0.0102,0,0
0.341,0.340943814,3.322,0,-0.21588961982,0.277845465999,-1.65016205597,-0.561000982264,0.414100031166,0.520616061809,-0.00261799387799,-0,-0,-0.0010471975512,-0.0010471975512,-0.0010471975512,-0.000111428570466,-0.00152266020332,0.000414838690257,0.00119367214898,-0.000922317179112,0.00014674642466,-0.144369302261,-0.00442746870367,0.0222638214848,-0.0109892074407,-1.86521861162e-05,-3.1714833639e-06,-0.417351041669,-0.0335390096697,0.06384293178,0.000196209785224,-0.0192781291973,0.00797183098441,-0.56172034393,-0.0379664783733,0.0861067532648,-0.0107929976555,-0.0192967813834,0.00796865950105,-0.01134,0.18396,-0.1353,0.012,0.0088,-0.0116
0.342,0.34192136,3.333,0,-0.215892016665,0.277845665736,-1.65016145676,-0.561001941002,0.414099072428,0.520616541178,-0.00174532925199,-0,-0,-0.0010471975512,-0,0.00209439510239,-0.000111590349139,-0.00153452816312,0.000414813893316,0.00119415531207,-0.000922952449728,0.000149286833778,-0.144571879179,-0.00442013014997,0.0222758738773,-0.0110081280477,-1.88013930483e-05,-3.17622505475e-06,-0.433366140819,-0.0305113647044,0.063070823055,-0.00333942873355,-0.0221844103329,0.00483345847533,-0.577938019998,-0.0349314948543,0.0853466969323,-0.0143475567813,-0.0222032117259,0.00483028225027,-0.01323,0.20727,-0.13915,0.0044,-0.0012,0.0014
0.343,0.342865197,3.256,0,-0.215893614562,0.277845865473,-1.65016125702,-0.561003139425,0.414097634321,0.520617499916,-0.000872664625997,-0,-0,-0.0010471975512,-0.0010471975512,0,-0.000111677599329,-0.00154695925282,0.00041504858868,0.00119429341783,-0.000924441938441,0.000151182980414,-0.144772231467,-0.00441285732518,0.0222877434004,-0.0110269448597,-1.89463643019e-05,-3.18117488605e-06,-0.446339806682,-0.0318446585586,0.0655138818208,-0.00126720834389,-0.022322466531,0.00692934900162,-0.59111203815,-0.0362575158837,0.0878016252211,-0.0122941532036,-0.0223414128953,0.00692616782674,-0.04662,0.20853,-0.1364,0.0042,-0.0014,-0.0186
0.344,0.343945551,3.329,0,-0.215895012722,0.27784606521,-1.65016125702,-0.561003858478,0.414096435898,0.52061821897,-0.000872664625997,-0,-0,0,-0.0010471975512,0.0010471975512,-0.000111760114538,-0.00155961811402,0.000415292434164,0.00119418838087,-0.000925819897104,0.000152926581231,-0.144971052836,-0.00440563585223,0.0222994958312,-0.0110456629227,-1.9090716472e-05,-3.18591220615e-06,-0.449413290356,-0.0296766730568,0.0637684222344,-0.00402969688521,-0.0229508165954,0.00492293675354,-0.594384343192,-0.034082308909,0.0860679180656,-0.0150753598079,-0.0229699073119,0.00491975084133,-0.05922,0.18333,-0.13805,0.0076,-0.0004,-0.004
0.345,0.344938812,3.357,0,-0.21589720983,0.27784606521,-1.65016145676,-0.561004577532,0.414095716845,0.520618938023,-0.00174532925199,-0,-0,-0.0010471975512,-0,0,-0.000111770615469,-0.00157187281363,0.000415462179906,0.00119408394839,-0.000926783226725,0.000155229540576,-0.145170247493,-0.00439736089766,0.0223103552017,-0.0110644173507,-1.92474581307e-05,-3.19085065843e-06,-0.442035624089,-0.0295112803705,0.06310458149,-0.0017837424538,-0.0228495011162,0.00692749216342,-0.587205871582,-0.0339086412681,0.0854149366917,-0.0128481598045,-0.0228687485743,0.00692430131276,-0.03843,0.2079,-0.1419,0.0038,0.0034,-0.004
0.346,0.345947251,3.38,0,-0.215900205886,0.277845865473,-1.65016185623,-0.56100553627,0.41409547716,0.520619177707,-0.00261799387799,-0,-0,0,-0,0,-0.000111696883288,-0.00158371657358,0.000415584409154,0.00119467808891,-0.00092738080372,0.000158011514294,-0.145367800031,-0.00438898412904,0.0223209617237,-0.0110830482881,-1.94040580941e-05,-3.19580435839e-06,-0.433355965538,-0.0278652008625,0.0605398391678,-0.00345340415427,-0.022171314108,0.00597096319853,-0.578723765569,-0.0322541849915,0.0828608008915,-0.0145364524424,-0.0221907181661,0.00596776739417,0.01953,0.20979,-0.14575,0.013,0.0038,-0.005
0.347,0.346942516,3.419,0,-0.215903601416,0.277845465999,-1.6501622557,-0.561006255323,0.41409547716,0.520618698339,-0.00349065850399,-0,-0,-0.0010471975512,-0,-0.0010471975512,-0.000111595394102,-0.00159539954785,0.000415529443589,0.00119581357404,-0.000927528059872,0.000161156569354,-0.145562515972,-0.00438089068058,0.0223315031253,-0.0111015702568,-1.95523037013e-05,-3.20050176018e-06,-0.424342495252,-0.0303926732594,0.0619997143732,-0.000800977305053,-0.0206861827245,0.00798171758514,-0.569905011224,-0.03477356394,0.0843312174985,-0.0119025475618,-0.0207057350282,0.00797851708338,-0.01197,0.18648,-0.13915,0.0022,0.0028,-0.0158
0.348,0.347941141,3.355,0,-0.215906197998,0.277845066525,-1.65016245544,-0.561007453746,0.414094518422,0.520617739601,-0.00174532925199,-0.000872664625997,-0,0,-0,0,-0.000111499721578,-0.00160759547621,0.000415527690281,0.00119791112966,-0.000928404635742,0.000163809745804,-0.145756928436,-0.00437293890628,0.0223415785124,-0.0111200736487,-1.97023597084e-05,-3.20519409545e-06,-0.451420507138,-0.0143108926482,0.053731371907,-0.00566252097503,-0.0261898519902,0.00617474873686,-0.597177435574,-0.0186838315545,0.0760729504194,-0.0167825946238,-0.0262095543499,0.00617154354277,-0.02205,0.21546,-0.1375,0.015,-0.0034,-0.0008
0.349,0.348942447,3.415,0,-0.215908395106,0.277844866788,-1.65016265518,-0.561008652168,0.414093559684,0.520616541178,-0.00174532925199,-0,-0,-0.00209439510239,-0.0010471975512,-0.00209439510239,-0.000111446930598,-0.00162010590313,0.000415650219451,0.00120020567473,-0.000929477929525,0.000166065259362,-0.145950311758,-0.0043646682328,0.0223512833508,-0.0111384584714,-1.98564127134e-05,-3.2099186859e-06,-0.451685396437,-0.0331482519723,0.0675081113143,0.0017552180971,-0.0219494239657,0.0100111817013,-0.597635708194,-0.0375129202051,0.0898593946651,-0.00938324037432,-0.0219692803785,0.0100079717826,-0.03465,0.18459,-0.14575,0.0048,0.0014,-0.014
0.35,0.349946477,3.376,0,-0.215910592214,0.277845266262,-1.65016245544,-0.561009850591,0.414092840631,0.520616061809,-0.00174532925199,-0,-0,0,-0,0,-0.000111583309608,-0.00163265515746,0.000415937811425,0.00120173776852,-0.000930539724869,0.000168202789355,-0.146142115899,-0.0043561895146,0.0223606343774,-0.0111567681932,-2.00151168624e-05,-3.21462860813e-06,-0.456471389494,-0.0262702744835,0.0616998807037,-0.00404672007296,-0.0243658737131,0.00600706531406,-0.602613505393,-0.0306264639981,0.0840605150811,-0.0152034882661,-0.02438588883,0.00600385068545,-0.03843,0.21924,-0.14245,0.0094,-0.003,0.0018
0.351,0.350951344,3.388,0,-0.215913388533,0.27784606521,-1.65016185623,-0.561011049013,0.414091402524,0.520616301494,-0.00261799387799,-0,0.000872664625997,-0.0010471975512,-0.0010471975512,0,-0.000111866209379,-0.00164482011975,0.000416352177502,0.00120255234282,-0.000932222500431,0.000171295436438,-0.146332470438,-0.00434762539684,0.0223697354354,-0.0111750518204,-2.01637808841e-05,-3.21930634613e-06,-0.445386071748,-0.0241717830249,0.0582917147391,-0.00372180979123,-0.023279873016,0.00715582576339,-0.591718542186,-0.0285194084217,0.0806614501745,-0.0148968616116,-0.0233000367969,0.00715260645704,-0.02646,0.21294,-0.15345,0.0104,0.003,-0.0108
0.352,0.351945166,3.37,0,-0.215916184852,0.277846864159,-1.65016085755,-0.561012007751,0.414090204101,0.520617499916,-0.00349065850399,-0,-0,-0.0010471975512,-0.0010471975512,0.0010471975512,-0.000112225465149,-0.0016570585955,0.000416527357097,0.00120227151974,-0.000933259566983,0.000174352906453,-0.146521842932,-0.0043374554715,0.0223778722,-0.0111933146762,-2.03282116622e-05,-3.22394131234e-06,-0.43718682603,-0.0326379535835,0.065367235253,-0.00289919234858,-0.0204062625778,0.00591959451333,-0.583708668962,-0.036975409055,0.087745107453,-0.0140925070248,-0.0204265907894,0.00591637057202,-0.06489,0.20538,-0.12375,0.0058,0.004,-0.01
0.353,0.352790195,3.365,0,-0.215919580383,0.277847063896,-1.65015985886,-0.561012966489,0.414089245363,0.520618458654,-0.00261799387799,-0,0.000872664625997,0,-0,0.0010471975512,-0.000112462291016,-0.00166901898754,0.00041630316337,0.00120236113468,-0.000933505956506,0.00017789382013,-0.146710122975,-0.00432880915938,0.0223861505968,-0.0112114073534,-2.04932506569e-05,-3.22864689544e-06,-0.452809831295,-0.0190450910523,0.0544801630759,-0.00703184009356,-0.0255151576221,0.00514897798667,-0.59951995427,-0.0233739002116,0.0768663136727,-0.018243247447,-0.0255356508728,0.00514574933978,-0.02583,0.21672,-0.1331,0.0108,0.0028,-0.0012
0.354,0.353746513,3.375,0,-0.215923375387,0.277846464685,-1.65015945939,-0.561013685542,0.414088286625,0.520619177707,-0.00349065850399,-0,-0,-0.0010471975512,-0,0,-0.000112452660429,-0.00168085611379,0.000415826716571,0.00120251245317,-0.000933508343973,0.000181915611571,-0.146896278163,-0.00432040127435,0.0223943978218,-0.0112294206678,-2.06393288019e-05,-3.23333360104e-06,-0.444402298749,-0.0291746117055,0.0631837296571,-0.00262064886036,-0.0222466744262,0.00696799677465,-0.591298576912,-0.0334950129799,0.0855781274789,-0.0138500695281,-0.022267313755,0.00696476344105,0.01575,0.19908,-0.14795,0.0026,-0.0046,-0.011
0.355,0.354951307,3.365,0,-0.215927170392,0.277845665736,-1.65015945939,-0.56101464428,0.414087567572,0.520618938023,-0.00349065850399,-0,-0,0,-0,0,-0.000112326180821,-0.00169279099295,0.000415420921983,0.00120379857771,-0.000933545361767,0.000185733736858,-0.147081557793,-0.00431054699451,0.0224018216771,-0.0112474377197,-2.07959332197e-05,-3.23774950702e-06,-0.447392575332,-0.026687518954,0.0611459142111,-0.00443503410163,-0.0228817545975,0.0060157351954,-0.594474133125,-0.0309980659485,0.0835477358882,-0.0156824718213,-0.0229025505307,0.0060124974459,-0.00189,0.17829,-0.1441,0.0108,0.0014,0.0002
0.356,0.355950525,3.353,0,-0.215930565922,0.277845665736,-1.65015945939,-0.561015603018,0.414087088203,0.520618458654,-0.00349065850399,-0,-0,0,-0,0,-0.000112367263745,-0.00170502692238,0.000415493462157,0.00120515323288,-0.000934155296057,0.000189031992342,-0.147265729422,-0.00430103593511,0.0224088944637,-0.0112653342536,-2.09601286678e-05,-3.24241512536e-06,-0.450268755771,-0.0264785790641,0.0612865043599,-0.00455609275397,-0.0231054844906,0.00602250660864,-0.597534485193,-0.0307796149992,0.0836953988236,-0.0158214270076,-0.0231264446193,0.00601926419351,-0.04284,0.21168,-0.1419,0.0142,0.008,-0.0022
0.357,0.356956978,3.365,0,-0.215933761716,0.277846264947,-1.65015925965,-0.561015842703,0.414086848518,0.520617979285,-0.00261799387799,0.000872664625997,-0,-0.00209439510239,-0,-0.0010471975512,-0.000112605819999,-0.00171745535914,0.000415731552946,0.00120576591208,-0.000934804234663,0.000192263980546,-0.147448301089,-0.00429256056357,0.0224161647154,-0.0112830820425,-2.11124888083e-05,-3.24712665759e-06,-0.463740635621,-0.0420726713677,0.0737153254672,0.00135673156985,-0.0215480574205,0.00880415375368,-0.61118893671,-0.0463652319313,0.0961314901826,-0.00992635047267,-0.0215691699094,0.00880090662702,-0.02142,0.20097,-0.1452,0,0.0004,-0.0086
0.358,0.357958475,3.434,0,-0.215937157246,0.277846864159,-1.65015905991,-0.561016082387,0.41408588978,0.520617979285,-0.00349065850399,-0,-0,0,-0,0,-0.000112844966851,-0.00172978797073,0.000416033566298,0.00120589879405,-0.000936075829636,0.000196053264284,-0.147629443954,-0.00428275632706,0.02242263371,-0.0113008768546,-2.12712912303e-05,-3.25129712607e-06,-0.456061327401,-0.026128898169,0.0615994112552,-0.00480316587781,-0.0235451437612,0.00602622678666,-0.603690771355,-0.0304116544961,0.0840220449652,-0.0161040427325,-0.0235664150524,0.00602297548953,-0.04032,0.19089,-0.143,0.0144,-0.0074,-0.0066
0.359,0.358960737,3.344,0,-0.215940552776,0.27784746337,-1.6501584607,-0.561016801441,0.41408588978,0.520617499916,-0.00261799387799,-0,-0,0,-0.0010471975512,0,-0.000113121337094,-0.00174221391988,0.000416123702671,0.00120703469111,-0.000936220258755,0.000199195153403,-0.147810293837,-0.00427133823368,0.0224282093353,-0.0113186564313,-2.1444718867e-05,-3.25567593127e-06,-0.46905384483,-0.0278881857189,0.0644621421789,-0.00465494837886,-0.0236911657648,0.00603272371723,-0.616864138666,-0.0321595239525,0.0868903515141,-0.0159736048101,-0.0237126104837,0.0060294680413,-0.03213,0.20538,-0.13915,0.0176,0.0082,0.0016
0.36,0.359948678,3.587,0,-0.21594374857,0.27784746337,-1.65015826096,-0.561017041125,0.414085650096,0.520617739601,-0.00349065850399,-0,-0,0,-0,0,-0.000113238622762,-0.00175487656367,0.000415982552311,0.00120705554378,-0.000936284495516,0.000202428453172,-0.147989402064,-0.00426172432295,0.0224341029449,-0.0113362371466,-2.16051140622e-05,-3.2605722158e-06,-0.461905650031,-0.0256886809553,0.0618525434587,-0.00506543881439,-0.0240085126737,0.00603201093173,-0.609895052095,-0.0299504052783,0.0842866464036,-0.016401675961,-0.0240301177877,0.00602875035952,-0.04536,0.18837,-0.13915,0.0122,0,-0.0106
0.361,0.360945048,3.35,0,-0.215946744626,0.277847263633,-1.6501584607,-0.561017041125,0.414084691358,0.520618458654,-0.00174532925199,-0,-0,0,-0,0,-0.000113265996229,-0.00176772857035,0.000415935732071,0.00120633595216,-0.00093711727234,0.000205903271023,-0.148166356952,-0.00425171740558,0.0224393857744,-0.0113538336377,-2.17666471684e-05,-3.26491954728e-06,-0.488163879845,-0.0239291449334,0.0631461598899,-0.00546463085071,-0.0268430792926,0.00603004460006,-0.636330236798,-0.028180862339,0.0855855456643,-0.0168184644884,-0.0268648459398,0.00602677968052,0.01764,0.19404,-0.1485,0.0112,-0.0056,-0.013
0.362,0.361953023,3.382,0,-0.215949740682,0.277847263633,-1.65015866044,-0.561017041125,0.41408373262,0.520618458654,-0.00261799387799,-0,-0,0,-0.00209439510239,0,-0.000113335375521,-0.00178064169906,0.000416014213947,0.00120629081744,-0.000938145061981,0.000209375668122,-0.148342365203,-0.00424072331174,0.0224442731238,-0.0113713134842,-2.19333260057e-05,-3.26908072866e-06,-0.476364418864,-0.0299367658459,0.0670165494352,-0.00465576809187,-0.0230033977973,0.0060289988797,-0.624706784068,-0.0341774891576,0.089460822559,-0.0160270815761,-0.0230253311233,0.00602572979897,-0.01953,0.20664,-0.1408,0.0114,0.0048,-0.0058
0.363,0.362949029,3.372,0,-0.215952337264,0.277847063896,-1.65015905991,-0.561017041125,0.414083492935,0.52061821897,-0.00261799387799,-0,-0,0,-0,0,-0.000113333623,-0.00179393343811,0.000415994740042,0.00120648677002,-0.000938550264335,0.000212090585745,-0.148518064653,-0.00423021739685,0.022449016071,-0.01138870311,-2.21059601827e-05,-3.27373844123e-06,-0.482513884467,-0.0242503453582,0.0628553359438,-0.00559917941931,-0.0260105450369,0.00602997782583,-0.63103194912,-0.028480562755,0.0853043520148,-0.0169878825293,-0.0260326509971,0.00602670408739,-0.063,0.20034,-0.14135,0.013,0.0008,0.0014
0.364,0.363958388,3.363,0,-0.21595533332,0.277846864159,-1.65015945939,-0.561017520494,0.414082773882,0.520617979285,-0.00261799387799,-0,-0,-0.0010471975512,-0,0,-0.000113307264347,-0.00180699978705,0.000416077849213,0.00120712085093,-0.000939467423845,0.000215278527203,-0.148692266497,-0.00421936678103,0.0224532723393,-0.0114060898357,-2.22738228028e-05,-3.27811367031e-06,-0.48535294207,-0.0262439386469,0.065140238202,-0.0040445907348,-0.0258380175795,0.00699183950758,-0.634045208567,-0.0304633054279,0.0875935105413,-0.0154506805705,-0.0258602914023,0.00698856139391,-0.06741,0.17388,-0.14905,0.0028,-0.0054,-0.0084
0.365,0.36494849,3.369,0,-0.215958928588,0.277847263633,-1.65015965912,-0.561017999863,0.414082294513,0.520618458654,-0.00261799387799,-0,-0,0,-0.0010471975512,0,-0.000113437305649,-0.00181973070775,0.000416420613561,0.00120695059897,-0.000940565919029,0.000218943890901,-0.148863437357,-0.00420845039947,0.0224571496552,-0.0114233417184,-2.24295812578e-05,-3.28200237972e-06,-0.486900697347,-0.0265848589594,0.0653260495055,-0.005448364088,-0.0250814932486,0.00603229116162,-0.635764134704,-0.0307933093588,0.0877831991606,-0.0168717058064,-0.0251039228299,0.00602900915924,0.00693,0.23121,-0.14575,0.0108,0.0058,-0.0052
0.366,0.365951501,3.367,0,-0.215963322804,0.277847263633,-1.65015965912,-0.561018958601,0.414081815144,0.520618698339,-0.00436332312999,-0,-0,0,-0,0,-0.000113490639035,-0.00183201719195,0.00041648113383,0.00120758626232,-0.000941176320933,0.000223241177639,-0.149034915507,-0.00419779841241,0.0224607594545,-0.0114405083414,-2.26001765841e-05,-3.28640388129e-06,-0.468060528912,-0.0251773796231,0.0621577275458,-0.0057193669522,-0.0240858200323,0.00603382650088,-0.617095444419,-0.0293751780355,0.0846184870004,-0.0171598752936,-0.0241084202089,0.006030540097,-0.04221,0.22554,-0.1375,0.012,0.0048,-0.0182
0.367,0.366950914,3.345,0,-0.215968116494,0.277846664422,-1.65015945939,-0.561019917339,0.41408109609,0.520618698339,-0.00436332312999,-0.000872664625997,0.000872664625997,-0.0010471975512,-0,0,-0.000113452497238,-0.0018441244647,0.00041609087341,0.00120863264766,-0.000941215330876,0.000228059477227,-0.149205678379,-0.00418610583298,0.022463912853,-0.0114576802392,-2.27802355102e-05,-3.2912265719e-06,-0.470960370878,-0.00711773003036,0.0494477055454,-0.00779535511468,-0.0279763827298,0.00737137546414,-0.620166049257,-0.0113038358633,0.0719116183983,-0.0192530353539,-0.0279991629653,0.00736808423756,-0.02079,0.19719,-0.14905,0.0082,-0.007,-0.0134
0.368,0.367947804,3.37,0,-0.215973109921,0.27784606521,-1.65015925965,-0.561020876077,0.414080856406,0.52061821897,-0.00436332312999,-0,-0,0,-0.0010471975512,0,-0.000113415190879,-0.0018561978857,0.000415656767871,0.00121015890506,-0.000940837261849,0.000232838375305,-0.149372806008,-0.00417421210095,0.0224664781529,-0.0114747840701,-2.29446396504e-05,-3.29526719533e-06,-0.472235412037,-0.0273463834884,0.0644916259206,-0.00558857655613,-0.0231669379947,0.00604668991997,-0.621608218045,-0.0315205955893,0.0869581040735,-0.0170633606262,-0.0231898826344,0.00604339465278,-0.00945,0.17766,-0.1386,0.009,0.0108,-0.0028
0.369,0.36876283,3.369,0,-0.215978103348,0.277845865473,-1.65015886017,-0.5610220745,0.41408109609,0.520617260232,-0.00436332312999,-0,-0,-0.0010471975512,-0,-0.0010471975512,-0.000113480233104,-0.00186833561275,0.000415367388416,0.0012123393761,-0.000940286016858,0.000237292083858,-0.149540080362,-0.00416372336861,0.0224692391853,-0.0114916795572,-2.31078780211e-05,-3.29922856389e-06,-0.476519549124,-0.0263443139527,0.064348358833,-0.00348306154,-0.0243793000621,0.00806348807498,-0.626059629486,-0.0305080373213,0.0868175980183,-0.0149747410972,-0.0244024079401,0.00806018884641,0.00567,0.19719,-0.14355,0.007,0.0032,-0.0088
0.37,0.369950865,3.343,0,-0.215982497563,0.277846464685,-1.65015826096,-0.561023512607,0.414080616721,0.520616541178,-0.00436332312999,-0,-0,-0.0010471975512,-0,-0.0010471975512,-0.000113732016713,-0.00188083981619,0.000415577831878,0.00121437354907,-0.000940994943258,0.000241423453947,-0.149707284582,-0.004151920114,0.0224713727801,-0.0115086095399,-2.3289469432e-05,-3.30383628184e-06,-0.47944830655,-0.0261548992805,0.0644952106364,-0.00360430038033,-0.0246030783973,0.00807365608859,-0.629155591132,-0.0303068193945,0.0869665834165,-0.0151129099202,-0.0246263678667,0.0080703522523,-0.04284,0.21861,-0.14685,0.0136,-0.0046,-0.0112
0.371,0.370953318,3.391,0,-0.215986891779,0.277847263633,-1.65015766175,-0.561024950714,0.414079897668,0.520616541178,-0.00349065850399,-0,-0,-0.0010471975512,-0.00209439510239,0,-0.000114026331633,-0.00189339272469,0.000415933656032,0.00121564577019,-0.000942104179492,0.000245673094453,-0.149871721304,-0.00413907640233,0.0224728103931,-0.0115255517689,-2.34649713239e-05,-3.30787386275e-06,-0.490907496982,-0.0308989941328,0.0697609980333,-0.00400592681684,-0.0233569231535,0.00703363623972,-0.640779218286,-0.0350380705352,0.0922338084264,-0.0155314785857,-0.0233803881249,0.00703032836585,-0.00819,0.20664,-0.13805,0.0134,0.0062,-0.0166
0.372,0.371954828,3.46,0,-0.215991285995,0.27784746337,-1.65015746201,-0.561026388821,0.414079418299,0.520616780863,-0.00436332312999,-0,-0,-0.0010471975512,-0,0,-0.000114134060052,-0.00190607012116,0.000416078684376,0.00121671972235,-0.00094280919119,0.000249802379696,-0.150034243626,-0.00412799062974,0.0224745311945,-0.0115422214164,-2.36231572452e-05,-3.31179131809e-06,-0.485337138193,-0.026006964375,0.0650286462238,-0.00481154295326,-0.0250499489545,0.00703818176728,-0.635371381819,-0.0301349550047,0.0875031774183,-0.0163537643697,-0.0250735721117,0.00703486997597,-0.03969,0.20538,-0.14575,0.0104,0.0008,-0.0082
0.373,0.372955569,3.364,0,-0.215995879948,0.277846864159,-1.65015766175,-0.561027587243,0.41407893893,0.520617260232,-0.00349065850399,-0,-0,0,-0,0,-0.000114028008881,-0.0019187443138,0.000415877726572,0.00121742041213,-0.000943079476576,0.000254218347896,-0.15019650301,-0.00411610576969,0.0224755135813,-0.0115588984139,-2.37990417742e-05,-3.31612950973e-06,-0.500095465892,-0.0227708093934,0.0635924945099,-0.00676141740011,-0.0269908579825,0.00608381113085,-0.650291968902,-0.0268869151631,0.0860680080912,-0.018320315814,-0.0270146570243,0.00608049500134,-0.00441,0.19467,-0.1485,0.0116,0.0022,-0.0106
0.374,0.373771088,3.916,0,-0.216000074427,0.277845665736,-1.65015786149,-0.561028545981,0.414078219876,0.520617979285,-0.00436332312999,-0.000872664625997,-0,0,-0,0,-0.000113811695078,-0.00193176652666,0.00041529031481,0.00121779170057,-0.000942923284251,0.000258437446096,-0.1503573878,-0.00410313849427,0.0224759207088,-0.0115755987875,-2.39855441922e-05,-3.32017460474e-06,-0.492213717235,-0.0108771048194,0.0554473567991,-0.00862169895664,-0.0282089941774,0.00627165765598,-0.642571105035,-0.0149802433136,0.0779232775079,-0.0201972977441,-0.0282329797216,0.00626833748138,-0.07119,0.20223,-0.1375,0.0084,0.0042,-0.011
0.375,0.374779343,3.344,0,-0.216004468642,0.277844866788,-1.65015806123,-0.561029504719,0.414077021454,0.520618938023,-0.00349065850399,-0,-0,0,-0.0010471975512,0.0010471975512,-0.000113679331658,-0.00194468873227,0.000414995301437,0.00121783543204,-0.000943570743331,0.00026309333645,-0.15051737579,-0.00408996858702,0.0224760556617,-0.0115922293963,-2.41660772525e-05,-3.32423292321e-06,-0.504519839997,-0.0251320439558,0.066170140043,-0.00760664904256,-0.0260915605576,0.00503868717007,-0.655037215787,-0.0292220125429,0.0886461957048,-0.0191988784389,-0.0261157266348,0.00503536293715,-0.01512,0.18837,-0.14355,0.0138,0.0056,-0.0074
0.376,0.375954486,3.337,0,-0.216009262332,0.277844467314,-1.6501584607,-0.561030223773,0.414076062716,0.520619417392,-0.00436332312999,-0,-0,-0.0010471975512,-0,0,-0.000113613309646,-0.00195743199254,0.000414989593406,0.00121801306022,-0.000944549157112,0.000268112881316,-0.150675542537,-0.00407752858838,0.0224761164801,-0.0116086616971,-2.43357431457e-05,-3.32856898111e-06,-0.497241236255,-0.0249281063434,0.0654919388691,-0.00537410685747,-0.0259965498807,0.00704464263104,-0.647916778792,-0.0290056349318,0.0879680553492,-0.0169827685546,-0.0260208856239,0.00704131406205,-0.02142,0.20601,-0.1441,-0.002,-0.006,-0.0086
0.377,0.376951284,3.357,0,-0.216014455497,0.277845266262,-1.6501584607,-0.561031182511,0.414075343662,0.520618938023,-0.00523598775598,0.000872664625997,-0,0,-0,-0.0010471975512,-0.000113848381983,-0.00196992621259,0.000415555653632,0.00121919582823,-0.00094614918935,0.000273329601871,-0.150832098371,-0.00406580234216,0.0224760796436,-0.0116249925009,-2.45083566705e-05,-3.33246105039e-06,-0.487918109455,-0.035458330866,0.070394182222,-0.00424194253328,-0.0230395362226,0.00695141149006,-0.638750207825,-0.0395241332082,0.0928702618655,-0.0158669350342,-0.0230640445792,0.00694807902901,-0.02079,0.21483,-0.13695,0.0118,-0.0014,-0.0132
0.378,0.377958733,3.351,0,-0.216020048135,0.27784606521,-1.6501584607,-0.561032860302,0.414075103978,0.520617739601,-0.00523598775598,-0,-0,-0.00209439510239,-0.0010471975512,-0.0010471975512,-0.000114044272751,-0.00198224141489,0.000416170819508,0.00122175686615,-0.000947476990017,0.000278453315411,-0.150987896618,-0.00405242988687,0.0224750279322,-0.0116414236845,-2.46915557829e-05,-3.33624606716e-06,-0.489718842581,-0.0301262176011,0.0693457490539,-0.00242329576217,-0.0233288313846,0.00906841760061,-0.640706739199,-0.0341786474879,0.0918207769861,-0.0140647194467,-0.0233535229404,0.00906508135454,-0.03654,0.2079,-0.1408,0.0064,0.0116,-0.0126
0.379,0.37891072,3.302,0,-0.216025441036,0.277846664422,-1.6501584607,-0.561034538094,0.414074384924,0.520616061809,-0.00523598775598,-0,-0,-0.0010471975512,-0,-0.0010471975512,-0.000114200454421,-0.00199473955307,0.000416701834122,0.00122483964863,-0.000949024910907,0.000283616492105,-0.15114193795,-0.00403880945041,0.0224735927834,-0.0116577066755,-2.48703368081e-05,-3.34049796407e-06,-0.494373652664,-0.0250356189448,0.0652426511518,-0.00462007780659,-0.0253305247065,0.0081251263036,-0.645515590614,-0.0290744283952,0.0877162439352,-0.016277784482,-0.0253553950433,0.00812178580563,-0.07119,0.20412,-0.15345,0.0114,-0.0056,-0.0078
0.38,0.37994564,3.374,0,-0.216031632886,0.277846264947,-1.65015786149,-0.56103645557,0.414073665871,0.520614623702,-0.00523598775598,-0,-0,-0.0010471975512,-0.0010471975512,-0.0010471975512,-0.000114231659569,-0.00200681323048,0.000416355321048,0.0012282445704,-0.00094906239278,0.000289498325099,-0.151295169466,-0.00402517618904,0.0224720582126,-0.01167392011,-2.50520980531e-05,-3.34454819671e-06,-0.495690871914,-0.0274897737708,0.0674858374733,-0.00434485978054,-0.0241762264646,0.0081421505153,-0.64698604138,-0.0315149499598,0.0899578956858,-0.0160187798905,-0.0242012785627,0.00813880596711,0.00378,0.19971,-0.14245,0.0058,0.0062,-0.0098
0.381,0.380952414,3.381,0,-0.216037225524,0.277845665736,-1.65015726228,-0.561038133361,0.414072707133,0.520614144333,-0.00523598775598,-0,-0,-0.0010471975512,-0,0,-0.00011423554758,-0.00201934671939,0.000415873326207,0.00123051323971,-0.000949062295656,0.000294981871515,-0.151446765549,-0.00401196044648,0.0224701521643,-0.0116900800089,-2.52326248476e-05,-3.34833873266e-06,-0.500193119904,-0.0246936625883,0.0656442652782,-0.00584828013313,-0.0257978595566,0.00710629662701,-0.651639885453,-0.0287056230348,0.0881144174425,-0.0175383601421,-0.0258230921814,0.00710294828827,-0.04662,0.19845,-0.1364,0.0096,-0.0004,-0.0034
0.382,0.381953888,3.36,0,-0.216043017899,0.277845266262,-1.6501568628,-0.561039811153,0.414072227764,0.520614384018,-0.00523598775598,-0,-0,0,-0,0,-0.000114250896825,-0.00203184468945,0.000415566466021,0.00123197677846,-0.000949037327399,0.000300426872673,-0.151597301177,-0.00399847572331,0.0224679228423,-0.0117060968276,-2.54170927078e-05,-3.35217481854e-06,-0.503288731796,-0.0222117347645,0.0636112714683,-0.00767006308165,-0.0264374328212,0.0061549158113,-0.654886032973,-0.0262102104879,0.0860791943106,-0.0193761599092,-0.0264628499139,0.00615156363648,-0.04977,0.19152,-0.14355,0.0136,0.0022,-0.0134
0.383,0.382955012,3.427,0,-0.21604980896,0.277845465999,-1.65015646333,-0.561040769891,0.414071748395,0.520615103071,-0.00610865238198,-0,-0,0,-0,0.00209439510239,-0.000114432358367,-0.00204376309725,0.000415538807343,0.00123217534931,-0.000949454524587,0.000307124230006,-0.151747034956,-0.00398462526142,0.0224652671154,-0.0117221161407,-2.5605114237e-05,-3.35597794305e-06,-0.49449822164,-0.0232055383254,0.0636028260611,-0.00959464843832,-0.0253546956546,0.00406068333744,-0.646245256596,-0.0271901635869,0.0860680931765,-0.021316764579,-0.0253803007688,0.0040573273595,0.00882,0.20412,-0.143,0.0192,-0.0012,-0.0002
0.384,0.383957159,3.392,0,-0.216056600021,0.277845865473,-1.65015646333,-0.561041009575,0.414071269026,0.520615822125,-0.00698131700798,-0,-0,0,-0,0,-0.000114632918103,-0.00205577675344,0.000415731194963,0.00123158650188,-0.000950312222498,0.000314069530391,-0.151894540355,-0.00397084773602,0.0224624339162,-0.0117380311304,-2.57841189408e-05,-3.3599886784e-06,-0.485724029954,-0.0233329023571,0.0627211865661,-0.00768311117486,-0.0242665539792,0.00615130033691,-0.63761857031,-0.0273037500931,0.0851836204823,-0.0194211423052,-0.0242923380981,0.00614794034823,-0.02772,0.18018,-0.14025,0.0036,-0.0024,-0.0076
0.385,0.384949247,3.398,0,-0.216062991607,0.277846464685,-1.65015666307,-0.561041728629,0.414070549972,0.520616780863,-0.00523598775598,-0,-0,0,-0.0010471975512,0,-0.000114818565129,-0.00206809110739,0.000416224240354,0.00123111228207,-0.000951864043803,0.000320566216662,-0.15204096367,-0.00395649820122,0.0224589981669,-0.0117538507085,-2.59676156815e-05,-3.36400454706e-06,-0.51037158378,-0.0243753493534,0.0662074904846,-0.00766901331024,-0.0256952904956,0.00615057892086,-0.66241254745,-0.0283318475546,0.0886664886516,-0.0194228640187,-0.0257212581113,0.00614721491631,-0.02331,0.21924,-0.13585,0.013,0.0008,-0.0092
0.386,0.385954906,3.337,0,-0.216068384509,0.277846864159,-1.6501568628,-0.561042207998,0.414070070603,0.520617499916,-0.00436332312999,-0,-0,0,-0,0,-0.000114978717229,-0.00208114368862,0.000416535999837,0.0012307010453,-0.000952964494584,0.000326031575345,-0.152186472718,-0.00394250130687,0.0224552085752,-0.0117696459659,-2.61534910969e-05,-3.36754822943e-06,-0.526596195413,-0.0206976778094,0.0648006480357,-0.00834030402706,-0.0286054708337,0.0061493482657,-0.678782668132,-0.0246401791163,0.0872558566109,-0.0201099499929,-0.0286316243248,0.00614598071747,-0.0063,0.1827,-0.1386,0.0138,0.0054,-0.0082
0.387,0.386916419,3.349,0,-0.216072778724,0.277846864159,-1.65015726228,-0.56104340642,0.41406935155,0.520617020547,-0.00349065850399,-0,-0,-0.00209439510239,-0,0,-0.000114985736603,-0.00209490245978,0.000416805121432,0.00123218981557,-0.000954221418599,0.000330364921048,-0.152330573853,-0.00392747851903,0.0224508968589,-0.0117854406834,-2.63452008569e-05,-3.3712616591e-06,-0.541041965634,-0.0241496525541,0.0698168419064,-0.00523380304988,-0.0293326189857,0.00807502013794,-0.693372539488,-0.0280771310731,0.0922677387653,-0.0170192437333,-0.0293589641866,0.00807164887628,-0.04599,0.19089,-0.14685,0.001,-0.0064,0.0002
0.388,0.38816566,11.906,0,-0.216077372677,0.277846864159,-1.65015746201,-0.561044604843,0.414068632496,0.520616301494,-0.00436332312999,-0,-0,-0.0010471975512,-0.0010471975512,-0.00209439510239,-0.000115025694089,-0.00210859763,0.000416979626972,0.00123395994269,-0.000955283404183,0.000334897452469,-0.152473501944,-0.0039129051792,0.0224463344783,-0.011801066299,-2.65396693373e-05,-3.37547705973e-06,-0.531096052651,-0.0247656606576,0.0689640133826,-0.00459311279121,-0.0272889977946,0.00921872901862,-0.683569554595,-0.0286785658368,0.0914103478609,-0.0163941790902,-0.027315537464,0.00921535354156,-0.06678,0.19593,-0.1342,0.0114,0.0006,-0.0166
0.389,0.389117769,11.775,0,-0.216082366104,0.277846664422,-1.65015766175,-0.561045563581,0.414068153127,0.520615822125,-0.00436332312999,-0,-0,-0.0010471975512,-0,0,-0.000115039635002,-0.00212213477773,0.000416973360056,0.00123531570009,-0.000955895078159,0.000339795124611,-0.152614184619,-0.00389877001317,0.0224419319046,-0.0118165146663,-2.67150204822e-05,-3.37928311877e-06,-0.535739628355,-0.0222466382772,0.0674003945804,-0.00705175986656,-0.0289123320536,0.00713110914802,-0.688353812974,-0.0261454082904,0.089842326485,-0.0188682745328,-0.0289390470741,0.0071277298649,-0.0063,0.17766,-0.14355,0.0076,0.0028,-0.0034
0.39,0.389972676,4.989,0,-0.216087359531,0.277846864159,-1.65015806123,-0.56104604295,0.414067673758,0.52061558244,-0.00436332312999,-0,-0,0,-0,0,-0.000115132105667,-0.00213574510857,0.000417248680608,0.0012358631524,-0.00095699529642,0.000344859037163,-0.152754142582,-0.00388293197126,0.0224364612023,-0.0118320870179,-2.69057023636e-05,-3.38251823019e-06,-0.538990454003,-0.019835326153,0.065432264263,-0.00886846364694,-0.0295500386927,0.00617514074823,-0.691744596586,-0.0237182581242,0.0878687254653,-0.0207005506648,-0.029576944395,0.00617175823,0.00441,0.21735,-0.14245,0.013,-0.0024,-0.0016
0.391,0.390971207,5.013,0,-0.216092352958,0.277847263633,-1.65015826096,-0.561046282634,0.414067434074,0.52061558244,-0.00436332312999,-0,-0,0,-0,0,-0.000115312457399,-0.00214942943609,0.000417501755925,0.00123595168941,-0.000957838525668,0.000349886800849,-0.15289357109,-0.00386814096925,0.0224307772003,-0.0118475178205,-2.71063770984e-05,-3.38626104731e-06,-0.54209507839,-0.0196345049517,0.0655930312458,-0.00900671781572,-0.0297853993604,0.00617558076071,-0.69498864948,-0.0235026459209,0.0880238084461,-0.0208542356362,-0.0298125057375,0.00617219449966,-0.03654,0.19404,-0.143,0.0136,0.002,-0.0092
0.392,0.391966204,4.552,0,-0.216098145334,0.277847063896,-1.6501584607,-0.561046522319,0.414066954705,0.520615822125,-0.00523598775598,-0,-0,0,-0,0,-0.0001153701812,-0.00216268690885,0.000417398246256,0.00123592838694,-0.000958306742931,0.000355835060426,-0.153031506543,-0.00385367388027,0.022425223149,-0.0118628257175,-2.72915994295e-05,-3.39003997596e-06,-0.533493689593,-0.02015131314,0.065141096725,-0.00902216463366,-0.0287206815771,0.00617462576534,-0.686525196136,-0.0240049870203,0.087566319874,-0.0208849903512,-0.0287479731765,0.00617123572537,-0.00504,0.20349,-0.1397,0.0058,0.0026,-0.0094
0.393,0.392964075,4.484,0,-0.21610453692,0.277846664422,-1.65015866044,-0.561047001688,0.414066235651,0.520616301494,-0.00610865238198,-0,-0,0,-0,0,-0.00011537427104,-0.00217562246591,0.000417221655516,0.00123592779956,-0.000958835445758,0.000362417419113,-0.153167255924,-0.00383799851134,0.0224189028099,-0.01187812624,-2.74747830951e-05,-3.39350295612e-06,-0.524849046516,-0.0206595290692,0.0646819612753,-0.00903831003411,-0.0276522696472,0.00617378400431,-0.67801630244,-0.0244975275805,0.0871008640851,-0.0209164362741,-0.0276797444303,0.00617039050136,-0.03339,0.17514,-0.1474,0.0104,-0.0088,-0.0088
0.394,0.393910042,5.909,0,-0.216110928507,0.277846464685,-1.6501584607,-0.561047720741,0.414065516598,0.520616780863,-0.00610865238198,-0,-0,-0.0010471975512,-0,0,-0.000115470744952,-0.00218860042952,0.00041701181807,0.00123618875338,-0.000959215905355,0.000368915981185,-0.153302652172,-0.00382167354223,0.0224119869746,-0.0118933613801,-2.76755668439e-05,-3.39742965551e-06,-0.52770212312,-0.0226113877586,0.0669285360127,-0.00750377728919,-0.0274826093304,0.00713378851737,-0.681004775293,-0.0264330613008,0.0893405229873,-0.0193971386693,-0.0275102848973,0.00713039108771,-0.01827,0.18774,-0.13255,0.0096,0.0004,-0.0152
0.395,0.39495961,5.815,0,-0.216117719568,0.277846664422,-1.65015826096,-0.561048439795,0.414065516598,0.520617020547,-0.00698131700798,-0,-0,0,-0,0,-0.000115652838766,-0.00220141173303,0.000416985644508,0.00123660423051,-0.00095936512443,0.000375456998046,-0.153436432486,-0.00380606858519,0.0224049785471,-0.0119084947682,-2.78745076079e-05,-3.40113564846e-06,-0.519201571313,-0.0209327663502,0.0643402403403,-0.00919869977357,-0.0268170883656,0.00617632557609,-0.672638003799,-0.0247388349354,0.0867452188874,-0.0211071945418,-0.0268449628733,0.00617292444044,-0.0378,0.21924,-0.1364,0.0152,0.0072,-0.0046
0.396,0.39597319,4.888,0,-0.216124710366,0.277847063896,-1.65015806123,-0.561049158848,0.414065276913,0.520617020547,-0.00698131700798,-0,-0,-0.0010471975512,-0,0,-0.000115877148538,-0.00221414619956,0.000417104991754,0.00123721629044,-0.000959915580276,0.00038231513714,-0.153567867986,-0.00379126123836,0.0223978704297,-0.0119234965182,-2.8058486754e-05,-3.40438591068e-06,-0.522024135383,-0.022933275592,0.0666121345042,-0.0076548585439,-0.0266376384674,0.00713808370019,-0.675592003369,-0.0267245368304,0.0890100049339,-0.0195783550621,-0.0266656969541,0.00713467931428,-0.0504,0.21609,-0.14025,0.0058,-0.003,-0.0126
0.397,0.396965455,4.358,0,-0.216132300375,0.277847063896,-1.65015806123,-0.561049398533,0.414064318175,0.520616541178,-0.00785398163397,-0,-0,0,-0,0,-0.000116015138007,-0.00222656861362,0.00041706917481,0.00123791064286,-0.000960800291269,0.00039029766029,-0.153699874938,-0.00377399967229,0.0223897599352,-0.0119385630131,-2.82665996499e-05,-3.40805393002e-06,-0.513468844902,-0.0212577531361,0.0640246973578,-0.00934823547086,-0.0259617339336,0.00618200975108,-0.66716871984,-0.0250317528084,0.086414457293,-0.0212867984839,-0.0259900005332,0.00617860169715,-0.02205,0.20538,-0.1397,0.01,-0.0048,-0.0074
0.398,0.397960806,4.485,0,-0.216140489595,0.277846464685,-1.65015826096,-0.561049638217,0.414064078491,0.52061558244,-0.00785398163397,-0.000872664625997,-0,0,-0.0010471975512,-0.0010471975512,-0.000115998833464,-0.00223874837278,0.000416684121724,0.00123917135398,-0.000960672426529,0.000398523594443,-0.153829569496,-0.00375747906919,0.0223814965563,-0.0119535222484,-2.84644915774e-05,-3.41169839328e-06,-0.515577709222,-0.0111340212468,0.0583869842234,-0.00997406390806,-0.0270785540136,0.00742232409662,-0.669407278718,-0.014891500316,0.0807684807797,-0.0219275861564,-0.0271070185052,0.00741891239822,0.01575,0.19845,-0.13695,0,0.008,-0.007
0.399,0.39896989,5.391,0,-0.216147080919,0.277845865473,-1.65015826096,-0.561050357271,0.414063838806,0.520615103071,-0.00610865238198,-0.000872664625997,-0,0,-0,0,-0.000115989094784,-0.00225200678588,0.000416266511344,0.00124043463733,-0.000960442479834,0.000404982597669,-0.153958274862,-0.00374177693226,0.0223733124046,-0.0119683368652,-2.86546450725e-05,-3.41495589616e-06,-0.543486541848,-0.00680231353298,0.0577107652584,-0.0117500374745,-0.031310622563,0.00638312068707,-0.697444816711,-0.0105440904652,0.080084077663,-0.0237183743398,-0.031339277208,0.00637970573117,-0.06615,0.20223,-0.13695,0.0144,0.0024,-0.0126
0.4,0.399890908,5.075,0,-0.216153672243,0.277845465999,-1.65015866044,-0.561051316009,0.414062640384,0.520614623702,-0.00523598775598,-0,-0,-0.0010471975512,-0,0,-0.000115947080707,-0.00226528589232,0.000416275577057,0.00124178763753,-0.000961678568617,0.00041183569927,-0.154085977013,-0.00372570539739,0.0223647089384,-0.0119830567509,-2.88487328919e-05,-3.41867583848e-06,-0.557265574208,-0.0203508456765,0.0682186957957,-0.00849371985347,-0.0301658748664,0.00716260778046,-0.711351551221,-0.0240765510739,0.0905834047341,-0.0204767766043,-0.0301947235993,0.00715918910462,-0.00567,0.21357,-0.13695,0.0098,-0.0068,-0.0044
0.401,0.400776024,4.814,0,-0.21616066304,0.277845465999,-1.65015886017,-0.561052274747,0.414061681646,0.520614863387,-0.00698131700798,-0,-0,0,-0.0010471975512,-0.0010471975512,-0.000116021374693,-0.00227836787987,0.000416417216572,0.0012423803204,-0.000962901308503,0.000418969283888,-0.154210771607,-0.00370935481459,0.022355524439,-0.0119977373233,-2.90401771697e-05,-3.42184702035e-06,-0.535595131108,-0.0219577130064,0.0670032853525,-0.0086899081573,-0.0268095080279,0.00725237823769,-0.689805902715,-0.025667067821,0.0893588097915,-0.0206876454806,-0.0268385482051,0.00724895639067,-0.03528,0.20349,-0.1463,0.0134,0.0028,-0.0198
0.402,0.401969339,4.923,0,-0.216167853575,0.27784606521,-1.65015905991,-0.5610529938,0.414060962593,0.520615342756,-0.00698131700798,-0,-0,0,-0,0.0010471975512,-0.00011623415912,-0.00229138525576,0.00041688223343,0.00124238357952,-0.000964453360641,0.000426265665863,-0.154335384321,-0.00369153609933,0.0223455759965,-0.0120124269739,-2.92504269119e-05,-3.42521918973e-06,-0.540175876045,-0.0195129678101,0.0654779959502,-0.011146797087,-0.0284106967436,0.00515799015719,-0.694511260366,-0.0232045039095,0.0878235719467,-0.023159224061,-0.0284399471705,0.005154564938,-0.02961,0.22554,-0.1441,0.0092,-0.0032,0.0012
0.403,0.402830867,15.181,0,-0.216174844373,0.277846464685,-1.65015886017,-0.561053952538,0.414060483224,0.52061558244,-0.00698131700798,-0,-0,-0.0010471975512,-0.0010471975512,0,-0.000116458051472,-0.00230460424484,0.000417041409041,0.00124297550807,-0.000965261515561,0.000433160147672,-0.154459651312,-0.00367426136394,0.0223355354052,-0.0120270014993,-2.9461804732e-05,-3.42887658824e-06,-0.541507648495,-0.0240156751492,0.0696832785257,-0.0082416888241,-0.0268515278632,0.00716684475685,-0.695967299806,-0.0276899365131,0.0920188139309,-0.0202686903234,-0.0268809896679,0.00716341588026,-0.02016,0.20538,-0.13915,0.0028,0.0076,-0.0062
0.404,0.403794783,8.547,0,-0.216181435697,0.277846464685,-1.65015826096,-0.561054911276,0.414060243539,0.520616061809,-0.00610865238198,-0,-0,-0.0010471975512,-0,0,-0.000116663208674,-0.00231816805089,0.000416740217902,0.00124349923972,-0.000965081083095,0.000439537089928,-0.154581825183,-0.00365716876557,0.0223254104567,-0.0120415194489,-2.9658894971e-05,-3.43204988622e-06,-0.557815140118,-0.0202459783248,0.0682107830506,-0.00893271469629,-0.0297837693851,0.00717030730735,-0.712396965301,-0.0239031470903,0.0905361935073,-0.0209742341451,-0.0298134282801,0.00716687525746,-0.02961,0.18396,-0.1353,0.0082,0.007,-0.006
0.405,0.404776527,3.437,0,-0.216187627546,0.277846264947,-1.65015766175,-0.561056109699,0.414059524486,0.520616061809,-0.00523598775598,-0,0.000872664625997,0,-0,0,-0.000116814731832,-0.00233203937905,0.000416387094829,0.00124476325468,-0.00096516675652,0.000445667540526,-0.154702174576,-0.00363925857192,0.0223143800829,-0.012055959889,-2.98620714573e-05,-3.43562183893e-06,-0.572181313527,-0.00932612911459,0.0594684384027,-0.0126786018509,-0.0335329271359,0.00640557755656,-0.726883488103,-0.0129653876865,0.0817828184856,-0.0247345617399,-0.0335627892073,0.00640214193472,-0.00819,0.19026,-0.14795,0.0158,-0.0082,-0.0094
0.406,0.405779643,4.389,0,-0.216193819396,0.277845865473,-1.65015766175,-0.561057308121,0.414059045117,0.520617020547,-0.00610865238198,-0,-0,-0.0010471975512,-0.0010471975512,0,-0.000116833549009,-0.00234602377914,0.000416163738238,0.00124498455769,-0.000965437838511,0.000451682024341,-0.154821506146,-0.00362220952457,0.0223034709203,-0.0120702310609,-3.00621772614e-05,-3.43881982576e-06,-0.562548425944,-0.0224063209328,0.070577771152,-0.00883536993928,-0.0288997830237,0.00717773182294,-0.71736993209,-0.0260285304574,0.0928812420723,-0.0209056010002,-0.028929845201,0.00717429300312,-0.04536,0.20286,-0.14465,0.0068,0.0066,-0.0164
0.407,0.406787169,12.507,0,-0.216200610457,0.277845865473,-1.65015766175,-0.561058506544,0.414058805432,0.520617260232,-0.00610865238198,-0,-0,-0.0010471975512,-0,0.0010471975512,-0.000116936421537,-0.0023596914878,0.000416168367722,0.00124583864107,-0.000965889414207,0.000458172949052,-0.154940227353,-0.00360515116872,0.0222924549196,-0.0120845300185,-3.0264811739e-05,-3.4419907155e-06,-0.567223066428,-0.019661562766,0.0687857885994,-0.010344033061,-0.030523401631,0.00613480257455,-0.722163293781,-0.0232667139347,0.0910782435189,-0.0224285630795,-0.0305536664427,0.00613136058383,0.0126,0.18396,-0.1463,0.0072,0.0048,-0.0062
0.408,0.407748711,6.466,0,-0.21620720178,0.27784606521,-1.65015746201,-0.561059944651,0.414058326063,0.520616780863,-0.00698131700798,-0,-0,-0.0010471975512,-0,0,-0.00011710075466,-0.00237352457761,0.000416256227922,0.00124763106736,-0.000966597524526,0.000464500101093,-0.155057041905,-0.00358707162727,0.0222803494574,-0.0120987503724,-3.04740155558e-05,-3.44532500403e-06,-0.558713222733,-0.019972107853,0.0681245364006,-0.00939411839374,-0.0294613624184,0.00719011492626,-0.713770264638,-0.0235591794803,0.090404885858,-0.0214928687661,-0.029491836434,0.00718666960125,-0.04599,0.20601,-0.1375,0.0096,0.0018,-0.0104
0.409,0.40874533,8.574,0,-0.216213793104,0.277846264947,-1.65015746201,-0.561061862127,0.414057846694,0.520616301494,-0.00698131700798,-0,-0,-0.0010471975512,-0,-0.0010471975512,-0.000117209953858,-0.00238742416634,0.000416495143942,0.00124981996029,-0.000967597796168,0.000470661134769,-0.155172335529,-0.00356935899513,0.0222684161142,-0.0121128234204,-3.06724357328e-05,-3.44893245389e-06,-0.561861512791,-0.0195337329282,0.0680588752732,-0.0085688985228,-0.029698174858,0.00824825057035,-0.71703384832,-0.0231030919234,0.0903272913874,-0.0206817219432,-0.0297288472937,0.0082448016379,-0.05292,0.20979,-0.1386,0.009,-0.0018,-0.0146
0.41,0.409942529,20.38,0,-0.216221183376,0.277846264947,-1.65015766175,-0.561063539918,0.414057367325,0.520615342756,-0.00698131700798,-0,-0,-0.0010471975512,-0,0,-0.000117260307231,-0.00240090645936,0.000416671662137,0.0012522677082,-0.000968549930961,0.000477703102071,-0.155286829879,-0.00355127388612,0.0222560506848,-0.0121268982408,-3.08791083346e-05,-3.45205741283e-06,-0.564950846695,-0.0195362833624,0.0684341002862,-0.00966033352245,-0.0299299269254,0.00721328374024,-0.720237676574,-0.0230875572485,0.0906901509709,-0.0217872317632,-0.0299608060337,0.00720983168283,-0.01323,0.19152,-0.14465,0.0158,-0.0076,-0.0086
0.411,0.410857626,12.544,0,-0.216229572334,0.277846264947,-1.65015766175,-0.561065457394,0.414056887956,0.520614144333,-0.00872664625997,-0,-0,-0.00209439510239,-0,0,-0.000117330607108,-0.00241380768171,0.000416782515925,0.00125521666881,-0.000969354449418,0.000485659661111,-0.155400190725,-0.00353235589021,0.022242844874,-0.0121409002301,-3.10954553605e-05,-3.45493507145e-06,-0.544510290145,-0.0230535252959,0.0695503308222,-0.0078466037166,-0.0271473472032,0.00818503791506,-0.69991048087,-0.0265858811861,0.0917931756962,-0.0199875039467,-0.0271784426586,0.00818158297999,-0.04914,0.2268,-0.1397,0.0028,0.0034,-0.0072
0.412,0.411840548,4.426,0,-0.216237961291,0.277846264947,-1.65015746201,-0.561066655817,0.414056408587,0.520613185595,-0.00785398163397,-0,-0,0,-0,-0.0010471975512,-0.000117473932347,-0.00242679259585,0.000416705309799,0.00125731113707,-0.000969821205593,0.000493868935427,-0.155512153846,-0.00351359885398,0.0222296149863,-0.0121548518716,-3.13058527058e-05,-3.45825047677e-06,-0.559496508228,-0.0173931883763,0.0657549028781,-0.0105264194929,-0.0294892176967,0.00732613914291,-0.715008662073,-0.0209067872303,0.0879845178644,-0.0226812713645,-0.0295205235494,0.00732268089244,-0.0189,0.21105,-0.1485,0.0176,0.006,-0.0146
0.413,0.412745816,4.727,0,-0.216246549986,0.277846464685,-1.65015706254,-0.561067854239,0.414055449849,0.520613185595,-0.00785398163397,-0,-0,-0.0010471975512,-0.0010471975512,0.0010471975512,-0.000117691095696,-0.00243968230427,0.000416702393958,0.00125844722701,-0.000970702707156,0.00050251503632,-0.155623078465,-0.00349540026941,0.0222162271596,-0.0121686822857,-3.15137415056e-05,-3.46137586669e-06,-0.5607847702,-0.0225474851177,0.0706134327678,-0.0105014901637,-0.0279261603204,0.00619612359928,-0.716407848665,-0.0260428853871,0.0928296599274,-0.0226701724494,-0.0279576740619,0.00619266222341,-0.01575,0.20097,-0.13915,0.0094,0.0038,-0.0012
0.414,0.413962188,15.887,0,-0.216254739206,0.27784606521,-1.65015646333,-0.561069052662,0.414054251427,0.520613904649,-0.00785398163397,-0,-0,-0.0010471975512,-0,0,-0.000117817817388,-0.00245290796625,0.000416248654341,0.00125903489959,-0.000971012750718,0.000510884495282,-0.155732257103,-0.0034765863571,0.0222021170571,-0.0121824350902,-3.17271461588e-05,-3.46468523519e-06,-0.565402622302,-0.0192992750299,0.0683247156099,-0.0101079832413,-0.0295502656903,0.00724625772079,-0.721134879405,-0.022775861387,0.090526832667,-0.0222904183315,-0.0295819928365,0.00724279303556,-0.03717,0.17325,-0.1375,0.0104,-0.0074,-0.0124
0.415,0.415319859,39.031,0,-0.216262329215,0.277846264947,-1.65015606386,-0.561069771715,0.414053292689,0.520614863387,-0.00698131700798,-0,-0,0,-0.00209439510239,0.0010471975512,-0.000118066207698,-0.00246659550767,0.000416179453674,0.00125877323115,-0.000971798843046,0.00051870177151,-0.155839409693,-0.00345696959856,0.0221876076946,-0.0121961808364,-3.19374073468e-05,-3.4674744139e-06,-0.577200853707,-0.0217538766528,0.0714184235601,-0.0122275516538,-0.0287268656124,0.00523988631033,-0.733040263401,-0.0252108462513,0.0936060312546,-0.0244237324902,-0.0287588030198,0.00523641883592,-0.01575,0.21861,-0.143,0.0094,0.0098,-0.001
0.416,0.415910616,3.89,0,-0.216269719487,0.277846664422,-1.65015606386,-0.561070730453,0.41405281332,0.520616061809,-0.00698131700798,-0,-0,-0.0010471975512,-0,0.0010471975512,-0.00011828127728,-0.00248050743702,0.000416408845892,0.00125836368552,-0.000972799724954,0.000525995056093,-0.155946078686,-0.00343778672669,0.0221729122154,-0.0122097623403,-3.21539789587e-05,-3.47056643172e-06,-0.58331774263,-0.0183019586998,0.0694074203208,-0.0115039927687,-0.0313245674235,0.00619654000445,-0.739263821316,-0.0217397454265,0.0915803325362,-0.0237137551091,-0.0313567214024,0.00619306943802,-0.02016,0.1827,-0.14465,0.007,0.004,-0.0032
0.417,0.416898455,3.387,0,-0.216277309496,0.277846864159,-1.65015626359,-0.561071449507,0.414052094266,0.520617260232,-0.00698131700798,-0,-0,0,-0,0,-0.000118439917347,-0.00249437351871,0.000416593264125,0.00125773333057,-0.00097396286778,0.000533692989598,-0.156051792907,-0.00341901838134,0.0221579206573,-0.0122232951301,-3.23633203438e-05,-3.47387148602e-06,-0.586619451552,-0.0156492104605,0.0672029867767,-0.0123794701022,-0.0319632132815,0.00628186994917,-0.742671244459,-0.0190682288418,0.089360907434,-0.0246027652323,-0.0319955766019,0.00627839607768,-0.01323,0.19845,-0.1419,0.0142,-0.0086,-0.0218
0.418,0.417924719,3.471,0,-0.216284699768,0.277846864159,-1.65015626359,-0.561071928876,0.414051375213,0.520617260232,-0.00610865238198,-0,-0,-0.0010471975512,-0.0010471975512,0.0010471975512,-0.00011860271763,-0.00250844932703,0.000416527671326,0.00125816822249,-0.000974686766769,0.000541273760624,-0.156155390644,-0.00340046895154,0.0221428817897,-0.0122367468324,-3.2567796604e-05,-3.47670559177e-06,-0.599718770874,-0.0197915483772,0.0724185164664,-0.0115361747237,-0.0317189970621,0.00619640003201,-0.755874161518,-0.0231920173287,0.0945613982561,-0.0237729215562,-0.0317515648587,0.00619292332642,-0.01134,0.19341,-0.13805,0.005,0.0038,-0.0006
0.419,0.418749311,3.366,0,-0.216291291092,0.277846864159,-1.65015626359,-0.56107216856,0.414050895844,0.520616061809,-0.00610865238198,-0,-0,0,-0,-0.00209439510239,-0.000118780721627,-0.00252312927276,0.00041640789325,0.00125958282538,-0.000975155628809,0.000548019486526,-0.156258662398,-0.00338034675275,0.0221269898414,-0.012250158225,-3.27914633073e-05,-3.47998138813e-06,-0.604695519842,-0.0139133327575,0.0675855576966,-0.0109012345775,-0.0337608126691,0.00838635514602,-0.76095418224,-0.0172936795103,0.089712547538,-0.0231513928024,-0.0337936041324,0.00838287516463,-0.03717,0.20601,-0.1419,0.0114,0.0018,-0.0086
0.42,0.419737225,3.366,0,-0.216297682678,0.277846664422,-1.65015626359,-0.561072408245,0.414050656159,0.520614623702,-0.00610865238198,-0,-0,0,-0,-0.0010471975512,-0.000118919994369,-0.00253803136334,0.000416138064252,0.00126128112954,-0.000975220854083,0.000554446721357,-0.156360398912,-0.00335993493968,0.0221106633954,-0.0122635408905,-3.30054324306e-05,-3.48276222239e-06,-0.607979933906,-0.0138445694369,0.0679201082162,-0.0120167982726,-0.0340217013102,0.00734764792596,-0.764340332819,-0.0172045043766,0.0900307716117,-0.0242803391631,-0.0340547067426,0.00734416516373,-0.06048,0.17703,-0.14025,0.0034,0.001,-0.008
0.421,0.420774322,3.536,0,-0.216305072951,0.277846664422,-1.65015646333,-0.561072887614,0.414049697421,0.520613664964,-0.00698131700798,-0,-0,0,-0.0010471975512,0,-0.000119056884713,-0.00255232110623,0.000416181931947,0.00126263174079,-0.000976347756206,0.000562145670537,-0.156460410332,-0.00334008283527,0.0220941026704,-0.0122767966005,-3.32227141749e-05,-3.48554837798e-06,-0.597970643685,-0.0173178453115,0.0698574593349,-0.0125880256777,-0.0315776618005,0.00630634566807,-0.754431054018,-0.0206579281468,0.0919515620054,-0.0248648222783,-0.0316108845147,0.00630286011969,-0.03024,0.20097,-0.14465,0.0138,0.0036,-0.0076
0.422,0.421838302,3.458,0,-0.216313461908,0.277847263633,-1.65015646333,-0.561073606667,0.414048738683,0.52061342528,-0.00872664625997,-0,-0,0,-0,0,-0.000119339361009,-0.00256600175914,0.000416535723445,0.00126339760907,-0.000977915765536,0.000570761159714,-0.156559466291,-0.00332011323012,0.0220773532574,-0.0122899333771,-3.34433143528e-05,-3.48882040451e-06,-0.579356791885,-0.0159326033793,0.0667141830435,-0.0128735011336,-0.0305835708648,0.00630845782623,-0.735916258176,-0.0192527166094,0.0887915363009,-0.0251634345107,-0.0306170141791,0.00630496900582,-0.02268,0.20475,-0.14355,0.0112,-0.009,-0.0186
0.423,0.422944619,3.345,0,-0.216321651128,0.277847663107,-1.65015626359,-0.561074086036,0.41404801963,0.520613904649,-0.00872664625997,-0,-0,0,-0.0010471975512,0.0010471975512,-0.000119626415254,-0.00257990551308,0.000416615996594,0.00126330921488,-0.000978834819083,0.000579140630818,-0.156656376136,-0.00330007196166,0.0220602877631,-0.0123030364082,-3.365008039e-05,-3.49158141642e-06,-0.580944272691,-0.0186543405979,0.0692262026728,-0.013582687309,-0.0294359385496,0.005260809675,-0.737600648827,-0.0219544125595,0.0912864904359,-0.0258857237172,-0.0294695886299,0.00525731809358,-0.06489,0.20916,-0.1474,0.0126,0.0058,-0.003
0.424,0.423955036,3.356,0,-0.216330839034,0.277847862844,-1.65015606386,-0.561074325721,0.414047300576,0.520614144333,-0.00872664625997,-0,-0,0,-0,0,-0.000119886344354,-0.00259325675587,0.000416539502972,0.00126328415237,-0.000979511144662,0.000588602366128,-0.156753581943,-0.00327875229504,0.0220421271675,-0.0123161740496,-3.38838265697e-05,-3.4943013555e-06,-0.585582236586,-0.0154573761076,0.0669699142731,-0.0131868845504,-0.0310513446393,0.00630787635701,-0.742335818529,-0.0187361284027,0.0890120414406,-0.0255030586,-0.0310852284659,0.00630438205565,-0.0063,0.18837,-0.13145,0.0082,-0.0086,-0.0026
0.425,0.424944887,3.401,0,-0.216340825888,0.27784746337,-1.65015626359,-0.561074565405,0.414047060892,0.520614623702,-0.00959931088597,-0.000872664625997,-0,0,-0,0,-0.000119961576047,-0.00260623406949,0.00041622760492,0.00126306329984,-0.000979579209537,0.000598626072282,-0.15684923821,-0.00325784225831,0.0220241805313,-0.0123291395234,-3.4111448698e-05,-3.49708348138e-06,-0.577725113008,-0.00359758272129,0.0588341392151,-0.0150612062774,-0.03225514034,0.00649273017682,-0.734574351219,-0.0068554249796,0.0808583197464,-0.0273903458008,-0.0322892517887,0.00648923309334,-0.063,0.2079,-0.1485,0.0042,0.0046,-0.006
0.426,0.425913455,3.401,0,-0.216350613005,0.277847063896,-1.65015646333,-0.561075284459,0.414047060892,0.520615103071,-0.00959931088597,-0,-0,0,-0,0,-0.000120011689825,-0.00261941347278,0.000415955484863,0.00126327966948,-0.00097953383659,0.000608161341695,-0.156942606232,-0.00323762911589,0.0220060383016,-0.0123420212755,-3.43240348548e-05,-3.50005017801e-06,-0.580013587567,-0.015657045748,0.0665894579972,-0.0133782969566,-0.0302197470451,0.00630700031783,-0.736956193799,-0.0188946748639,0.0885954962988,-0.0257203182321,-0.03025407108,0.00630350026765,-0.05229,0.19845,-0.1375,0.008,0.0034,-0.015
0.427,0.426915732,3.37,0,-0.21636119907,0.277846664422,-1.65015646333,-0.561076482881,0.414047060892,0.520615342756,-0.010471975512,-0,-0,-0.0010471975512,-0,0,-0.000120069226314,-0.00263213355842,0.000415648578373,0.0012642169024,-0.000979391629008,0.000618330234173,-0.157034889107,-0.00321683514586,0.0219872864615,-0.0123548063337,-3.45456932571e-05,-3.50301738978e-06,-0.571201404688,-0.0183498919469,0.0682384694004,-0.0117209223938,-0.0287447834097,0.00726954256859,-0.728236293795,-0.0215667270928,0.0902257558619,-0.0240757287275,-0.028779329103,0.0072660395512,-0.03276,0.20475,-0.13365,0.0098,0.001,-0.0094
0.428,0.427916937,3.345,0,-0.216371585399,0.277846464685,-1.65015646333,-0.561077681303,0.414046821207,0.520614623702,-0.00959931088597,-0,-0,0,-0.0010471975512,0,-0.000120170316167,-0.00264503407072,0.000415485836517,0.00126607065129,-0.000979651395891,0.000628416848143,-0.157125772683,-0.0031962014262,0.021968510115,-0.0123675397289,-3.47613450595e-05,-3.50552527799e-06,-0.584461909467,-0.0178341554038,0.068940640163,-0.0132795285009,-0.0292968468847,0.00632095374042,-0.74158768215,-0.02103035683,0.090909150278,-0.0256470682299,-0.0293316082298,0.00631744821514,-0.00063,0.17514,-0.14465,0.0152,0.0062,-0.0062
0.429,0.428911598,3.353,0,-0.21638177199,0.277846464685,-1.65015646333,-0.561078879726,0.414046581523,0.520613904649,-0.00959931088597,-0,-0,0,-0,0,-0.000120314438609,-0.00265812810713,0.000415447132698,0.00126788145227,-0.000980104230618,0.000638301634496,-0.15721552401,-0.00317472744473,0.0219488874332,-0.0123802004372,-3.4991344229e-05,-3.5084557735e-06,-0.58906788506,-0.0148589607875,0.0669098869453,-0.0138320264407,-0.0309094597568,0.00633000398963,-0.746283409071,-0.0180336882322,0.0888587743785,-0.026212226878,-0.030944451101,0.00632649553386,0.00063,0.1953,-0.1463,0.015,-0.0062,-0.0034
0.43,0.429948003,3.402,0,-0.216390360684,0.277847063896,-1.65015666307,-0.561079838464,0.414046102154,0.520613664964,-0.00785398163397,-0,-0,-0.0010471975512,-0,0,-0.000120569161816,-0.00267229178651,0.000415864347094,0.00126882355255,-0.00098149986174,0.000646795793443,-0.157304422271,-0.00315330160364,0.0219292223656,-0.01239276635,-3.52146576865e-05,-3.511420315e-06,-0.615395137069,-0.0153478046877,0.0703723349729,-0.012555030925,-0.0333390440378,0.00729512265323,-0.77269955934,-0.0185011062914,0.0923015573385,-0.024947797275,-0.0333742586955,0.00729161123292,-0.05859,0.2079,-0.14575,0.0028,0.0036,-0.0058
0.431,0.430866991,3.357,0,-0.216397950694,0.27784746337,-1.65015666307,-0.561080797202,0.4140453831,0.520614144333,-0.00698131700798,0.000872664625997,-0,0,-0,0,-0.00012081504725,-0.00268716074203,0.000416083505276,0.00126913225454,-0.000982710455983,0.000654408756019,-0.157392575131,-0.00313140892102,0.0219090345397,-0.0124053817434,-3.54414429984e-05,-3.51387142987e-06,-0.629719344139,-0.0244898217453,0.0766279848104,-0.0126800339322,-0.0330186364389,0.00615198956108,-0.787111919269,-0.0276212306663,0.0985370193501,-0.0250854156756,-0.0330540778819,0.00614847568965,-0.04851,0.18711,-0.1408,0.015,0.0014,-0.0122
0.432,0.431940622,11.763,0,-0.21640574044,0.27784746337,-1.65015646333,-0.561081516255,0.414044424362,0.520614863387,-0.00785398163397,-0,-0,0,-0,0.0010471975512,-0.000121025128283,-0.00270198025193,0.000415947125825,0.00126910993688,-0.00098349594737,0.000662425238321,-0.157478780624,-0.00310976144786,0.0218883341051,-0.0124178197432,-3.56771624999e-05,-3.51633337746e-06,-0.622113424476,-0.0128669179908,0.068742596865,-0.015515505395,-0.0342409534322,0.00529063144364,-0.7795922051,-0.0159766794387,0.0906309309701,-0.0279333251382,-0.0342766305947,0.00528711511027,-0.04788,0.22806,-0.1408,0.011,-0.001,-0.0018
0.433,0.432980268,4.387,0,-0.216414528871,0.27784746337,-1.65015626359,-0.561081995624,0.414043705309,0.52061558244,-0.00872664625997,-0,-0,0,-0.0010471975512,0,-0.00012125002485,-0.00271625126844,0.000415755837333,0.00126886835294,-0.000984026672128,0.000671404556482,-0.157562214738,-0.00308861907004,0.0218677679777,-0.012430147148,-3.58895310143e-05,-3.51899470988e-06,-0.612107540781,-0.0158613123235,0.0702028529794,-0.0141876161788,-0.0318016552116,0.00633575917758,-0.769669755519,-0.0189499313936,0.0920706209571,-0.0266177633268,-0.0318375447426,0.00633224018287,-0.01323,0.19719,-0.143,0.0064,0.0004,-0.0136
0.434,0.433977991,4.769,0,-0.216423317303,0.277847063896,-1.65015626359,-0.561082714678,0.41404322594,0.520616061809,-0.00959931088597,-0,-0,0,-0,0,-0.000121348688896,-0.00273062768878,0.000415416020166,0.00126912734209,-0.000984200304825,0.000680179919792,-0.157646036052,-0.00306585133856,0.0218463763916,-0.0124424636822,-3.61152149347e-05,-3.52188549082e-06,-0.605239709606,-0.0135996553852,0.0675745760596,-0.0146289496417,-0.0321357525652,0.00633619421059,-0.762885745658,-0.0166655067238,0.0894209524513,-0.0270714133239,-0.0321718677802,0.0063326723251,-0.08064,0.18522,-0.1386,0.0062,-0.0014,-0.0072
0.435,0.435187218,11.426,0,-0.216433304157,0.277847263633,-1.65015646333,-0.561083673416,0.414042986255,0.520616061809,-0.00959931088597,-0,-0,0,-0,0.0010471975512,-0.000121530368752,-0.00274429336354,0.000415549911023,0.00126991505937,-0.000984998291928,0.000689952372107,-0.157729577093,-0.00304350659897,0.0218247799365,-0.0124547121973,-3.63561807573e-05,-3.52457945311e-06,-0.608361332278,-0.0135942247528,0.0679387274456,-0.0157390642734,-0.0323668330937,0.00529292720869,-0.766090909371,-0.0166377313518,0.0897635073821,-0.0281937764707,-0.0324031892745,0.00528940262923,-0.01512,0.20349,-0.1518,0.0106,0.0024,0.009
0.436,0.435965723,5.372,1,-0.216445088645,0.277847663107,-1.65015666307,-0.561084871838,0.414041787833,0.520616061809,-0.012217304764,-0,-0,-0.0010471975512,-0,-0.0010471975512,-0.000121741000681,-0.00275681562993,0.000415925587579,0.00127087773363,-0.000986870850664,0.000701913705114,-0.157810251432,-0.00302114754886,0.0218028440208,-0.0124668966645,-3.65843286434e-05,-3.52697269096e-06,-0.576228586948,-0.0174709394865,0.0680481328586,-0.0118870908491,-0.028262061481,0.00834824685232,-0.736090909371,-0.0204920870354,0.0898509768794,-0.0243539875136,-0.0282986458096,0.00834471987962,-0.02646,0.21735,-0.1408,0.0058,-0.0044,-0.0198
0.437,0.436819627,7.263,0,-0.21645707287,0.27784746337,-1.65015666307,-0.561086309945,0.41404058941,0.520615103071,-0.011344640138,-0,-0,-0.0010471975512,-0.0010471975512,0,-0.000121847400053,-0.00276929766163,0.000415860032033,0.00127318957149,-0.00098801175836,0.000713991676862,-0.157889082418,-0.0029983275333,0.0217803330682,-0.0124789298173,-3.6813062472e-05,-3.52936817693e-06,-0.589274037042,-0.019407853581,0.0711165977895,-0.0127186220001,-0.0283954361803,0.00731345720876,-0.74716311946,-0.0224061811143,0.0928969308576,-0.0251975518175,-0.0284322492428,0.00730992784058,-0.02205,0.21861,-0.13915,0.0092,-0.0018,-0.0028
0.438,0.438000289,8.742,0,-0.216467459198,0.277846864159,-1.65015666307,-0.561087987737,0.414039870357,0.520613904649,-0.00959931088597,-0,-0,0,-0,-0.0010471975512,-0.000121860945344,-0.00278291462548,0.000415529300339,0.0012760476527,-0.000988393995535,0.000724150819071,-0.157967186786,-0.002976215362,0.0217577874597,-0.0124909637864,-3.70430267007e-05,-3.53219060418e-06,-0.617406400658,-0.0124149543537,0.0678611459686,-0.0142631387533,-0.033027420806,0.00741795353314,-0.775373587444,-0.0153911697157,0.0896189334283,-0.0267541025397,-0.0330644638327,0.00741442134254,-0.07056,0.19089,-0.14355,0.0124,-0.0002,-0.0108
0.439,0.439180286,11.54,0,-0.216478644475,0.27784606521,-1.65015646333,-0.561089665528,0.414038911619,0.520612945911,-0.010471975512,-0.000872664625997,-0,-0.0010471975512,-0,0,-0.000121865394298,-0.0027960842102,0.000415000184402,0.00127874906285,-0.000988592019813,0.000735225808367,-0.158044890005,-0.00295352005494,0.0217347077358,-0.0125029064096,-3.72761788889e-05,-3.53481658159e-06,-0.609421151065,-0.00295203891809,0.0620612431526,-0.0154093220028,-0.0338306340019,0.00752892446252,-0.76746604107,-0.00590555897304,0.0837959508885,-0.0279122284124,-0.0338679101808,0.00752538964594,-0.00441,0.19152,-0.14355,0.0094,0.0064,-0.0094
0.44,0.440166134,11.39,0,-0.216489829751,0.277846264947,-1.65015626359,-0.561090863951,0.414037952881,0.520612706226,-0.011344640138,-0,-0,-0.0010471975512,-0,0,-0.000122107072153,-0.00280929250224,0.000415031462568,0.00128008098587,-0.000989673514094,0.000746471672051,-0.158121053743,-0.00293000157345,0.021711300003,-0.0125147490938,-3.75100840036e-05,-3.53699454201e-06,-0.600067994696,-0.015823008795,0.069261844471,-0.0135881223593,-0.030480854176,0.00734789625653,-0.758189048439,-0.0187530103684,0.0909731444741,-0.0261028714532,-0.03051836426,0.00734435926199,-0.01827,0.20286,-0.14685,0.0056,-0.0046,-0.0026
0.441,0.440980525,4.466,0,-0.216499616868,0.277847063896,-1.65015566438,-0.561092302058,0.414036754458,0.52061342528,-0.00959931088597,0.000872664625997,-0,0,-0.0010471975512,0.0010471975512,-0.000122525183575,-0.00282341349346,0.000415302427374,0.0012806300731,-0.000991201275111,0.000756352078162,-0.158195657064,-0.00290710187324,0.0216877035426,-0.012526537485,-3.77420310606e-05,-3.53936702733e-06,-0.624377179536,-0.0271684001685,0.078464032816,-0.0143985411364,-0.0300638167559,0.00515962911418,-0.7825728366,-0.0300755020417,0.100151736359,-0.0269250786215,-0.030101558787,0.00515608974715,-0.07245,0.22176,-0.14355,0.018,-0.0032,-0.0058
0.442,0.441904891,5.196,0,-0.216509403985,0.277847862844,-1.65015546464,-0.56109350048,0.41403579572,0.520614623702,-0.00872664625997,-0,-0,0,-0.0010471975512,0.0010471975512,-0.000122896535576,-0.00283763945894,0.000415704928403,0.00128039575795,-0.000992865212317,0.000766199205286,-0.158268449199,-0.0028836843193,0.0216634787063,-0.0125381984505,-3.79792924081e-05,-3.54172583843e-06,-0.639989857453,-0.0138710630541,0.0715550819005,-0.0165267907689,-0.0338662802271,0.00534612179513,-0.798258306652,-0.0167547473734,0.0932185606068,-0.0290649892194,-0.0339042595195,0.00534258006929,-0.03717,0.22806,-0.143,0.0142,-0.0016,-0.0068
0.443,0.443005376,8.378,1,-0.216520589262,0.277848062581,-1.65015546464,-0.561094938587,0.414035556036,0.52061558244,-0.011344640138,-0,-0,-0.00209439510239,-0,0,-0.000123100495416,-0.00285110832673,0.000415789358044,0.00128070400804,-0.00099356317282,0.000777001575804,-0.158340571262,-0.0028600088296,0.0216389200221,-0.0125499096925,-3.82147124841e-05,-3.54425307799e-06,-0.609392701036,-0.0174045229161,0.0718448604003,-0.0123708187664,-0.0307640325801,0.00830968390553,-0.768258306652,-0.0202645317457,0.0934837804224,-0.0249207284589,-0.0308022472926,0.00830613965245,-0.00063,0.20853,-0.14685,0.009,0.0032,-0.0122
0.444,0.443989585,5.1,0,-0.216531774538,0.277847663107,-1.65015566438,-0.561095897325,0.414035076667,0.520616061809,-0.011344640138,-0,-0,0,-0,0,-0.000123176333271,-0.00286468530999,0.000415550181149,0.00128113943032,-0.00099398244626,0.000788090817887,-0.158411575374,-0.00283580113357,0.0216137984501,-0.012561499504,-3.84591016502e-05,-3.54679384316e-06,-0.612818393148,-0.0126976185467,0.0676807537334,-0.015900937478,-0.0318098703891,0.00639442743774,-0.771229968522,-0.0155334196802,0.0892945521836,-0.028462436982,-0.0318483294907,0.0063908806439,-0.04725,0.19404,-0.14465,0.0106,-0.0056,-0.0112
0.445,0.44499069,6.543,0,-0.216542360604,0.277847263633,-1.65015586412,-0.561097095748,0.414034597298,0.520615822125,-0.00959931088597,-0,-0,-0.0010471975512,-0,0,-0.000123242457942,-0.00287871420327,0.000415338121644,0.00128251389418,-0.000994451768456,0.000798497759076,-0.158480342456,-0.00281166315097,0.0215884976565,-0.012572982026,-3.86941857564e-05,-3.54908873852e-06,-0.63912928287,-0.0130912385394,0.0710808113419,-0.014641409935,-0.034250253808,0.00736174393611,-0.797609625327,-0.0159029016904,0.0926693089984,-0.027214391961,-0.0342889479937,0.00735819484737,-0.01134,0.1953,-0.14025,0.0078,-0.0004,-0.0096
0.446,0.445983445,4.617,0,-0.216552147721,0.277846864159,-1.65015586412,-0.56109829417,0.414034117929,0.520615342756,-0.00872664625997,-0,-0,-0.0010471975512,-0,0,-0.000123341900811,-0.0028933242942,0.000415031485005,0.00128417092503,-0.000994722814952,0.000808102898472,-0.158548821821,-0.00278796089684,0.0215630025021,-0.012584396697,-3.89350527992e-05,-3.55141139116e-06,-0.654029063778,-0.0120220868865,0.071760694249,-0.0149369313424,-0.0358044818894,0.00737089432754,-0.812577885598,-0.0148100477833,0.0933236967511,-0.0275213280394,-0.0358434169422,0.00736734291615,-0.00441,0.18081,-0.1452,0.0072,-0.0054,-0.0076
0.447,0.44698929,5.985,0,-0.216561934838,0.277846864159,-1.65015606386,-0.561099971962,0.414033398875,0.520614623702,-0.00959931088597,-0,-0,-0.0010471975512,-0,0,-0.000123469956356,-0.00290797048901,0.000415147970497,0.00128637827959,-0.000995886247169,0.000817662996669,-0.158616307101,-0.00276419544652,0.021537370231,-0.0125956669087,-3.91743479073e-05,-3.55378436878e-06,-0.645638902013,-0.0125417311279,0.0713261930856,-0.0149563929405,-0.0347445420495,0.0073810526509,-0.804255209115,-0.0153059265744,0.0928635633166,-0.0275520598492,-0.0347837163974,0.00737749886653,-0.03591,0.1827,-0.1518,0.0114,-0.0054,0.0002
0.448,0.44800218,4.801,0,-0.216572121429,0.27784746337,-1.65015586412,-0.561101649753,0.414033159191,0.520614623702,-0.00959931088597,-0,-0,-0.0010471975512,-0.0010471975512,0,-0.000123787251941,-0.00292241903199,0.000415407771866,0.00128782283957,-0.000996826363257,0.000827382138748,-0.158681658599,-0.00273999088485,0.0215110837759,-0.0126069744398,-3.94097203441e-05,-3.55603582168e-06,-0.647309101194,-0.0150491180387,0.0736262464739,-0.0147035952448,-0.0335985795152,0.00738826632505,-0.805990759793,-0.0177891089236,0.0951373302498,-0.0273105696847,-0.0336379892356,0.00738471028923,-0.00882,0.21231,-0.13255,0.0192,0.0092,-0.0074
0.449,0.448983345,4.569,0,-0.216582507757,0.277848062581,-1.65015566438,-0.561102608491,0.414032919506,0.520614863387,-0.010471975512,-0,-0,0,-0,0,-0.000124146252075,-0.00293683197311,0.000415573256501,0.00128836975507,-0.000997623721292,0.00083755271058,-0.158745890454,-0.00271525339864,0.0214842340424,-0.0126181602221,-3.96540219421e-05,-3.55829996273e-06,-0.640606817134,-0.010648307522,0.0689024224886,-0.0168197617808,-0.0343241227403,0.00643140781101,-0.799352707588,-0.0133635609206,0.090386656531,-0.0294379220029,-0.0343637767622,0.00642784951105,-0.02268,0.20853,-0.1408,0.014,0.0042,-0.0084
0.45,0.449984794,4.261,0,-0.216592494611,0.277848462055,-1.65015546464,-0.561102608491,0.414031721084,0.520615342756,-0.00959931088597,-0,-0,0,-0,0,-0.000124519295252,-0.0029515593307,0.000415573005302,0.00128784238082,-0.000998864335933,0.000848137107195,-0.158808655367,-0.00269078086994,0.0214574596873,-0.0126292452492,-3.98874106822e-05,-3.56035646714e-06,-0.655519402548,-0.00963388595708,0.0696092817032,-0.0171220739985,-0.0358677060864,0.00642962896728,-0.814328057915,-0.012324666827,0.0910667413905,-0.0297513192477,-0.0359075934971,0.00642606861081,-0.04158,0.20664,-0.14355,0.0052,-0.0088,-0.0106
0.451,0.451197993,12.156,0,-0.216602481465,0.277848062581,-1.65015526491,-0.56110308786,0.414031241715,0.52061558244,-0.00959931088597,-0,-0,0,-0.00209439510239,0,-0.000124701553161,-0.00296642331568,0.000415068067883,0.00128816361567,-0.000998796269131,0.000858194612041,-0.158870330581,-0.00266659799451,0.0214302836079,-0.0126402315303,-4.01281138027e-05,-3.56264020629e-06,-0.655680798528,-0.0147577047396,0.073990647514,-0.0164917307919,-0.0333597492854,0.00643123643966,-0.81455112911,-0.0174243027342,0.0954209311219,-0.0291319623221,-0.0333998773992,0.00642767379945,-0.03591,0.20853,-0.1353,0.012,0.0064,-0.0076
0.452,0.452155574,11.446,0,-0.216612268582,0.27784746337,-1.65015526491,-0.561103806914,0.414031241715,0.520615342756,-0.00959931088597,-0,-0,0,-0,0,-0.000124801629814,-0.00298152279627,0.000414515314651,0.00128918527862,-0.000998363603388,0.000867732353143,-0.158930458313,-0.00264092173363,0.0214021622486,-0.0126512370864,-4.03800842031e-05,-3.56482585575e-06,-0.662123482907,-0.00896176298398,0.0697670943975,-0.0174786963751,-0.0363929939378,0.00643634837631,-0.82105394122,-0.0116026847176,0.0911692566462,-0.0301299334615,-0.036433374022,0.00643278355046,-0.07686,0.17325,-0.14575,0.0094,0.012,-0.0056
0.453,0.453004468,6.857,0,-0.216623453859,0.27784746337,-1.65015566438,-0.561105245021,0.414030762346,0.520615342756,-0.011344640138,-0,-0,-0.0010471975512,0.0010471975512,0,-0.000124924547552,-0.00299574398633,0.000414658844026,0.00129041019141,-0.000999463310396,0.000878652082988,-0.158989712903,-0.00261498275901,0.0213737132015,-0.0126621947261,-4.0630573012e-05,-3.56677889303e-06,-0.643432272081,-0.00973777033835,0.0687369396489,-0.0160935477712,-0.0350028143775,0.00739943599674,-0.802421984984,-0.0123527530974,0.0901106528504,-0.0287557424973,-0.0350434449505,0.00739586921784,-0.01197,0.20349,-0.1408,0.0156,-0.0092,-0.0084
0.454,0.453996547,5.668,1,-0.216636636506,0.277848062581,-1.65015606386,-0.561106443443,0.414029803608,0.520615103071,-0.013962634016,-0,-0,-0.0010471975512,-0.0010471975512,0,-0.00012518713997,-0.00300871089682,0.000415186549315,0.00129152704411,-0.00100152082578,0.000891893843803,-0.159047843215,-0.00259093701152,0.0213457460585,-0.0126729081989,-4.08665918597e-05,-3.56907573821e-06,-0.608392949488,-0.0173167108227,0.0714733829698,-0.0150340737738,-0.0285348998534,0.0074023772948,-0.772421984984,-0.0199076478342,0.0928191290283,-0.0277069819727,-0.0285757664453,0.00739880821906,-0.00882,0.2205,-0.1397,0.0074,-0.003,0.0038
0.455,0.454990547,6.032,0,-0.216650018891,0.277848661792,-1.65015666307,-0.561107641866,0.414029324239,0.520615103071,-0.012217304764,-0,-0,0,-0.0010471975512,0,-0.000125420445071,-0.00302165643443,0.00041576324223,0.00129235927543,-0.00100335675134,0.000905094988054,-0.159104586715,-0.00256581162235,0.0213172071099,-0.0126836426468,-4.1108161562e-05,-3.57129746958e-06,-0.63487162064,-0.0134074126348,0.0706714370849,-0.0171229059184,-0.0317477110496,0.00644954619349,-0.793976207355,-0.0159732242571,0.0919886441948,-0.0298065485652,-0.0317888192112,0.00644597489602,0.00063,0.22806,-0.14465,0.0108,0.0054,-0.0066
0.456,0.455988192,4.56,0,-0.216660804693,0.277848262318,-1.65015706254,-0.561108600604,0.41402884487,0.520615103071,-0.010471975512,-0,-0,-0.0010471975512,-0,-0.0010471975512,-0.000125494891516,-0.00303638676502,0.000415586901036,0.00129323122286,-0.00100397157691,0.000915784700921,-0.159160333392,-0.00253907434749,0.0212876994371,-0.0126943531894,-4.13650900349e-05,-3.57346627989e-06,-0.66284030132,-0.0108470868503,0.0717031097755,-0.0153162210123,-0.0355781273481,0.0084615641221,-0.822000634713,-0.0133861611978,0.0929908092126,-0.0280105742017,-0.0356194924382,0.00845799065582,-0.07371,0.17892,-0.14135,0.0094,-0.0014,-0.0168
0.457,0.456995779,5.137,0,-0.216671390758,0.27784746337,-1.65015706254,-0.561109319657,0.414028605185,0.520615103071,-0.00959931088597,-0.000872664625997,-0,-0.0010471975512,-0,0,-0.000125565049803,-0.0030513425708,0.000414917230902,0.00129405543835,-0.00100355027371,0.000926240160924,-0.159213694629,-0.00251405321114,0.0212583469177,-0.0127049036166,-4.16050668429e-05,-3.57519333218e-06,-0.678550828944,0.00239549708201,0.0649171479592,-0.0184311219903,-0.0394162760289,0.00760618243126,-0.837764523573,-0.000118556129135,0.0861754948768,-0.0311360256069,-0.0394578810958,0.00760260723793,-0.04977,0.1953,-0.14355,0.0044,0.001,-0.0124
0.458,0.45799916,5.245,0,-0.216682775772,0.277847063896,-1.65015646333,-0.561110038711,0.414027886132,0.520614863387,-0.010471975512,-0,0.000872664625997,0,-0.0010471975512,0,-0.000125813501913,-0.00306579751187,0.000414259457308,0.00129516130239,-0.00100334917852,0.000937730934979,-0.159266765668,-0.00248859430525,0.021228590189,-0.0127153875381,-4.18523925495e-05,-3.57738931684e-06,-0.667383929458,-0.00322779853045,0.0647815951867,-0.0196951692021,-0.0369114890549,0.00665212229977,-0.826650695127,-0.0057163928357,0.0860101853757,-0.0324105567402,-0.0369533414475,0.00664854491045,0.02394,0.18585,-0.14135,0.0074,-0.0008,-0.0034
0.459,0.458995767,6.017,0,-0.216694160786,0.277847263633,-1.65015586412,-0.561111476818,0.414027167078,0.520614863387,-0.011344640138,-0,-0,0,-0,0,-0.000126151107117,-0.00308027918247,0.000414065252207,0.00129655779984,-0.00100388002757,0.000948973523513,-0.159318400049,-0.00246092255685,0.0211978150194,-0.0127259167779,-4.2112107283e-05,-3.57947735865e-06,-0.661111404249,-0.00864031286881,0.0694399509794,-0.0183589285029,-0.0354467351687,0.00647140745904,-0.820429804298,-0.0111012354257,0.0906377659988,-0.0310848452807,-0.035488847276,0.00646782798168,-0.01701,0.20979,-0.1375,0.0186,-0.0024,-0.0068
0.46,0.459987444,4.443,0,-0.216704746851,0.277847862844,-1.65015526491,-0.56111267524,0.414026448025,0.520614384018,-0.010471975512,-0,-0,-0.00209439510239,-0.0010471975512,0,-0.000126586771039,-0.00309533720536,0.000414090220299,0.0012981281502,-0.00100475043238,0.000959496910553,-0.159368221466,-0.00243515197251,0.0211674509165,-0.0127361952882,-4.2358440224e-05,-3.58120982653e-06,-0.674194904162,-0.0147705315797,0.0765614207684,-0.014884590915,-0.0348026191822,0.00839756267135,-0.833563125628,-0.0172056835522,0.0977288716849,-0.0276207862032,-0.0348449776224,0.00839398146152,-0.01827,0.2079,-0.13805,0.009,0.0036,-0.0078
0.461,0.460993943,4.393,0,-0.216714733705,0.277848062581,-1.65015526491,-0.561113394294,0.414026448025,0.520614623702,-0.010471975512,-0,-0,-0.0010471975512,-0,0,-0.000126875887911,-0.00311094100091,0.000414013677717,0.00129849945653,-0.00100509667927,0.000969234466145,-0.159417053639,-0.00240983612946,0.0211368312588,-0.0127463993846,-4.26020330088e-05,-3.58338871521e-06,-0.679301432171,-0.00955467656957,0.0723983839639,-0.0171454032522,-0.0368505392951,0.00744069740225,-0.83871848581,-0.011964512699,0.0935352152226,-0.0298918026368,-0.0368931413281,0.00743711401353,-0.05103,0.2016,-0.14685,0.0068,0.0064,-0.0124
0.462,0.461907625,5.319,0,-0.216725918982,0.277847862844,-1.65015566438,-0.561113873663,0.414025968656,0.520615103071,-0.011344640138,-0,-0,0,-0,0,-0.000127033097027,-0.00312586572895,0.000413884814418,0.00129841065032,-0.0010058098215,0.00098048986161,-0.159465233432,-0.00238214360075,0.0211051158201,-0.0127567272993,-4.28617527706e-05,-3.58521894527e-06,-0.671103843483,-0.0078266356218,0.0698041047677,-0.0188709333461,-0.036201667573,0.00648065026715,-0.830569076914,-0.0102087792225,0.0909092205878,-0.0316276606453,-0.0362445293257,0.0064770650482,-0.03339,0.21987,-0.14465,0.008,-0.0006,-0.015
0.463,0.462946991,5.32,0,-0.216738502418,0.27784746337,-1.65015626359,-0.561114592716,0.414025009918,0.520615342756,-0.012217304764,-0,-0,0,-0.0010471975512,0,-0.000127106314483,-0.0031399521756,0.000413794683557,0.00129877915039,-0.00100698884291,0.000993300149218,-0.159511584293,-0.00235516296724,0.0210733120159,-0.0127668535117,-4.31197027224e-05,-3.58709372295e-06,-0.66107180549,-0.0110463497762,0.071496629226,-0.0185028598886,-0.0337490895073,0.00648160166344,-0.820583389783,-0.0134015127434,0.0925699412419,-0.0312697134003,-0.03379220921,0.00647801456972,-0.00693,0.18648,-0.1441,0.0132,-0.001,-0.0006
0.464,0.46420004,11.864,0,-0.216750087169,0.277846864159,-1.6501568628,-0.56111531177,0.41402405118,0.520615342756,-0.010471975512,-0,-0,-0.0010471975512,-0.0010471975512,-0.0010471975512,-0.000127141139505,-0.00315476323482,0.000413577475228,0.00129943087973,-0.00100797322384,0.0010051110927,-0.159556349746,-0.00232917132695,0.0210416611323,-0.0127768521293,-4.33607459052e-05,-3.58899282334e-06,-0.687486738684,-0.0112044425417,0.0746766062977,-0.0162958459497,-0.0361936381555,0.0084925230484,-0.84704308843,-0.0135336138687,0.09571826743,-0.029072698079,-0.0362369989014,0.00848893405558,-0.03654,0.2016,-0.14025,0.0044,0.002,-0.007
0.465,0.465001144,4.572,0,-0.216761871656,0.277846664422,-1.65015726228,-0.561116030823,0.414023571811,0.520615103071,-0.011344640138,-0,-0,0,-0,0,-0.000127292934062,-0.00316951993557,0.000413470771547,0.00130028021206,-0.00100873496725,0.00101688324814,-0.159600890709,-0.00230175587586,0.021009290368,-0.0127868332714,-4.36202561558e-05,-3.590875934e-06,-0.680827257455,-0.00697657325399,0.0701556264182,-0.0193803176915,-0.0369251369324,0.00648996550048,-0.840428148164,-0.00927832912984,0.0911649167862,-0.0321671509629,-0.0369687571886,0.00648637462455,-0.01134,0.21042,-0.14685,0.0096,0.0004,-0.0082
0.466,0.465990665,4.454,0,-0.216773855881,0.277846864159,-1.65015746201,-0.561116510192,0.414023332126,0.520614863387,-0.011344640138,0.000872664625997,-0,-0.0010471975512,-0,0,-0.000127575331233,-0.00318421668882,0.000413465393864,0.00130086719339,-0.001009437969,0.00102881931437,-0.159643188923,-0.00227373259991,0.0209761174721,-0.012796825519,-4.38856438473e-05,-3.59263755443e-06,-0.683165873706,-0.0212680147275,0.0800662535784,-0.0160243704723,-0.0344904286876,0.00726479657789,-0.842809062629,-0.0235417473274,0.10104237105,-0.0288211959912,-0.0345343143315,0.00726120394034,-0.00315,0.1701,-0.14355,0.0066,0.0042,-0.0042
0.467,0.467003424,6.304,0,-0.216786039843,0.27784746337,-1.65015766175,-0.561116989561,0.414023092442,0.520614384018,-0.012217304764,-0,-0,0,-0,0,-0.000127942726507,-0.00319884187608,0.000413709407836,0.00130160660903,-0.00101052992984,0.00104095340707,-0.159684361091,-0.00224672919754,0.0209432166616,-0.0128065744951,-4.41381498804e-05,-3.59451270412e-06,-0.675693375959,-0.00725566535487,0.0698439700035,-0.0195815912146,-0.0361002874779,0.00649569621978,-0.83537773705,-0.00950239455241,0.0907871866651,-0.0323881657097,-0.0361444256277,0.00649210170708,-0.00945,0.23058,-0.1529,0.015,-0.0044,-0.0062
0.468,0.468160398,11.588,0,-0.216797824331,0.277848062581,-1.65015726228,-0.561117708615,0.414022613073,0.520614623702,-0.011344640138,-0,-0,0,-0.0010471975512,0,-0.000128395186809,-0.00321375822531,0.000413720357627,0.00130197595738,-0.00101129407962,0.00105272605378,-0.159723949572,-0.00222070765773,0.0209104630652,-0.0128161953035,-4.43784461359e-05,-3.59618675644e-06,-0.689070683767,-0.0089617937436,0.0726930324962,-0.0194810209039,-0.0362626258482,0.00649841513056,-0.848794633339,-0.0111825014013,0.0936034955614,-0.0322972162074,-0.0363070042943,0.0064948189438,-0.02142,0.22239,-0.1364,0.0086,0.0062,-0.0174
0.469,0.46899429,4.461,0,-0.216809409082,0.277847862844,-1.65015666307,-0.561118667353,0.414022133704,0.520615342756,-0.011344640138,-0,-0,0,-0,0,-0.000128701117073,-0.00322890150708,0.000413166658786,0.00130230021676,-0.00101112703284,0.00106421402014,-0.15976264581,-0.0021925573873,0.0208762597869,-0.0128259361463,-4.46441336821e-05,-3.59793000134e-06,-0.693955111987,-0.00589712276103,0.0706111680416,-0.020073809787,-0.0379080668048,0.00650003908407,-0.853717757797,-0.00808968014833,0.0914874278286,-0.0328997459332,-0.0379527109385,0.00649644115407,-0.03465,0.21168,-0.13255,0.0092,-0.0022,-0.0088
0.47,0.469993349,4.423,0,-0.216821792781,0.277847063896,-1.65015646333,-0.561119865775,0.41402141465,0.520616061809,-0.012217304764,-0.000872664625997,-0,0,-0,0.0010471975512,-0.000128810342581,-0.0032436282312,0.000412472426702,0.00130288604484,-0.00101102537123,0.00107653993159,-0.159800436313,-0.00216331287585,0.0208415605011,-0.0128356055803,-4.49145436709e-05,-3.59989444685e-06,-0.686336932453,0.00581580514955,0.0626615337193,-0.0229315563852,-0.0391359733217,0.00564170524921,-0.846137368766,0.0036524922737,0.0835030942204,-0.0357671619656,-0.0391808878653,0.00563810535476,-0.02835,0.19152,-0.1386,0.0142,-0.0068,0.0014
0.471,0.471196127,11.602,0,-0.21683417648,0.277846464685,-1.65015646333,-0.561120345144,0.414020695597,0.520616541178,-0.012217304764,-0,-0,0,-0.0010471975512,0,-0.000128970622324,-0.00325844720461,0.000411902752134,0.00130296744056,-0.00101116676557,0.00108911437653,-0.159836631954,-0.00213541004042,0.0208073406827,-0.0128450749119,-4.51674633571e-05,-3.60126607172e-06,-0.687286200921,-0.00868574227152,0.0723124529861,-0.0199131431336,-0.0357350262627,0.00650249248665,-0.847122832876,-0.0108211523119,0.0931197936687,-0.0327582180455,-0.0357801937261,0.00649889122058,-0.01764,0.15561,-0.1452,0.0116,0.0044,-0.006
0.472,0.472151923,12.749,0,-0.216846160705,0.277846664422,-1.6501568628,-0.561120824513,0.414019976543,0.520616061809,-0.011344640138,-0,-0,0,-0,0,-0.000129238161941,-0.00327357355531,0.000412016325503,0.00130375108101,-0.00101248008248,0.00110128925614,-0.159871004475,-0.00210873743233,0.0207729143751,-0.0128544126239,-4.54174573462e-05,-3.60307885874e-06,-0.703813672171,-0.00494352794477,0.0708786064508,-0.020617363399,-0.0386620640576,0.00650727865044,-0.863684676646,-0.0070522653771,0.0916515208259,-0.0334717760229,-0.038707481515,0.00650367557158,-0.03906,0.23247,-0.1474,0.0002,0.0004,-0.001
0.473,0.473178415,12.81,0,-0.216857345982,0.277847263633,-1.65015726228,-0.561121303882,0.41401925749,0.520615103071,-0.010471975512,0.000872664625997,-0,0,-0,-0.0010471975512,-0.00012959173494,-0.00328926944547,0.000412378855496,0.00130492761751,-0.00101418338864,0.00111266388457,-0.159904661304,-0.00207978637933,0.0207374867882,-0.0128638253824,-4.56834459784e-05,-3.60479476073e-06,-0.718091967875,-0.016076407192,0.0790505446056,-0.0181093624666,-0.0379352113671,0.00737440819196,-0.877996629179,-0.0181561935713,0.0997880313938,-0.030973187849,-0.0379808948131,0.0073708033972,-0.01071,0.21861,-0.1518,0.0082,-0.0056,-0.0092
0.474,0.473996278,5.071,0,-0.216869929418,0.277847263633,-1.65015726228,-0.56112226262,0.414019017805,0.520614384018,-0.012217304764,-0,-0,-0.0010471975512,-0,0,-0.000129859328113,-0.00330416872254,0.000412194084483,0.00130651786803,-0.00101459254475,0.00112503140752,-0.15993729988,-0.00205045949021,0.0207016356998,-0.0128731398217,-4.59529717147e-05,-3.60629248867e-06,-0.698691952135,-0.00740960535683,0.0727007652004,-0.0191379236994,-0.0374471467015,0.00747892504238,-0.858629252015,-0.00946006484703,0.0934024009002,-0.0320110635211,-0.0374930996732,0.00747531874989,0.00441,0.19152,-0.13365,0.0066,0.005,-0.0084
0.475,0.474998942,5.606,0,-0.216881314431,0.277847063896,-1.65015706254,-0.561123221358,0.414018778121,0.520614144333,-0.010471975512,-0,-0,0,-0,0,-0.000130120695572,-0.00331991441502,0.00041178755842,0.00130771583863,-0.00101460998621,0.00113620007103,-0.159968289714,-0.00202309278852,0.0206662415556,-0.0128822765171,-4.62038350402e-05,-3.60807190422e-06,-0.725547919505,-0.00333815324887,0.0718095871863,-0.0212658802803,-0.0407211363587,0.00652796277762,-0.885516209218,-0.00536124603739,0.0924758287419,-0.0341481567973,-0.0407673401937,0.00652435470572,-0.00252,0.1638,-0.1474,0.0104,-0.006,-0.0014
0.476,0.475994507,4.527,0,-0.21689170076,0.277847063896,-1.65015666307,-0.561124659465,0.414018298752,0.520614623702,-0.00959931088597,-0,-0,-0.0010471975512,-0,0,-0.000130431837733,-0.00333633424622,0.000411493350146,0.00130863231436,-0.00101493085778,0.00114632314149,-0.159998307791,-0.00199406171286,0.0206298294704,-0.0128914121819,-4.64699269918e-05,-3.60955673273e-06,-0.740533211965,-0.00446667048457,0.0746230822907,-0.019897706916,-0.0418900686474,0.00749214821128,-0.900531519756,-0.00646073219743,0.0952529117611,-0.032789119098,-0.0419365385744,0.00748853865455,-0.02709,0.19971,-0.13255,0.0106,0.0062,-0.0096
0.477,0.476998942,4.784,0,-0.216901887351,0.277847663107,-1.65015606386,-0.561125857888,0.414017579698,0.520615103071,-0.00959931088597,-0,-0,-0.0010471975512,-0,0.0010471975512,-0.000130915640855,-0.00335291599972,0.00041146808288,0.00130924485441,-0.0010158020375,0.00115645024654,-0.160026085811,-0.00196509090966,0.0205932314268,-0.0129004389807,-4.67312329923e-05,-3.61101547659e-06,-0.744048492791,-0.00441600270781,0.0749717264013,-0.0210364833909,-0.0421566377738,0.0064480055935,-0.904074578602,-0.00638109361747,0.0955649578282,-0.0339369223717,-0.0422033690068,0.00644439457802,-0.00189,0.23184,-0.13805,0.0098,0.0046,-0.0028
0.478,0.477999771,5.301,0,-0.216911274994,0.277847663107,-1.65015586412,-0.561126576941,0.414016860645,0.520615342756,-0.00872664625997,-0,-0,0,-0,0,-0.000131241085784,-0.00337013941126,0.000411190738138,0.00130970157796,-0.00101638064176,0.0011659446337,-0.16005357183,-0.00193567335031,0.0205562223157,-0.0129093979356,-4.70044957322e-05,-3.61249176706e-06,-0.759456650816,-0.000894654349545,0.0733004213437,-0.0220798936765,-0.0441437842768,0.00653964564623,-0.919510222645,-0.00283032769986,0.0938566436593,-0.0349892916121,-0.0441907887725,0.00653603315447,-0.02268,0.20286,-0.14465,0.0034,-0.011,-0.013
0.479,0.479005589,5.893,0,-0.216920462899,0.27784746337,-1.65015586412,-0.561127535679,0.414016381276,0.520615103071,-0.00872664625997,-0,-0,0,-0.0010471975512,0,-0.000131484691334,-0.0033875871112,0.000410886683844,0.00131085671001,-0.00101680046628,0.00117503738726,-0.160079446471,-0.00190693959231,0.0205190858704,-0.0129182758383,-4.72612591505e-05,-3.6139493462e-06,-0.761527403264,-0.00329011904634,0.0755590935948,-0.0218605274736,-0.0430452134299,0.00654541817756,-0.921606849735,-0.00519705863865,0.0960781794652,-0.034778803312,-0.0430924746891,0.00654180422821,-0.0567,0.18963,-0.143,0.0124,0.0034,-0.0036
0.48,0.479991504,4.916,0,-0.216930449753,0.277847263633,-1.65015606386,-0.561128254733,0.414016381276,0.520614623702,-0.00959931088597,-0,-0,-0.0010471975512,-0,0,-0.000131711506114,-0.003404636481,0.000410600694929,0.00131198775283,-0.00101695008077,0.00118477100648,-0.16010440063,-0.00187679472328,0.0204811631684,-0.0129271296865,-4.7532725429e-05,-3.61558597887e-06,-0.754862966283,-0.00321330129694,0.0750705949799,-0.0206355865879,-0.0430027206301,0.00750890785825,-0.914967366913,-0.00509009602022,0.0955517581483,-0.0335627162744,-0.0430502533556,0.00750529227228,-0.03276,0.20475,-0.14575,0.0058,0.008,-0.0042
0.481,0.480997574,4.45,1,-0.216942034504,0.277847263633,-1.65015606386,-0.561128734102,0.414016141591,0.520613904649,-0.012217304764,-0,-0,0,-0,-0.0010471975512,-0.000132027030591,-0.00342071140792,0.000410332117165,0.00131314105993,-0.00101726350968,0.00119630905244,-0.16012771979,-0.00184737025295,0.0204431499239,-0.0129358781554,-4.7797132296e-05,-3.61721722054e-06,-0.723523598198,-0.0027621629591,0.0710760486435,-0.021148294381,-0.0397672466413,0.00760048533031,-0.884967366913,-0.00460953321205,0.0915191985674,-0.0340841725364,-0.0398150437736,0.00759686811309,-0.01953,0.19782,-0.1419,0.0078,-0.0054,-0.0096
0.482,0.481853987,5.724,0,-0.216955017415,0.277847263633,-1.65015646333,-0.561129213471,0.414015662222,0.520613664964,-0.012217304764,-0,-0,0,-0.0010471975512,0,-0.000132280495217,-0.00343596752238,0.000410271818977,0.00131372556642,-0.00101817413343,0.00120936117135,-0.160149976878,-0.00181885154621,0.0204053020064,-0.0129444306603,-4.80580989116e-05,-3.6184819823e-06,-0.725293027614,-0.0054339845763,0.0735691240164,-0.0218790959438,-0.03862985425,0.00655619849629,-0.885443004492,-0.00725283612252,0.0939744260228,-0.0348235266041,-0.0386779123489,0.00655258001431,-0.00189,0.1953,-0.1386,0.0104,0.0022,0.0012
0.483,0.483016918,6.912,0,-0.216967201377,0.27784746337,-1.65015666307,-0.561129453155,0.414015422538,0.520613904649,-0.011344640138,-0,-0,0,-0,0,-0.00013262496531,-0.00345181201204,0.000410183863537,0.00131361453393,-0.00101882804988,0.00122158180178,-0.160171447992,-0.0017874825043,0.020365930052,-0.0129531283274,-4.83454564598e-05,-3.61980354332e-06,-0.741915249198,-0.00165775612653,0.0721132550831,-0.0225990120985,-0.0415714454488,0.00655652437041,-0.90208669719,-0.00344523863082,0.0924791851351,-0.0355521404258,-0.0416197909052,0.00655290456687,-0.05733,0.22995,-0.1463,0.0086,0.0044,-0.009
0.484,0.483833536,5.191,0,-0.216979784813,0.27784746337,-1.65015706254,-0.561130411893,0.414015182853,0.520614623702,-0.012217304764,-0,-0,0,-0,0,-0.000132858602741,-0.0034674737481,0.000410156531498,0.00131368008813,-0.00101962487585,0.0012339485163,-0.160190594522,-0.00175752470327,0.0203270245583,-0.0129615956762,-4.86067997942e-05,-3.62141491583e-06,-0.733655960971,-0.00214385487818,0.0716590412809,-0.0226472828054,-0.0405220373861,0.00655595381589,-0.893846555493,-0.00390137958145,0.0919860658392,-0.0356088784815,-0.0405706441859,0.00655233240097,-0.03717,0.17325,-0.14905,0.0096,0.0102,-0.0106
0.485,0.484973703,4.845,0,-0.216992567986,0.27784746337,-1.65015706254,-0.561131370631,0.4140144638,0.520615342756,-0.012217304764,-0,-0,-0.0010471975512,-0,0,-0.000133158919141,-0.00348304227045,0.000409981020914,0.00131383171352,-0.00102045201112,0.00124675695529,-0.160208661781,-0.0017281552333,0.0202879938217,-0.0129699139864,-4.88746457634e-05,-3.62261668164e-06,-0.736872860082,-0.0040603453654,0.0739005544728,-0.0211486523431,-0.0403700382164,0.00751542450789,-0.897081521863,-0.0057885005987,0.0941885482945,-0.0341185663294,-0.0404189128621,0.00751180189121,-0.01449,0.16821,-0.14355,0.0054,-0.0028,-0.0164
0.486,0.486004391,4.919,0,-0.217006150107,0.277848062581,-1.65015646333,-0.561132808738,0.414013505062,0.520615342756,-0.01308996939,-0,-0,0,-0.0010471975512,0,-0.000133653174671,-0.00349810166957,0.000409981626387,0.00131514053314,-0.00102158018082,0.00126031236077,-0.160225183897,-0.00169693534902,0.0202476890344,-0.0129783214567,-4.91540672688e-05,-3.62366060962e-06,-0.727126459118,-0.00508080154073,0.0734527415218,-0.0224701459682,-0.038330818223,0.00656234123715,-0.887351643015,-0.00677773688975,0.0937004305562,-0.0354484674248,-0.0383799722903,0.00655871757654,-0.07119,0.24192,-0.1342,0.0194,0.0004,-0.0076
0.487,0.486839105,5.747,0,-0.217019931966,0.277848462055,-1.65015566438,-0.561133767476,0.414013025693,0.520614623702,-0.01308996939,-0,0.000872664625997,-0.0010471975512,-0,0,-0.000134167358431,-0.00351314550524,0.000409654008968,0.00131681618558,-0.00102180837987,0.00127399923127,-0.160240711644,-0.00166684300222,0.0202077489545,-0.0129865337279,-4.94152521879e-05,-3.62502089444e-06,-0.731255789607,0.00339375172241,0.0662287594702,-0.0231536030051,-0.0413524378644,0.00771625704429,-0.891496501251,0.00172690872019,0.0864365084247,-0.0361401367329,-0.0414018531166,0.00771263202339,-0.00126,0.2016,-0.13805,0.0048,0.0022,0.0026
0.488,0.487747192,5.412,0,-0.217033514088,0.277848462055,-1.65015506517,-0.56113448653,0.414012066955,0.520613904649,-0.01308996939,-0,-0,0,-0,-0.0010471975512,-0.000134582349435,-0.00352840047127,0.000409180124334,0.00131831503096,-0.00102220776176,0.00128780623716,-0.160256135707,-0.00163666696275,0.0201677233068,-0.0129947038223,-4.96826426427e-05,-3.62662981108e-06,-0.735322687519,-0.00149554300805,0.0712251810277,-0.0222868449325,-0.0402198019049,0.00762540388355,-0.895578823226,-0.0031322099708,0.0913929043344,-0.0352815487548,-0.0402694845475,0.00762177725374,-0.00693,0.20349,-0.1375,0.0098,0.0054,-0.0112
0.489,0.489011319,5.304,0,-0.217046297261,0.277848062581,-1.65015506517,-0.561134965899,0.414010868532,0.520612945911,-0.012217304764,-0.000872664625997,-0,0,-0.0010471975512,0,-0.000134837996628,-0.0035442742639,0.000408722749526,0.00131979114501,-0.00102296357945,0.00130102062703,-0.160269175231,-0.00160489014733,0.0201265847932,-0.0130028351382,-4.99672518855e-05,-3.6276773214e-06,-0.749584935588,0.00899918241492,0.0666057168348,-0.0250022992235,-0.0426702982651,0.00677328357532,-0.90985411082,0.0073942922676,0.086732301628,-0.0380051343617,-0.042720265517,0.00676965589799,-0.07875,0.20475,-0.1463,0.0136,0.0078,-0.0002
0.49,0.490002514,5.328,0,-0.217060678331,0.277847663107,-1.65015546464,-0.561135205583,0.414009190741,0.520612945911,-0.013962634016,-0,-0.000872664625997,0,-0.0010471975512,0,-0.000135044908125,-0.00355919427197,0.000408462095199,0.00132000251023,-0.00102447572032,0.00131615275801,-0.160280462623,-0.00157455824882,0.0200854335778,-0.0130108342801,-5.02388416983e-05,-3.62872816751e-06,-0.729382658409,-0.0122258192411,0.0804879745762,-0.0213039243967,-0.0362421043945,0.00639890621263,-0.889663121032,-0.01380037749,0.100573408154,-0.0343147586768,-0.0362923432362,0.00639527748446,-0.04284,0.18018,-0.1342,0.0042,-0.0012,-0.0076
0.491,0.491002293,5.23,0,-0.217076058086,0.277847263633,-1.65015586412,-0.561135445268,0.414007273265,0.52061342528,-0.0157079632679,-0,-0,0,-0.0010471975512,0,-0.000135254533985,-0.00357353617559,0.000408218596553,0.00131973424067,-0.00102619621673,0.00133240343904,-0.160291592139,-0.0015430153404,0.0200437549995,-0.0130188155408,-5.05187197611e-05,-3.6299949231e-06,-0.708709456024,-0.00580963616528,0.0721444081183,-0.0230056681896,-0.0356599484015,0.00658256596443,-0.869001048163,-0.00735265150567,0.0921881631178,-0.0360244837304,-0.0357104671213,0.00657893596951,-0.05103,0.19719,-0.14135,0.005,-0.0036,-0.0092
0.492,0.491999528,4.645,0,-0.217092037053,0.277847663107,-1.65015646333,-0.561136404006,0.414005355789,0.520613904649,-0.0157079632679,-0,-0,0,-0.0010471975512,0,-0.000135561800563,-0.00358751978322,0.000408659298037,0.00131990856818,-0.00102903670649,0.00134900209093,-0.160301154345,-0.00151188263597,0.0200022922982,-0.013026621619,-5.07873355496e-05,-3.63131721627e-06,-0.711862532282,-0.00561388648576,0.0723065729251,-0.0231708493209,-0.03586765457,0.00658339379909,-0.872163686627,-0.00712576912173,0.0923088652233,-0.03619747094,-0.0359184419055,0.00657976248188,0.01512,0.20475,-0.14575,0.0126,0.0014,-0.011
0.493,0.492971988,4.854,0,-0.217107416808,0.277847663107,-1.65015646333,-0.561137362744,0.414003438313,0.520613904649,-0.014835298642,-0,-0,-0.0010471975512,-0.0010471975512,0,-0.000135883792483,-0.0036019605215,0.000408565088604,0.00132077709114,-0.00103090196831,0.00136500172728,-0.160309675058,-0.00148093442543,0.0199603295404,-0.0130343743495,-5.10629750408e-05,-3.6323827534e-06,-0.726567399388,-0.00678745216435,0.0751278974813,-0.0217978279974,-0.0369923524464,0.0075473329719,-0.886877074446,-0.00826838658978,0.0950882270217,-0.0348322023469,-0.0370434154215,0.00754370058914,-0.03465,0.21105,-0.14025,0.0034,0.0024,-0.0138
0.494,0.494011538,5.536,0,-0.217122796563,0.277847663107,-1.65015586412,-0.561138561166,0.414001520837,0.520614144333,-0.014835298642,-0,0.000872664625997,0,-0.0010471975512,0,-0.000136290077614,-0.00361644914464,0.000408218933977,0.00132175427063,-0.00103223083419,0.00138091819009,-0.16031585141,-0.00144953068278,0.0199177109104,-0.0130420636967,-5.13394339153e-05,-3.63336736693e-06,-0.72936803347,0.00338137356985,0.0657880925288,-0.0254450555724,-0.0394246747316,0.00678028498506,-0.88968388488,0.00193184288708,0.0857058034391,-0.038487119269,-0.0394760141655,0.0067766516177,-0.03591,0.189,-0.1419,0.0098,0.0018,-0.004
0.495,0.495008252,5.342,0,-0.217138575793,0.27784746337,-1.65015506517,-0.561139519904,0.413999363677,0.520614144333,-0.014835298642,-0,0.000872664625997,0,-0.00209439510239,0,-0.000136701967466,-0.0036307522822,0.000407640845639,0.00132283820328,-0.00103332890055,0.0013974373355,-0.160321112363,-0.00141790876919,0.0198748093011,-0.0130496791526,-5.16140591168e-05,-3.6347997662e-06,-0.731000700768,0.000987572036428,0.0679935343243,-0.02523220879,-0.0382781920131,0.00678568738337,-0.891321813131,-0.000430336732763,0.0878683436254,-0.0382818879426,-0.0383298060722,0.00678205258361,-0.01764,0.1953,-0.14685,0.0182,0.0016,-0.0096
0.496,0.495975072,6.376,0,-0.2171531566,0.27784746337,-1.65015426622,-0.561139759588,0.413997206516,0.520614384018,-0.013962634016,-0,-0,0,-0.00209439510239,0,-0.000137199430492,-0.00364590852404,0.000407092731229,0.00132298061216,-0.00103447723384,0.00141300964197,-0.160325525585,-0.001385083181,0.0198313093064,-0.013057269667,-5.18980103004e-05,-3.63574810699e-06,-0.746535889946,-0.00556909863998,0.0759191322017,-0.0237844200827,-0.0380355682492,0.00660047204418,-0.90686141553,-0.00695418182098,0.095750441508,-0.0368416897498,-0.0380874662595,0.00659683629607,-0.0567,0.21483,-0.1331,0.0054,0.0044,-0.017
0.497,0.497002129,5.639,0,-0.217167337932,0.277847862844,-1.65015366701,-0.561139999273,0.413995049356,0.520614384018,-0.013962634016,-0,-0,0,-0.00209439510239,0,-0.000137752073271,-0.00366138435061,0.000406884454115,0.0013232342162,-0.00103621052608,0.00142818263787,-0.160328931784,-0.00135306129749,0.0197878781898,-0.0130647116792,-5.21784202786e-05,-3.63652160089e-06,-0.74988803263,-0.00528208086352,0.0760154850571,-0.0239755618759,-0.0382789152091,0.00660171606068,-0.910216964414,-0.00663514216102,0.0958033632469,-0.0370402735551,-0.0383310936294,0.00659807953908,-0.03024,0.189,-0.13475,0.01,0.0048,-0.0032
0.498,0.498002226,4.355,0,-0.217182118477,0.277848462055,-1.65015366701,-0.561140478642,0.413992892195,0.520614384018,-0.014835298642,-0,-0,0,-0.00209439510239,0,-0.000138241534699,-0.00367655662441,0.000407109561494,0.00132353581072,-0.00103877272788,0.00144386919488,-0.160330620492,-0.00132154771863,0.0197441660611,-0.013072046727,-5.24568690166e-05,-3.63749987006e-06,-0.741550968624,-0.00581876849406,0.0755776848349,-0.024021872943,-0.0372048009061,0.00660228339288,-0.901881589116,-0.00714031621269,0.095321850896,-0.03709391967,-0.0372572577751,0.00659864589301,-0.02331,0.20916,-0.14685,0.0106,0.0006,-0.0106
0.499,0.498975048,6.507,0,-0.21719829718,0.277848462055,-1.65015426622,-0.561141197695,0.413990735035,0.520614384018,-0.0157079632679,-0,-0.000872664625997,0,-0.0010471975512,0,-0.000138501005952,-0.0036909487464,0.000407266994788,0.00132405676939,-0.00104138392041,0.00146087035105,-0.160330700124,-0.00128982985111,0.0197001053402,-0.0130793011561,-5.27297740194e-05,-3.63867436115e-06,-0.73524756459,-0.0112714671744,0.0802703725349,-0.0226910717759,-0.0357121588516,0.0064171331096,-0.895578264714,-0.0125612970256,0.0999704778751,-0.0357703729321,-0.0357648886256,0.00641349443524,-0.02142,0.1827,-0.1419,0.013,-0.004,-0.0062
0.5,0.499967348,5.152,0,-0.21721407641,0.277848262318,-1.6501546657,-0.561142156433,0.413988817559,0.520614384018,-0.014835298642,-0.000872664625997,-0,-0.0010471975512,-0.00209439510239,0,-0.000138740898413,-0.00370568031796,0.000407211662903,0.0013248819072,-0.00104344488855,0.00147726938768,-0.160329934477,-0.00125690128974,0.0196554406459,-0.0130865305883,-5.30167096673e-05,-3.63958763488e-06,-0.748612867426,0.00482675427505,0.0703096864047,-0.0245353391781,-0.039517889168,0.00775448701225,-0.908942801903,0.0035698529853,0.0899651270506,-0.0376218697665,-0.0395709058776,0.00775084742462,-0.01386,0.20412,-0.13915,0.008,0.0006,-0.0026
0.501,0.501164367,11.612,0,-0.217228856954,0.277848062581,-1.65015526491,-0.561143115171,0.413986660398,0.520614384018,-0.013962634016,-0,-0,0,-0,0,-0.000138953667999,-0.00372112251981,0.000407267970861,0.00132566528876,-0.00104590882087,0.00149278856907,-0.160327510943,-0.00122350795796,0.019610190066,-0.0130937025403,-5.33033239523e-05,-3.64067014723e-06,-0.766122453788,0.00118028287982,0.0722405540944,-0.0254947889526,-0.0419545560558,0.00661373757483,-0.926449964731,-4.32250781402e-05,0.0918507441604,-0.0385884914929,-0.0420078593797,0.00661009690468,-0.06174,0.1701,-0.1386,0.0084,-0.0104,-0.001
0.502,0.501968364,4.761,0,-0.217244636183,0.277847862844,-1.65015566438,-0.561144792963,0.413984982607,0.520614384018,-0.0157079632679,-0,-0,-0.0010471975512,-0.0010471975512,-0.0010471975512,-0.00013916093637,-0.00373599738495,0.000407276291927,0.0013271492367,-0.00104790515914,0.0015088172517,-0.160324828343,-0.00119081000647,0.0195649835134,-0.0131007803413,-5.35853394334e-05,-3.6415751343e-06,-0.744378879462,-0.00479359748855,0.0752658994497,-0.0223605902891,-0.0377928475501,0.00862523470729,-0.904703707805,-0.00598440749501,0.0948308829631,-0.0354613706304,-0.0378464328896,0.00862159313216,-0.01323,0.18711,-0.14575,0.0128,-0.0012,-0.017
0.503,0.50297264,5.717,0,-0.217262013309,0.277848262318,-1.65015586412,-0.561146470754,0.413983784184,0.520614623702,-0.0165806278939,-0,-0,-0.0010471975512,-0.0010471975512,0.0010471975512,-0.000139525596831,-0.00374991283737,0.000407520350337,0.00132830665508,-0.00104987854194,0.00152620466615,-0.160320499721,-0.00115830381297,0.0195197969453,-0.0131076810928,-5.38659520316e-05,-3.64229754232e-06,-0.735869693086,-0.00578128832284,0.0752684730206,-0.0243160247271,-0.0367041041282,0.00653568155472,-0.896190192807,-0.00693959213581,0.0947882699659,-0.0374237058199,-0.0367579700803,0.00653203925718,0.02142,0.21105,-0.14245,0.0116,0.0022,0.0062
0.504,0.503970706,5.178,0,-0.217277592802,0.277849061267,-1.65015566438,-0.561147908861,0.413982825446,0.520614623702,-0.014835298642,0.000872664625997,-0,-0.0010471975512,-0,0,-0.000140054658821,-0.00376504269776,0.000407772649195,0.0013294859081,-0.00105159562343,0.00154175870128,-0.160313802076,-0.00112503696057,0.0194736744001,-0.0131145652494,-5.41477971242e-05,-3.64312046029e-06,-0.763268308455,-0.0134109779839,0.0818394481912,-0.0223565590555,-0.0386505628673,0.00740377353741,-0.923582110531,-0.0145360149445,0.101313122591,-0.0354711243049,-0.0387047106645,0.00740013041695,-0.03843,0.21105,-0.1507,0.0078,0,-0.0048
0.505,0.50502044,5.045,0,-0.217292373346,0.277849261004,-1.65015486543,-0.561149346968,0.413982106393,0.520614863387,-0.013962634016,-0,-0,-0.0010471975512,-0,0,-0.000140557573925,-0.00378077896727,0.00040734258735,0.00133068279239,-0.00105193136119,0.00155639596649,-0.16030684814,-0.00109245863662,0.0194275904418,-0.01312135531,-5.44297614489e-05,-3.64398882988e-06,-0.779069541134,2.60114330195e-05,0.0748324360973,-0.0245252671636,-0.0424821431988,0.0075974784475,-0.939376389274,-0.0010664472036,0.0942600265392,-0.0376466224737,-0.0425365729602,0.00759383445867,-0.03402,0.20916,-0.1364,0.0052,-0.0032,-0.0062
0.506,0.505882973,5.472,0,-0.217307753101,0.277848861529,-1.65015386675,-0.561150545391,0.413981147655,0.520614863387,-0.014835298642,-0,0.000872664625997,0,-0,0,-0.00014098310173,-0.00379622005694,0.000406432007711,0.0013320713973,-0.00105164892351,0.00157183562513,-0.160299012736,-0.00105872490595,0.019380954741,-0.0131280962136,-5.47209327549e-05,-3.64505818098e-06,-0.770347044288,0.00951969414898,0.0648547587811,-0.0280608067094,-0.0436414874929,0.00683157892139,-0.930646057025,0.00846096924302,0.0842357135221,-0.0411889029231,-0.0436962084257,0.00682793386321,-0.01953,0.18144,-0.1364,0.0084,-0.0042,-0.0062
0.507,0.506984224,5.32,0,-0.21732353233,0.277848062581,-1.65015326754,-0.561151743813,0.413980668286,0.520614863387,-0.0157079632679,-0,-0,-0.0010471975512,-0.0010471975512,0,-0.000141265793762,-0.00381153708149,0.000405410586668,0.00133346018041,-0.00105095079381,0.00158743582131,-0.160288846524,-0.00102484330971,0.0193339466042,-0.0131347247576,-5.500751881e-05,-3.64563757366e-06,-0.760887077,-0.00342197606141,0.0758574692833,-0.0242706054647,-0.0390255336651,0.00760954667536,-0.921175923524,-0.00444681937113,0.0951914158874,-0.0374053302223,-0.039080541184,0.00760590103779,0.00063,0.19089,-0.14245,0.0104,0.0118,-0.0108
0.508,0.507974084,4.926,0,-0.217338312874,0.277847862844,-1.6501530678,-0.561152462867,0.413980188917,0.520614384018,-0.013962634016,-0,-0,0,-0,0,-0.000141641225383,-0.0038275685479,0.000404887316574,0.00133467499385,-0.00105113170242,0.00160220383134,-0.16027764829,-0.000991460394374,0.0192867271906,-0.0131412517771,-5.529099293e-05,-3.64622369868e-06,-0.789326958966,0.00339763454055,0.0727938405335,-0.0268185893252,-0.0436807368507,0.00665871378143,-0.949604607256,0.00240617414618,0.0920805677241,-0.0399598411024,-0.0437360278436,0.00665506755773,0.00126,0.19908,-0.132,0.008,0.0016,-0.0018
0.509,0.508970862,5.328,0,-0.217351695259,0.277848262318,-1.65015346727,-0.561152942236,0.413979230179,0.520614144333,-0.012217304764,-0,-0,0,-0,-0.0010471975512,-0.00014206527095,-0.00384454626459,0.000405027052241,0.00133517423385,-0.00105284757104,0.00161589537173,-0.16026556416,-0.000957800836954,0.0192391707663,-0.0131477279759,-5.55772717586e-05,-3.64701603608e-06,-0.816174849326,0.00541890849279,0.0738653150015,-0.0263087136385,-0.0465412461031,0.00771021959952,-0.976440413485,0.00446110765584,0.0931044857678,-0.0394564416144,-0.0465968233748,0.00770657258348,-0.01008,0.20727,-0.1375,0.0056,0.0026,-0.0084
0.51,0.509856838,4.982,0,-0.217364877906,0.277848661792,-1.65015406648,-0.561153661289,0.413978031756,0.520613664964,-0.01308996939,-0,-0.000872664625997,0,-0,0,-0.000142448155868,-0.00386171553293,0.000405311013549,0.00133608942822,-0.00105501703918,0.00162942219204,-0.160251840872,-0.000923978720333,0.0191913070127,-0.0131540984598,-5.58626280693e-05,-3.64779331256e-06,-0.808681303159,-0.00297506337316,0.0809526848738,-0.0255380937836,-0.0437023412302,0.00647984504057,-0.968933144031,-0.00389904209349,0.100143991886,-0.0386921922433,-0.0437582038582,0.00647619724726,-0.03402,0.189,-0.1364,0.0116,-0.0074,-0.0056
0.511,0.510966928,4.923,0,-0.217379458713,0.277848661792,-1.65015486543,-0.561154140658,0.413976833334,0.520613904649,-0.013962634016,-0,-0,0,-0.00209439510239,0,-0.000142732144318,-0.00387809364767,0.000405401490648,0.00133610921689,-0.00105694228521,0.00164443294936,-0.16023721319,-0.000889569579023,0.0191428214512,-0.0131604651913,-5.61560314553e-05,-3.64851102955e-06,-0.796798499672,-0.00126739972545,0.0775249955122,-0.0265624794948,-0.0416726743186,0.00666580442229,-0.957035712862,-0.00215696930447,0.0966678169634,-0.0397229446862,-0.04172883035,0.00666215591126,0.00252,0.19215,-0.1419,0.0142,0.011,0.0002
0.512,0.511970978,3.347,0,-0.217393839783,0.277848462055,-1.65015566438,-0.561154380343,0.413975634911,0.520614384018,-0.013962634016,-0,-0.000872664625997,0,-0,0,-0.000142990858032,-0.00389469064618,0.000405333827727,0.00133571188275,-0.00105862351527,0.00165932636628,-0.160221577034,-0.000855082573985,0.0190941884836,-0.0131666839326,-5.64521363952e-05,-3.6490456668e-06,-0.803997283445,-0.00317311356716,0.0806314065072,-0.0257878508691,-0.0429021728547,0.00647698819433,-0.964218860479,-0.00402819614115,0.0997255949907,-0.0389545348017,-0.0429586249911,0.00647333914867,0.00819,0.1827,-0.1353,0.0076,-0.0034,-0.0052
0.513,0.51296827,3.361,0,-0.217407222168,0.277848462055,-1.65015606386,-0.561154859712,0.413974676173,0.520615103071,-0.01308996939,-0,-0,0,-0,0,-0.00014334628439,-0.00391198622267,0.000405209039047,0.00133533919377,-0.00105995002515,0.00167301858559,-0.160203664914,-0.000820353560961,0.0190450929473,-0.0131728386924,-5.67388835282e-05,-3.6497322826e-06,-0.818658057171,0.00555334786897,0.0740402743853,-0.0278961973885,-0.0462628112637,0.00666283700151,-0.978861722085,0.00473299430801,0.0930853673326,-0.0410690360809,-0.0463195501473,0.00665918726923,-0.02079,0.1827,-0.1452,0.008,-0.0002,-0.0058
0.514,0.513993839,3.339,0,-0.217420804289,0.277848262318,-1.65015626359,-0.561155099396,0.413973238066,0.520615342756,-0.013962634016,-0,-0,0,-0.0010471975512,0,-0.000143707069899,-0.00392921226182,0.000404875228149,0.00133531008078,-0.00106125353736,0.00168723305757,-0.160185463703,-0.000786361725361,0.0189960828003,-0.0131788747966,-5.70256663814e-05,-3.65047801413e-06,-0.809028225707,0.00239470707425,0.0757069832825,-0.0275630198914,-0.0438460354553,0.00666174903288,-0.969213689409,0.00160834534889,0.0947030660827,-0.040741894688,-0.0439030611217,0.00665809855486,-0.03906,0.20475,-0.12925,0.0116,0.0002,-0.0002
0.515,0.514993119,3.358,0,-0.217435385096,0.277848062581,-1.65015626359,-0.561155578765,0.413972519013,0.520615342756,-0.014835298642,-0,-0,-0.0010471975512,-0.00209439510239,0,-0.000144089730724,-0.00394589607214,0.000404409187685,0.00133578341204,-0.00106178935027,0.00170200552905,-0.160165624192,-0.000752199695459,0.0189467593633,-0.0131848044361,-5.73161985596e-05,-3.65098280429e-06,-0.799168225453,-0.00295954654399,0.0794864880455,-0.0255473772116,-0.0410231894245,0.00762192344714,-0.959333849645,-0.00371174623945,0.0984332474088,-0.0387321816478,-0.041080505623,0.00761827246434,-0.02898,0.18018,-0.13915,0.005,0.0132,-0.0068
0.516,0.515965037,3.331,0,-0.21745016564,0.277847663107,-1.65015626359,-0.561156537503,0.41397132059,0.520614863387,-0.014835298642,-0,-0,0,-0,0,-0.000144406630452,-0.00396249959156,0.000403920649825,0.00133721708426,-0.00106264097744,0.00171704665745,-0.160144040014,-0.000717366502322,0.0188966643805,-0.0131906744051,-5.7606742618e-05,-3.65141901823e-06,-0.80594568656,0.00505760083538,0.0731247159172,-0.0282385709972,-0.0444606582151,0.00667033834703,-0.966089726574,0.00434023433305,0.0920213802977,-0.0414292454022,-0.0445182649577,0.00666668692801,-0.02772,0.19467,-0.14025,0.016,0.0016,-0.0078
0.517,0.516821576,3.38,0,-0.21746454671,0.277847862844,-1.65015646333,-0.561157256557,0.413970122168,0.520614384018,-0.01308996939,-0,-0,-0.0010471975512,-0.0010471975512,-0.0010471975512,-0.000144835355999,-0.00397941856359,0.00040386433287,0.00133826106788,-0.00106422628347,0.00173177432188,-0.160121713244,-0.00068148006476,0.0188461059274,-0.0131965433601,-5.7905939235e-05,-3.65181192827e-06,-0.831059682536,0.00216904890447,0.0784578224578,-0.0256461665397,-0.045533864274,0.00868333007153,-0.99118139578,0.00148756883971,0.0973039283852,-0.0388427098998,-0.0455917702133,0.0086796782596,-0.00693,0.21798,-0.1441,0.0058,0.006,-0.0092
0.518,0.517997344,3.395,0,-0.217479327254,0.277848062581,-1.65015646333,-0.561157735926,0.413968684061,0.520613904649,-0.013962634016,-0,-0,0,-0.0010471975512,0,-0.00014531043846,-0.00399614423383,0.000403703289843,0.00133912780186,-0.00106577282105,0.00174710117256,-0.16009837352,-0.000646394548795,0.0187956148565,-0.0132022630663,-5.8201429728e-05,-3.65247511282e-06,-0.823078183328,0.00369394506151,0.0760723786082,-0.0283514424279,-0.0448937794621,0.00668077564255,-0.983176556848,0.00304755051272,0.0948679934647,-0.0415537054942,-0.0449519808918,0.00667712316744,-0.02268,0.19341,-0.1309,0.0128,0.0012,-0.0072
0.519,0.518854495,3.34,0,-0.217493508587,0.277848062581,-1.65015646333,-0.561158454979,0.413966766585,0.52061342528,-0.01308996939,-0,-0,-0.0010471975512,-0.0010471975512,0,-0.000145736473698,-0.00401330589859,0.000403485034664,0.00134025606956,-0.00106759160008,0.00176198767105,-0.160073269891,-0.000611876026831,0.0187448986588,-0.0132078493554,-5.84852143732e-05,-3.65290659446e-06,-0.838135460255,0.00256399101119,0.0788876120144,-0.0269965770879,-0.0460530370426,0.00764606527863,-0.998208730146,0.00195211498436,0.0976325106732,-0.0402044264433,-0.046111522257,0.00764241237203,-0.03969,0.20601,-0.13475,0.0052,-0.0036,-0.009
0.52,0.520009036,3.375,0,-0.217507889657,0.277847862844,-1.65015666307,-0.561158694664,0.413964609424,0.520613185595,-0.013962634016,-0,-0,0,-0.00209439510239,0,-0.000146117949397,-0.00403043163701,0.000403193112677,0.00134070720299,-0.00106951892435,0.00177735776904,-0.160046657452,-0.000576102019149,0.0186934590351,-0.0132134275927,-5.87839287218e-05,-3.65347969311e-06,-0.828643455334,0.00160893911021,0.078423334936,-0.0283445146119,-0.0440339868317,0.00668862089356,-0.988690112786,0.00103283709106,0.0971167939711,-0.0415579422046,-0.0440927707604,0.00668496741387,-0.00504,0.18207,-0.15015,0.0054,0.0018,-0.0044
0.521,0.520976834,3.386,0,-0.217521671515,0.277847862844,-1.65015666307,-0.561159174033,0.413962452264,0.520614144333,-0.01308996939,-0,-0,0,-0.00209439510239,0,-0.00014656486337,-0.00404799301254,0.000402957997595,0.00134017859771,-0.0010714957793,0.00179204853109,-0.160019733031,-0.000539880119376,0.0186416091736,-0.0132189349586,-5.90894546877e-05,-3.65383868254e-06,-0.843910212607,0.00269298352987,0.0791067459306,-0.0286824013169,-0.0456023772059,0.00668688341383,-1.00392994564,0.00215310341049,0.0977483551043,-0.0419013362755,-0.0456614666606,0.00668322957514,-0.05733,0.19656,-0.13915,0.0114,0.0058,-0.0068
0.522,0.521814738,3.387,0,-0.217535453374,0.277848062581,-1.65015626359,-0.561159653402,0.413959815734,0.520615103071,-0.01308996939,-0,-0,0,-0.0010471975512,0.0010471975512,-0.000147118822956,-0.00406558242298,0.000402702277385,0.00133969227035,-0.00107369131283,0.00180697572735,-0.159991211276,-0.00050463369632,0.0185899033757,-0.0132243112367,-5.93823516527e-05,-3.65421373692e-06,-0.849092669566,0.00551115174652,0.0772809671791,-0.0302544667312,-0.0472518885382,0.005637226594,-1.00908388084,0.0050065180502,0.0958708705548,-0.0434787779679,-0.0473112708898,0.00563357238026,0.00819,0.19341,-0.13695,0.01,-0.0084,-0.0092
0.523,0.52299654,3.407,0,-0.217549834444,0.277848062581,-1.65015586412,-0.561160132771,0.413957418889,0.52061558244,-0.013962634016,-0,-0,-0.0010471975512,-0.00209439510239,0,-0.00014763508677,-0.00408288284375,0.000402294093083,0.00133972889965,-0.00107548569318,0.00182238435878,-0.159960291222,-0.000469336086919,0.0185379186064,-0.013229525933,-5.967042758e-05,-3.65479718334e-06,-0.839307953177,0.000369472599317,0.0808453775604,-0.0272860479186,-0.0444276286263,0.00764239272093,-0.999268244399,-9.98634876021e-05,0.0993832961668,-0.0405155738517,-0.0444872990539,0.00763873792375,-0.02961,0.21798,-0.1298,0.0056,-0.0002,-0.0048
0.524,0.523970623,3.326,0,-0.217563616303,0.277847862844,-1.65015586412,-0.561160372455,0.413955261729,0.52061558244,-0.01308996939,-0,-0,0,-0.00209439510239,0,-0.000148064195511,-0.00410068470129,0.00040189255093,0.00133998318209,-0.0010772174667,0.00183715591671,-0.159929246547,-0.000432412348363,0.0184850238372,-0.0132348160155,-5.99718155729e-05,-3.65484849493e-06,-0.854762025652,0.00369143202399,0.0793781741312,-0.0293090521752,-0.0464072969571,0.00668583179705,-1.0146912722,0.00325901967563,0.0978631979685,-0.0425438681907,-0.0464672687727,0.00668217694855,-0.04158,0.18207,-0.14685,0.0134,0.0106,-0.0006
0.525,0.524855764,3.365,0,-0.217576998687,0.277847862844,-1.65015626359,-0.561160372455,0.413952864884,0.520615342756,-0.01308996939,-0,-0.000872664625997,0,-0.0010471975512,0,-0.000148489630767,-0.00411881573321,0.00040178959726,0.00134012814615,-0.00107969639018,0.00185173194209,-0.159897041522,-0.0003970564808,0.0184323157008,-0.01323990546,-6.0268203936e-05,-3.65519166555e-06,-0.860594289916,-0.000929004303969,0.0846353065965,-0.0281378800046,-0.046267338542,0.00649972628297,-1.02049133144,-0.00132606078477,0.103067622297,-0.0413777854646,-0.0463276067459,0.0064960710913,-0.05355,0.19656,-0.14025,0.0094,0,-0.0058
0.526,0.525987506,3.41,0,-0.217591379757,0.277848062581,-1.65015646333,-0.561160851824,0.41394998867,0.520615103071,-0.013962634016,-0,-0,0,-0.00209439510239,0,-0.000148964455256,-0.00413632764079,0.000401819303546,0.00134071073418,-0.0010826874037,0.00186737761464,-0.159862676847,-0.00036072489571,0.0183790606857,-0.0132449562394,-6.05657649923e-05,-3.65545131778e-06,-0.850412678937,0.00351450762754,0.079052314541,-0.0295757111103,-0.045628571037,0.00668845466955,-1.01027535578,0.00315378273183,0.0974313752268,-0.0428206673497,-0.045689136802,0.00668479921823,-0.00693,0.2079,-0.1353,0.0076,-0.0032,-0.001
0.527,0.527011117,3.342,0,-0.217606559775,0.277848462055,-1.65015646333,-0.561161331193,0.413946872771,0.520614863387,-0.014835298642,-0,-0,0,-0.00314159265359,0,-0.000149514569685,-0.00415337337295,0.000401898066796,0.00134129351276,-0.00108588636521,0.00188394107994,-0.159828722109,-0.000323880464933,0.0183254127835,-0.0132499670634,-6.08738187557e-05,-3.65595644505e-06,-0.840744953505,0.00029012346817,0.0807546015915,-0.0292337507877,-0.0431889631578,0.00669037787409,-1.00057367561,-3.37569967625e-05,0.099080014375,-0.0424837178511,-0.0432498369766,0.00668672191764,-0.04473,0.21798,-0.132,0.0138,-0.0018,-0.01
0.528,0.528005804,3.356,0,-0.217622139268,0.277848462055,-1.65015626359,-0.561161810562,0.413943756873,0.520615103071,-0.0157079632679,-0,0.000872664625997,0,-0.00314159265359,0,-0.000150016814959,-0.00417024804683,0.000401628777986,0.0013415255366,-0.00108850050064,0.00190090606315,-0.159791686461,-0.000288194718188,0.0182719253503,-0.0132547600775,-6.11569523839e-05,-3.65601871083e-06,-0.832036546406,0.00749284783209,0.0729859243432,-0.031085513628,-0.0439311477836,0.00687734440195,-0.991828232867,0.00720465311391,0.0912578496935,-0.0443402737055,-0.043992304736,0.00687368838324,-0.05355,0.18711,-0.1507,0.0092,0.0102,-0.0116
0.529,0.529009038,3.374,0,-0.217638717445,0.277848062581,-1.65015606386,-0.5611627693,0.413940640974,0.520615342756,-0.0165806278939,-0.000872664625997,-0,-0.0010471975512,-0.0010471975512,0,-0.00015041176665,-0.00418656392166,0.000401167846342,0.00134228078363,-0.00109082075984,0.00191870032209,-0.159753699041,-0.000250772424909,0.0182173568595,-0.0132595729048,-6.14642942805e-05,-3.65620900642e-06,-0.828140866794,0.0149967526087,0.0699469348194,-0.0303505003562,-0.0457207232019,0.00783888775674,-0.987894565835,0.0147459801838,0.0881642916789,-0.043610073261,-0.0457821874962,0.00783523154774,0.00126,0.21609,-0.14355,0.0054,-0.0044,-0.0004
0.53,0.530009959,3.331,0,-0.217655295623,0.277847263633,-1.65015546464,-0.561163488354,0.413937285391,0.52061558244,-0.0157079632679,-0,-0,0,-0.00418879020479,0,-0.000150804132176,-0.00420295135131,0.0004002542642,0.0013429902225,-0.00109252120495,0.00193670093592,-0.159715623669,-0.000213209637792,0.0181626515095,-0.0132643646666,-6.17774811975e-05,-3.65617780869e-06,-0.837943407047,-0.00214550538641,0.0825259180514,-0.0293258569242,-0.0412643309105,0.00669781022655,-0.997659030716,-0.0023587150242,0.100688569561,-0.0425902215909,-0.0413261083917,0.00669415404874,-0.02331,0.1764,-0.13585,0.0102,0.012,-0.0098
0.531,0.531015762,3.383,0,-0.217671074853,0.277846664422,-1.6501546657,-0.561164686776,0.413933690124,0.520615822125,-0.0157079632679,-0,-0,-0.0010471975512,-0.00209439510239,0,-0.000151246646557,-0.00421988636583,0.000399453337318,0.00134413628759,-0.00109452329547,0.00195385196816,-0.159675707844,-0.000176671680954,0.018108147219,-0.0132689029604,-6.20735532564e-05,-3.65644714652e-06,-0.844433256162,0.00148481147869,0.0804017664097,-0.0286682841833,-0.0438914384081,0.00766226840997,-1.00410896401,0.00130813979774,0.0985099136286,-0.0419371871437,-0.0439535119613,0.00765861196282,-0.04536,0.20916,-0.13035,0.011,-0.0048,-0.0078
0.532,0.532216568,11.781,0,-0.217687453293,0.277846464685,-1.65015426622,-0.561165885199,0.413930094857,0.520615822125,-0.0157079632679,-0,-0,-0.0010471975512,-0.00314159265359,0,-0.000151714311498,-0.00423650576965,0.000399083483881,0.00134535114595,-0.00109730838079,0.00197160375962,-0.159633430571,-0.000140550935665,0.0180531988545,-0.0132733733585,-6.23636310787e-05,-3.65708259048e-06,-0.846350603299,-0.000913637541566,0.0826357755612,-0.0284663632239,-0.0427563395385,0.00766829930808,-1.00598403387,-0.00105418847723,0.100688974416,-0.0417397365824,-0.0428187031696,0.00766464222549,0.01008,0.18018,-0.13585,0.0098,-0.0016,-0.0098
0.533,0.533196412,11.896,0,-0.217703631997,0.277846864159,-1.65015386675,-0.561167083621,0.413926739274,0.520615342756,-0.0157079632679,-0,-0,-0.0010471975512,-0.00314159265359,0,-0.000152309375291,-0.00425331414517,0.000399065786702,0.00134691523642,-0.00110046975722,0.00198903344555,-0.159590972039,-0.000102889008744,0.0179974238351,-0.0132778696873,-6.26763823964e-05,-3.65654085945e-06,-0.849855712663,-0.000634932787261,0.082750713908,-0.0286601687923,-0.0429997917494,0.0076760712451,-1.0094466847,-0.000737821796005,0.100748137743,-0.0419380384796,-0.0430624681318,0.00767241470424,-0.0252,0.18711,-0.14355,0.0094,0.0066,-0.002
0.534,0.534014002,4.513,0,-0.217720010438,0.277848062581,-1.65015386675,-0.561168282044,0.413923383691,0.520614863387,-0.0157079632679,-0,-0,-0.0010471975512,-0.0010471975512,-0.0010471975512,-0.000153012650482,-0.00427004436532,0.000399729731693,0.00134822448603,-0.00110480381991,0.00200666465256,-0.159547521868,-6.5101379338e-05,0.0179414566975,-0.0132822411374,-6.29868541555e-05,-3.65669300782e-06,-0.856475030995,0.0052238082248,0.0784063380007,-0.0286885929597,-0.0459920924411,0.00872975012632,-1.01602255286,0.00515870684547,0.0963477946982,-0.0419708340971,-0.0460550792953,0.00872609343331,-0.02835,0.23436,-0.14025,0.008,-0.0058,-0.01
0.535,0.535027945,6.374,0,-0.217735789667,0.277849061267,-1.65015366701,-0.561169240782,0.413920267792,0.520614144333,-0.0157079632679,-0,-0,0,-0.00314159265359,0,-0.00015372294073,-0.00428725607899,0.000400120249762,0.00134963726582,-0.00110849031816,0.00202365836348,-0.159501921108,-2.75329659942e-05,0.0178854473132,-0.0132865249639,-6.32820552884e-05,-3.65725668323e-06,-0.857065754545,0.00198250489901,0.0809515115199,-0.0307065375812,-0.043868604114,0.00673079649822,-1.01656767565,0.00195497193302,0.0988369588331,-0.0439930625451,-0.0439318861693,0.00672713924154,-0.03591,0.21105,-0.1419,0.0098,0.0066,0.0012
0.536,0.535951244,5.609,0,-0.217751768634,0.277848861529,-1.65015346727,-0.561170678889,0.413917151894,0.520613904649,-0.0157079632679,-0,-0,0,-0.00209439510239,0,-0.000154161830197,-0.00430445526425,0.000399816039335,0.00135126843678,-0.00111110322246,0.00204068834872,-0.159455170068,1.05829705177e-05,0.0178288657508,-0.0132906803728,-6.35853825763e-05,-3.6569217324e-06,-0.862183725749,0.00503697666734,0.0788928237464,-0.0313127658321,-0.0455084445412,0.00673891064437,-1.02163889582,0.00504755963786,0.0967216894973,-0.0446034462049,-0.0455720299238,0.00673525372264,-0.01134,0.20538,-0.1408,0.012,-0.0024,-0.007
0.537,0.537014746,4.49,0,-0.217767148389,0.277848062581,-1.65015346727,-0.561172116996,0.413914755049,0.520613904649,-0.014835298642,-0,-0,-0.0010471975512,-0.0010471975512,0,-0.000154449847732,-0.00432218599545,0.000399161504612,0.00135274625201,-0.00111270107566,0.00205675965479,-0.159407559002,4.81631474614e-05,0.0177721020862,-0.0132948057046,-6.38943964449e-05,-3.65655522743e-06,-0.878863777112,0.00670583013834,0.0795168810919,-0.0303780578685,-0.0480638064597,0.00770601083926,-1.03827133611,0.0067539932858,0.0972889831781,-0.0436728635732,-0.0481277008562,0.00770235428403,-0.01701,0.17703,-0.14905,0.0076,0.0014,-0.0054
0.538,0.538023212,4.339,0,-0.21778212867,0.27784746337,-1.65015346727,-0.561173794787,0.413912118519,0.520614863387,-0.013962634016,-0,-0,-0.0010471975512,-0.00314159265359,0,-0.000154770077545,-0.00434021959056,0.000398680633433,0.00135344228297,-0.00111474846924,0.00207246696834,-0.159358925386,8.581960223e-05,0.0177151935542,-0.0132987821062,-6.42010909126e-05,-3.65712110501e-06,-0.891055413806,0.00238407021141,0.0844780533913,-0.0299116147308,-0.046871851387,0.00771043411482,-1.05041433919,0.00246988981364,0.102193246946,-0.0432103968371,-0.0469360524779,0.00770677699372,-0.02898,0.21483,-0.14465,0.0058,0.0104,-0.013
0.539,0.53902184,5.187,0,-0.217796709477,0.277847263633,-1.6501530678,-0.561175472579,0.41390948199,0.520616301494,-0.014835298642,-0,-0,-0.0010471975512,-0.00209439510239,0.00209439510239,-0.000155241564902,-0.00435855129734,0.000398257900214,0.00135365871282,-0.00111679631445,0.00208777662861,-0.15930805536,0.000123462478548,0.0176580573446,-0.013302668218,-6.44929054665e-05,-3.65696549203e-06,-0.884675983029,0.00425019321599,0.0822820980709,-0.0323175607804,-0.0472305118482,0.00561611891718,-1.04398403839,0.00437365569454,0.0999401554154,-0.0456202289984,-0.0472950047536,0.00561246195168,-0.0693,0.18018,-0.14355,0.0052,0.001,-0.0012
0.54,0.53997271,4.977,0,-0.217813687129,0.277847663107,-1.65015286806,-0.561177390055,0.413906366091,0.520617979285,-0.0165806278939,-0,-0,-0.00209439510239,-0.00314159265359,0.0010471975512,-0.000155793010389,-0.0043753687337,0.000398375364565,0.00135368019025,-0.00112008779095,0.0021056359943,-0.159256777995,0.000162090068702,0.0176000240708,-0.0133065290061,-6.48113119211e-05,-3.6567621349e-06,-0.863162905208,-0.00173053987646,0.0853141996324,-0.0292063810444,-0.0430779922723,0.00762019372432,-1.0224196832,-0.00156844980776,0.102914223703,-0.0425129100504,-0.0431428035842,0.00761653696219,-0.0126,0.21987,-0.14245,0.0032,0.0016,-0.012
0.541,0.541021959,5.083,0,-0.217831463729,0.277848262318,-1.65015286806,-0.561179307531,0.413903489877,0.520618938023,-0.0174532925199,0.000872664625997,-0,-0.0010471975512,-0.00314159265359,0.0010471975512,-0.000156358790075,-0.00439175716761,0.000398683833501,0.00135433652663,-0.00112356570849,0.00212417643867,-0.159203958742,0.000200725477576,0.0175418227167,-0.013310306696,-6.51232455368e-05,-3.65675901305e-06,-0.854349746318,-0.0123912103815,0.0903988818482,-0.0291042526895,-0.0401386181805,0.00647688735776,-1.01355370506,-0.0121904849039,0.107940704565,-0.0424145593855,-0.040203741426,0.00647323059874,-0.02205,0.18081,-0.143,0.008,0.0018,-0.0052
0.542,0.542239398,11.91,0,-0.21784784217,0.277848661792,-1.65015286806,-0.561181464691,0.413900373979,0.520618938023,-0.0157079632679,-0,-0,-0.00209439510239,-0.00209439510239,0,-0.000156874587728,-0.0044091084763,0.000398916715351,0.00135621329086,-0.00112710160285,0.00214135190965,-0.159150131179,0.00023824782096,0.0174839761144,-0.0133138854146,-6.54212378213e-05,-3.65639207723e-06,-0.883387813721,0.00247725354055,0.0838041215744,-0.0291614680447,-0.046236789191,0.00868092788624,-1.0425379449,0.00271550136151,0.101288097689,-0.0424753534593,-0.0463022104288,0.00867727149416,-0.0378,0.20601,-0.13695,0.001,0.0056,-0.0058
0.543,0.543026314,4.442,0,-0.217863621399,0.277848861529,-1.65015286806,-0.561183861536,0.413897018396,0.520617739601,-0.0157079632679,-0,-0,-0.00209439510239,-0.00209439510239,-0.0010471975512,-0.000157342012892,-0.0044269083219,0.000399071033124,0.00135955082417,-0.00113070215043,0.00215796526722,-0.159095340766,0.000277503845073,0.0174250516471,-0.0133174824909,-6.5738495886e-05,-3.656150058e-06,-0.887020612635,0.00297530112534,0.0837181271868,-0.028387047235,-0.0464878678201,0.00974475967619,-1.0461159534,0.00325280497042,0.101143178834,-0.0417045297259,-0.046553606316,0.00974110352613,-0.06867,0.21609,-0.143,0.0028,-0.001,-0.0032
0.544,0.544018527,4.479,0,-0.217880798788,0.277848462055,-1.6501530678,-0.561186018697,0.413893183444,0.520616061809,-0.0174532925199,-0,-0,-0.00209439510239,-0.00418879020479,-0.00209439510239,-0.000157667593872,-0.00444390199181,0.000398952434211,0.0013632341744,-0.00113428074071,0.0021762980084,-0.159038431125,0.000316598479657,0.0173660314307,-0.0133210150828,-6.60451400587e-05,-3.65607885343e-06,-0.86412112939,-0.00347591684117,0.0867486779303,-0.0265423963432,-0.0413602179829,0.0108083451586,-1.02315956052,-0.00315931836151,0.104114709361,-0.039863411426,-0.0414262631229,0.0108046890798,-0.04158,0.15246,-0.15125,0.006,0.0018,-0.0098
0.545,0.544866409,5.362,0,-0.217898375652,0.277848062581,-1.6501530678,-0.561188894911,0.413889588176,0.520614623702,-0.0165806278939,-0.000872664625997,-0,-0.00209439510239,-0.00314159265359,0,-0.000157989274773,-0.00446070059493,0.000398806324305,0.00136737700688,-0.00113760066937,0.00219465981171,-0.158980268602,0.000355206978973,0.0173068009082,-0.0133243455119,-6.6348643176e-05,-3.65605406338e-06,-0.881587246938,0.0122210767488,0.0780761765437,-0.0310241280194,-0.0465606674129,0.00892238034671,-1.04056751554,0.0125762837278,0.095382977452,-0.0443484735313,-0.0466270160561,0.00891872429264,-0.01386,0.20916,-0.1397,0.007,0.005,-0.005
0.546,0.546019139,4.342,0,-0.217914754092,0.277848462055,-1.65015266832,-0.561192250494,0.413885753224,0.520614144333,-0.0157079632679,-0,-0,-0.00209439510239,-0.00314159265359,0,-0.000158519396336,-0.00447826646011,0.000399052392287,0.00137091638438,-0.00114161363524,0.00221177613407,-0.1589206633,0.0003939858669,0.017247249396,-0.0133276647382,-6.66551930629e-05,-3.65573630143e-06,-0.896066858521,0.000901856020694,0.0864524205409,-0.0294945961233,-0.0458348761782,0.00875422945348,-1.05498752182,0.00129584188759,0.103699669937,-0.0428222608615,-0.0459015313713,0.00875057371718,-0.02898,0.2142,-0.1408,0.0154,-0.0022,-0.0024
0.547,0.547025705,5.581,0,-0.217930333585,0.277848661792,-1.65015226885,-0.561195606077,0.413882637326,0.520614384018,-0.0157079632679,-0,-0,-0.00418879020479,-0.00209439510239,0,-0.000159012995768,-0.00449646578637,0.000399105161948,0.00137377892145,-0.00114480490511,0.00222773480821,-0.158860679086,0.000433124365848,0.0171873744852,-0.0133308635951,-6.69730104126e-05,-3.65567689668e-06,-0.900997132484,-0.000502546959697,0.0886974073918,-0.0267254025024,-0.0466694664117,0.0106860519423,-1.05985781157,-6.94225938487e-05,0.105884781877,-0.0400562660975,-0.0467364394222,0.0106823962654,-0.06174,0.19278,-0.1419,0.0052,-0.0014,-0.0136
0.548,0.548022154,4.967,0,-0.2179471115,0.277848661792,-1.65015226885,-0.561198721975,0.413879521427,0.520615103071,-0.0165806278939,-0,-0,-0.00209439510239,-0.00314159265359,0,-0.000159418754831,-0.00451399863641,0.00039918349516,0.00137589967906,-0.00114814683886,0.00224497856132,-0.158799098246,0.000472526116493,0.0171270986341,-0.0133340013028,-6.72847609655e-05,-3.65511813411e-06,-0.891694657022,0.000713386809155,0.0861306860509,-0.0297459474392,-0.0450430214888,0.00877804741252,-1.05049375527,0.00118591292565,0.103257784685,-0.043079948742,-0.0451103062498,0.00877439229438,-0.01449,0.18207,-0.1452,0.0102,0.0074,-0.0166
0.549,0.549017792,4.369,0,-0.217964488626,0.277848661792,-1.65015266832,-0.561201837874,0.413876405529,0.520615342756,-0.0165806278939,-0,-0,-0.00314159265359,-0.00209439510239,0.0010471975512,-0.000159764265971,-0.00453123671815,0.000399445762081,0.00137841338985,-0.00115187605417,0.00226281712015,-0.158736552463,0.000512105809563,0.0170665820275,-0.0133370370514,-6.75941327612e-05,-3.6547887339e-06,-0.896647641891,0.00126521554422,0.0864861136795,-0.029610532757,-0.046261783106,0.00870214155905,-1.05538419435,0.00177732135378,0.103552695707,-0.0429475698084,-0.0463293772387,0.00869848677031,-0.02268,0.19719,-0.143,0.0044,0.0022,0
0.55,0.55001554,5.25,0,-0.217981266541,0.277848861529,-1.65015326754,-0.561204953772,0.413873289631,0.520615103071,-0.0165806278939,-0,-0,-0.00209439510239,-0.00209439510239,0,-0.00016012599515,-0.00454892977776,0.000399919777131,0.00138132114565,-0.0011559981022,0.00228005950931,-0.158673029199,0.000552187276448,0.0170055288782,-0.0133400175744,-6.79158074774e-05,-3.65442103119e-06,-0.900417566237,0.00393694947071,0.084299133994,-0.0305120689731,-0.0469072455065,0.00880503058336,-1.05909059544,0.00448913674716,0.101304662872,-0.0438520865475,-0.0469751613139,0.00880137616233,-0.06363,0.18837,-0.1551,0.0126,0.0012,-0.008
0.551,0.550956948,8.18,0,-0.217998244193,0.277848861529,-1.65015346727,-0.561208309355,0.413869934048,0.520614863387,-0.0165806278939,-0,-0,-0.00314159265359,-0.00314159265359,-0.0010471975512,-0.00016049907742,-0.00456654686689,0.000400131774126,0.00138457646507,-0.00115979055724,0.00229753442148,-0.158606566043,0.000591015382046,0.0169447192351,-0.0133428280217,-6.82166318904e-05,-3.65403722435e-06,-0.902297725801,-0.000505590416227,0.0885026734436,-0.0276491127209,-0.0453640502151,0.0108272300481,-1.06090429184,8.54249658193e-05,0.105447392679,-0.0409919407426,-0.045432266847,0.0108235760109,-0.04662,0.19971,-0.14025,0.0038,0.001,-0.013
0.552,0.551874731,9.528,0,-0.218015022107,0.277848462055,-1.65015346727,-0.561211664938,0.413866578465,0.520614863387,-0.0165806278939,-0,-0,-0.00418879020479,-0.00314159265359,0,-0.000160825372283,-0.00458437656101,0.000399994384505,0.00138772057332,-0.00116299771468,0.00231481268699,-0.158539633922,0.000630402533933,0.0168834058624,-0.0133455164695,-6.85243615364e-05,-3.65389885101e-06,-0.905765229366,-0.00261958905132,0.0909710759606,-0.0271190476254,-0.0452160962787,0.0107544891665,-1.06430486329,-0.00198918651739,0.107854481823,-0.0404645640949,-0.0452846206402,0.0107508352676,-0.05733,0.19341,-0.14135,0.0008,0.0006,-0.002
0.553,0.55301546,5.198,0,-0.218032399234,0.277848062581,-1.65015346727,-0.56121549989,0.413862983197,0.520614863387,-0.0174532925199,-0,-0,-0.00418879020479,-0.00209439510239,0,-0.000161128890171,-0.0046018709268,0.000399935894661,0.00139130361009,-0.0011665102807,0.00233264198603,-0.158472022122,0.000671308986988,0.016821198861,-0.0133483207316,-6.88456872101e-05,-3.65317756171e-06,-0.899260275528,-0.000350294696156,0.0883590430275,-0.0275808508524,-0.0455473536411,0.0107713357961,-1.05773229765,0.000321014290831,0.105180241888,-0.040929171584,-0.0456161993283,0.0107676826185,-0.02205,0.20853,-0.143,0.0066,0.002,-0.0094
0.554,0.554023735,3.437,0,-0.218049177148,0.277847862844,-1.6501530678,-0.561219814211,0.413858908561,0.520614863387,-0.0157079632679,-0,-0,-0.00314159265359,-0.00418879020479,0,-0.000161515038671,-0.00461976469581,0.000399916432224,0.00139536767748,-0.00117033771413,0.00234994132709,-0.158403258798,0.000711222748524,0.0167592446819,-0.0133508762497,-6.91628260839e-05,-3.65277832946e-06,-0.923222484739,-0.0017572601919,0.0918039259136,-0.0289046998717,-0.0460414296064,0.00983484807021,-1.08162574354,-0.00104603744338,0.108563170595,-0.0422555761214,-0.0461105924325,0.00983119529188,-0.04221,0.19971,-0.13475,0.0142,0.0064,-0.0092
0.555,0.555020485,3.359,0,-0.218064556904,0.277847663107,-1.65015286806,-0.561224607901,0.413854833924,0.520614863387,-0.014835298642,-0,-0,-0.00523598775598,-0.00314159265359,0,-0.000161850955031,-0.00463862222486,0.000400045928528,0.00139982910914,-0.00117445787684,0.00236567769572,-0.158332225338,0.000751082849217,0.0166971033332,-0.0133533165249,-6.94695915561e-05,-3.65256467277e-06,-0.939880440207,-0.00239387586943,0.0946435758145,-0.0262595221645,-0.0481801431211,0.0117757000965,-1.09821266555,-0.00164279302022,0.111340679148,-0.0396128386894,-0.0482496127127,0.0117720475318,-0.04788,0.2016,-0.1463,0.0104,-0.0004,-0.01
0.556,0.556018903,3.364,0,-0.21808053587,0.277847862844,-1.65015286806,-0.561229161906,0.413850759288,0.520614863387,-0.0157079632679,-0,-0,-0.00418879020479,-0.00314159265359,0,-0.000162254056177,-0.00465716583301,0.000400485049534,0.00140394090861,-0.00117911296803,0.00238209403109,-0.158260960378,0.000791546536444,0.0166344060748,-0.0133557562764,-6.97829055475e-05,-3.65208701184e-06,-0.932111123109,-0.000701239952341,0.0921021720049,-0.027987429624,-0.0475330981791,0.0108363784625,-1.09037208349,9.0306584103e-05,0.10873657808,-0.0413431859004,-0.0476028810846,0.0108327263755,-0.03528,0.19593,-0.1353,0.0072,0.0006,0.0046
0.557,0.55701091,3.371,0,-0.218096514837,0.277848262318,-1.6501530678,-0.561233715912,0.413846924336,0.520615342756,-0.014835298642,-0,-0,-0.00418879020479,-0.00314159265359,0,-0.000162672763341,-0.00467579187927,0.000401116150624,0.00140748791196,-0.00118395290711,0.00239839314623,-0.158188622065,0.000832364541569,0.0165713133042,-0.0133580674696,-7.01083695369e-05,-3.65138972066e-06,-0.947489247571,0.000285966372711,0.0928709409426,-0.0282940773697,-0.049081911508,0.0108550755605,-1.10567786964,0.00111833091428,0.109442254247,-0.0416521448393,-0.0491520198775,0.0108514241708,-0.02646,0.19971,-0.14245,0.0098,0.0066,-0.0106
0.558,0.557962863,3.46,0,-0.218112094329,0.277848661792,-1.65015366701,-0.561238269917,0.413842849699,0.52061558244,-0.014835298642,-0,-0,-0.00418879020479,-0.00314159265359,0,-0.000163033365642,-0.00469475075705,0.000401951473993,0.00141118826631,-0.00118938983427,0.00241441022218,-0.158113385253,0.000872340208016,0.0165080841517,-0.0133603034506,-7.04181776752e-05,-3.65060393564e-06,-0.951263181731,0.000484918029741,0.093086721835,-0.0284631638304,-0.0493266888429,0.0108735039882,-1.10937656698,0.00135725823776,0.109594805987,-0.041823467281,-0.0493971070206,0.0108698533843,-0.03591,0.19593,-0.14795,0.008,-0.0018,-0.005
0.559,0.558838399,3.455,0,-0.218127274347,0.277848861529,-1.65015406648,-0.561243303292,0.413838775063,0.520615103071,-0.0157079632679,-0,-0,-0.00418879020479,-0.00418879020479,0,-0.000163362543755,-0.0047140292504,0.000402624629104,0.00141613254978,-0.00119453131948,0.00242986029388,-0.158037645468,0.000912826842821,0.0164443976235,-0.0133623927354,-7.07347901966e-05,-3.650076808e-06,-0.941870359205,-0.00278007898817,0.0948590052977,-0.0280949006785,-0.0468947597786,0.0108971157374,-1.09990800467,-0.00186725214535,0.111303402921,-0.0414572934139,-0.0469654945687,0.0108934656606,-0.09198,0.2205,-0.1463,0.0166,0.0094,-0.0032
0.56,0.560021626,3.389,1,-0.218145250685,0.277848661792,-1.65015426622,-0.561248336666,0.413834460742,0.520614623702,-0.0183259571459,-0,-0,-0.00628318530718,-0.00314159265359,0,-0.000163640436366,-0.00473158616989,0.000402970740224,0.0014212049867,-0.00119930121427,0.00244822780749,-0.157961340277,0.000954883192602,0.0163803603802,-0.013364505217,-7.10555709199e-05,-3.64927860537e-06,-0.911754732405,-0.00651541786227,0.0953987739735,-0.0249110160596,-0.0437990796402,0.0128368734712,-1.06990800467,-0.00556053466967,0.111779134354,-0.0382755212766,-0.0438701352111,0.0128332241926,0.00819,0.19467,-0.14245,0,0.0012,-0.0052
0.561,0.561021782,3.397,0,-0.218162827548,0.277848062581,-1.65015426622,-0.561253609725,0.413829906736,0.520614144333,-0.0165806278939,-0,-0,-0.00523598775598,-0.00418879020479,0,-0.000163857744738,-0.00474946725425,0.000403021957638,0.0014266237799,-0.00120373867318,0.00246622968445,-0.157883860862,0.00099537821422,0.0163165062034,-0.0133664146521,-7.13709893191e-05,-3.64899019252e-06,-0.937268884548,-0.00519761911941,0.096703971227,-0.0266314643537,-0.04567139872,0.0119071960733,-1.09515274541,-0.00420224090519,0.11302047743,-0.0399978790058,-0.0457427697093,0.0119035470831,-0.03717,0.19026,-0.14685,0.0042,0.0038,-0.0048
0.562,0.561871221,3.362,0,-0.218178207303,0.277847263633,-1.65015406648,-0.561259841522,0.413825592415,0.520613904649,-0.014835298642,-0.000872664625997,-0,-0.00628318530718,-0.00418879020479,-0.0010471975512,-0.000164021636625,-0.00476881954086,0.000402949169194,0.00143277005816,-0.00120777167008,0.00248158400305,-0.15780383595,0.00103552415844,0.0162521567933,-0.0133681791391,-7.16851528187e-05,-3.64864556279e-06,-0.964996671392,0.00702303388548,0.0922452832698,-0.0262784297052,-0.0504152441545,0.0141327474857,-1.12280050734,0.00805855804393,0.108497440063,-0.0396466088443,-0.0504869293074,0.0141290988401,-0.06993,0.1953,-0.1408,0.0092,0.0058,-0.014
0.563,0.563213584,11.905,0,-0.218193187584,0.277846864159,-1.65015326754,-0.561266313003,0.413821517779,0.520614384018,-0.013962634016,-0,-0,-0.00628318530718,-0.00418879020479,0.0010471975512,-0.000164354022123,-0.0047884697287,0.000402852383527,0.00143845800843,-0.00121144790465,0.0024963345381,-0.157723255358,0.00107759364255,0.0161871299151,-0.0133700377834,-7.20039977882e-05,-3.64752595543e-06,-0.979741257594,-0.0046657202451,0.101046798585,-0.0266731461353,-0.0497253254744,0.0118810298372,-1.13746451295,-0.00358812660255,0.1172339285,-0.0400431839186,-0.0497973294722,0.0118773823113,-0.03591,0.2079,-0.1298,0.0148,0.0102,-0.0084
0.564,0.564126211,11.367,0,-0.21820856734,0.277846864159,-1.65015286806,-0.5612725448,0.413816963773,0.520614623702,-0.0157079632679,-0,-0,-0.00733038285838,-0.00209439510239,0,-0.000164723906847,-0.00480791439914,0.000403200349488,0.00144399362799,-0.00121627282871,0.0025118061049,-0.157642108692,0.00111920223317,0.0161219498158,-0.0133716997188,-7.23279359588e-05,-3.6466992536e-06,-0.96324869478,-0.00246081050939,0.0976644607018,-0.0247541696561,-0.0497467248685,0.0139125369268,-1.12089080347,-0.00134160827623,0.113786410518,-0.0381258693749,-0.0498190528045,0.0139088902275,-0.05796,0.1953,-0.1386,0,-0.011,-0.007
0.565,0.565027002,4.283,0,-0.218224146832,0.27784746337,-1.65015286806,-0.561278536913,0.413812409768,0.520614863387,-0.0157079632679,-0,-0,-0.00523598775598,-0.00523598775598,0,-0.000165173498148,-0.00482729620871,0.000404074606453,0.00144909603116,-0.00122202579911,0.00252756135824,-0.157558108762,0.00115970944436,0.0160568699703,-0.0133732626701,-7.26308893866e-05,-3.64603373192e-06,-0.962702435099,-0.00602043500918,0.10006416418,-0.0270699558916,-0.0466532375343,0.0120203561238,-1.12026054386,-0.00486072556482,0.11612103415,-0.0404432185617,-0.0467258684237,0.0120167100901,-0.04851,0.20538,-0.15345,0.007,0.008,-0.01
0.566,0.566028723,22.666,0,-0.218240325536,0.277848262318,-1.65015286806,-0.561285248079,0.413808335132,0.520614384018,-0.0157079632679,-0,-0,-0.00628318530718,-0.00418879020479,0,-0.000165628056704,-0.00484636540459,0.000405120090107,0.00145553151449,-0.00122770219957,0.00254342322518,-0.157474397843,0.00120178573068,0.0159910287177,-0.0133747589991,-7.29602031955e-05,-3.64537720795e-06,-0.967889499566,-0.00533170826685,0.100276019782,-0.025945567495,-0.0478738815789,0.0130112629376,-1.12536389741,-0.00412992253617,0.116267048499,-0.0393203264942,-0.0479468417821,0.0130076175604,-0.03843,0.21546,-0.13695,0.0098,0.008,-0.0066
0.567,0.567037941,5.802,0,-0.218256504239,0.277848661792,-1.6501530678,-0.56129171956,0.413804020811,0.520613904649,-0.0165806278939,-0,-0,-0.00628318530718,-0.00209439510239,-0.0010471975512,-0.000165987162072,-0.00486552625739,0.000405992117519,0.00146179175637,-0.00123334551683,0.0025594903101,-0.157388992573,0.0012439870415,0.0159249208717,-0.013376120007,-7.32878704526e-05,-3.64448474151e-06,-0.963161064938,-0.000220461903615,0.0953880179716,-0.0258231233378,-0.0495847720169,0.0140886097437,-1.12055005751,0.00102352513789,0.111312938843,-0.0391992433448,-0.0496580598873,0.0140849652589,-0.03843,0.1953,-0.1364,0.013,-0.003,-0.0044
0.568,0.568184129,11.491,0,-0.218273481891,0.277848661792,-1.6501530678,-0.561297471988,0.413798987436,0.520613664964,-0.0157079632679,-0,-0,-0.00628318530718,-0.00523598775598,0,-0.000166336252466,-0.00488424103565,0.000406489277317,0.0014672810085,-0.00123888172993,0.00257696590232,-0.157301488387,0.0012852009998,0.0158588837201,-0.0133774369656,-7.35983120878e-05,-3.64352723576e-06,-0.973847457275,-0.00761257233111,0.102818897708,-0.0258710812525,-0.0469801040921,0.0130698593904,-1.13114894566,-0.0063273713313,0.118677781428,-0.0392485182182,-0.0470537024042,0.0130662158632,-0.02457,0.22932,-0.1375,0.0014,-0.001,-0.0076
0.569,0.569220994,11.451,0,-0.218289460858,0.277848262318,-1.6501530678,-0.561302984732,0.413794433431,0.520613904649,-0.014835298642,-0,-0,-0.00418879020479,-0.00523598775598,0,-0.000166622066357,-0.00490371955315,0.00040665642387,0.00147215789935,-0.00124356202216,0.0025932885182,-0.15721415397,0.00132725972055,0.0157921626259,-0.0133786607186,-7.39291347804e-05,-3.64303465224e-06,-0.989642121764,-0.00212627707237,0.0992791699061,-0.0295537671865,-0.0493567934573,0.0111776343218,-1.14685627573,-0.000799017351821,0.115071332532,-0.042932427905,-0.0494307225921,0.0111739912871,-0.03654,0.22554,-0.14795,0.0136,0.0096,-0.0174
0.57,0.57002659,19.128,0,-0.218304840613,0.277847063896,-1.65015286806,-0.561308257791,0.413789639741,0.520614384018,-0.014835298642,-0,-0,-0.00418879020479,-0.00418879020479,0.0010471975512,-0.000166792539272,-0.0049236796284,0.000406215506299,0.00147679182253,-0.00124742777122,0.0026092155925,-0.157124734481,0.00136889557466,0.0157255857634,-0.0133797936325,-7.42390433638e-05,-3.64206378304e-06,-0.995096528664,0.000763689425759,0.0974481447179,-0.0311210763471,-0.051025770537,0.0101535561869,-1.15222126314,0.00213258500042,0.113173730481,-0.0445008699796,-0.0511000095804,0.0101499141232,-0.04977,0.17262,-0.14905,0.0112,0.009,-0.0064
0.571,0.570823404,5.387,0,-0.218321418791,0.27784606521,-1.65015226885,-0.56131353085,0.413783887313,0.520614623702,-0.0157079632679,-0,-0,-0.00418879020479,-0.00418879020479,0,-0.000167069076233,-0.004942872399,0.000405794810179,0.00148170612826,-0.00125192805716,0.0026268171869,-0.15703411852,0.00141103713829,0.0156584796035,-0.0133807718794,-7.45566412183e-05,-3.64109788933e-06,-0.987236262585,0.000594553758464,0.096736521258,-0.0302315703971,-0.0499937357471,0.0112241782677,-1.1442703811,0.00200559089676,0.112395000861,-0.0436123422765,-0.0500682923884,0.0112205371698,-0.01386,0.15561,-0.14135,0.0104,0,-0.0158
0.572,0.572027718,4.418,0,-0.21833719802,0.27784606521,-1.65015186938,-0.561318803909,0.413777655516,0.520614144333,-0.0157079632679,-0,-0,-0.00418879020479,-0.00628318530718,0,-0.000167528798747,-0.00496258512353,0.000406129787993,0.00148708250161,-0.00125801809386,0.0026438606033,-0.156942579356,0.00145466542351,0.015590523763,-0.013381742685,-7.48926439987e-05,-3.64027713758e-06,-0.987965920906,-0.00459010981823,0.101203426821,-0.0296039289899,-0.0474825983238,0.0112509744313,-1.14490850026,-0.00313544439472,0.116793950584,-0.0429856716749,-0.0475574909678,0.0112473341542,-0.06615,0.20853,-0.13915,0.0116,-0.003,-0.0018
0.573,0.573026364,5.014,0,-0.218353576461,0.277847263633,-1.65015127017,-0.561324076968,0.413771663403,0.52061342528,-0.0165806278939,0.000872664625997,-0,-0.00418879020479,-0.00628318530718,0,-0.00016827233817,-0.00498193812854,0.000407096305644,0.00149248279967,-0.0012648734568,0.00266138070248,-0.156848865447,0.00149597410791,0.0155232751412,-0.0133825475473,-7.52044552509e-05,-3.63903437291e-06,-0.979359000403,-0.017527248695,0.108496215763,-0.0277964182549,-0.0441457141077,0.0110900070143,-1.13620786585,-0.0160312745871,0.124019490905,-0.0411789658021,-0.044220918563,0.0110863679799,-0.05292,0.24255,-0.1375,0.0168,0.0008,0.004
0.574,0.574000509,4.691,0,-0.218371153324,0.277848262318,-1.65015067095,-0.561328630973,0.413765910975,0.520613664964,-0.0174532925199,0.000872664625997,0.000872664625997,-0.00523598775598,-0.00523598775598,-0.0010471975512,-0.000169016506656,-0.00500063561505,0.00040781953767,0.00149630729654,-0.00127118313806,0.00268023235578,-0.156754609705,0.00153774800129,0.0154556140205,-0.0133831804612,-7.55228570453e-05,-3.63828560594e-06,-0.972252646955,-0.00970437308517,0.100580677867,-0.0273857026635,-0.0458476203494,0.0133007227343,-1.12900725666,-0.00816662508387,0.116036291887,-0.0407688831248,-0.0459231432064,0.0132970844487,-0.03024,0.21168,-0.1518,0.0086,0.0066,-0.015
0.575,0.575034026,6.234,0,-0.218389329399,0.277848262318,-1.65015047122,-0.561332705609,0.413759679178,0.520614623702,-0.0183259571459,-0,-0,-0.00314159265359,-0.00523598775598,0.0010471975512,-0.000169520772706,-0.00501906901568,0.000408079115329,0.00149910471768,-0.00127722556322,0.0027000902856,-0.156658332436,0.00158163701665,0.0153869485557,-0.0133838914617,-7.58482354436e-05,-3.63691598182e-06,-0.965937691677,-0.00154645297178,0.0959656019565,-0.0327952729434,-0.0460724308227,0.00930144820779,-1.12259602411,3.51840448665e-05,0.111352550512,-0.0461791644051,-0.0461482790581,0.0092978112918,-0.02205,0.20034,-0.13255,0.0078,-0.0034,-0.0106
0.576,0.575990602,5.201,0,-0.218407105999,0.277847862844,-1.65015067095,-0.56133701993,0.413753687066,0.520615342756,-0.0174532925199,-0.000872664625997,-0,-0.00418879020479,-0.00628318530718,0.0010471975512,-0.000169870940583,-0.00503787190949,0.000408280503209,0.0015023588943,-0.00128310624037,0.00271934361904,-0.156561548042,0.00162429311655,0.0153182445231,-0.0133844519919,-7.61770301645e-05,-3.63581413796e-06,-0.980352511007,0.00690382856883,0.0933256133412,-0.0328756429467,-0.04810202025,0.0104643378407,-1.13691405905,0.00852812168538,0.108643857864,-0.0462600949386,-0.0481781972802,0.0104607020266,-0.04914,0.20223,-0.15235,0.007,0.006,-0.0026
0.577,0.577033155,4.618,0,-0.218424882599,0.277847663107,-1.65015087069,-0.561340854882,0.413747455269,0.520615822125,-0.0174532925199,-0,-0,-0.00418879020479,-0.00523598775598,0,-0.000170294442901,-0.00505673704472,0.000408560647804,0.00150537349853,-0.00128929687755,0.00273888622759,-0.156464445104,0.00166709898043,0.0152494078441,-0.0133848908245,-7.65067699955e-05,-3.63520079538e-06,-0.984880128631,-0.00222066160742,0.0987628771533,-0.0306729343547,-0.0474559229931,0.011339744768,-1.14134457374,-0.000553562626989,0.114012284997,-0.0440578251793,-0.0475324297631,0.0113361095672,-0.04347,0.20538,-0.14465,0.0008,0.0002,-0.0082
0.578,0.578039797,7.73,1,-0.218444257096,0.27784746337,-1.65015107043,-0.561344929519,0.413741942526,0.52061558244,-0.0200712863979,-0,-0,-0.00314159265359,-0.00523598775598,0,-0.000170706815852,-0.00507468157607,0.000408802640107,0.00150932358558,-0.00129491287945,0.00275958333391,-0.156364629018,0.00170957456042,0.0151805502379,-0.013385279356,-7.68165692943e-05,-3.63382755673e-06,-0.953701129276,-0.00203747829742,0.0950378885564,-0.0321470346256,-0.0441868659932,0.0103971839333,-1.11134457374,-0.000327903737001,0.110218438794,-0.0455323139816,-0.0442636825625,0.0103935501057,-0.04284,0.2016,-0.13695,0.0076,0.0034,-0.0132
0.579,0.57903163,5.678,0,-0.218464230804,0.277847663107,-1.65015087069,-0.56134924384,0.413736909151,0.520615103071,-0.0191986217719,-0,-0,-0.00418879020479,-0.00418879020479,0,-0.00017125503501,-0.00509230075848,0.000409091674787,0.00151373496273,-0.00130016215439,0.00278055640101,-0.156264223805,0.00175278373878,0.0151110366672,-0.0133855185751,-7.71428526726e-05,-3.63291947367e-06,-0.970312850112,-0.000500900486788,0.0957398275334,-0.0311867733884,-0.0466970691807,0.0113791156946,-1.12657707392,0.00125188325199,0.110850864201,-0.0445722919635,-0.0467742120334,0.0113754827751,-0.00378,0.17388,-0.14795,0.0044,0.002,-0.006
0.58,0.580027452,4.694,0,-0.218483205827,0.277848462055,-1.65015087069,-0.561354277214,0.413731636092,0.520614623702,-0.0174532925199,-0,-0,-0.00523598775598,-0.00523598775598,0,-0.000171864700847,-0.00511058171629,0.000409956111059,0.00151863103027,-0.00130654429452,0.00280040010273,-0.156161605924,0.0017969311077,0.0150410174965,-0.0133856892171,-7.74695575516e-05,-3.63170770287e-06,-0.995536271693,-0.0037244360414,0.101381708506,-0.0295333192389,-0.0477364575569,0.0123646007118,-1.15169787762,-0.0019275049337,0.116422726003,-0.042919008456,-0.0478139271144,0.0123609690041,-0.04599,0.20853,-0.1419,0.0082,0.0014,-0.0052
0.581,0.580894377,11.483,0,-0.218501182164,0.277849261004,-1.65015047122,-0.56135883122,0.413726123349,0.520614623702,-0.0174532925199,-0,-0,-0.00418879020479,-0.00523598775598,0,-0.000172569295916,-0.00512956273916,0.000410590578579,0.00152269609382,-0.00131264580488,0.00281953080197,-0.156058735623,0.00183957980426,0.0149711924707,-0.0133857833797,-7.77940566619e-05,-3.63029602836e-06,-0.999437585619,-0.00129921880764,0.0994277379835,-0.0313992154437,-0.0483793333137,0.0114259876805,-1.15549632124,0.000540360996622,0.114398930454,-0.0447849988234,-0.0484571273704,0.0114223573845,-0.0504,0.21357,-0.14245,0.012,0.008,-0.001
0.582,0.582046837,6.744,0,-0.218520356924,0.277849660478,-1.65015047122,-0.561363385225,0.413720370921,0.520614863387,-0.0191986217719,-0,-0,-0.00418879020479,-0.00523598775598,0,-0.000173131294248,-0.0051478674893,0.000411177001573,0.00152651994661,-0.0013189566094,0.00283998040007,-0.155954774732,0.00188345653907,0.0149007631564,-0.0133857485795,-7.81272378351e-05,-3.62932550503e-06,-0.9797911605,-0.00261035440669,0.0984469269307,-0.0313172856986,-0.0460026074181,0.0114427084595,-1.13574593523,-0.000726897867628,0.113347690087,-0.0447030342781,-0.0460807346559,0.011439079134,-0.00063,0.19719,-0.14575,0.0064,0,-0.0098
0.583,0.582859127,5.663,0,-0.218539531684,0.277849860215,-1.65015047122,-0.561367939231,0.413714858177,0.52061558244,-0.0183259571459,-0,-0,-0.00314159265359,-0.00523598775598,0,-0.000173656836588,-0.0051662662002,0.000411611722665,0.00152990749256,-0.00132486455113,0.00286031195258,-0.155848067298,0.00192695455865,0.0148303596902,-0.0133856390693,-7.84403732397e-05,-3.62805661344e-06,-0.995256902875,0.000608566571533,0.0970536360706,-0.033321015454,-0.0479430677061,0.0105018472886,-1.15110497017,0.00253552113018,0.111883995761,-0.0467066545233,-0.0480215080793,0.010498219232,-0.04788,0.16254,-0.14025,0.0102,0.0034,-0.0088
0.584,0.584028791,4.839,0,-0.218557508021,0.277850059952,-1.65015007174,-0.561372972605,0.413710064487,0.520616061809,-0.0174532925199,-0,-0,-0.00418879020479,-0.00418879020479,0,-0.000174225247619,-0.00518551849892,0.000411851596158,0.00153406034028,-0.00132985056968,0.00287891688152,-0.155742086209,0.00196935610118,0.014759955592,-0.0133853427093,-7.876469192e-05,-3.62690056427e-06,-1.01208499189,0.00216696633203,0.0977579048619,-0.0323689230065,-0.0504781245774,0.0114825362096,-1.1678270781,0.00413632243321,0.112517860454,-0.0457542657158,-0.0505568892693,0.0114789093091,-0.06804,0.19278,-0.1485,0.0128,0.0066,-0.0058
0.585,0.585033491,4.462,0,-0.218576682781,0.277850259689,-1.65014967227,-0.561377766295,0.413705510482,0.520616061809,-0.0191986217719,-0,-0,-0.00523598775598,-0.00314159265359,0,-0.000174811070627,-0.00520409146735,0.000412033243602,0.00153847332439,-0.0013345882814,0.00289868806708,-0.155633838743,0.00201383219943,0.0146885968169,-0.013385001362,-7.90961479055e-05,-3.62540605497e-06,-0.99387734941,0.00143205457342,0.0967141459179,-0.0310190611286,-0.0490987103105,0.0124610540569,-1.14951118815,0.00344588677285,0.111402742735,-0.0444040624906,-0.0491778064584,0.0124574286508,-0.05292,0.21294,-0.13365,0.0048,0.0028,0.0054
0.586,0.586027426,13.674,0,-0.218597055964,0.277850259689,-1.65014967227,-0.56138279967,0.413700716792,0.520615822125,-0.0200712863979,-0,-0,-0.00418879020479,-0.00418879020479,-0.0010471975512,-0.000175281364781,-0.00522197404593,0.000412324489593,0.00154330153508,-0.0013397753335,0.00291968993995,-0.155523633599,0.00205809967173,0.0146171818978,-0.0133846650893,-7.94160794885e-05,-3.62404355085e-06,-0.984414698302,0.000640692394073,0.0960684434522,-0.0313902763775,-0.0470497395612,0.0125722818121,-1.1399383319,0.0026987920658,0.11068562535,-0.0447749414668,-0.0471291556407,0.0125686577685,0.02394,0.22176,-0.1441,0.0082,0.002,-0.0086
0.587,0.586999455,5.678,0,-0.218616430461,0.277849660478,-1.65014987201,-0.561388072729,0.413695923102,0.52061558244,-0.0183259571459,-0,-0,-0.00418879020479,-0.00418879020479,0,-0.000175589354796,-0.00524059834688,0.000412358549086,0.00154843400233,-0.00134461818395,0.00293961066305,-0.155414132804,0.00210245627272,0.0145452702632,-0.0133841902561,-7.9753967881e-05,-3.62296850026e-06,-1.01139411838,0.00225948795412,0.0975736559367,-0.0328044683527,-0.0499027689406,0.0115530002639,-1.16680825119,0.00436194422684,0.1121189262,-0.0461886586088,-0.0499825229085,0.0115493772954,-0.03213,0.19341,-0.1595,0.0092,0.0016,-0.0152
0.588,0.588228903,11.893,0,-0.218634207061,0.277848861529,-1.65015007174,-0.561393345787,0.413691369096,0.520616061809,-0.0165806278939,-0,-0,-0.00418879020479,-0.00418879020479,0,-0.00017586480693,-0.00526034079191,0.000412240131914,0.00155289412825,-0.00134905926607,0.00295781658243,-0.15530167751,0.00214644834594,0.014473382147,-0.0133835417311,-8.00768131147e-05,-3.62119148261e-06,-1.03852575656,0.00413402826114,0.0988471108373,-0.0332699550576,-0.0527761063299,0.0115775779666,-1.19382743407,0.00628047660708,0.113320492984,-0.0466534967887,-0.052856183143,0.0115739567751,-0.00441,0.1575,-0.1397,0.0136,0.0052,-0.0122
0.589,0.589215786,11.828,0,-0.218651184713,0.277848462055,-1.65015007174,-0.561398858531,0.41368729446,0.520616061809,-0.0157079632679,-0,-0,-0.00628318530718,-0.00418879020479,0,-0.000176247360671,-0.0052806628285,0.000412262351678,0.00155800893794,-0.00135332586153,0.00297489741581,-0.155187633405,0.002189534163,0.0144015792037,-0.0133827807848,-8.03910069167e-05,-3.61985172611e-06,-1.05377145889,0.000806162434312,0.103821122577,-0.0302337624638,-0.05354443209,0.0135219906897,-1.2089590923,0.00299569659731,0.118222701781,-0.0436165432485,-0.0536248230969,0.013518370838,-0.01638,0.189,-0.1496,0.0068,0.0112,-0.0046
0.59,0.590066207,4.765,0,-0.218667163679,0.277848861529,-1.65015007174,-0.56140413159,0.41368250077,0.520615822125,-0.014835298642,0.000872664625997,-0,-0.00418879020479,-0.00209439510239,0,-0.000176816659967,-0.00530162883861,0.000412813502441,0.00156297311211,-0.00135895035947,0.0029914232511,-0.15507389167,0.00223423938714,0.0143289684828,-0.0133819755806,-8.07265025155e-05,-3.61894855769e-06,-1.07209745752,-0.000642913832702,0.103667658995,-0.0328859630667,-0.0564210824275,0.0114434370792,-1.22717134919,0.00159132555444,0.117996627478,-0.0462679386472,-0.05650180893,0.0114398181306,-0.02898,0.19467,-0.14575,0.0124,-0.0062,-0.0044
0.591,0.591037838,5.389,0,-0.218682942909,0.277849660478,-1.65015007174,-0.561409644333,0.413677467396,0.520614863387,-0.014835298642,0.000872664625997,-0,-0.00523598775598,-0.00523598775598,-0.0010471975512,-0.000177461556809,-0.00532275885051,0.000413660288718,0.0015687891364,-0.00136521907757,0.00300778327535,-0.1549580468,0.00227884943278,0.0142562048156,-0.0133811242504,-8.10555284723e-05,-3.61707260959e-06,-1.07127355672,-0.0105940536826,0.112238239228,-0.029206269423,-0.0521274954618,0.0134784953425,-1.22623160352,-0.00831520424978,0.126494444044,-0.0425873936733,-0.0522085509903,0.0134748782699,-0.04032,0.20601,-0.14465,0.0056,0.002,-0.0042
0.592,0.59221508,11.381,0,-0.218697323979,0.277850459426,-1.65015007174,-0.561415636446,0.41367291339,0.520614623702,-0.01308996939,0.000872664625997,-0,-0.00523598775598,-0.00523598775598,0,-0.000178087316098,-0.00534487120794,0.000414522838303,0.00157432477539,-0.00137116816934,0.00302233808879,-0.154841776121,0.00232412799065,0.0141828369159,-0.0133801959379,-8.13910112573e-05,-3.61540438979e-06,-1.0987221348,-0.00906625507232,0.113836718616,-0.03060979073,-0.0550103750558,0.012461287764,-1.25356391092,-0.00674212708167,0.128019555532,-0.0439899866679,-0.0550917660671,0.0124576723596,-0.02898,0.18459,-0.1364,0.0098,0.0108,-0.0028
0.593,0.593223236,12.18,0,-0.218710706363,0.277851058637,-1.65015047122,-0.561421868243,0.413668359385,0.520615103071,-0.01308996939,-0,-0,-0.00628318530718,-0.00314159265359,0,-0.000178603825918,-0.00536771186302,0.000415470189413,0.00157932054529,-0.00137735857974,0.00303581299054,-0.154723703937,0.00236850826172,0.0141095568696,-0.0133790568276,-8.17180964262e-05,-3.61444169766e-06,-1.10670704835,0.00673503491249,0.104251268836,-0.0317601506361,-0.0599302281601,0.0136318196134,-1.26143075229,0.00910354317421,0.118360825705,-0.0451392074637,-0.0600119462565,0.0136282051717,-0.04347,0.21042,-0.1518,0.0112,-0.0004,-0.0144
0.594,0.594050892,6.679,0,-0.218724488222,0.2778508589,-1.65015067095,-0.561427620671,0.413663805379,0.520616061809,-0.01308996939,-0,-0.000872664625997,-0.00523598775598,-0.00418879020479,0.0010471975512,-0.000179016260022,-0.00539041122482,0.000415757123243,0.00158361172434,-0.00138247715042,0.00304985598747,-0.154602933978,0.00241225761413,0.0140365339816,-0.0133778182722,-8.20245321329e-05,-3.61253408392e-06,-1.11011121399,-0.00134643682597,0.111947767424,-0.0324197806979,-0.0574591093571,0.0114603957928,-1.26471414796,0.00106582078816,0.125984301405,-0.0457975989701,-0.0575411338892,0.0114567832587,-0.04473,0.2016,-0.13695,0.0098,0.0024,-0.0092
0.595,0.595044288,4.723,0,-0.218738070343,0.277849860215,-1.65015087069,-0.56143289373,0.413659251374,0.520616301494,-0.012217304764,-0.000872664625997,-0,-0.00523598775598,-0.00418879020479,0,-0.000179294167294,-0.00541336166173,0.000415477581828,0.00158835474931,-0.00138671857734,0.00306386407107,-0.154482964755,0.00245801506441,0.0139624339196,-0.0133765155288,-8.23663029896e-05,-3.61085405434e-06,-1.12620825233,0.0200321935971,0.0974807114349,-0.0354281941172,-0.0631406323233,0.0129059812606,-1.28069121709,0.0224902086615,0.111443145354,-0.048804709646,-0.0632229986263,0.0129023704065,-0.02961,0.18081,-0.14245,0.0058,0.0036,-0.0038
0.596,0.596033244,4.523,0,-0.218750853517,0.277849061267,-1.65015127017,-0.561438406473,0.413655176737,0.520616061809,-0.01308996939,-0.000872664625997,-0,-0.00523598775598,-0.00314159265359,0,-0.000179577357539,-0.00543691057474,0.000415396040129,0.0015937130338,-0.00139098367227,0.00307675418993,-0.154361334865,0.00250343995031,0.0138878954385,-0.0133751696462,-8.27097113538e-05,-3.60976333725e-06,-1.12046694028,0.0223683939685,0.0948910796425,-0.0359083159888,-0.0635434075288,0.0129315170908,-1.27482827514,0.0248718339188,0.108778975081,-0.049283485635,-0.0636261172401,0.0129279073274,-0.05418,0.18018,-0.1507,0.0026,0,0
0.597,0.596996559,5.152,0,-0.218765234587,0.277848861529,-1.6501514699,-0.561444398586,0.413651341785,0.520615822125,-0.013962634016,-0,-0,-0.00523598775598,-0.00209439510239,-0.0010471975512,-0.000179991562722,-0.00545947341962,0.000415633466828,0.00159942172001,-0.00139552958527,0.00309095218725,-0.154237016653,0.00254791120902,0.0138139090563,-0.0133736768786,-8.30177236958e-05,-3.60777036375e-06,-1.11382802975,0.0125332648749,0.0997508269441,-0.0335756570659,-0.061654512565,0.0138192362094,-1.26806504641,0.015081176084,0.113564736,-0.0469493339445,-0.0617375302887,0.0138156284391,-0.03402,0.1953,-0.1364,0.008,0.002,-0.0154
0.598,0.598049472,5.043,0,-0.218780414605,0.277849061267,-1.65015127017,-0.561451349436,0.413647746518,0.520615103071,-0.014835298642,-0,-0,-0.00733038285838,-0.00314159265359,0,-0.000180502443031,-0.00548155059829,0.000416030257715,0.00160648776632,-0.00140006154867,0.00310549483539,-0.154113405303,0.00259336849878,0.0137391972163,-0.013372045872,-8.33593645392e-05,-3.60605425192e-06,-1.10444261905,0.00469143930689,0.105979662297,-0.0308170300365,-0.0584510627884,0.0147238499633,-1.25855602435,0.00728480780566,0.119718859514,-0.0441890759085,-0.058534422153,0.014720243909,-0.063,0.17766,-0.1364,0.0078,0.0042,-0.0024
0.599,0.599029374,11.241,0,-0.218795994097,0.277849660478,-1.6501514699,-0.56145901934,0.413643911566,0.520614384018,-0.0157079632679,-0,-0,-0.00733038285838,-0.00209439510239,-0.0010471975512,-0.000180999747713,-0.00550340673466,0.000416971026039,0.00161403911671,-0.00140572724274,0.00312030684608,-0.153987534776,0.00263795111058,0.0136644621588,-0.0133703179972,-8.36837207404e-05,-3.6045077034e-06,-1.09847306147,0.00709627439721,0.103247236119,-0.0302977751049,-0.0588073099232,0.015807507174,-1.25246059625,0.00973422550779,0.116911698277,-0.0436680931022,-0.058890993644,0.0158039026663,-0.06174,0.2079,-0.14135,0.0128,-0.002,-0.0132
0.6,0.600041908,4.407,0,-0.218812372538,0.277850059952,-1.65015166964,-0.561466689244,0.413640316298,0.520614144333,-0.0165806278939,-0,-0,-0.00628318530718,-0.00314159265359,0,-0.000181458626691,-0.00552484484061,0.000417761464116,0.00162115365836,-0.00141099006297,0.00313579647268,-0.153859534465,0.00268361894204,0.0135890831135,-0.0133685919788,-8.40035557081e-05,-3.60261099942e-06,-1.08947572983,0.0058313408198,0.103112036601,-0.0325738670867,-0.0567993880386,0.0138357009347,-1.24333526429,0.00851495976184,0.116701119714,-0.0459424590655,-0.0568833915943,0.0138320983237,-0.04788,0.21987,-0.1397,0.0136,0.0028,-0.0012
0.601,0.601035601,4.835,0,-0.218830548612,0.277850059952,-1.65015166964,-0.561473879779,0.413636960715,0.520614623702,-0.0174532925199,-0,-0,-0.00628318530718,-0.00314159265359,0,-0.000181894211142,-0.00554523804821,0.000418118876871,0.00162723779843,-0.00141536371453,0.00315313280451,-0.153732403375,0.0027298574876,0.0135133535438,-0.0133667301609,-8.43513651013e-05,-3.60123958196e-06,-1.08173918178,0.00535524681137,0.102685965427,-0.0326273598481,-0.0557664266252,0.0138648255733,-1.23547158516,0.00808510429898,0.116199318971,-0.045994090009,-0.0558507779903,0.0138612243338,-0.02268,0.2016,-0.1408,0.0066,0.0076,-0.008
0.602,0.602018186,28.977,0,-0.218847925738,0.277849460741,-1.6501514699,-0.561480590945,0.413633605132,0.520616061809,-0.0174532925199,-0,-0,-0.00523598775598,-0.00209439510239,0.00209439510239,-0.000182270445365,-0.00556624732104,0.000417938972693,0.00163209784188,-0.00141885891347,0.00316984120407,-0.153603100326,0.00277434636769,0.0134384021621,-0.013364653448,-8.46709577649e-05,-3.59947684163e-06,-1.08744969147,0.0102109441223,0.0989550506459,-0.0368405968968,-0.0578457991522,0.0108357938166,-1.24105279179,0.01298529049,0.112393452808,-0.0502052503448,-0.05793047011,0.0108321943397,-0.0819,0.1764,-0.1408,0.0088,-0.0044,-0.0014
0.603,0.603149424,12.121,0,-0.218866101813,0.277849061267,-1.6501514699,-0.561488500533,0.41362977018,0.520617499916,-0.0183259571459,-0,-0,-0.00733038285838,-0.00314159265359,0,-0.000182593973444,-0.00558675895127,0.000418170724195,0.00163796643644,-0.00142340119806,0.00318716595647,-0.153472080205,0.00281963303451,0.0133625685102,-0.0133625563819,-8.49941677574e-05,-3.59737336566e-06,-1.077847437,0.0030569313693,0.104490903416,-0.0312098830926,-0.0546220369669,0.0148759919571,-1.2313195172,0.00587656440381,0.117853471926,-0.0445724394745,-0.0547070311347,0.0148723945837,-0.03906,0.17892,-0.1518,0.007,0.0004,-0.0204
0.604,0.604095979,11.618,0,-0.218884677361,0.277849460741,-1.65015127017,-0.561495451384,0.413625935228,0.520617739601,-0.0183259571459,-0,-0,-0.00628318530718,-0.00418879020479,0,-0.000183172569173,-0.00560706619997,0.000418679909911,0.00164402806966,-0.00142833903916,0.00320522484847,-0.153340550046,0.0028658097685,0.013285932728,-0.0133603799687,-8.53335595212e-05,-3.59568480099e-06,-1.08033622478,0.00280365724014,0.104670511506,-0.0326718973107,-0.0539046741499,0.0139473347344,-1.23367677483,0.00566946700864,0.117956444234,-0.0460322772794,-0.0539900077094,0.0139437390496,-0.04599,0.21987,-0.1397,0.006,0.0054,-0.0112
0.605,0.605035961,4.581,0,-0.218903452647,0.277850059952,-1.65015107043,-0.56150216255,0.413621860592,0.520616780863,-0.0183259571459,0.000872664625997,-0,-0.00628318530718,-0.00209439510239,-0.0010471975512,-0.000183811150531,-0.00562730119564,0.000419298304092,0.00165102376361,-0.00143363280935,0.00322368624701,-0.153206353743,0.00291229499663,0.0132092843892,-0.0133581287974,-8.56632226496e-05,-3.59369897755e-06,-1.08657859737,-0.00361769922965,0.107971127794,-0.0308583931684,-0.054657071823,0.0148426655207,-1.23978495111,-0.000705404233027,0.121180412184,-0.0442165219658,-0.0547427350456,0.0148390718218,-0.0504,0.20538,-0.15015,0.0046,-0.0052,0.0038
0.606,0.606058062,4.919,0,-0.218921628722,0.277850059952,-1.65015087069,-0.5615091134,0.413617546271,0.520615822125,-0.0174532925199,-0,-0,-0.00628318530718,-0.00418879020479,-0.00209439510239,-0.000184317883094,-0.00564800198847,0.000419589668938,0.00165836897027,-0.00143859649387,0.00324158238337,-0.153071730627,0.00295790756518,0.0131328571465,-0.0133556795528,-8.59871022569e-05,-3.59179921031e-06,-1.09980748085,0.00455816844719,0.105117744875,-0.031249988445,-0.0557329885441,0.016114522214,-1.25287921148,0.00751607601237,0.118250602021,-0.0446056679978,-0.0558189756464,0.0161109304148,-0.0441,0.19152,-0.1397,0.0066,0.0022,-0.014
0.607,0.606995789,5.224,0,-0.218940404007,0.277849860215,-1.65015027148,-0.56151654362,0.413614190688,0.520614863387,-0.0183259571459,-0,-0,-0.00733038285838,-0.00418879020479,0,-0.000184824750139,-0.0056684214311,0.000419537220141,0.00166628150103,-0.00144224243696,0.00325943548086,-0.152937338874,0.00300328999571,0.0130561406141,-0.0133531338664,-8.63240955497e-05,-3.59037472558e-06,-1.09190214898,0.00147916048818,0.10722488176,-0.0315436879247,-0.0543043944882,0.0150172707585,-1.24483948785,0.0044824504839,0.120281022375,-0.0448968217911,-0.0543907185837,0.0150136803838,-0.05418,0.19152,-0.1364,0.0104,0.013,0.006
0.608,0.608041473,5.234,0,-0.21895937903,0.277849460741,-1.65014987201,-0.561524692892,0.413610355736,0.520614863387,-0.0191986217719,-0,-0,-0.00837758040957,-0.00209439510239,0,-0.00018522445493,-0.0056887563554,0.000419582978188,0.00167389453164,-0.00144644737381,0.00327747698728,-0.152799545422,0.00304957546026,0.0129787874869,-0.0133505997326,-8.6648516778e-05,-3.58831832895e-06,-1.0871125511,0.00428788795049,0.104598388285,-0.0307266979888,-0.0556377599915,0.0160129028921,-1.23991209652,0.00733746341075,0.117577175772,-0.0440772977214,-0.0557244085083,0.0160093145737,-0.05355,0.1827,-0.1507,0.0094,0.0002,-0.0048
0.609,0.609043743,4.693,0,-0.218978953264,0.277849660478,-1.65014947253,-0.561532362796,0.4136062811,0.520615342756,-0.0191986217719,-0,-0,-0.00733038285838,-0.00314159265359,0.0010471975512,-0.000185778302061,-0.00570875142118,0.000419959334321,0.00168045688191,-0.00145134727931,0.00329640288614,-0.15266059903,0.0030973578051,0.0129005880683,-0.013347956272,-8.69864426599e-05,-3.58599774666e-06,-1.08954908955,0.00382779867854,0.104985497827,-0.0331488620724,-0.0549175025274,0.0140395425666,-1.24220968858,0.00692515648365,0.117886085895,-0.0464968183444,-0.05500448897,0.0140359565689,-0.0441,0.20664,-0.1386,0.0058,-0.001,-0.0004
0.61,0.610066301,4.884,0,-0.218998727235,0.277850059952,-1.65014907306,-0.561539793016,0.413602446148,0.520616301494,-0.0191986217719,-0,-0,-0.00628318530718,-0.00418879020479,0,-0.000186392937303,-0.0057286981442,0.000420401501502,0.0016862803095,-0.00145618753645,0.00331549418169,-0.152521937667,0.00314310465462,0.0128231641076,-0.0133450736693,-8.73202027749e-05,-3.5842849136e-06,-1.09198047671,0.00380453908968,0.104928398487,-0.0336556473055,-0.054195343411,0.0141568798844,-1.24450241437,0.0069476437443,0.117751562595,-0.0470007209748,-0.0542826636138,0.0141532955995,-0.04725,0.17577,-0.14025,0.0064,0.0072,-0.011
0.611,0.611247793,11.63,0,-0.219018301469,0.277850459426,-1.65014907306,-0.561547223235,0.413599330249,0.520617260232,-0.0191986217719,-0,-0,-0.00628318530718,-0.00209439510239,0,-0.000186950940724,-0.00574889566744,0.000420960276259,0.00169201643079,-0.00146079355579,0.00333402666323,-0.152381308678,0.00318864841142,0.0127456815781,-0.0133421930487,-8.76420875738e-05,-3.58225186111e-06,-1.09897370848,0.00951376190516,0.10079195666,-0.0346507974338,-0.0572223079815,0.0141854798709,-1.25135501716,0.0127024103166,0.113537638238,-0.0479929904825,-0.057309950069,0.014181897619,-0.06237,0.19341,-0.154,0.012,0.0032,-0.0094
0.612,0.612214885,12.82,1,-0.219039873074,0.277850659163,-1.65014907306,-0.56155441377,0.413595974666,0.520617020547,-0.0226892802759,-0,-0,-0.00733038285838,-0.00209439510239,0,-0.000187481058403,-0.00576788640141,0.0004213802282,0.00169877302734,-0.00146536701629,0.00335475778227,-0.152239440639,0.00323589502034,0.0126671669288,-0.0133392016999,-8.79778593312e-05,-3.5801652856e-06,-1.05592647949,0.0045109311292,0.100752919976,-0.0326179925919,-0.051851250096,0.01517297857,-1.22135501716,0.00774682614954,0.113420086905,-0.0459571942919,-0.0519392279553,0.0151693984047,-0.04221,0.18837,-0.1474,0.005,0.0056,-0.011
0.613,0.612913947,11.815,0,-0.219062643101,0.277850459426,-1.65014887332,-0.561561364621,0.413592379399,0.520616301494,-0.0218166156499,-0,-0,-0.00628318530718,-0.00209439510239,0,-0.000187976339617,-0.00578618343983,0.00042143914079,0.00170591881367,-0.00146951780795,0.00337689295952,-0.152096339361,0.00328154410689,0.0125888748371,-0.0133359775069,-8.83075338462e-05,-3.57814389115e-06,-1.07133553261,0.0077987884088,0.0992996431289,-0.0346211000181,-0.0538004722451,0.0142510033289,-1.22343187197,0.0110803325157,0.111888517966,-0.0479570775251,-0.0538887797789,0.014247425185,-0.00756,0.20601,-0.1408,0.007,-0.0008,-0.0016
0.614,0.613825445,5.971,1,-0.219083415758,0.277850059952,-1.65014847385,-0.561568315471,0.413588544447,0.520615822125,-0.0191986217719,-0,0.000872664625997,-0.00628318530718,-0.00314159265359,0,-0.000188471555343,-0.00580582317275,0.000421295479246,0.0017129119932,-0.00147348394155,0.00339714947691,-0.151950676849,0.00332801252997,0.0125100962556,-0.01333282128,-8.86326599598e-05,-3.57572345844e-06,-1.10791739726,0.0153720171399,0.0959899407561,-0.0365906635944,-0.058380849741,0.0144765076913,-1.25343187197,0.0187000296699,0.108500037012,-0.0499234848743,-0.058469482401,0.0144729319678,-0.03402,0.19908,-0.1551,0.0084,-0.0016,-0.0004
0.615,0.614904925,11.983,0,-0.219103389466,0.277849860215,-1.65014827411,-0.561575506006,0.413585188864,0.520616061809,-0.0200712863979,-0,-0,-0.00628318530718,-0.00314159265359,0,-0.000188970268933,-0.00582606323685,0.000421353559095,0.00171931956992,-0.00147747024621,0.00341628365116,-0.151805304253,0.00337543051834,0.0124311273999,-0.0133295004425,-8.89635677445e-05,-3.57383350325e-06,-1.10071318682,0.00728271479338,0.102810347833,-0.034876314569,-0.0555565519017,0.0143204275869,-1.25251849107,0.0106581453117,0.115241475233,-0.0482058150115,-0.0556455154694,0.0143168537534,-0.07371,0.19845,-0.14685,0.0092,0.0034,-0.0184
0.616,0.61581658,3.451,1,-0.219125959756,0.277849860215,-1.65014787463,-0.561581977487,0.413582792019,0.520616061809,-0.0226892802759,-0,-0,-0.00733038285838,-0.00209439510239,0,-0.000189582577766,-0.00584475916806,0.000421257257424,0.00172530796389,-0.00148048403047,0.00343778956923,-0.151659434792,0.0034225570493,0.0123518499733,-0.0133260503981,-8.93036818987e-05,-3.57195646892e-06,-1.07082917552,0.00583731339803,0.10113852496,-0.0334000011941,-0.0528824301942,0.0153053517999,-1.22251849107,0.00925987044733,0.113490374934,-0.0467260515921,-0.0529717338761,0.0153017798434,-0.02772,0.22554,-0.1386,-0.0032,0.0104,-0.0116
0.617,0.616827409,5.218,1,-0.219147331624,0.277850259689,-1.65014747516,-0.561589407707,0.413580634858,0.520615342756,-0.0200712863979,-0,-0,-0.00733038285838,-0,0,-0.000190233577301,-0.00586426374253,0.000421506918334,0.00173280871325,-0.00148387262812,0.00345764147118,-0.151510166766,0.00346972058528,0.0122721410841,-0.0133226095701,-8.96342392487e-05,-3.56945210168e-06,-1.1126599046,0.0138803079177,0.0986912514266,-0.0347949806397,-0.0598174602669,0.0153466625675,-1.25251849107,0.017350028503,0.110963392511,-0.0481175902097,-0.0599070945061,0.0153430931153,0.01512,0.20475,-0.1496,0.0046,-0.0018,-0.003
0.618,0.617783068,5.064,1,-0.219166506384,0.277850259689,-1.65014747516,-0.561597317295,0.413578238013,0.520614863387,-0.0183259571459,-0,-0,-0.00733038285838,-0.00209439510239,0,-0.000190722499805,-0.00588525680601,0.000421772631563,0.00174050861826,-0.00148756471125,0.00347524752269,-0.151360434858,0.00351684628562,0.0121924820283,-0.0133189468045,-8.9965153267e-05,-3.56726265798e-06,-1.13679139166,0.0102734543718,0.104282212738,-0.0344382428403,-0.0599343556282,0.0153876870046,-1.28251849107,0.0137903006574,0.116474694766,-0.0477571896448,-0.0600243207814,0.0153841197419,-0.0378,0.21861,-0.1474,0.0154,0.0016,-0.0022
0.619,0.619007147,3.972,0,-0.219185081932,0.277850059952,-1.65014727542,-0.561604987199,0.413576320537,0.520614863387,-0.0191986217719,-0,-0,-0.00733038285838,-0.00209439510239,0,-0.000191222488033,-0.0059067372695,0.000421737786483,0.00174759808937,-0.0014904017188,0.00349210145814,-0.151210941536,0.00356342839876,0.0121128215398,-0.0133151392495,-9.02990617012e-05,-3.5653644731e-06,-1.12917349012,0.00986728796929,0.103808026098,-0.0345050928395,-0.058926682546,0.0154217904281,-1.28038443165,0.0134307163681,0.115920847637,-0.047820232089,-0.0590169816077,0.0154182250636,-0.09954,0.17703,-0.1342,0.0058,0.0068,-0.0036
0.62,0.62003731,11.512,0,-0.219207252748,0.277849860215,-1.65014727542,-0.561612417419,0.413573923692,0.520615822125,-0.0218166156499,-0,-0,-0.00628318530718,-0.0010471975512,0.0010471975512,-0.000191701451308,-0.00592597048036,0.000421802784842,0.00175346297271,-0.00149380256644,0.00351287291624,-0.151058800293,0.00361103655595,0.0120324885125,-0.0133113973945,-9.06287498788e-05,-3.56282947074e-06,-1.09967405002,0.0126082397765,0.0981163205643,-0.0373493344256,-0.0570649878605,0.0134410473522,-1.25073285032,0.0162192763324,0.110148809077,-0.0506607318201,-0.0571556166104,0.0134374845227,0.00315,0.18081,-0.14355,0.007,-0.0012,-0.0034
0.621,0.621246711,11.595,0,-0.219228824353,0.277849860215,-1.6501476749,-0.561619607954,0.413571047478,0.520616780863,-0.0209439510239,-0,-0,-0.00628318530718,-0.00209439510239,0,-0.000192178676606,-0.00594564488968,0.000422187158648,0.00175897743215,-0.00149815472168,0.00353336686099,-0.150904697161,0.00365785972479,0.0119521483614,-0.0133073916523,-9.09500468673e-05,-3.56033951789e-06,-1.11353555583,0.0111554034332,0.100761818542,-0.036309798273,-0.057236935137,0.0145170356445,-1.26444025299,0.014813263158,0.112713966904,-0.0496171899252,-0.0573278851839,0.014513475305,-0.02268,0.21924,-0.1573,0.0114,-0.0082,-0.0142
0.622,0.622080252,7.861,0,-0.219249796747,0.277850059952,-1.65014787463,-0.561626798489,0.413568650633,0.520617260232,-0.0200712863979,-0,-0,-0.00628318530718,-0.00314159265359,0,-0.000192736913808,-0.00596578281691,0.000422552934616,0.00176497294246,-0.0015020918292,0.00355302208257,-0.150750902599,0.0037051330771,0.0118714852949,-0.0133032906251,-9.12901530394e-05,-3.55832703409e-06,-1.12745777639,0.00948417802928,0.103627169482,-0.0362298011533,-0.0574178699684,0.0145482453697,-1.27820867899,0.0131893111064,0.115498654777,-0.0495330917784,-0.0575091601215,0.0145446870427,-0.06174,0.21609,-0.14135,0.0122,0.008,-0.008
0.623,0.623071716,6.701,0,-0.219271767826,0.277850059952,-1.6501476749,-0.561633509655,0.413566733157,0.520617020547,-0.0209439510239,-0,-0,-0.00628318530718,-0.00209439510239,-0.0010471975512,-0.000193346436184,-0.00598538161364,0.000422495385369,0.00177137912313,-0.00150493380623,0.00357360634345,-0.15059444485,0.00375307313565,0.0117904811765,-0.013299183883,-9.16207498988e-05,-3.55595783596e-06,-1.12113935587,0.0120100668217,0.100760221514,-0.0357438480927,-0.0577652193538,0.015626111422,-1.27173380072,0.0157631399574,0.11255070269,-0.0490430319757,-0.0578568401037,0.0156225554641,0.00315,0.18585,-0.1463,0.0088,0.011,-0.0128
0.624,0.623832424,6.777,0,-0.219292340745,0.277849860215,-1.65014727542,-0.561640220821,0.413563617259,0.520616541178,-0.0200712863979,-0,0.000872664625997,-0.00628318530718,-0.0010471975512,0,-0.000193953981922,-0.00600588884844,0.000422321645906,0.00177811015473,-0.0015084236879,0.00359338827945,-0.150437564429,0.00380050575115,0.0117093634385,-0.0132949484202,-9.19505601254e-05,-3.55339009562e-06,-1.13765175977,0.0232908680661,0.0922104337658,-0.0392244339413,-0.0625202100243,0.0148005930688,-1.2880893242,0.0270913738173,0.103919797204,-0.0525193823615,-0.0626121605844,0.0147970396788,-0.05355,0.19845,-0.1595,0.006,-0.0032,-0.002
0.625,0.624864772,5.961,0,-0.219313712613,0.277849660478,-1.65014727542,-0.561647411355,0.413560261676,0.520615822125,-0.0209439510239,-0,-0,-0.00628318530718,-0.00314159265359,0,-0.000194476637317,-0.0060259430102,0.000422411832668,0.00178543050789,-0.00151261056242,0.00361392047304,-0.150280179835,0.0038485242487,0.0116277243881,-0.0132905842854,-9.22910311202e-05,-3.55105059402e-06,-1.12727610465,0.00974762389518,0.103327303117,-0.0366971267719,-0.0569210985415,0.0146490279351,-1.27755628448,0.0135961481439,0.114955027505,-0.0499877110573,-0.0570133895726,0.0146454768845,-0.01512,0.21546,-0.13805,0.0038,0.0008,-0.0106
0.626,0.626057752,3.33,0,-0.219334085795,0.277849261004,-1.65014667621,-0.561655560628,0.413557145778,0.520614863387,-0.0191986217719,-0,-0,-0.00837758040957,-0.00418879020479,0,-0.000195008013417,-0.00604668237768,0.000422190562054,0.00179404401885,-0.00151600218846,0.00363300235536,-0.150119939912,0.00389603195557,0.0115462428707,-0.0132860680198,-9.26154827744e-05,-3.54867237886e-06,-1.1525993304,0.00450676465963,0.110980676488,-0.0333913603804,-0.0576155394894,0.0166125046415,-1.30271927031,0.00840279661519,0.122526919358,-0.0466774284002,-0.0577081549722,0.0166089559692,-0.02583,0.19215,-0.1441,0.007,0.0148,0.0008
0.627,0.627018815,3.361,1,-0.219352461607,0.277848861529,-1.65014647648,-0.561664908324,0.41355355051,0.520614623702,-0.0174532925199,-0,-0,-0.00837758040957,-0.00209439510239,0,-0.00019542082719,-0.00606873239149,0.000422349084127,0.00180294782951,-0.00152043910857,0.00364990555323,-0.149959603865,0.00394375130547,0.0114645662096,-0.0132815475161,-9.29446993926e-05,-3.54604049668e-06,-1.18310926779,0.0118266619884,0.107969633492,-0.0346559512724,-0.0632788147539,0.0166595992168,-1.33271927031,0.0157704132939,0.119434199702,-0.0479374987885,-0.0633717594533,0.0166560531764,-0.08883,0.2079,-0.1419,0.0136,-0.0012,-0.0118
0.628,0.627871561,3.544,1,-0.219372834789,0.277848861529,-1.65014647648,-0.561673536966,0.413549715558,0.520614863387,-0.0209439510239,-0,-0,-0.00837758040957,-0.00314159265359,0.0010471975512,-0.000195925947214,-0.00608956562714,0.000422773481547,0.00181058442282,-0.00152552314038,0.00366917604686,-0.149797880195,0.00399086448309,0.0113828020791,-0.0132767443993,-9.32743150353e-05,-3.54370406755e-06,-1.13887798503,0.00610497897325,0.108178544593,-0.034862217624,-0.0569478835778,0.0156451962735,-1.30271927031,0.0100958434563,0.119561346672,-0.0481389620233,-0.0570411578929,0.0156416525694,-0.03654,0.18459,-0.132,0.0108,-0.0038,-0.0074
0.629,0.628927816,3.377,0,-0.219395604817,0.277849061267,-1.65014707569,-0.56168120687,0.413546120291,0.520614863387,-0.0218166156499,-0,-0.000872664625997,-0.00733038285838,-0.00418879020479,0,-0.000196431879077,-0.00610897928257,0.000423450731361,0.00181740834939,-0.00153098988779,0.00369105991227,-0.149634658321,0.00403935331589,0.0113002115844,-0.0132719700144,-9.36126205805e-05,-3.54123348581e-06,-1.13013208128,-0.00236227145756,0.114844374237,-0.0334484248296,-0.053111168877,0.0155793778459,-1.2797667396,0.00167708185833,0.126144585822,-0.046720394844,-0.0532047814976,0.0155758366124,0.01008,0.18081,-0.1342,0.0056,0.009,-0.0014
0.63,0.630050006,4.951,1,-0.219415578525,0.277849460741,-1.65014807437,-0.561688637089,0.413543004392,0.520615103071,-0.0183259571459,-0,-0,-0.00628318530718,-0.0010471975512,0,-0.00019694204332,-0.00613029289864,0.000424361939425,0.00182364653846,-0.00153657499132,0.00370998990605,-0.149469362325,0.00408660737799,0.0112179237294,-0.0132671218256,-9.39276488264e-05,-3.53849100116e-06,-1.18497129527,0.0189639239818,0.101491681815,-0.0388369888592,-0.0649287551985,0.0148436670912,-1.3097667396,0.0230505313598,0.112709605544,-0.0521041106849,-0.0650226828474,0.0148401286002,-0.05607,0.20349,-0.1562,0.011,-0.0098,-0.0136
0.631,0.631044064,3.377,0,-0.219433954336,0.277850259689,-1.65014927279,-0.561696306993,0.413540367863,0.520615103071,-0.0183259571459,-0,-0.000872664625997,-0.00733038285838,-0.00314159265359,0,-0.000197500394273,-0.0061527088224,0.000425598713137,0.00183021691176,-0.00154237516726,0.0037269973917,-0.149304079378,0.00413541446828,0.0111349068918,-0.0132620791719,-9.42731834204e-05,-3.53602511945e-06,-1.18639365233,0.00384287294106,0.115448501938,-0.0347398438641,-0.0602328282581,0.0156485606675,-1.3356977317,0.00797828740934,0.12658340883,-0.048001923036,-0.0603271014415,0.0156450246424,-0.05859,0.2331,-0.143,0.009,0.0086,-0.0056
0.632,0.632052678,3.39,0,-0.219454127781,0.277850059952,-1.65014967227,-0.561704456266,0.413538210702,0.520615342756,-0.0191986217719,-0,-0,-0.00837758040957,-0.0010471975512,0,-0.000197953747612,-0.00617406993643,0.000425846426608,0.00183737266268,-0.00154610605002,0.00374540249251,-0.14913788817,0.00418457653966,0.0110514906195,-0.0132569987031,-9.46199975414e-05,-3.53350248256e-06,-1.18112160965,0.0142944270278,0.105548169661,-0.0357055499805,-0.063364378203,0.0168286375493,-1.33025949782,0.0184790035674,0.116599660281,-0.0489625486835,-0.0634589982006,0.0168251040469,-0.00252,0.19782,-0.1353,0.009,0.005,-0.0066
0.633,0.633029152,3.281,0,-0.21947410149,0.277849061267,-1.65014967227,-0.561712605539,0.413535334488,0.52061558244,-0.0191986217719,-0.000872664625997,-0,-0.00837758040957,-0.0010471975512,0,-0.00019830927121,-0.00619561550602,0.000425465210972,0.00184478779006,-0.0015492877309,0.00376396464625,-0.148968273403,0.00423097261453,0.0109690337196,-0.0132517339481,-9.49192177404e-05,-3.53074600874e-06,-1.18589403731,0.0270459519203,0.0979671639677,-0.037757473314,-0.0659308066864,0.0170524470366,-1.33486231071,0.0312769245348,0.108936197687,-0.051009207262,-0.0660257259041,0.0170489162906,-0.03906,0.17577,-0.1463,0.0044,-0.0128,-0.002
0.634,0.634059717,3.291,0,-0.219493875461,0.277847862844,-1.65014947253,-0.561721473865,0.413532937643,0.520615822125,-0.0191986217719,-0.000872664625997,-0,-0.00837758040957,-0.00314159265359,0,-0.000198621650411,-0.00621736723468,0.000424909729062,0.00185294523976,-0.00155180863272,0.00378183760851,-0.148799407067,0.004279347021,0.0108855329704,-0.0132463771288,-9.5257931338e-05,-3.52799680201e-06,-1.1868027011,0.0220372148563,0.102320714829,-0.0371586954016,-0.0634687431303,0.0170931961655,-1.33560210817,0.0263165618773,0.113206247799,-0.0504050725304,-0.0635640010617,0.0170896681687,-0.05355,0.18963,-0.1452,0.0044,0.0004,-0.0064
0.635,0.635041084,3.366,0,-0.219514048906,0.27784746337,-1.65014887332,-0.561731061245,0.413531259852,0.520616301494,-0.0200712863979,-0,-0,-0.00837758040957,-0.00209439510239,0.0010471975512,-0.000199129456139,-0.00623889884324,0.000424687143116,0.00186143766209,-0.00155424233764,0.00379950213135,-0.148629603946,0.00432891537955,0.010801457541,-0.0132409595767,-9.56089139947e-05,-3.52564495972e-06,-1.17996026523,0.0118239845418,0.107545943153,-0.0367488166532,-0.0615767685112,0.0159002812363,-1.32858986917,0.0161528999214,0.118347400694,-0.0499897762299,-0.0616723774252,0.0158967555914,-0.04662,0.22617,-0.12925,0.0178,0.023,-0.0028
0.636,0.636053418,3.351,0,-0.219534621825,0.277847263633,-1.65014847385,-0.561740408941,0.413528863007,0.520616541178,-0.0200712863979,-0,-0,-0.00942477796077,-0,0,-0.000199665525292,-0.00626021023979,0.000424711825436,0.00186986134355,-0.00155764262729,0.00381800673676,-0.148457077947,0.00437696840615,0.0107178624613,-0.0132354371349,-9.59228257353e-05,-3.52302165669e-06,-1.18690213576,0.0156396035202,0.105257411743,-0.0351126253226,-0.0642243033263,0.017948464192,-1.33535921371,0.0200165719264,0.115975274204,-0.0483480624575,-0.064320226152,0.0179449411703,-0.03906,0.2142,-0.1342,0.0086,-0.003,-0.0062
0.637,0.63704657,3.376,0,-0.219554595534,0.277847263633,-1.65014867358,-0.561748797898,0.413525986793,0.520615822125,-0.0191986217719,-0,-0,-0.00733038285838,-0.00209439510239,-0.0010471975512,-0.000200208193972,-0.00628198812251,0.000425055954972,0.00187819432309,-0.00156204564717,0.00383648248641,-0.148283293932,0.00442462879536,0.0106339797172,-0.0132297270376,-9.62465876898e-05,-3.51973703761e-06,-1.19977512693,0.0159106416657,0.105783525832,-0.0370315270606,-0.063849279708,0.0171207517895,-1.34805842087,0.0203352704611,0.116417505549,-0.0502612540983,-0.0639455262957,0.0171172320525,-0.03213,0.17451,-0.15015,0.0052,-0.0076,-0.007
0.638,0.638057161,3.381,0,-0.219575567927,0.27784746337,-1.65014907306,-0.561757905909,0.413524548686,0.520615103071,-0.0209439510239,-0,-0,-0.00733038285838,-0.00314159265359,0,-0.000200726212384,-0.00630324666014,0.000425574556135,0.00188710069444,-0.00156573712618,0.00385499029972,-0.148109902217,0.0044746493503,0.0105492019138,-0.013223995172,-9.65968879801e-05,-3.5170921874e-06,-1.17888004523,0.0117215456685,0.107148286072,-0.037498286294,-0.0601337525034,0.0161152948142,-1.32698994745,0.0161961950188,0.117697487986,-0.050722281466,-0.0602303493914,0.016111777722,-0.04032,0.21546,-0.1419,0.0098,0.014,-0.008
0.639,0.639053286,3.388,0,-0.219595741372,0.277848262318,-1.65014947253,-0.561767732974,0.413522391525,0.520614623702,-0.0209439510239,-0,-0,-0.00942477796077,-0,0,-0.000201337486409,-0.00632500270894,0.000426619073177,0.00189629481127,-0.00157078390866,0.00387280730671,-0.147934219414,0.00452256348225,0.0104649447862,-0.0132180893985,-9.69177739525e-05,-3.51445029814e-06,-1.18727951618,0.015693491484,0.105169803703,-0.0355141588875,-0.0637407845651,0.0180790271268,-1.3352137356,0.0202160549662,0.11563474849,-0.0487322482859,-0.0638377023391,0.0180755126765,-0.08316,0.21987,-0.1485,0.009,-0.002,-0.0046
0.64,0.640049242,3.36,0,-0.219617712451,0.277848861529,-1.65014987201,-0.561777799722,0.413519754996,0.520614623702,-0.0226892802759,-0,-0,-0.00942477796077,-0.0010471975512,0,-0.000201895069429,-0.00634565408055,0.000427606116726,0.0019052705706,-0.00157609813315,0.00389257514085,-0.14775633209,0.00457060628596,0.0103803388118,-0.0132121309687,-9.72366254627e-05,-3.51126170516e-06,-1.166298689,0.0116555800233,0.106356100222,-0.0350077585415,-0.0600003005171,0.0181210612484,-1.31405502109,0.0162261863093,0.116736439034,-0.0482198895103,-0.0600975371425,0.0181175499866,-0.0441,0.18081,-0.1474,0.0168,-0.0098,-0.0056
0.641,0.641050762,3.351,0,-0.219641481164,0.277849061267,-1.65014947253,-0.561787866471,0.413518316889,0.520615342756,-0.0235619449019,-0,-0,-0.010471975512,-0.00314159265359,0,-0.000202497066206,-0.00636527317926,0.000427855738806,0.0019137847821,-0.00157920411577,0.00391354591636,-0.1475786597,0.00462107337408,0.0102947874849,-0.0132060766769,-9.75870705357e-05,-3.50874268355e-06,-1.15510053938,0.00353975310658,0.112316159161,-0.0325674535009,-0.0557832231048,0.019121126085,-1.30267919908,0.00816082648065,0.122610946646,-0.0457735301779,-0.0558808101753,0.0191176173423,0.02709,0.20979,-0.13585,0.0086,0.0104,-0.0106
0.642,0.642053129,3.344,1,-0.219663452243,0.277849061267,-1.65014867358,-0.561797453851,0.413517118466,0.520616061809,-0.0209439510239,-0,0.000872664625997,-0.00837758040957,-0,0.0010471975512,-0.000203158591215,-0.00638613327919,0.000427701720871,0.001921992633,-0.00158142107586,0.00393276979411,-0.14739990033,0.00466952756195,0.0102098355982,-0.013199789117,-9.79206928081e-05,-3.50608576159e-06,-1.1983733044,0.0262318991912,0.0963445522528,-0.040487469938,-0.0667313491477,0.0163879876551,-1.33267919908,0.0309014267532,0.106554387851,-0.053687259055,-0.0668292698405,0.0163844815694,-0.05418,0.19278,-0.14245,0.0078,0.0058,0.0008
0.643,0.643055967,3.379,0,-0.219685223585,0.277848462055,-1.65014787463,-0.561806801547,0.41351520099,0.520616301494,-0.0209439510239,-0,0.000872664625997,-0.00942477796077,-0,0,-0.000203714834383,-0.00640718715493,0.000427200865473,0.00193058830199,-0.00158362872956,0.00395223505838,-0.147218412181,0.00471713897962,0.0101247468975,-0.013193513703,-9.82275679138e-05,-3.50283296241e-06,-1.20213861119,0.0246684444212,0.0982947516722,-0.0380561007478,-0.0666205361354,0.0184370597313,-1.34935702337,0.0293855834008,0.10841949857,-0.0512496144508,-0.0667187637033,0.0184335568984,-0.04284,0.17262,-0.1463,0.0062,-0.0126,-0.0006
0.644,0.643984779,11.747,0,-0.219707993612,0.277848262318,-1.65014727542,-0.561816868296,0.413513523199,0.520616301494,-0.0226892802759,-0,-0,-0.00942477796077,-0.00314159265359,0,-0.000204286357991,-0.00642765210996,0.000427107458177,0.00193995183417,-0.00158635619757,0.00397232588351,-0.147036502993,0.00476691266676,0.0100388751403,-0.0131871113583,-9.85665236846e-05,-3.49980127722e-06,-1.1785768388,0.00767561351627,0.110948224131,-0.0349901705348,-0.058348726783,0.0182942613827,-1.32561334179,0.012442526183,0.120987099271,-0.0481772818931,-0.0584472933066,0.0182907615814,-0.0189,0.20727,-0.13035,0.0036,0.0136,-0.0118
0.645,0.645056872,4.844,0,-0.21973076364,0.277848462055,-1.65014687595,-0.561827174729,0.413512804145,0.520615822125,-0.0218166156499,-0,-0,-0.00942477796077,-0,0,-0.000204903778049,-0.00644821615238,0.000427295670885,0.00194988641483,-0.00158889104592,0.00399185714496,-0.146854148169,0.00481671313202,0.00995299538508,-0.0131805083164,-9.89101947057e-05,-3.49683910532e-06,-1.19877196204,0.016945308415,0.105177835277,-0.0365228721942,-0.0640781241926,0.0183452638661,-1.3456261102,0.021762021547,0.115130830662,-0.0497033805105,-0.0641770343873,0.018341767027,-0.03339,0.20979,-0.1485,0.0068,0.0026,-0.0088
0.646,0.645934867,11.547,0,-0.21975193577,0.277848661792,-1.65014707569,-0.561837481162,0.413511605723,0.520615103071,-0.0209439510239,-0,-0,-0.010471975512,-0,0,-0.000205437466618,-0.00646987031368,0.000427800703929,0.001959931806,-0.00159242508057,0.00401002690442,-0.14666893523,0.00486459227293,0.00986738334236,-0.0131738197775,-9.92206588257e-05,-3.49401790571e-06,-1.21426018042,0.0157981752176,0.108033489759,-0.035151225864,-0.0652559692509,0.0193557405555,-1.36092911565,0.0206627674905,0.117900873101,-0.0483250456416,-0.0653551899097,0.0193522465376,-0.04914,0.20727,-0.15675,0.0044,0.0004,-0.003
0.647,0.647061414,5.916,0,-0.219774905535,0.277848262318,-1.65014687595,-0.561847547911,0.413510886669,0.520614863387,-0.0226892802759,-0,-0,-0.00942477796077,-0,0,-0.000205923723237,-0.00649048477045,0.000427663685728,0.00196949291894,-0.00159452058912,0.00402984011736,-0.146483567593,0.0049138315861,0.00978111863342,-0.0131671489536,-9.95470954797e-05,-3.49090356356e-06,-1.19498657866,0.0168581336531,0.104813776017,-0.0367606285979,-0.0633370971745,0.0184417939559,-1.34147014626,0.0217719652392,0.11459489465,-0.0499277775515,-0.06343664427,0.0184383030524,-0.02709,0.19278,-0.13585,0.0092,0.0052,-0.0076
0.648,0.648055275,4.51,0,-0.219796676877,0.277848062581,-1.65014687595,-0.561858333714,0.413510167616,0.520614863387,-0.0218166156499,-0,-0,-0.010471975512,-0,0,-0.00020639026376,-0.00651191474644,0.000427830918482,0.00197938606034,-0.00159714884324,0.00404820464248,-0.14629755897,0.00496347276987,0.00969451090736,-0.0131602502224,-9.98885023042e-05,-3.487845886e-06,-1.2104413599,0.0157591706654,0.107633243111,-0.0353978516813,-0.0645220911836,0.0194515298558,-1.35673891887,0.0207226434352,0.117327754018,-0.0485581019037,-0.0646219796859,0.0194480420099,-0.07056,0.18837,-0.13365,0.0048,0.003,-0.0164
0.649,0.649069377,5.1,1,-0.219820046115,0.277848062581,-1.65014727542,-0.561869119516,0.413509448562,0.520614863387,-0.0244346095279,-0,-0,-0.010471975512,-0,0.0010471975512,-0.000206838244107,-0.00653239220157,0.000428302425337,0.00198915019676,-0.00160036677477,0.00406816696944,-0.14610932217,0.00501287886961,0.0096078896558,-0.0131532270353,-0.000100217732532,-3.48496871721e-06,-1.17933751247,0.0135388536329,0.106254176709,-0.0361313873861,-0.0608773394194,0.0184489070066,-1.32673891887,0.0185517325025,0.115862066365,-0.0492846144214,-0.060977557152,0.0184454220378,-0.0504,0.22743,-0.15455,0.0086,-0.0012,-0.0016
0.65,0.649843969,9.987,0,-0.219846011936,0.277848062581,-1.65014727542,-0.561879905319,0.413508969193,0.520615103071,-0.0253072741539,-0,-0,-0.010471975512,-0.0010471975512,0,-0.000207347936745,-0.0065512709524,0.000428559023912,0.00199875891033,-0.00160298717449,0.00409060581712,-0.14591901751,0.00506229715824,0.00952102036563,-0.0131461996936,-0.000100534915777,-3.48152772688e-06,-1.16974688761,0.0105857075435,0.107698089128,-0.0348127250079,-0.0584388935103,0.0195426914475,-1.31566590512,0.0156480047017,0.117219109493,-0.0479589247015,-0.058539428426,0.0195392099198,0.00504,0.19152,-0.15015,0.0054,0.0038,-0.005
0.651,0.650880667,8.247,1,-0.219869980386,0.277847862844,-1.65014687595,-0.561890451437,0.413509208878,0.520615342756,-0.0226892802759,-0,-0,-0.00942477796077,-0,0,-0.000207903816647,-0.00657153751441,0.000428402457697,0.002008279853,-0.00160434865911,0.00411077359833,-0.145728042111,0.0051111933781,0.0094340662898,-0.0131389189148,-0.000100865445685,-3.47816464928e-06,-1.21021579702,0.0181959421789,0.105210938054,-0.0374967560308,-0.0644185585466,0.0186355155719,-1.34566590512,0.023307135557,0.114645004344,-0.0506356749456,-0.0645194239923,0.0186320374073,-0.02898,0.19404,-0.132,0.0058,0.002,-0.0106
0.652,0.651888518,4.552,0,-0.219892750413,0.277848062581,-1.65014647648,-0.561900278501,0.413508969193,0.52061558244,-0.0218166156499,-0,0.000872664625997,-0.00837758040957,-0,0.0010471975512,-0.000208592375942,-0.00659261553577,0.000428438529962,0.00201705663649,-0.0016063694327,0.00413023265204,-0.145537414446,0.00516063546037,0.00934670018706,-0.0131315882269,-0.000101204925511,-3.47502014247e-06,-1.22535385255,0.0289537326215,0.0966769177758,-0.042247403349,-0.0682029850748,0.0168614496641,-1.370891267,0.0341143680819,0.106023617963,-0.055378991576,-0.0683041900003,0.016857974644,-0.05607,0.20664,-0.1529,0.011,0.0004,0.004
0.653,0.652871793,4.138,0,-0.219916119652,0.277848262318,-1.65014587726,-0.561910584934,0.413508969193,0.520616061809,-0.0235619449019,-0,-0,-0.00942477796077,-0,0,-0.000209291007175,-0.00661336999381,0.00042841448957,0.00202607547994,-0.00160808576286,0.00415000488154,-0.145344124783,0.005210434911,0.00925927973154,-0.0131242014998,-0.000101524466156,-3.47200473641e-06,-1.20634788374,0.018145092479,0.104786474892,-0.0377577188062,-0.0636834803031,0.0187230130519,-1.35169200852,0.02335552739,0.114045754624,-0.050881920306,-0.0637850047693,0.0187195410472,-0.02079,0.21105,-0.14795,0.0104,0.0072,-0.0046
0.654,0.65385578,3.777,0,-0.21994088705,0.277848062581,-1.65014487858,-0.561921131052,0.413508729509,0.520616301494,-0.0244346095279,-0,-0,-0.00942477796077,-0,0,-0.000209958418301,-0.00663328128435,0.000427999670266,0.00203572497927,-0.00160927974267,0.00417121089568,-0.145148532233,0.00526022509135,0.00917164420377,-0.0131166880376,-0.00010184641451,-3.46870707696e-06,-1.19845118575,0.0177872278419,0.104234910772,-0.0378265961064,-0.0626603791603,0.0187698331461,-1.34359971798,0.0230474529332,0.113406554976,-0.050943284144,-0.0627622255748,0.018766364439,-0.03969,0.18711,-0.132,0.0144,0.0096,0.0006
0.655,0.65488288,4.097,0,-0.219964456025,0.277848262318,-1.65014387989,-0.56193167717,0.41350825014,0.520616780863,-0.0235619449019,-0,0.000872664625997,-0.010471975512,-0,0,-0.000210718092816,-0.00665399815782,0.000427849947345,0.00204504696742,-0.00161106909386,0.00419133782378,-0.144954261633,0.00531009137759,0.00908360939227,-0.0131090135408,-0.000102189161383,-3.46549743181e-06,-1.21321468022,0.0243680261825,0.0997182891288,-0.0382559989181,-0.0656337579184,0.0199635793557,-1.35816894185,0.0296781175601,0.108801898521,-0.051365012459,-0.0657359470798,0.0199601138583,-0.04788,0.20916,-0.1562,0.0108,-0.0082,-0.0142
0.656,0.655874004,4.303,0,-0.219987825264,0.277848661792,-1.65014328068,-0.561942223288,0.41350825014,0.520616301494,-0.0218166156499,-0,-0,-0.00942477796077,-0.0010471975512,0,-0.000211464797961,-0.00667493881209,0.00042796110071,0.00205520096707,-0.00161303229701,0.00421102645634,-0.144757691408,0.00535961944178,0.00899565900763,-0.0131011653531,-0.000102514824796,-3.46249640748e-06,-1.23956822883,0.0180741601726,0.108260771922,-0.0382136303819,-0.0657521350908,0.0188713368346,-1.38432592024,0.0234337796144,0.117256430929,-0.051314795735,-0.0658546499156,0.0188678743382,-0.04221,0.20286,-0.1463,0.019,0.0142,-0.0118
0.657,0.656878044,4.26,0,-0.220011194502,0.277848661792,-1.65014288121,-0.561952529722,0.413508729509,0.52061558244,-0.0226892802759,-0,-0,-0.0115191730632,-0,0,-0.000212116666732,-0.00669600437277,0.000427835666382,0.00206541966233,-0.00161433666677,0.00423055783821,-0.144559188764,0.00540870083571,0.00890787813335,-0.0130932907525,-0.000102827501415,-3.45874728012e-06,-1.23306497273,0.0159950677701,0.109860148095,-0.0353151062032,-0.0653130105775,0.0208388676683,-1.37762416149,0.0214037686058,0.118768026228,-0.0484083969557,-0.0654158380789,0.020835408921,-0.02268,0.20097,-0.1342,-0.002,0.0062,-0.0012
0.658,0.657895857,4.405,1,-0.220032965844,0.277848262318,-1.65014288121,-0.561963075839,0.413508010455,0.520614863387,-0.0200712863979,-0,-0,-0.00942477796077,-0,0,-0.00021261987237,-0.00671812652473,0.000427778094115,0.00207585623943,-0.0016167252524,0.00424900557933,-0.144359426318,0.00545775017244,0.00881947942531,-0.0130852981448,-0.000103150164317,-3.4553952683e-06,-1.27236413688,0.0230941247275,0.107413148732,-0.0392764833188,-0.0703310951627,0.0189773497905,-1.40762416149,0.0285518748999,0.116232628157,-0.0523617814636,-0.070434245327,0.0189738943952,-0.00756,0.19341,-0.1463,0.011,-0.0058,-0.0074
0.659,0.658890841,4.336,0,-0.220053339027,0.277848062581,-1.65014328068,-0.561973382273,0.413507291402,0.520614623702,-0.0200712863979,-0,-0,-0.00942477796077,-0.0010471975512,0,-0.000213125646178,-0.00674122424914,0.000427994850457,0.00208546478366,-0.00161964906894,0.00426613753325,-0.144159189131,0.0055080171199,0.00873057364423,-0.0130771515794,-0.000103484096768,-3.4522840893e-06,-1.27496886571,0.0207236307066,0.109680989474,-0.039065055312,-0.0692514145449,0.0190253365217,-1.41912805484,0.0262316478265,0.118411563118,-0.0521422068915,-0.0693548986417,0.0190218842376,-0.05922,0.18648,-0.1595,0.012,0.0008,-0.008
0.66,0.659886481,4.266,0,-0.220074710894,0.277848661792,-1.65014328068,-0.561983688706,0.413507051717,0.520614623702,-0.0218166156499,0.000872664625997,-0,-0.010471975512,-0.0010471975512,0,-0.000213864886254,-0.006763720256,0.00042847475513,0.00209474863901,-0.00162254915877,0.00428403157882,-0.143958282327,0.00555890558165,0.00864160962773,-0.0130689695789,-0.000103819245692,-3.44891915263e-06,-1.25483744069,0.00495082117191,0.11844121429,-0.035461254333,-0.0642603023605,0.019840959065,-1.39879572302,0.0105097267536,0.127082823917,-0.0485302239119,-0.0643641216062,0.0198375101458,-0.04914,0.20412,-0.1364,0.0072,0.0148,-0.0082
0.661,0.661062832,3.4,0,-0.220097081448,0.277849261004,-1.65014288121,-0.561994474509,0.413506572348,0.520615342756,-0.0235619449019,-0,0.000872664625997,-0.010471975512,0.0010471975512,0.0010471975512,-0.000214643732639,-0.00678560502061,0.000428844264125,0.00210383697138,-0.00162536318687,0.00430287563879,-0.143754487658,0.00560872141332,0.00855273140501,-0.0130606767334,-0.000104136725713,-3.44525099815e-06,-1.23885926306,0.0289519891057,0.0983859734817,-0.0407734551476,-0.0687674057577,0.0192100241025,-1.38261375072,0.034560710519,0.106938704887,-0.053834131881,-0.0688715424834,0.0192065788515,-0.07434,0.20853,-0.1518,0.0074,-0.0052,-0.0058
0.662,0.662070143,3.339,0,-0.220121249635,0.277849660478,-1.65014268147,-0.562005499996,0.413506332664,0.520616061809,-0.0253072741539,-0,-0,-0.00942477796077,-0,0,-0.000215337854308,-0.00680642611707,0.000429184820459,0.00211314219264,-0.00162801777621,0.00432331330652,-0.143550003786,0.00565799991268,0.00846378164357,-0.013052128999,-0.000104453153586,-3.44143563558e-06,-1.21859929616,0.0197929979583,0.104413214213,-0.039234007605,-0.0636615583313,0.0191550611754,-1.36214929994,0.025450997871,0.112876995856,-0.052286136604,-0.0637660114849,0.0191516197398,-0.05733,0.20727,-0.1397,0.0156,0.0038,-0.0036
0.663,0.662874225,3.402,1,-0.220145417821,0.277849660478,-1.65014268147,-0.562015806429,0.413506332664,0.520616780863,-0.0226892802759,-0,-0,-0.00942477796077,-0,0,-0.000215964396077,-0.00682737025495,0.000429246443302,0.00212183375758,-0.00163012639814,0.00434388422751,-0.143345209952,0.00570875724362,0.00837407901922,-0.013043548176,-0.000104790382487,-3.43823448653e-06,-1.25740590389,0.0224416884351,0.106230954355,-0.0398343745392,-0.0678511781775,0.0192027228742,-1.39214929994,0.0281504456787,0.114605033374,-0.0528779227152,-0.06795596856,0.0191992846397,-0.00567,0.17703,-0.1386,0.0094,0.0044,-0.006
0.664,0.664028169,3.291,1,-0.220167588638,0.277849261004,-1.65014288121,-0.56202491444,0.413506572348,0.520617020547,-0.0209439510239,-0,-0,-0.00837758040957,-0,0,-0.000216555028974,-0.0068497304199,0.000428968592285,0.00212995431811,-0.00163158935732,0.00436275745297,-0.143138302855,0.00575825171794,0.00828471185492,-0.0130348654192,-0.000105113281121,-3.43476946254e-06,-1.28491528947,0.0265950324951,0.105312096922,-0.0419993039465,-0.0711698246823,0.0182871946361,-1.42214929994,0.032353284213,0.113596808777,-0.0550341693657,-0.0712749379634,0.0182837598666,-0.08631,0.18018,-0.1529,0.0032,0.0068,-0.0104
0.665,0.66506214,3.385,1,-0.220191157613,0.277849061267,-1.65014328068,-0.56203450182,0.413506332664,0.520617020547,-0.0244346095279,-0,-0,-0.00837758040957,-0,0,-0.000217131656932,-0.00687122174034,0.000429007392315,0.00213866367419,-0.00163395591894,0.00438309809319,-0.142929125237,0.00580745958293,0.00819538138802,-0.0130260315742,-0.000105419008264,-3.43082569036e-06,-1.24226648507,0.023899371393,0.103081763136,-0.0416631859201,-0.0662401410505,0.0183250064379,-1.39214929994,0.029706830976,0.111277144524,-0.0546892174943,-0.0663455600588,0.0183215756122,-0.06489,0.2016,-0.1551,0.0086,-0.0038,-0.0058
0.666,0.666073489,3.308,0,-0.220217522908,0.277849460741,-1.65014328068,-0.562044808253,0.413506092979,0.520616541178,-0.0261799387799,-0,-0,-0.010471975512,-0,0,-0.000217854087657,-0.00689092563299,0.000429321044346,0.00214846432487,-0.00163666695365,0.00440598275799,-0.142720065093,0.00585843120571,0.00810512599308,-0.0130170967788,-0.000105754782409,-3.42753930855e-06,-1.22234441692,0.0182563834896,0.106285203028,-0.0382142073505,-0.0630763467629,0.0202889725585,-1.36506448201,0.0241148146953,0.114390329022,-0.0512313041292,-0.0631821015453,0.0202855450192,-0.02961,0.23373,-0.1353,0.0052,0.0056,-0.009
0.667,0.666880651,3.439,1,-0.220241691095,0.277849660478,-1.65014328068,-0.562056073425,0.413506092979,0.52061558244,-0.0226892802759,-0,-0,-0.010471975512,-0,0,-0.00021849674599,-0.00691210110874,0.000429602423009,0.00215966803622,-0.00163916900892,0.00442621736347,-0.142510674312,0.00590875249194,0.00801488804312,-0.0130080546888,-0.000106088743531,-3.4242674201e-06,-1.27282034902,0.0216452400259,0.108700755516,-0.0389327047839,-0.0685671655053,0.0203506308947,-1.39506448201,0.0275539925179,0.116715643559,-0.0519407594726,-0.0686732542488,0.0203472066273,-0.04095,0.19719,-0.1463,0.014,-0.002,0
0.668,0.668027859,4.242,0,-0.220264860596,0.277849460741,-1.65014328068,-0.562067817965,0.413505373926,0.520615103071,-0.0226892802759,-0,-0,-0.0115191730632,-0,0,-0.000219039389198,-0.00693395276423,0.000429752825731,0.0021709169439,-0.00164199968679,0.00444564473322,-0.142298615404,0.00595943537505,0.00792459398251,-0.0129989540072,-0.000106402525443,-3.42045041029e-06,-1.27663949312,0.0197898221968,0.110930750066,-0.0374362718642,-0.0684487230622,0.0213657525745,-1.41893810853,0.0257492575719,0.118855344048,-0.0504352258714,-0.0685551255877,0.0213623321241,-0.06993,0.19467,-0.1397,0.013,0.003,0
0.669,0.668876413,4.452,1,-0.22029062668,0.277849460741,-1.65014348042,-0.562079083137,0.413505134241,0.520615103071,-0.0261799387799,-0,-0,-0.010471975512,-0.0010471975512,0,-0.000219617062576,-0.00695423989128,0.000430010357442,0.00218115979157,-0.00164470879601,0.00446759720764,-0.142084837369,0.0060090913846,0.00783450999647,-0.0129896590316,-0.000106711161885,-3.4164268729e-06,-1.23241725553,0.0165434914206,0.108727245508,-0.0383613207913,-0.0625179092316,0.0204522452331,-1.38893810853,0.0225525828052,0.116561755505,-0.0513509798229,-0.0626246203935,0.0204488288063,-0.08505,0.21861,-0.1375,0.0116,0.0104,-0.0134
0.67,0.670076985,3.65,0,-0.220317191712,0.277849460741,-1.65014368016,-0.562088910201,0.413504654872,0.52061558244,-0.0261799387799,-0,-0,-0.00942477796077,-0,0,-0.000220277694216,-0.00697410609219,0.000430098006833,0.00218960596259,-0.00164733418468,0.00449096900555,-0.141871815812,0.0060599066818,0.00774354379469,-0.0129802920113,-0.000107052456083,-3.41284215542e-06,-1.2378449857,0.0218180312622,0.104520302112,-0.0406465083905,-0.064564200179,0.0195354734977,-1.37971680151,0.027877937944,0.112263845906,-0.0536268004017,-0.0646712526351,0.0195320606556,-0.02205,0.19719,-0.1364,0.0134,-0.0004,-0.0092
0.671,0.671066422,3.39,0,-0.220343756744,0.277849460741,-1.6501444791,-0.562098737265,0.413504415188,0.520616061809,-0.0270526034059,-0,-0,-0.00942477796077,-0,0.0010471975512,-0.000220852238594,-0.00699407018682,0.000430436516332,0.00219792266613,-0.0016503409935,0.0045142234627,-0.14165709638,0.00611061498901,0.00765253302214,-0.0129707556398,-0.000107385372127,-3.40925242693e-06,-1.22991057594,0.0211399142992,0.104269777041,-0.0416619364007,-0.063513199098,0.0185283462595,-1.37156767232,0.0272505292882,0.111922310064,-0.0546326920405,-0.0636205844702,0.018524937007,-0.03843,0.17766,-0.1584,0.0056,-0.0062,-0.0028
0.672,0.67207061,3.349,0,-0.220370920987,0.277849860215,-1.65014487858,-0.562108324645,0.413505134241,0.520616301494,-0.0270526034059,-0,-0,-0.00942477796077,-0,0,-0.000221590746613,-0.00701373909251,0.000430713587815,0.00220626096084,-0.00165246590581,0.00453768220755,-0.14143894179,0.00615945437471,0.0075622561829,-0.0129610308715,-0.000107681141657,-3.40519177134e-06,-1.23358504057,0.0216779838978,0.104131934107,-0.0408964743068,-0.0637670832744,0.0196171767317,-1.37502398236,0.0278374382725,0.11169419029,-0.0538575051784,-0.063874764416,0.0196137715399,-0.05292,0.21105,-0.14135,0.002,0.017,-0.0086
0.673,0.67306253,3.358,0,-0.220399882864,0.277850459426,-1.65014507832,-0.562117672341,0.41350561361,0.520616061809,-0.0287979326579,-0,-0,-0.00942477796077,0.0010471975512,0,-0.000222415968243,-0.00703229893482,0.00043100699824,0.00221485782415,-0.00165475479743,0.00456314008898,-0.141220633405,0.00621002272919,0.00747099066069,-0.0129513924657,-0.000107997690753,-3.40122311166e-06,-1.21537630838,0.0231715502439,0.100903279908,-0.0412229526769,-0.0627797456622,0.0196572194366,-1.35659694178,0.0293815729731,0.108374270568,-0.0541743451426,-0.0628877433529,0.0196538182135,-0.02331,0.21231,-0.1507,0.0056,0.0006,0.0004
0.674,0.674069643,3.63,0,-0.220429044478,0.277850659163,-1.65014487858,-0.562128218459,0.413505134241,0.520615822125,-0.0287979326579,-0,-0,-0.00942477796077,0.0010471975512,0,-0.000223160513884,-0.00705072061407,0.000431096532191,0.00222472201015,-0.00165733650618,0.00458885681312,-0.141002322732,0.00626096078585,0.00737949292227,-0.0129415075301,-0.000108327846189,-3.3977949836e-06,-1.2188737669,0.0234980166961,0.100963498227,-0.0414115660373,-0.0630164582277,0.0197064702116,-1.35987608963,0.029758977482,0.108342991149,-0.0543530735674,-0.0631247860739,0.0197030724166,-0.02457,0.20601,-0.1408,0.012,-0.0146,-0.0014
0.675,0.674985016,3.155,0,-0.220457207406,0.277850659163,-1.6501444791,-0.56213948363,0.413505134241,0.520616301494,-0.0270526034059,-0,-0,-0.010471975512,-0.0010471975512,0,-0.000223866784053,-0.00706985495125,0.000431007278003,0.00223461353193,-0.00165925705665,0.00461308929931,-0.14078229826,0.00631211055423,0.00728765993953,-0.0129314993365,-0.000108659484301,-3.39409384498e-06,-1.24246941253,0.0177282319853,0.108598178515,-0.039382544937,-0.0627053847704,0.0207176971884,-1.38325171079,0.0240403425396,0.115885838454,-0.0523140442735,-0.0628140442547,0.0207143030946,-0.04284,0.18648,-0.13805,0.0128,0.012,-0.0166
0.676,0.675996897,2.673,0,-0.220485170598,0.277850459426,-1.65014387989,-0.562150509117,0.41350561361,0.520616541178,-0.0270526034059,-0,-0,-0.010471975512,-0,0.0010471975512,-0.000224583176544,-0.00708921730478,0.000430618474969,0.00224461163844,-0.00166032341601,0.004636965839,-0.140560269904,0.00636183762001,0.00719630550338,-0.0129214131786,-0.000108971509567,-3.38967857221e-06,-1.24765514116,0.020632151354,0.106687145972,-0.0409498909983,-0.0643552093332,0.0197204612025,-1.38821541106,0.026993988974,0.113883451475,-0.0538713041769,-0.0644641808428,0.0197170715239,-0.01953,0.20412,-0.1397,0.0066,0.004,-0.0034
0.677,0.676846399,2.646,0,-0.220512334841,0.277850459426,-1.65014368016,-0.562160575866,0.413505373926,0.520616301494,-0.0261799387799,-0,-0,-0.00942477796077,-0,0,-0.000225339821452,-0.00710914982292,0.000430476967455,0.00225408305728,-0.00166240465441,0.00466073448996,-0.14033662394,0.00641124662964,0.00710509733715,-0.0129111592904,-0.000109269952159,-3.38594378763e-06,-1.26315865212,0.024201987511,0.104953034444,-0.0420096616726,-0.0663271053825,0.0198574710325,-1.40349527606,0.0306132341406,0.112058131781,-0.054920820963,-0.0664363753347,0.0198540850888,-0.06111,0.1764,-0.1485,0.0088,0,-0.0026
0.678,0.677998084,2.536,1,-0.220540897243,0.277850659163,-1.65014348042,-0.562169923561,0.413505134241,0.520615822125,-0.0287979326579,-0,-0,-0.00837758040957,-0,-0.0010471975512,-0.000226179611195,-0.00712826011057,0.000430361267824,0.00226308956587,-0.00166453633951,0.00468615166826,-0.140113097958,0.00646366034593,0.00701241745116,-0.0129008744779,-0.000109605001622,-3.38212660587e-06,-1.23196326892,0.0246990878081,0.100898466199,-0.042532316108,-0.0630703321802,0.0199863652245,-1.37349527606,0.0311627481541,0.10791088365,-0.0554331905859,-0.0631799371818,0.0199829830979,-0.04284,0.18711,-0.1342,0.0114,-0.0046,-0.0044
0.679,0.679066333,3.402,0,-0.220569659383,0.277851058637,-1.65014348042,-0.562179031572,0.41350561361,0.520615103071,-0.0279252680319,-0,-0,-0.00837758040957,-0.0010471975512,0,-0.000227050259097,-0.0071473474885,0.000430359863944,0.00227203314156,-0.00166639076905,0.00471149542811,-0.139888423204,0.00651434597264,0.00692008285892,-0.0128903752814,-0.000109937353154,-3.3781358186e-06,-1.2456173174,0.0228572324238,0.103897946575,-0.0434205480584,-0.0632390336747,0.0189852819367,-1.3855057406,0.0293715783964,0.110818029434,-0.0563109233398,-0.0633489710279,0.0189819038008,-0.03843,0.18711,-0.13475,0.0026,0.0132,-0.0064
0.68,0.680000657,3.374,0,-0.220596623889,0.277851857586,-1.65014407963,-0.562188139583,0.413506092979,0.520614144333,-0.0270526034059,0.000872664625997,-0,-0.00837758040957,0.00209439510239,-0.0010471975512,-0.000227922095547,-0.00716765572276,0.000430881758199,0.00228100158017,-0.00166921618303,0.00473503877831,-0.139661029373,0.00656322212505,0.00682850421812,-0.0128797192269,-0.000110231524591,-3.37413388546e-06,-1.26493201586,0.0199628546331,0.105566235525,-0.0421576894667,-0.0666757936845,0.0198917807089,-1.40459304524,0.0265260767582,0.112394739743,-0.0550374086936,-0.0667860252091,0.019888406575,-0.06993,0.18081,-0.1551,0.0066,-0.0062,-0.014
0.681,0.680993214,2.932,0,-0.220624187606,0.27785225706,-1.65014467884,-0.562197247594,0.413506092979,0.520614144333,-0.0279252680319,-0,-0.000872664625997,-0.00837758040957,-0,0,-0.000228715452842,-0.00718763912394,0.000431189598843,0.00228909511295,-0.00167206650819,0.00475942087038,-0.139432835744,0.00661443599938,0.00673589165301,-0.0128691188186,-0.00011054366397,-3.36999186448e-06,-1.25518850279,0.0185200663693,0.109232690557,-0.0424337026784,-0.0633340550309,0.018883517819,-1.39462133853,0.0251345023686,0.11596858221,-0.055302821497,-0.0634445986949,0.0188801478271,-0.04284,0.21861,-0.14245,0.0076,0.0038,-0.0124
0.682,0.681989337,2.592,1,-0.220650353164,0.277852057323,-1.65014487858,-0.562205636552,0.413506092979,0.520614384018,-0.0253072741539,-0,-0,-0.00733038285838,-0,0,-0.000229497963044,-0.00720861634684,0.000430836424037,0.0022965087938,-0.00167379444519,0.00478265721017,-0.139204734888,0.00666617709511,0.00664289930166,-0.0128583431929,-0.000110874103197,-3.36589665099e-06,-1.29352919219,0.0310823465915,0.101579152937,-0.0465189565279,-0.0697213377048,0.0181528854057,-1.42462133853,0.0377485236866,0.108222052239,-0.0593772997208,-0.069832211808,0.018149519509,-0.04221,0.18585,-0.13915,0.006,0.0088,-0.0078
0.683,0.683067134,3.383,1,-0.220675120562,0.277851657849,-1.65014507832,-0.562214025509,0.413505373926,0.520615103071,-0.0235619449019,-0,-0,-0.00733038285838,-0,0,-0.0002302511343,-0.00723052697384,0.00043041264436,0.00230348670708,-0.00167594812224,0.00480485500283,-0.138974724083,0.00671607152304,0.00655028621059,-0.0128472965648,-0.000111193184335,-3.36185390902e-06,-1.32076409238,0.033032882615,0.102768227346,-0.0470159628813,-0.0726205498288,0.0181906394039,-1.45462133853,0.039748954138,0.109318513556,-0.059863259446,-0.0727317430131,0.01818727755,-0.04536,0.19215,-0.14245,0.0142,-0.0054,-0.0058
0.684,0.683977269,3.342,0,-0.220700686909,0.277851458112,-1.65014507832,-0.562221935097,0.413505373926,0.520616301494,-0.0261799387799,-0,-0,-0.00733038285838,-0,0,-0.000231107989949,-0.00725202255788,0.000429887401232,0.00230954695197,-0.00167738161716,0.00482766154713,-0.138742024556,0.00676664949706,0.00645732522419,-0.0128362363861,-0.000111501738553,-3.35766819661e-06,-1.28971204671,0.0311680812072,0.101044689239,-0.0468475296861,-0.0689992312625,0.0182165308277,-1.42845407127,0.0379347307043,0.107502014463,-0.0596837660722,-0.0691107330011,0.0182131731595,-0.05796,0.20538,-0.14905,0.0104,0.008,-0.0122
0.685,0.685067642,3.35,0,-0.220729049574,0.277851657849,-1.65014507832,-0.562229844686,0.413506092979,0.520617020547,-0.0279252680319,-0,-0,-0.00837758040957,-0,0,-0.000232046066547,-0.00727180711768,0.000429540999754,0.00231599876624,-0.00167858636054,0.00485290583271,-0.138509153497,0.00681704621796,0.00636453888045,-0.0128250712715,-0.000111809015078,-3.3532896578e-06,-1.26991077234,0.0278190907819,0.102034386611,-0.0451205900673,-0.0662507330861,0.0192047751124,-1.40841992583,0.0346361369998,0.108398925491,-0.0579456613388,-0.0663625421012,0.0192014218228,0.00945,0.19341,-0.1287,-0.0044,0.0162,-0.0058
0.686,0.686060307,3.459,1,-0.220754615921,0.277851657849,-1.65014507832,-0.562238713012,0.413505853295,0.520617499916,-0.0244346095279,-0,-0,-0.00837758040957,0.00209439510239,0,-0.00023290512786,-0.0072933855121,0.000429271217755,0.00232361118698,-0.00168061665758,0.00487549476739,-0.138275087597,0.00686809049248,0.00627110298454,-0.012813787242,-0.000112126957959,-3.34930795477e-06,-1.32351561814,0.0367227217476,0.100089531261,-0.0466901265675,-0.0745184607126,0.0192486296519,-1.43841992583,0.0435908122401,0.106360634245,-0.0595039138096,-0.0746305876705,0.019245280344,-0.04158,0.20412,-0.1452,0.0098,-0.0114,-0.0128
0.687,0.686890338,3.359,0,-0.220779383319,0.277851857586,-1.65014567753,-0.562247821023,0.413504894557,0.520617260232,-0.0244346095279,-0,-0,-0.00942477796077,-0.00209439510239,0,-0.000233708722022,-0.00731550877831,0.000429494291291,0.00233198885857,-0.00168410164201,0.00489755855927,-0.138040579524,0.00691921856283,0.00617760929301,-0.0128023222193,-0.000112444282805,-3.34514915998e-06,-1.32105772026,0.0239511439018,0.110913712754,-0.0435931289256,-0.0688548609511,0.0202493743807,-1.45909829979,0.0308703624646,0.117091322047,-0.0563954511449,-0.0689673052339,0.0202460292315,-0.06678,0.16695,-0.14245,0.0072,0.002,-0.008
0.688,0.687960445,3.356,0,-0.220806547562,0.277852057323,-1.650146077,-0.56225668935,0.413504894557,0.520616780863,-0.0270526034059,-0,-0,-0.00837758040957,-0.0010471975512,0,-0.000234556387495,-0.0073362069218,0.000429499408984,0.00234042990718,-0.00168651730475,0.00492162606228,-0.137804620467,0.00697029806574,0.00608401018336,-0.0127908082462,-0.000112762191615,-3.34069889982e-06,-1.29161475171,0.0269466881867,0.104953371398,-0.0454845957551,-0.0669965671786,0.0193281843567,-1.42941937218,0.0339169862524,0.111037381581,-0.0582754040013,-0.0671093293702,0.0193248436578,-0.01134,0.20853,-0.1342,0.0052,0.0124,-0.0052
0.689,0.688947509,3.369,0,-0.220832912857,0.27785225706,-1.65014687595,-0.562264838623,0.413504654872,0.520616061809,-0.0261799387799,-0,-0,-0.00733038285838,0.0010471975512,0,-0.000235390521122,-0.00735750143057,0.000429613349463,0.00234836624636,-0.00168938372323,0.00494526448153,-0.137565742689,0.00702150627572,0.00598999132305,-0.0127792279235,-0.000113073416028,-3.33656185273e-06,-1.31039574152,0.035714162215,0.0991763233928,-0.0483207066133,-0.0717409804999,0.0184103222196,-1.44796148421,0.0427356684907,0.105166314716,-0.0610999345368,-0.0718540539159,0.0184069856577,-0.07812,0.18774,-0.1452,0.0052,-0.0064,-0.006
0.69,0.689853647,3.36,1,-0.220860676311,0.27785225706,-1.65014747516,-0.562272748211,0.413504175503,0.520615822125,-0.0287979326579,-0,-0,-0.00733038285838,-0,0,-0.000236229572775,-0.00737796004646,0.000429491470898,0.00235568784425,-0.00169201862585,0.00497050374836,-0.13732573848,0.00707123661354,0.00589667895939,-0.0127673396655,-0.000113368257958,-3.33232884242e-06,-1.27762081722,0.0310635149548,0.0996352827076,-0.0477281886889,-0.0667057190606,0.0184424490835,-1.41796148421,0.0381347515683,0.105531961667,-0.0604955283544,-0.0668190873185,0.0184391167546,-0.04095,0.18144,-0.1485,0.0078,-0.0022,-0.0064
0.691,0.691066642,3.394,0,-0.220889038977,0.27785225706,-1.6501476749,-0.562281137168,0.413504415188,0.520616061809,-0.0270526034059,-0,-0,-0.00837758040957,-0.0010471975512,0,-0.000237110722916,-0.00739810868424,0.000429172102229,0.0023630570461,-0.00169373697235,0.00499581725044,-0.137086572456,0.00712160449488,0.00580296053623,-0.0127553314963,-0.000113680382763,-3.32791486861e-06,-1.30287015411,0.0280506500423,0.105094845985,-0.0461311100108,-0.0677896324707,0.0194411297316,-1.43995672657,0.0351722545372,0.110897806521,-0.0588864415071,-0.0679033128534,0.0194378018167,-0.0378,0.20916,-0.1364,0.0082,0.016,-0.0144
0.692,0.692070905,3.38,0,-0.220917002168,0.27785225706,-1.65014747516,-0.56228976581,0.413504654872,0.520616301494,-0.0270526034059,-0,-0,-0.00837758040957,0.0010471975512,0.0010471975512,-0.000238050896657,-0.00741855562165,0.000428688480245,0.00237073094535,-0.00169511601013,0.00502065016293,-0.136845880964,0.00717337420456,0.00570840072188,-0.0127433444668,-0.000114004881411,-3.3235773542e-06,-1.30972108541,0.0336900361473,0.101023298409,-0.0481257417018,-0.0708302999444,0.0184322650406,-1.44656696638,0.0408634103519,0.106731699131,-0.0608690861686,-0.0709443048258,0.0184289414632,-0.04032,0.19467,-0.13365,0.0096,0.0008,-0.0024
0.693,0.693062216,3.386,0,-0.22094496536,0.277852057323,-1.65014727542,-0.562298873821,0.413503935819,0.520616301494,-0.0279252680319,-0,0.000872664625997,-0.00942477796077,-0,0,-0.000238929422187,-0.00743901407012,0.000428219360983,0.00237912666688,-0.0016972272757,0.00504579219606,-0.136602422417,0.00722449481358,0.00561412954511,-0.012731222506,-0.000114311919214,-3.31918953941e-06,-1.29949236239,0.0362813105028,0.0972239552672,-0.0469437857136,-0.0697974088535,0.0206657952066,-1.43609478481,0.0435058053164,0.102838084812,-0.0596750082196,-0.0699117207727,0.0206624760171,-0.04977,0.19089,-0.15345,0.004,0,-0.0002
0.694,0.694052947,3.331,0,-0.220974726185,0.277852057323,-1.65014707569,-0.562307742148,0.413503935819,0.520616780863,-0.0287979326579,-0,-0,-0.00837758040957,-0.0010471975512,0,-0.000239863691667,-0.00745841684901,0.000427773523229,0.00238677868098,-0.00169886364778,0.00507245732668,-0.136357861804,0.00727397091943,0.00552012381337,-0.0127189329891,-0.00011460188577,-3.31459873848e-06,-1.29059784733,0.0277518582591,0.103946051928,-0.0465313797849,-0.0659796337202,0.0195566500729,-1.42695570913,0.0350258291785,0.109466175742,-0.0592503127739,-0.066094235606,0.0195533354742,-0.03843,0.18648,-0.1265,0.0074,0.0092,-0.0176
0.695,0.695036512,3.36,0,-0.22100308885,0.277852057323,-1.65014687595,-0.56231637079,0.413504415188,0.520617020547,-0.0270526034059,-0,-0,-0.00733038285838,-0,0.0010471975512,-0.000240823179332,-0.00747881084518,0.00042724586611,0.00239445322176,-0.00170003318151,0.00509756852217,-0.136112747352,0.00732459154295,0.00542568635823,-0.0127064371344,-0.000114911999028,-3.31004504194e-06,-1.31932184111,0.0344123596994,0.101040684873,-0.0500749088517,-0.0706497750479,0.0175918099208,-1.45543458846,0.0417369512424,0.106466371231,-0.0627813459861,-0.0707646870469,0.0175884998758,-0.05103,0.20034,-0.14575,0.0086,0.007,-0.001
0.696,0.696074125,3.382,0,-0.22103185099,0.277852057323,-1.65014707569,-0.562324520063,0.413504175503,0.520617499916,-0.0296705972839,-0,-0,-0.00733038285838,0.0010471975512,0,-0.000241752415845,-0.00749900080186,0.000426899347096,0.00240136198925,-0.00170212161865,0.00512360563782,-0.135867386333,0.00737649011824,0.00533068071455,-0.0126939057924,-0.000115237259043,-3.30566453728e-06,-1.28962679133,0.035460274996,0.0969469490114,-0.0493421827934,-0.0683826305505,0.0186690571489,-1.42549417766,0.0428367651142,0.102277629726,-0.0620360885858,-0.0684978678096,0.0186657514844,-0.0693,0.1638,-0.13805,0.011,-0.0148,-0.004
0.697,0.697062637,3.367,1,-0.221063209712,0.27785225706,-1.65014707569,-0.56233290902,0.413504175503,0.52061821897,-0.0322885911619,-0,-0,-0.00837758040957,-0.0010471975512,0,-0.000242739828448,-0.00751757728636,0.00042658573378,0.00240824776895,-0.00170405220405,0.00515203676199,-0.135619263182,0.00742808860716,0.0052356418765,-0.0126813097802,-0.000115540694877,-3.30117643415e-06,-1.2548524471,0.0258821251108,0.101646898322,-0.0466664063811,-0.0615366308,0.0196579233735,-1.39549417766,0.033310213718,0.106882540199,-0.0593477161613,-0.0616521714948,0.019654622197,-0.01575,0.20034,-0.1276,0.0056,0.0102,-0.0108
0.698,0.698078039,3.47,0,-0.221094967908,0.277852856271,-1.65014727542,-0.562341058293,0.413504894557,0.520617979285,-0.0314159265359,0.000872664625997,-0,-0.00733038285838,-0,0,-0.000243797759958,-0.00753599322277,0.000426514052373,0.00241574449789,-0.00170590024957,0.00518058947464,-0.135370161184,0.00747878227056,0.00514077923879,-0.0126685726079,-0.000115842408359,-3.29647476768e-06,-1.27089075249,0.0195834960864,0.105619763275,-0.0472589828302,-0.0625920171019,0.0185509339329,-1.40626091367,0.027062278357,0.110760542514,-0.0599275554381,-0.0627078595103,0.0185476374581,-0.01449,0.20286,-0.14245,0.0108,0.0082,-0.0104
0.699,0.698973079,3.396,0,-0.22112632663,0.277853056008,-1.6501476749,-0.562349686935,0.413505134241,0.520617499916,-0.0305432619099,-0,-0,-0.00837758040957,0.0010471975512,0,-0.000244723028816,-0.00755471661833,0.000426382383572,0.002423962122,-0.00170806482324,0.00520881429296,-0.135119928773,0.00752867888559,0.00504599988242,-0.012655644373,-0.000116142717906,-3.29179855118e-06,-1.28817294605,0.0335554695467,0.0985553153089,-0.0481678813765,-0.0673813596818,0.0197393363125,-1.42329287483,0.0410841484323,0.103601315191,-0.0608235257495,-0.0674975023997,0.0197360445139,-0.03087,0.18144,-0.15345,0.008,-0.001,-0.0012
0.7,0.700043897,3.328,0,-0.221157685352,0.277852856271,-1.6501476749,-0.562357596523,0.413504894557,0.520616780863,-0.0305432619099,-0,-0,-0.00733038285838,-0.0010471975512,-0.0010471975512,-0.000245674611575,-0.00757350063965,0.000425755689124,0.00243193311201,-0.00170971983437,0.0052375307004,-0.134868476774,0.00757975044623,0.00495068179335,-0.0126425252959,-0.000116454533409,-3.28734148022e-06,-1.28867851165,0.0309615873491,0.100470530954,-0.0483072726376,-0.0652654520277,0.0198674031946,-1.42354698843,0.0385413377954,0.105421212747,-0.0609497979336,-0.0653819065611,0.0198641158532,-0.01701,0.17388,-0.1276,0.0038,0.0094,-0.0136
0.701,0.701067985,3.366,1,-0.22118724644,0.277852856271,-1.65014707569,-0.562364787058,0.413504415188,0.520616301494,-0.0279252680319,-0,0.000872664625997,-0.00628318530718,-0,0,-0.000246816014555,-0.00759347544963,0.000424893970937,0.00243909504084,-0.00171104650234,0.00526482184967,-0.134616227874,0.00763196701356,0.0048548334971,-0.0126294116553,-0.000116767764019,-3.28279136267e-06,-1.32839096093,0.046069461637,0.0908172896222,-0.0537775165594,-0.0730252644203,0.018088467452,-1.45354698843,0.0537014286505,0.0956721231193,-0.0664069282146,-0.0731420321843,0.0180851846606,-0.01575,0.18333,-0.1342,0.0038,0.0048,-0.0052
0.702,0.702081411,3.365,0,-0.221216208317,0.277852456797,-1.65014707569,-0.562372217278,0.413502977081,0.520616061809,-0.0287979326579,-0,-0,-0.00733038285838,-0,0,-0.000247775630238,-0.00761388128244,0.000424171854624,0.00244619260914,-0.0017134465023,0.00529190735028,-0.134361771187,0.00768158885514,0.00475995936108,-0.0126160714505,-0.00011705457929,-3.27806707496e-06,-1.32084581387,0.0358834462925,0.0996372525391,-0.0504198885522,-0.0697910933849,0.0188943773058,-1.45520758506,0.0435650351476,0.1043972119,-0.0630359600027,-0.0699081479642,0.0188910992387,-0.06678,0.16632,-0.15235,0.0054,-0.0114,-0.0042
0.703,0.702890289,3.352,0,-0.221247167564,0.27785225706,-1.65014707569,-0.562379647497,0.413502018343,0.520615822125,-0.0305432619099,-0,-0,-0.00628318530718,-0.00209439510239,0,-0.00024877680859,-0.00763308450751,0.000423523713389,0.00245324510661,-0.00171562636918,0.00532074937452,-0.13410634305,0.00773154417646,0.00466471650295,-0.0126026614954,-0.000117346321047,-3.27328701537e-06,-1.29810472691,0.031537532755,0.100620358989,-0.0512556580518,-0.0650684464559,0.0179676591738,-1.43221106996,0.0392690769315,0.105285075492,-0.0638583195472,-0.065185792777,0.0179643858868,-0.02268,0.17892,-0.14135,0.01,0.0126,-0.0014
0.704,0.704247865,11.232,0,-0.221279325235,0.277852856271,-1.65014687595,-0.562386598348,0.413502018343,0.520616061809,-0.0322885911619,-0,-0,-0.00628318530718,-0,0,-0.000250005064181,-0.00765159831565,0.000423128416396,0.00245925000749,-0.00171746403547,0.00535047940976,-0.133850573731,0.00778386260887,0.00456850535701,-0.0125892142974,-0.00011765501557,-3.26843348284e-06,-1.28136738877,0.0358312560554,0.0951526059063,-0.0520271623588,-0.0654631256703,0.0179946431056,-1.4152179625,0.0436151186643,0.0997211112633,-0.0646163766562,-0.0655807806858,0.0179913746721,-0.02331,0.20853,-0.1254,0.0084,0.0172,-0.0076
0.705,0.70507743,4.387,0,-0.221311283168,0.277853255745,-1.65014707569,-0.562393069829,0.413501299289,0.520616061809,-0.0314159265359,-0,-0,-0.00523598775598,0.0010471975512,0,-0.000251163363867,-0.00767030057213,0.000422788453969,0.00246501225015,-0.00172002376475,0.0053805359656,-0.133593576308,0.00783524469773,0.00447251107177,-0.0125755029789,-0.000117966870673,-3.26387099487e-06,-1.29818323281,0.0418985668308,0.0914492547828,-0.0544808597064,-0.0687885210524,0.0170659314961,-1.43177680912,0.0497338115285,0.0959217658546,-0.0670563626853,-0.0689064879231,0.0170626676251,-0.03969,0.20664,-0.1452,0.0068,-0.0138,-0.0008
0.706,0.706092297,8.503,0,-0.221342442152,0.277853056008,-1.65014747516,-0.56240002068,0.41350081992,0.520616541178,-0.0314159265359,-0,-0,-0.00628318530718,-0.0010471975512,0,-0.000252150190685,-0.007689612145,0.000422198131796,0.00247082082052,-0.00172208119632,0.00540950789644,-0.133334328586,0.00788553220728,0.00437670790468,-0.0125616587555,-0.00011826410207,-3.25903953562e-06,-1.2984151799,0.0346554800398,0.0978623227721,-0.0522259419198,-0.0658641972764,0.0180538512217,-1.43174950849,0.0425410122471,0.102239030677,-0.0647876006753,-0.0659824613785,0.0180505921822,-0.04221,0.1827,-0.14465,0.0062,0.0064,-0.0044
0.707,0.707267789,11.554,0,-0.221374000611,0.277852656534,-1.6501476749,-0.562406731845,0.41350081992,0.520617260232,-0.0314159265359,-0.000872664625997,-0,-0.00628318530718,-0.0010471975512,0,-0.000253146075904,-0.00770876235467,0.000421308035756,0.00247625834703,-0.00172328471057,0.0054387248131,-0.13307358143,0.00793571479173,0.00428085405946,-0.0125477393383,-0.00011855211829,-3.25415317564e-06,-1.30267939476,0.0474483128618,0.0901590659238,-0.0543150921148,-0.0683889032678,0.0182679790445,-1.43575297619,0.0553840276536,0.0944399199833,-0.0668628314531,-0.0685074553861,0.0182647248913,-0.00882,0.19782,-0.1331,0.0058,0.0212,-0.0094
0.708,0.708247167,11.833,0,-0.22140555907,0.277852456797,-1.6501476749,-0.562413203327,0.413500100867,0.520617739601,-0.0314159265359,-0,-0,-0.00628318530718,0.0010471975512,0,-0.000254234968203,-0.00772792756331,0.000420475724979,0.00248171367153,-0.0017250628773,0.00546838245217,-0.132812614812,0.00798722846038,0.00418438343866,-0.0125338070098,-0.000118855141466,-3.24897569182e-06,-1.30854244485,0.0409999221555,0.0934674563053,-0.0535302576191,-0.0691364737329,0.0181082265714,-1.44135505966,0.0489871506159,0.0976518397439,-0.0660640646289,-0.0692553288743,0.0181049775957,-0.04221,0.16254,-0.14135,0.0066,-0.013,-0.0084
0.709,0.709074328,4.535,0,-0.221436917792,0.277853056008,-1.6501476749,-0.562419195439,0.413498902444,0.520617739601,-0.0314159265359,-0,-0,-0.00523598775598,-0.0010471975512,0,-0.000255523520881,-0.00774723281713,0.000420117690626,0.00248703645442,-0.00172794011149,0.0054982444597,-0.132550441981,0.00803872637103,0.00408787483004,-0.0125196352235,-0.000119158084195,-3.2440669458e-06,-1.30908633412,0.038131539958,0.0956297929031,-0.0546406277143,-0.067011503578,0.0171758160855,-1.4416367761,0.0461702663291,0.0997176677332,-0.0671602629378,-0.0671306616622,0.0171725720186,-0.08127,0.21546,-0.13915,0.0082,-0.0004,-0.0056
0.71,0.710093724,4.934,0,-0.221469874411,0.277853854957,-1.65014727542,-0.562424947867,0.41349866276,0.520617260232,-0.0322885911619,0.000872664625997,-0,-0.00523598775598,-0.00209439510239,0,-0.000256931962283,-0.00776560598179,0.000419571820636,0.00249266196769,-0.00172974769309,0.00552931211052,-0.132286429755,0.00808906234291,0.00399170954988,-0.0125051922632,-0.000119455151967,-3.23965993737e-06,-1.29849581347,0.0226913179905,0.104816223749,-0.0524991639335,-0.0622862627366,0.0170154047366,-1.43078224322,0.0307803803334,0.108807933299,-0.0650043561967,-0.0624057178885,0.0170121650767,0.03213,0.19026,-0.12925,0.0064,0.0214,-0.0098
0.711,0.711251271,11.653,1,-0.221501233132,0.277854254431,-1.65014687595,-0.562430700295,0.413497943706,0.520616301494,-0.0305432619099,-0,-0,-0.00523598775598,-0,0,-0.000258271159739,-0.00778505909149,0.000418810590237,0.00249885603741,-0.00173158036139,0.0055590205236,-0.132021686612,0.00813976848497,0.00389513203361,-0.0124908007133,-0.000119752010341,-3.23468944275e-06,-1.32920843945,0.0424315253189,0.0939771026549,-0.0556669255685,-0.0701832746166,0.0172363092015,-1.46078224322,0.0505712938039,0.0978722346885,-0.0681577262818,-0.070303026627,0.017233074512,-0.03402,0.20916,-0.1441,-0.001,0,-0.0008
0.712,0.712270672,11.533,0,-0.221532591854,0.277853854957,-1.65014687595,-0.562437171777,0.413496265915,0.520615822125,-0.0322885911619,-0,-0,-0.00628318530718,-0,0,-0.000259348747573,-0.0078045564109,0.000417906112991,0.00250531221537,-0.00173399844673,0.00558895727306,-0.131755372855,0.00819026629456,0.00379860153235,-0.0124762848418,-0.000120034788325,-3.22946869515e-06,-1.30928416787,0.0391450377151,0.0949020849451,-0.0539602655907,-0.067420508572,0.0182244482514,-1.44103954073,0.0473353040096,0.0987006864775,-0.0664365504325,-0.0675405433604,0.0182212187827,-0.08316,0.18459,-0.13915,0.0056,-0.0106,-0.01
0.713,0.713258487,11.831,1,-0.221566746895,0.277853455482,-1.65014687595,-0.562444362312,0.413495546861,0.520615342756,-0.0349065850399,-0,-0,-0.00628318530718,-0.00314159265359,0,-0.000260383904142,-0.00782235308587,0.00041700032942,0.00251242556647,-0.00173573450816,0.00562095981846,-0.131486678462,0.00824036341875,0.00370222501441,-0.0124615396811,-0.000120313761624,-3.22425135609e-06,-1.27295004043,0.0291243961665,0.0995469871631,-0.0525779252631,-0.0595873058531,0.0182554374012,-1.41103954073,0.0373647595853,0.103249212178,-0.0650394649442,-0.0597076196147,0.0182522131499,-0.04032,0.20034,-0.1276,0.0148,0.0192,-0.0004
0.714,0.714099143,6.408,1,-0.221600702199,0.277853255745,-1.65014727542,-0.562451313162,0.413495067492,0.520615342756,-0.0322885911619,-0,-0,-0.00733038285838,-0,0,-0.000261418589284,-0.00784036158212,0.0004163465631,0.00251871057232,-0.00173779677136,0.00565272660055,-0.131218171659,0.00829239727175,0.00360476676161,-0.0124467604058,-0.000120626808762,-3.21918806815e-06,-1.31574295818,0.0377916227282,0.0969334540639,-0.0527506486841,-0.0674743029259,0.0192502664684,-1.44103954073,0.04608402,0.100538220826,-0.0651974090899,-0.0675949297346,0.0192470472803,-0.02331,0.20349,-0.1463,0.008,0.007,-0.0048
0.715,0.715080651,5.254,0,-0.221634258029,0.277853056008,-1.65014807437,-0.562457784644,0.413494108754,0.520616061809,-0.0340339204139,-0,-0.000872664625997,-0.00523598775598,-0,0.0010471975512,-0.000262426583758,-0.0078586890444,0.000415851773544,0.00252375047093,-0.00174056630364,0.00568450019178,-0.130949289983,0.00834342887232,0.00350765450788,-0.0124317984722,-0.000120927428579,-3.2144130115e-06,-1.2967153359,0.0331981982283,0.0990047037539,-0.0552646067414,-0.064109695269,0.0161202859968,-1.42766462589,0.0415416271006,0.102512358262,-0.0676964052136,-0.0642306226976,0.0161170715837,-0.1008,0.19026,-0.14795,0.0124,-0.0028,-0.005
0.716,0.715945086,5.604,0,-0.221669611492,0.277853056008,-1.65014827411,-0.562463537072,0.41349386907,0.520616780863,-0.0357792496659,-0,-0,-0.00628318530718,-0.0010471975512,0,-0.000263610629212,-0.00787594836849,0.000415036615524,0.00252822024106,-0.00174217999009,0.00571796642878,-0.130677630926,0.00839381780106,0.00341082802887,-0.012416698347,-0.000121210212607,-3.20936089325e-06,-1.27433440639,0.0350323843982,0.0945553470132,-0.0539736899984,-0.0617228532537,0.0183326815524,-1.40501203731,0.0434262021993,0.0979661750421,-0.0663903883454,-0.0618440634663,0.0183294721915,0.00315,0.20286,-0.132,0.0022,0.0124,-0.0104
0.717,0.717086192,5.101,0,-0.221704365745,0.277853056008,-1.65014807437,-0.562469049815,0.413493629386,0.520617260232,-0.0340339204139,-0,-0,-0.00418879020479,-0,0,-0.00026488021256,-0.0078936448357,0.000413995963435,0.00253279639413,-0.00174335440795,0.00575091651777,-0.130404993095,0.00844454511457,0.0033136302613,-0.0124015264037,-0.000121497698668,-3.20380247834e-06,-1.30278496636,0.0441570265754,0.0892117554607,-0.0582704310143,-0.0667568989845,0.0164406680327,-1.43318995946,0.05260157169,0.092525385722,-0.070671957418,-0.0668783966832,0.0164374642302,-0.02205,0.17262,-0.13805,0.0098,0.0038,-0.0054
0.718,0.71807106,4.754,0,-0.221737921574,0.277853255745,-1.65014827411,-0.562474802243,0.413492191279,0.520617020547,-0.0340339204139,-0,-0,-0.00523598775598,-0,0,-0.000266126846144,-0.00791210732047,0.000413397559018,0.00253817930899,-0.00174620106092,0.00578318000139,-0.130130720159,0.00849497363698,0.00321656680344,-0.0123861817196,-0.000121775704196,-3.19869342867e-06,-1.3059922481,0.0423431977598,0.0913120357704,-0.056830396234,-0.0665779424866,0.0174264338218,-1.43612296826,0.0508381713967,0.0945286025738,-0.0692165779536,-0.0666997181908,0.0174232351284,-0.0756,0.19026,-0.15125,0.0034,-0.013,-0.0054
0.719,0.719043164,5.335,1,-0.22177447346,0.277853854957,-1.65014787463,-0.56248103404,0.41349171191,0.520616780863,-0.0366519142919,-0,-0,-0.00523598775598,-0.00209439510239,-0.0010471975512,-0.000267520012611,-0.00792870585774,0.000412737216202,0.00254404311451,-0.0017481231375,0.00581779371064,-0.129855977463,0.00854582070919,0.00311914417587,-0.0123706996333,-0.000122067272265,-3.19358157957e-06,-1.27104414549,0.0352141758193,0.0935874751423,-0.0548945694924,-0.0601031316807,0.0184983304466,-1.40612296826,0.0437599965285,0.0967066193181,-0.0672652691257,-0.060225198953,0.018495136865,-0.0063,0.20538,-0.1309,0.009,0.009,-0.0184
0.72,0.720080533,4.698,0,-0.221810625872,0.277854254431,-1.65014727542,-0.562487265837,0.413491951594,0.520616061809,-0.0349065850399,-0,-0,-0.00628318530718,-0,0,-0.000268912768072,-0.00794565980192,0.000411783606661,0.00255047689926,-0.00174903292513,0.00585165043968,-0.129580824946,0.00859717901281,0.00302127369057,-0.0123551282745,-0.000122367673058,-3.18843788491e-06,-1.30046452938,0.0401893906514,0.0927136401475,-0.0554960004222,-0.0652954897558,0.0184452534261,-1.43004535432,0.0487865696642,0.095734913838,-0.0678511286966,-0.0654178574288,0.0184420649882,-0.02961,0.19782,-0.1309,0.0092,0.018,-0.0064
0.721,0.721261398,11.782,0,-0.221844581176,0.277854254431,-1.65014707569,-0.562493737318,0.413491232541,0.52061558244,-0.0331612557879,-0,-0,-0.00628318530718,0.0010471975512,0,-0.000270162890739,-0.00796405894693,0.000410876248474,0.00255688884084,-0.00175082182207,0.00588370618591,-0.12930277723,0.00864805987533,0.00292354334342,-0.0123393922949,-0.000122655236323,-3.183240436e-06,-1.32867495487,0.0448834289405,0.0916530547775,-0.0564175615498,-0.0695237722842,0.0184802967901,-1.4579777321,0.0535314888158,0.0945765981209,-0.0687569538448,-0.0696464275206,0.0184771135496,-0.06552,0.20034,-0.14795,0.0084,-0.005,-0.0004
0.722,0.722102302,5.2,1,-0.221880733588,0.277853854957,-1.65014707569,-0.562500448484,0.413490513487,0.520615103071,-0.0366519142919,-0,-0,-0.00628318530718,-0.0010471975512,0,-0.000271283894668,-0.00798112888352,0.000409834130063,0.00256356064273,-0.00175246589525,0.00591787465501,-0.129023817334,0.00869782411956,0.00282618214977,-0.0123235142797,-0.000122930869268,-3.17784057388e-06,-1.28213401925,0.0368318454712,0.0935461786201,-0.0553106539147,-0.0617580658891,0.0185075144158,-1.4279777321,0.0455296695908,0.0963723607699,-0.0676341681944,-0.0618809967583,0.0185043365753,-0.02142,0.17703,-0.13035,0.0112,0.0046,-0.0054
0.723,0.723082028,5.433,0,-0.221916686262,0.277853455482,-1.65014707569,-0.562506919966,0.413490034118,0.520614623702,-0.0349065850399,-0,-0,-0.00628318530718,-0.0010471975512,0,-0.000272426413737,-0.00799840532303,0.000408731397918,0.00257001482932,-0.00175385236045,0.00595180689354,-0.128744010766,0.00874834298948,0.00272865523845,-0.0123075442364,-0.000123211877311,-3.1721918277e-06,-1.30862027757,0.0388240341517,0.0946092192174,-0.0558284709642,-0.0645913184847,0.0185427854355,-1.43736428834,0.0475723771412,0.0973378744558,-0.0681360152006,-0.064714530362,0.0185396132437,-0.03969,0.16821,-0.12925,0.0084,0.0092,-0.0084
0.724,0.72397537,4.598,0,-0.221951440515,0.277853455482,-1.6501476749,-0.562512672394,0.41348907538,0.520614384018,-0.0349065850399,-0,-0,-0.00523598775598,-0,0,-0.000273609207747,-0.00801650672375,0.000408101964424,0.00257535443623,-0.00175648074744,0.00598502912414,-0.128462379163,0.00879929590396,0.00263059864925,-0.0122914437199,-0.000123493939768,-3.16691982023e-06,-1.31365052658,0.044160043383,0.0902881594072,-0.0581585988717,-0.0666004524428,0.0176104528816,-1.44211290575,0.0529593392869,0.0929187580565,-0.0704500425917,-0.0667239463826,0.0176072859618,-0.06993,0.189,-0.1595,0.0052,-0.0066,-0.0038
0.725,0.725107431,6.157,0,-0.221987992401,0.277853854957,-1.65014807437,-0.562518185137,0.413488116642,0.520614144333,-0.0366519142919,-0,-0,-0.00523598775598,-0.0010471975512,0,-0.000274919702908,-0.00803349480497,0.00040759018072,0.00258042884637,-0.00175925898273,0.00602013247718,-0.128180864046,0.00884964701017,0.00253260868748,-0.0122751404699,-0.00012378224094,-3.16194678726e-06,-1.29194286629,0.0402792286465,0.0912398213406,-0.0577223453955,-0.0628090479361,0.0176326743952,-1.42012373033,0.0491288756567,0.0937724300281,-0.0699974858654,-0.062932830177,0.0176295124484,-0.02583,0.20979,-0.13915,0.0024,0.0042,-0.0006
0.726,0.725869207,7.28,1,-0.222022147442,0.277854454168,-1.65014787463,-0.562523458196,0.413488116642,0.520614623702,-0.0322885911619,-0,-0,-0.00418879020479,-0,0,-0.000276397765679,-0.00805210423672,0.000406796798201,0.00258465668351,-0.00176076300666,0.00605244648342,-0.127897892013,0.00890052657605,0.00243457967946,-0.0122587375802,-0.000124066893251,-3.15626389786e-06,-1.35526421222,0.049454336528,0.0897869588005,-0.0607432590151,-0.0713556442616,0.016702463856,-1.45012373033,0.0583548631041,0.09222153848,-0.0730019965953,-0.0714797111549,0.0166993075921,-0.02772,0.22365,-0.1298,0.0056,0.0132,-0.01
0.727,0.727098585,6.423,1,-0.222054504849,0.277854454168,-1.65014747516,-0.56252897094,0.413487157904,0.520615342756,-0.0305432619099,-0,0.000872664625997,-0.00418879020479,0.00209439510239,0.0010471975512,-0.000277783715162,-0.00807189052922,0.000405643036657,0.00258903793751,-0.00176236316054,0.00608335909254,-0.127612020681,0.00895160239209,0.00233607390357,-0.0122422867562,-0.00012434894389,-3.15064932727e-06,-1.38462727261,0.0643363674585,0.0794967695782,-0.0648288528545,-0.0787796467628,0.0158671933068,-1.48012373033,0.0732879698506,0.0818328434818,-0.0770711396108,-0.0789039957067,0.0158640426575,-0.03969,0.17955,-0.1584,0.0102,-0.0182,-0.0048
0.728,0.728092159,4.541,0,-0.222087061993,0.277853854957,-1.65014707569,-0.562534243998,0.413486438851,0.520616061809,-0.0331612557879,-0,-0,-0.00523598775598,-0.00209439510239,0,-0.000279065645431,-0.00809165494633,0.000404053790519,0.00259332824878,-0.00176312312546,0.00611443614874,-0.127325103195,0.009001366427,0.00223812278347,-0.012225596784,-0.000124618885399,-3.1451134338e-06,-1.34736452577,0.0420518336257,0.0954168592923,-0.0586642757094,-0.0674034007964,0.0177031661376,-1.47468962896,0.0510532000527,0.0976549820758,-0.0708898724934,-0.0675280196818,0.0177000210242,-0.07434,0.19152,-0.1353,0.0056,0.0062,-0.0214
0.729,0.729100278,5.483,0,-0.222122015982,0.277853455482,-1.65014647648,-0.562539037688,0.413487397589,0.520615822125,-0.0340339204139,-0,-0,-0.00418879020479,-0,0,-0.000280445209715,-0.00811002353094,0.000402275682939,0.00259814239923,-0.00176233610151,0.00614723919048,-0.127037966561,0.00905126167342,0.00214006441911,-0.0122088443692,-0.000124882605534,-3.13955947107e-06,-1.342338663,0.0495027103184,0.0882378636681,-0.0613015972797,-0.069530075471,0.016766787222,-1.46937662956,0.0585539719918,0.0903779280872,-0.0735104416488,-0.0696549580765,0.0167636476625,0.00945,0.189,-0.1309,0.0032,0.016,-0.0002
0.73,0.730086204,6.546,1,-0.222154972601,0.277853655219,-1.65014647648,-0.562543831378,0.413487637273,0.520615103071,-0.0322885911619,-0,-0,-0.00418879020479,0.00314159265359,-0.0010471975512,-0.000281870529354,-0.00812968830814,0.000401209730599,0.00260317360682,-0.0017633411617,0.00617840144058,-0.126750263096,0.00910144415759,0.00204177399454,-0.0121918811368,-0.000125169137303,-3.13426720639e-06,-1.3738250589,0.0598958909303,0.0826375952998,-0.0620918782051,-0.0765459331018,0.0178421716177,-1.49937662956,0.0689973350879,0.0846793692944,-0.0742837593419,-0.0766711022391,0.0178390373505,-0.07623,0.21672,-0.15455,0.0068,-0.0106,-0.005
0.731,0.731089365,5.278,0,-0.222188528431,0.277854054694,-1.65014667621,-0.562549344122,0.413487157904,0.520614863387,-0.0331612557879,-0,-0,-0.00418879020479,-0,0,-0.000283271864376,-0.0081489684612,0.000400510223835,0.00260829578119,-0.00176550741757,0.0062102707472,-0.126460864829,0.00915247806162,0.00194315860744,-0.0121747660641,-0.000125457354183,-3.12871263972e-06,-1.36092392325,0.051150822584,0.0886783580179,-0.0619526526839,-0.0713283474567,0.0168189835667,-1.48738478808,0.0603033006456,0.0906215166253,-0.074127418748,-0.0714538048108,0.016815854854,-0.04662,0.20349,-0.143,0.0098,-0.0094,-0.0114
0.732,0.731867831,5.069,0,-0.222222683472,0.277854254431,-1.65014707569,-0.562555336234,0.413487157904,0.520614384018,-0.0340339204139,-0,-0.000872664625997,-0.00628318530718,-0.00314159265359,0,-0.000284579483958,-0.00816795174423,0.000399788766136,0.00261409694734,-0.00176735671311,0.00624233268864,-0.126169396072,0.00920359716507,0.00184423854214,-0.0121576608536,-0.000125732194083,-3.12301490263e-06,-1.34823673493,0.0305648473783,0.106042701673,-0.0557072989475,-0.0635085529454,0.0185772712885,-1.47440613101,0.0397684445434,0.107886940215,-0.0678649598012,-0.0636342851394,0.0185741482736,-0.00441,0.20034,-0.13145,0.0048,0.0226,-0.0094
0.733,0.733084539,4.617,1,-0.222255040879,0.277853255745,-1.6501476749,-0.562561328347,0.413486678535,0.520613904649,-0.0305432619099,-0.000872664625997,-0,-0.00523598775598,-0,0,-0.000285622107523,-0.00818818480054,0.000398444187985,0.00262011569555,-0.00176864332893,0.00627283733418,-0.125876224887,0.00925344710156,0.00174575661523,-0.0121403315013,-0.000125995759448,-3.11735347805e-06,-1.40342630917,0.064517508047,0.0847427904342,-0.0630296084182,-0.0776097956468,0.0180285538229,-1.50440613101,0.0697684445434,0.0864885470494,-0.0751699399195,-0.0777357914063,0.0180254364695,-0.03087,0.17388,-0.1397,0.0108,0.0008,-0.0082
0.734,0.734109798,5.264,0,-0.222287398286,0.27785225706,-1.65014827411,-0.562567080775,0.413485240428,0.520613664964,-0.0340339204139,-0.000872664625997,-0,-0.00523598775598,-0,0,-0.000286685045112,-0.00820843270709,0.000397146604363,0.0026256720922,-0.00177071143984,0.00630390372096,-0.12558277031,0.00930333774518,0.00164725450195,-0.0121228906986,-0.000126257730809,-3.11147780632e-06,-1.36040709017,0.0619739921295,0.082335217705,-0.062753915024,-0.0726523233789,0.018050126402,-1.48598986048,0.0712773298747,0.083982472207,-0.0748768057225,-0.0727785811097,0.0180470149242,-0.11844,0.16821,-0.14685,0.013,-0.0092,-0.004
0.735,0.735094229,4.815,0,-0.222322552013,0.277851857586,-1.65014867358,-0.562572114149,0.41348428169,0.520614144333,-0.0349065850399,-0,-0.000872664625997,-0.00418879020479,-0.00209439510239,0,-0.000287939306911,-0.00822695313232,0.000395987966636,0.00262976303648,-0.00177261028906,0.0063377782439,-0.125288320062,0.00935322459837,0.00154869914202,-0.0121053057826,-0.000126528436755,-3.10559802291e-06,-1.34893149839,0.0384565247652,0.0987624972435,-0.0601383823629,-0.0651589903449,0.0167359999945,-1.47421981846,0.0478097493636,0.100311196386,-0.0722436881455,-0.0652855187817,0.0167328943965,0.00252,0.20664,-0.1287,0.0062,0.0108,-0.0118
0.736,0.73608643,4.867,0,-0.222357106528,0.27785225706,-1.65014847385,-0.562577147524,0.413483322952,0.520615103071,-0.0340339204139,0.000872664625997,-0,-0.00418879020479,-0.0010471975512,0.0010471975512,-0.000289464055835,-0.00824585693889,0.000395040310489,0.00263333305886,-0.00177470102112,0.00637105380792,-0.124992633677,0.0094034230505,0.00144981021247,-0.0120875251696,-0.000126808523695,-3.10038645132e-06,-1.3641704578,0.0374721709846,0.0977027122827,-0.0618404604948,-0.0676026284962,0.0157081239748,-1.48916309148,0.0468755940351,0.0991525224952,-0.0739279856644,-0.0677294370199,0.0157050235883,-0.04284,0.19152,-0.1342,0.0024,0.0084,-0.009
0.737,0.737253434,12.056,1,-0.222392060517,0.277853056008,-1.65014847385,-0.562582660267,0.413481645161,0.52061558244,-0.0366519142919,0.000872664625997,-0,-0.00523598775598,-0,0.0010471975512,-0.000291020255655,-0.0082645003371,0.000394553333385,0.00263768714935,-0.00177810202929,0.00640492002739,-0.124695326702,0.00945492783279,0.00135017584998,-0.0120697107353,-0.000127090671055,-3.09460118355e-06,-1.33397277845,0.0360634284309,0.0959152882919,-0.0604071138864,-0.0648839959037,0.0166840955753,-1.45916309148,0.0455183562636,0.0972654641419,-0.0724768246216,-0.0650110865748,0.0166810009742,-0.08253,0.20223,-0.14795,0.0066,-0.0098,-0.0014
0.738,0.73813181,6.554,0,-0.222429011877,0.277853455482,-1.65014827411,-0.56258865238,0.413480446738,0.52061558244,-0.0357792496659,-0,-0,-0.00628318530718,-0.00314159265359,0,-0.000292497731577,-0.00828194449017,0.000393732407337,0.00264309074032,-0.00178060293225,0.00644037640294,-0.124396600921,0.00950458132832,0.00125150248717,-0.0120517011159,-0.000127350937226,-3.0886565466e-06,-1.34469462247,0.0394198202101,0.0971188444644,-0.058778504513,-0.0641121249468,0.0189057396356,-1.46909122339,0.0489244015384,0.0983703469516,-0.0708302056289,-0.0642394758841,0.018902650979,0.02709,0.21924,-0.13805,0.0018,0.0194,-0.0042
0.739,0.739093359,4.896,1,-0.222463166918,0.277853255745,-1.65014787463,-0.562595842914,0.413479488,0.52061558244,-0.0322885911619,-0,-0,-0.00733038285838,-0,0,-0.000293836309981,-0.0083012421715,0.000392566520037,0.00264976534023,-0.00178235537255,0.00647250009768,-0.124096902704,0.0095542688296,0.00115273901998,-0.0120335710754,-0.000127610417081,-3.08269378919e-06,-1.39922985892,0.0489196093463,0.0950231459551,-0.059109959068,-0.0733237972804,0.0199041933788,-1.49909122339,0.0584738781759,0.0961758849751,-0.0711435301434,-0.0734514076975,0.019901110685,-0.05922,0.18774,-0.1309,0.0064,0.0066,-0.0018
0.74,0.740094316,4.479,0,-0.222497321959,0.27785225706,-1.65014787463,-0.562603752503,0.413476851471,0.52061558244,-0.0349065850399,-0.000872664625997,-0,-0.00733038285838,-0,0,-0.000294913730043,-0.00832054334824,0.000391321955815,0.00265718221456,-0.00178531940665,0.0065052093721,-0.123795473121,0.0096045501882,0.0010532979849,-0.0120153804917,-0.000127875483893,-3.07661317919e-06,-1.3684738992,0.0594611118876,0.0855408957756,-0.0607988651248,-0.0719210709808,0.0201235660774,-1.49226937233,0.0690656620758,0.0865941937605,-0.0728142456165,-0.0720489464647,0.0201204894642,-0.09135,0.18774,-0.14465,0.0066,-0.0186,-0.0148
0.741,0.741091664,4.407,0,-0.222533873845,0.277851657849,-1.6501476749,-0.56261214146,0.413475173679,0.52061558244,-0.0366519142919,-0,-0,-0.00733038285838,-0.00418879020479,0,-0.000296076401346,-0.00833837632695,0.000390200655486,0.00266499250964,-0.00178774733588,0.00653966957576,-0.123492957951,0.00965347458753,0.000954455990994,-0.0119969254688,-0.000128128239851,-3.07084804969e-06,-1.34137234842,0.0351698487568,0.100530950634,-0.0573114834574,-0.0617290435909,0.0199724105299,-1.46486530637,0.0448233233443,0.101485406625,-0.0693084089262,-0.0618571718308,0.0199693396818,-0.00756,0.1764,-0.12815,0.011,0.0168,-0.002
0.742,0.74211114,5.329,1,-0.222568628097,0.277852057323,-1.6501476749,-0.562620770102,0.413474454626,0.520615103071,-0.0331612557879,0.000872664625997,-0,-0.00733038285838,-0,0,-0.000297418503779,-0.00835742215101,0.000389735421306,0.00267324543397,-0.0017905631083,0.0065717688268,-0.123190007349,0.00970344700928,0.000855269718539,-0.0119783087803,-0.000128395329499,-3.06487253141e-06,-1.39683070264,0.037172732776,0.101872028298,-0.0578616589775,-0.0704398595645,0.019832768399,-1.49486530637,0.0468761797853,0.102727298016,-0.0698399677578,-0.070568254894,0.0198297035265,-0.04977,0.18207,-0.1408,0.0144,0.0084,0.0006
0.743,0.743096254,5.142,0,-0.22260198419,0.277853056008,-1.65014787463,-0.562628919375,0.413472776834,0.520615103071,-0.0331612557879,0.000872664625997,-0,-0.00837758040957,0.0010471975512,0,-0.000298894042137,-0.00837736289779,0.000389753344451,0.00268040634827,-0.00179488952919,0.00660311509995,-0.122886251709,0.00975459714367,0.000755530973382,-0.0119596930256,-0.000128677409333,-3.0590199922e-06,-1.40172984982,0.0380072847065,0.101878747359,-0.0568101873467,-0.0716411346135,0.020827386128,-1.52461610153,0.0477618818502,0.102634278333,-0.0687698803723,-0.0717698120228,0.020824327108,-0.06804,0.20979,-0.1617,0.0068,-0.0164,0.0016
0.744,0.74409229,7.372,0,-0.222636139231,0.277853854957,-1.65014747516,-0.562636589279,0.413471578412,0.520615822125,-0.0331612557879,-0,-0,-0.00733038285838,-0.00314159265359,0,-0.000300453498052,-0.0083968734282,0.000389252549802,0.00268658286781,-0.00179792169242,0.00663519018948,-0.122580179255,0.00980336400575,0.000656580158058,-0.0119408439638,-0.00012892809029,-3.05297563229e-06,-1.3998287621,0.0420444053032,0.100650183393,-0.0589596051726,-0.0690117233221,0.0200862526684,-1.52240894135,0.051847769309,0.101306763551,-0.0709004491364,-0.0691406514124,0.0200831996928,-0.03087,0.21168,-0.1232,0.008,0.012,-0.0148
0.745,0.745006649,5.491,0,-0.222670494009,0.277854054694,-1.65014687595,-0.562644259183,0.413471338727,0.520616301494,-0.0331612557879,-0,0.000872664625997,-0.00733038285838,-0.0010471975512,0,-0.000301927296549,-0.00841638296533,0.000388188198839,0.00269317491457,-0.0017993432497,0.00666698777651,-0.122271781129,0.00985307061942,0.000557145334598,-0.0119218811189,-0.00012917641525,-3.04683559281e-06,-1.40581396854,0.0556107007844,0.0889711124006,-0.0618044030963,-0.0738180137294,0.0203062022899,-1.52808574967,0.0654637714039,0.0895282577352,-0.0737262842152,-0.0739471901447,0.0203031554543,-0.02835,0.18081,-0.12815,0.0034,0.0146,-0.0046
0.746,0.745952124,3.79,0,-0.222704848787,0.277853455482,-1.65014687595,-0.562652648141,0.41346990062,0.520616541178,-0.0340339204139,-0.000872664625997,-0,-0.00837758040957,0.0010471975512,0,-0.000303108744755,-0.00843592708691,0.000387095894852,0.00270070440013,-0.00180175801834,0.00669913212495,-0.121963167275,0.0099029329597,0.00045758496011,-0.0119028541853,-0.000129432508997,-3.04067374954e-06,-1.40191286061,0.0632485329536,0.0857761580451,-0.0611112778031,-0.075599231347,0.0213011665341,-1.52387602789,0.0731514659132,0.0862337430053,-0.0730141319883,-0.075728663856,0.0212981258603,-0.07497,0.18144,-0.15455,0.0022,-0.0168,-0.008
0.747,0.747087028,3.364,1,-0.222741400673,0.277852856271,-1.65014687595,-0.562662714889,0.413468462513,0.520615822125,-0.0383972435439,-0,-0,-0.010471975512,-0.00314159265359,0,-0.000304195665437,-0.00845407486159,0.000386210027259,0.00271072554033,-0.00180451877611,0.00673288661522,-0.121653447156,0.00995175175225,0.000358337597772,-0.0118836084283,-0.000129681349566,-3.0345591803e-06,-1.33957715436,0.0322228847199,0.103317926551,-0.0538350784032,-0.0606814110372,0.0230742225745,-1.49387602789,0.0431514659132,0.103676264149,-0.0657186868316,-0.0608110923867,0.0230711880153,-0.04095,0.19215,-0.1452,0.0116,0.012,0.0044
0.748,0.748095981,3.359,0,-0.222778152296,0.277852456797,-1.65014647648,-0.562673500692,0.413468222829,0.520615103071,-0.0366519142919,-0,-0,-0.0115191730632,-0.0010471975512,-0.00209439510239,-0.000305354862205,-0.00847217053896,0.000385237876478,0.00272145097394,-0.00180619095287,0.00676599242014,-0.121343334781,0.0100029141737,0.000258148395726,-0.011864296583,-0.000129955870112,-3.02882375425e-06,-1.36907493199,0.0378982439149,0.101771624824,-0.0515436104002,-0.0658813182323,0.026184274516,-1.49041826677,0.0479011580886,0.102029773219,-0.0634079069833,-0.0660112741024,0.0261812456923,-0.03654,0.18522,-0.1342,0.0028,0.0154,-0.02
0.749,0.749091471,3.357,0,-0.222813905234,0.27785225706,-1.65014627674,-0.562684765863,0.413466545037,0.520614384018,-0.0366519142919,-0,0.000872664625997,-0.0115191730632,0.0010471975512,0,-0.000306510255277,-0.00849087296944,0.000384666148522,0.00273252550017,-0.00180960017478,0.00679864977349,-0.121032170824,0.0100518944557,0.000158723273326,-0.0118447421799,-0.000130216472387,-3.02272461737e-06,-1.37493623709,0.0509558213555,0.0905957347115,-0.0562659122878,-0.0706594524965,0.024332180502,-1.49596840791,0.0610077158112,0.0907544579848,-0.0681106544677,-0.0707896689689,0.0243291577774,-0.09072,0.19215,-0.15565,0.007,-0.0142,0.0004
0.75,0.750123545,3.412,1,-0.22285245449,0.27785225706,-1.65014587726,-0.562696031035,0.413464867246,0.520613904649,-0.0401425727959,-0,-0,-0.010471975512,-0.00209439510239,0,-0.000307733316462,-0.00850782140414,0.000384116861959,0.00274335789597,-0.00181301145781,0.00683410279756,-0.12071812447,0.0101004424534,5.93983517767e-05,-0.0118250431067,-0.000130454299229,-3.01633112866e-06,-1.32747205978,0.0346737148846,0.0998240147966,-0.0546271761086,-0.06009821382,0.0232339344129,-1.46596840791,0.044774157338,0.0998834131484,-0.0664522192154,-0.0602286681193,0.0232309180817,-0.06363,0.18396,-0.1485,0.0084,0.0024,-0.0056
0.751,0.751093774,3.338,1,-0.2228955977,0.277852456797,-1.65014527805,-0.562707056522,0.413464148192,0.520613664964,-0.0436332312999,-0,-0,-0.010471975512,-0.0010471975512,0,-0.000309029277754,-0.0085219172357,0.000383473888298,0.00275372845954,-0.00181554841138,0.00687375675634,-0.120402540461,0.010150984242,-4.0710910584e-05,-0.0118053118059,-0.000130704605579,-3.01003912937e-06,-1.28514006775,0.0347161054864,0.0952724740817,-0.0547005997071,-0.0564223634177,0.023279387056,-1.43596840791,0.0448670897283,0.0952317631711,-0.0665059115129,-0.0565530680233,0.0232763770169,0.01386,0.22239,-0.13365,0.0128,0.0104,-0.0038
0.752,0.752094264,3.314,0,-0.222936743539,0.277852456797,-1.65014487858,-0.562717362955,0.41346294977,0.520614384018,-0.0410152374219,-0,-0,-0.00942477796077,-0,0,-0.000310308473457,-0.00853736077267,0.000382741118523,0.00276248391238,-0.00181834870965,0.00691190303182,-0.120086614432,0.0101997260686,-0.000140328705561,-0.0117854174117,-0.000130954754467,-3.00357559729e-06,-1.32466229906,0.0423386121918,0.0926445041949,-0.057420404892,-0.062303423914,0.0223688311696,-1.4447489135,0.0525383382604,0.0925041754894,-0.0692058223037,-0.0624343786685,0.022365827594,-0.09009,0.20034,-0.1496,0.01,-0.0048,-0.0084
0.753,0.752898108,3.355,1,-0.222979886749,0.27785225706,-1.6501444791,-0.562728148757,0.413461271978,0.52061558244,-0.0445058959259,-0,-0,-0.010471975512,-0,0.00209439510239,-0.000311517977561,-0.00855155069716,0.000381979052753,0.00277123783913,-0.00182146842236,0.00695211906776,-0.119769685321,0.0102481332091,-0.00023969740332,-0.0117653303785,-0.000131189259173,-2.99715107323e-06,-1.28060108834,0.0370136358932,0.0928190377451,-0.0573343612461,-0.0568374581527,0.0212707194064,-1.4147489135,0.0472617691023,0.0925793403418,-0.0690996916246,-0.0569686474118,0.0212677222554,-0.0504,0.19278,-0.1507,0.0074,-0.008,-0.0018
0.754,0.7540876,3.318,1,-0.223022630484,0.277852057323,-1.65014368016,-0.56273893456,0.41346031324,0.520616301494,-0.0401425727959,-0,-0,-0.00942477796077,-0.00314159265359,0,-0.000312800072161,-0.00856607521759,0.000380956357365,0.0027805613763,-0.00182357548029,0.00699157691321,-0.119450920217,0.0102978815744,-0.00033983053163,-0.0117451094373,-0.000131440031878,-2.99086456612e-06,-1.33702273042,0.0357525079704,0.099455221867,-0.056791116318,-0.0597887344581,0.0224606049907,-1.4447489135,0.0460503895448,0.0991153913354,-0.0685362257553,-0.05992017449,0.0224576141261,0.00378,0.1953,-0.13805,0.0162,0.0228,-0.0052
0.755,0.754973119,3.386,1,-0.223061778952,0.277852057323,-1.65014268147,-0.562749960047,0.413459354502,0.520616541178,-0.0383972435439,-0,0.000872664625997,-0.010471975512,-0,0,-0.000314167323434,-0.00858293725403,0.000379987423585,0.00279058582564,-0.00182573008235,0.0070273561792,-0.11913187202,0.0103476966839,-0.000440003135257,-0.0117247755591,-0.00013170313323,-2.98503132201e-06,-1.36731191832,0.0513320967023,0.0889100590099,-0.0586030226859,-0.0681400570685,0.0236598341876,-1.4747489135,0.0616797933862,0.0884700558746,-0.070327798245,-0.0682717602018,0.0236568491563,-0.07434,0.19026,-0.15455,0.007,0,-0.0106
0.756,0.756091392,3.449,1,-0.22310232558,0.27785225706,-1.65014148305,-0.562761464903,0.413458395764,0.520616061809,-0.0418879020479,-0,0.000872664625997,-0.0115191730632,-0,-0.0010471975512,-0.000315582365424,-0.00859892835683,0.000379101771845,0.00280176710976,-0.00182798749541,0.00706436626009,-0.118812005746,0.0103971187731,-0.000539879906382,-0.0117043225438,-0.000131950268213,-2.9785356899e-06,-1.32349480195,0.0467100157732,0.0883965015385,-0.0556392149874,-0.0627060364177,0.0257154719223,-1.4447489135,0.0571071345463,0.0878566216321,-0.0673435375312,-0.0628379866859,0.0257124933866,-0.06993,0.2079,-0.1628,0.0074,-0.011,-0.0092
0.757,0.757097082,3.342,0,-0.223145668526,0.277852656534,-1.65014008489,-0.562772969759,0.413458875133,0.520615822125,-0.0427605666739,-0,0.000872664625997,-0.0115191730632,-0.0010471975512,0,-0.00031706519172,-0.00861323838507,0.00037811046382,0.0028127105954,-0.00182900135895,0.00710345516695,-0.118489669636,0.0104449549544,-0.000639690874646,-0.0116837013617,-0.000132185892618,-2.97175892303e-06,-1.31297655264,0.043420518397,0.0900552578572,-0.0562784361947,-0.0601926141839,0.0247213678683,-1.43146622228,0.0538654733513,0.0894155669825,-0.0679621375564,-0.0603248000766,0.0247183961094,0.0063,0.19215,-0.13255,0.0086,0.0224,-0.0072
0.758,0.758123371,3.372,1,-0.223185615943,0.277853056008,-1.65013868673,-0.562783995246,0.413459114818,0.520615342756,-0.0375245789179,-0,0.000872664625997,-0.00942477796077,0.00209439510239,0,-0.000318598596204,-0.00862978095919,0.000377070425436,0.00282345560092,-0.00183012226953,0.00713943530911,-0.118165136995,0.0104941494761,-0.000739781268402,-0.0116629457095,-0.000132419725285,-2.96559147303e-06,-1.39086258087,0.0610405689775,0.0826927141888,-0.0619041953941,-0.073190196533,0.0228666668076,-1.46146622228,0.0715347184535,0.0819529329204,-0.0735671411035,-0.0733226162583,0.0228637012162,-0.02772,0.19656,-0.132,0.0112,-0.0014,-0.0016
0.759,0.759090116,3.351,1,-0.223223366251,0.277853056008,-1.65013808752,-0.56279382231,0.41345815608,0.520614623702,-0.0375245789179,-0,0.000872664625997,-0.00942477796077,-0,0,-0.000320007488208,-0.00864780365693,0.000376097759402,0.00283325711536,-0.00183242460137,0.00717423321727,-0.117840329692,0.0105430877652,-0.000839616537656,-0.0116420295207,-0.000132651226048,-2.95902570519e-06,-1.39091601191,0.0560410692273,0.0868888889544,-0.0613304491866,-0.0706406813546,0.0229155963718,-1.49146622228,0.0665841569925,0.0860492724167,-0.0729724787073,-0.0707733325807,0.0229126373461,-0.0882,0.18333,-0.15895,0.0048,-0.0078,-0.0022
0.76,0.760102223,3.363,0,-0.223263313668,0.277852856271,-1.65013748831,-0.562802690636,0.413458395764,0.520614623702,-0.0401425727959,-0,-0,-0.00837758040957,-0.00209439510239,0,-0.000321425474578,-0.00866456774378,0.0003747609303,0.00284150697026,-0.0018332995775,0.00721096574363,-0.117515121996,0.0105904846057,-0.000939195026673,-0.0116209715138,-0.000132882836528,-2.95203487463e-06,-1.35660339388,0.0433476674325,0.0944528671161,-0.0602680359902,-0.0627852894975,0.0218060127017,-1.47411851587,0.0539381520381,0.0935136720895,-0.071889007504,-0.062918172334,0.0218030606668,-0.04599,0.19467,-0.132,0.0056,0.0218,0.0018
0.761,0.761090868,3.341,0,-0.22330286161,0.277852656534,-1.65013748831,-0.562811558963,0.413457916395,0.520615342756,-0.0401425727959,-0,-0,-0.00837758040957,-0,0,-0.000322758849068,-0.0086816260969,0.000373760165857,0.00284890554075,-0.00183537951132,0.00724765746645,-0.117188138137,0.0106402071988,-0.00103985089377,-0.0115998283714,-0.000133136882058,-2.94581508381e-06,-1.36278183936,0.0492389370962,0.0900507752296,-0.0613226932685,-0.0657568582737,0.0218429278403,-1.4799699775,0.059879144295,0.0890109243358,-0.0729225216399,-0.0658899951558,0.0218399820252,-0.09702,0.17892,-0.14575,0.0118,0.0084,-0.0162
0.762,0.762102748,3.382,0,-0.223344207186,0.277852656534,-1.65013788778,-0.562821625712,0.413456478288,0.520616541178,-0.0418879020479,-0,-0,-0.00942477796077,-0,0.0010471975512,-0.000324004181178,-0.00869750917441,0.000373300703394,0.00285678605243,-0.00183912021849,0.00728620622849,-0.116860116657,0.0106895557417,-0.00114021829864,-0.0115784671558,-0.000133379858258,-2.93942287695e-06,-1.34221036299,0.0456389883443,0.0911974418848,-0.0605503896724,-0.0629120801641,0.021790756432,-1.45907047964,0.056328544086,0.0900572235861,-0.0721288568283,-0.0630454600223,0.0217878170091,-0.05103,0.19152,-0.1551,0.0068,-0.0154,-0.0054
0.763,0.763068505,3.406,0,-0.223385952236,0.277852856271,-1.65013828725,-0.56283217183,0.41345551955,0.520616541178,-0.0410152374219,-0,-0.000872664625997,-0.00942477796077,-0.00418879020479,0,-0.000325270663848,-0.00871319260759,0.000372976469252,0.00286626152986,-0.00184274449657,0.00732474680667,-0.116530594455,0.0107376274841,-0.00124014598376,-0.0115569765972,-0.000133606130803,-2.9325731358e-06,-1.35102577401,0.0284287010521,0.107385701268,-0.0565421497154,-0.0570584743615,0.0226997035261,-1.46755636846,0.0391663285361,0.106145555284,-0.0680991263126,-0.0571920804923,0.022696770953,-0.02898,0.19593,-0.1375,0.0054,0.0214,-0.003
0.764,0.764101749,3.386,1,-0.223425500178,0.277852856271,-1.65013848699,-0.562841998894,0.413455040181,0.520616541178,-0.0392699081699,-0,-0,-0.00942477796077,-0,0,-0.000326585921317,-0.00873038404526,0.000372289416172,0.00287516848175,-0.00184541425283,0.00736110382092,-0.116199492736,0.0107855324306,-0.00134005499183,-0.0115353562275,-0.000133836498872,-2.92613689475e-06,-1.38305632236,0.0489079068442,0.0925905978568,-0.0604406474223,-0.0671914857842,0.0229344193327,-1.49755636846,0.0596934392749,0.0912505428649,-0.0719760036498,-0.0673253222831,0.0229314931958,-0.02961,0.1764,-0.143,0.0112,0.004,-0.0072
0.765,0.765097382,3.35,0,-0.223464648646,0.277852856271,-1.65013868673,-0.562851106905,0.413454081443,0.520616541178,-0.0392699081699,-0,-0,-0.00837758040957,0.0010471975512,0,-0.000327950523922,-0.0087478797994,0.000371544239645,0.00288341750485,-0.00184835310587,0.00739755000428,-0.115867401864,0.0108334737834,-0.00144005346461,-0.0115136122777,-0.000134060950591,-2.91945572199e-06,-1.38787702865,0.0542531255743,0.0882314734183,-0.0627638811668,-0.0691803869655,0.0220165961193,-1.50374443051,0.0650865993577,0.0867914199537,-0.0742774934445,-0.069314447916,0.0220136766635,-0.05418,0.20034,-0.14575,0.0086,-0.015,-0.0062
0.766,0.766095722,3.337,0,-0.223504995537,0.277852856271,-1.65013868673,-0.562860933969,0.413453841759,0.520616541178,-0.0392699081699,-0,-0,-0.00942477796077,-0.00209439510239,0,-0.000329309101642,-0.00876467134656,0.000370723949496,0.00289236774413,-0.00185062085819,0.00743458557245,-0.115534274613,0.010881720881,-0.00154038531251,-0.0114917666202,-0.000134289318143,-2.91227550567e-06,-1.3860099278,0.0442934220814,0.096714391322,-0.0600987250417,-0.0648198809496,0.0230202215617,-1.50154420242,0.0551751429624,0.0951740060095,-0.0715904916618,-0.0649541702677,0.0230173092862,0.01197,0.2016,-0.1397,0.0074,0.0126,-0.0136
0.767,0.767093178,3.406,0,-0.223543544793,0.277852656534,-1.65013868673,-0.562871000718,0.413454081443,0.520616061809,-0.0383972435439,-0,-0,-0.010471975512,-0,0,-0.000330630854593,-0.00878269677153,0.000369757723193,0.00290206391634,-0.00185232708333,0.0074695010999,-0.115199573067,0.0109303618199,-0.00164062279381,-0.0114697449242,-0.000134513357878,-2.90532021362e-06,-1.40378398862,0.0487481288036,0.0950274108313,-0.0595978764886,-0.0687061851857,0.0240292053153,-1.51898356168,0.0596784906235,0.0933867880375,-0.0710676214129,-0.0688406985436,0.0240262999951,-0.06678,0.17262,-0.13255,0.0038,0.0054,0.0008
0.768,0.768080425,3.348,0,-0.223583292473,0.277852656534,-1.65013888647,-0.562881307152,0.41345336239,0.520615822125,-0.0392699081699,-0,-0,-0.00942477796077,-0,-0.0010471975512,-0.000331950646445,-0.00879994905291,0.000369117378247,0.00291164678513,-0.00185530293266,0.0075060079232,-0.114863674889,0.0109781858364,-0.00174074803988,-0.0114475007942,-0.000134739671702,-2.89906634415e-06,-1.3953548338,0.0508187089903,0.0920200698792,-0.060410706403,-0.068001029895,0.0241636410375,-1.51021850868,0.0617968948267,0.0902793218393,-0.0718582071972,-0.0681357695667,0.0241607419711,-0.04977,0.21609,-0.15345,0.0108,-0.0092,-0.01
0.769,0.768984255,3.361,0,-0.223624837786,0.277852856271,-1.65013928594,-0.562891613585,0.41345336239,0.520616301494,-0.0410152374219,-0,-0,-0.010471975512,-0.0010471975512,0,-0.000333280327182,-0.00881613522765,0.000368621781048,0.0029204260815,-0.00185804803761,0.00754395484379,-0.114526708758,0.0110262739476,-0.00184116615749,-0.0114251305858,-0.000134974563011,-2.89255092204e-06,-1.37323729801,0.044505954908,0.0953020922227,-0.0592319351905,-0.0637805149206,0.0241159704902,-1.48776400677,0.0555322288556,0.0934609260653,-0.0706570657763,-0.0639154894836,0.0241130779392,-0.03465,0.18207,-0.1375,0.0028,0.0102,-0.0046
0.77,0.769983752,3.326,0,-0.22366558415,0.277853455482,-1.65013968541,-0.562901680334,0.413454081443,0.520616780863,-0.0392699081699,-0,-0,-0.00942477796077,-0,0,-0.00033471859792,-0.00883291043991,0.000368271021449,0.00292890115093,-0.00186050831435,0.00758082786651,-0.1141890488,0.0110750536688,-0.00194169481711,-0.0114027374318,-0.000135199632205,-2.88552909005e-06,-1.40123728116,0.0513238193899,0.0921267626589,-0.0618141885121,-0.06836551267,0.0232025135919,-1.51542632996,0.0623988730587,0.0901850678418,-0.073216925944,-0.0685007123022,0.0231996280628,-0.03591,0.23688,-0.1353,0.004,0.0126,-0.0038
0.771,0.771094845,3.34,0,-0.223705132092,0.277853455482,-1.65014028463,-0.562911986767,0.413453841759,0.520617499916,-0.0383972435439,-0,-0,-0.00942477796077,0.0010471975512,0,-0.00033600184572,-0.00885048661169,0.000367746994099,0.00293744071414,-0.00186345837448,0.00761689738184,-0.11384967208,0.0111225821629,-0.00204179646922,-0.0113801156208,-0.000135417622024,-2.87831542234e-06,-1.41753240184,0.0552003731664,0.0905008767218,-0.0625828097112,-0.0712514550666,0.0232467161114,-1.53138207392,0.0663229553292,0.0884590802526,-0.073962925332,-0.0713868726886,0.023243837796,-0.05418,0.18144,-0.1551,0.01,-0.0058,-0.019
0.772,0.772092721,3.368,1,-0.223745878457,0.277853056008,-1.65014108357,-0.56292277257,0.413453122705,0.520617260232,-0.0418879020479,-0,-0.000872664625997,-0.0115191730632,-0.0010471975512,0,-0.000337146255874,-0.00886733562161,0.000367160921717,0.00294741774935,-0.00186673059621,0.00765423584506,-0.113507854723,0.0111687961172,-0.0021414884219,-0.0113572321271,-0.00013562459258,-2.87134545617e-06,-1.37105494635,0.0350234088626,0.103968452158,-0.0563045792912,-0.0608487480641,0.0250208165246,-1.50138207392,0.0461922049798,0.101826963736,-0.0676618114184,-0.0609843726567,0.0250179451791,-0.05544,0.19152,-0.13805,0.0004,0.009,-0.0008
0.773,0.773099191,3.395,1,-0.223789620878,0.277852856271,-1.65014148305,-0.562934996479,0.413452403652,0.520616780863,-0.0445058959259,-0,-0,-0.0115191730632,-0.0010471975512,-0.0010471975512,-0.000338307500384,-0.00888225409096,0.000366688921179,0.00295899229139,-0.00187010737784,0.00769406834444,-0.113165935412,0.0112162483957,-0.0022417096102,-0.0113343796709,-0.00013584054929,-2.86473230724e-06,-1.33826248535,0.0409739217768,0.0946535207825,-0.05691718464,-0.0588798792668,0.0263079953827,-1.47138207392,0.0521901701724,0.0924118111723,-0.0682515643109,-0.0590157198161,0.0263051306504,-0.02709,0.19089,-0.13915,0.0134,0.0078,-0.0066
0.774,0.774062609,3.37,0,-0.223833563036,0.277852656534,-1.65014188252,-0.562948179127,0.413451205229,0.520616301494,-0.0436332312999,-0,-0,-0.0125663706144,-0,0,-0.000339422850484,-0.0088970468133,0.000366374310065,0.00297143991844,-0.00187409619922,0.0077340051997,-0.11282301962,0.0112646242511,-0.00234224093968,-0.0113114029381,-0.000136056695288,-2.85741606206e-06,-1.35400592423,0.0423728490818,0.0953915145694,-0.0569284824348,-0.0613140108774,0.0262834538073,-1.46682894385,0.0536374733329,0.0930492736297,-0.0682398853729,-0.0614500675727,0.0262805963912,-0.0126,0.19467,-0.1496,0.0096,-0.0078,0.0078
0.775,0.775094616,3.367,0,-0.223876506509,0.277852856271,-1.65014208226,-0.562960163352,0.413450486176,0.520616301494,-0.0427605666739,-0,-0,-0.0115191730632,-0.0010471975512,0,-0.000340731929039,-0.0089125617626,0.000366010459704,0.00298227152201,-0.00187761714589,0.00777312203757,-0.112478283883,0.0113122755322,-0.002442822976,-0.011288241736,-0.000136275897734,-2.85029649299e-06,-1.36703948287,0.0429745319721,0.0959284927313,-0.0585493895336,-0.0618026436718,0.0253801351925,-1.47951776675,0.0542868075043,0.0934856697553,-0.0698376312696,-0.0619389195695,0.025377284896,-0.03402,0.17703,-0.14245,0.007,0.0036,-0.013
0.776,0.77598124,12.193,1,-0.223917852085,0.277853455482,-1.65014188252,-0.562972147577,0.41345072586,0.520616541178,-0.0401425727959,0.000872664625997,-0,-0.010471975512,-0.0010471975512,0,-0.000342203996771,-0.00892916920522,0.000365614142149,0.00299286794269,-0.00188030298239,0.00781016384704,-0.112133168841,0.0113595349745,-0.00254301884834,-0.0112648467793,-0.00013649722177,-2.84371564474e-06,-1.40431178785,0.0355017422868,0.103121586982,-0.0590131323944,-0.0640370939145,0.0242918142266,-1.50951776675,0.0468612772613,0.100578568133,-0.0702779791737,-0.0641735911363,0.0242889705109,-0.01134,0.18585,-0.1342,0.011,0.0156,-0.0056
0.777,0.777116516,4.551,1,-0.223956800816,0.277853854957,-1.65014168279,-0.56298461117,0.413450246491,0.520616780863,-0.0383972435439,-0,-0,-0.0115191730632,-0,0,-0.000343629316871,-0.00894732491078,0.000365208370134,0.00300394711407,-0.00188351313482,0.0078450011249,-0.111786418933,0.0114065577705,-0.00264313162726,-0.0112412953429,-0.000136703442007,-2.83666726006e-06,-1.43291306938,0.0502546534376,0.0965628081546,-0.0600652288791,-0.0700978179205,0.0254964363111,-1.53951776675,0.061661211208,0.0939196765274,-0.071306524222,-0.0702345213625,0.0254935996439,-0.07182,0.19341,-0.14795,0.017,-0.0006,-0.0058
0.778,0.778324911,12.28,1,-0.22399754718,0.277853655219,-1.65014168279,-0.562997074764,0.413449048069,0.520616780863,-0.0427605666739,-0,-0,-0.0125663706144,-0,0,-0.000344897133874,-0.00896437700908,0.000364576750201,0.00301534779002,-0.00188696175727,0.00788199497666,-0.111438166179,0.0114538772522,-0.00274365179455,-0.0112177308257,-0.000136918744125,-2.82949586654e-06,-1.37751728576,0.0446249687164,0.0957267150996,-0.0579162555177,-0.0633535125188,0.0265040961799,-1.50951776675,0.0560788459685,0.0929830633051,-0.0691339863435,-0.0634904312629,0.026501266684,-0.02898,0.20097,-0.1485,0.004,-0.0098,-0.0104
0.779,0.778984979,4.848,0,-0.224040290916,0.277853455482,-1.65014128331,-0.563010257412,0.413449287753,0.520616061809,-0.0418879020479,-0,-0,-0.0125663706144,-0.00209439510239,0,-0.000346186391192,-0.00898024122601,0.000363712080723,0.00302821479954,-0.00188892615895,0.00792001704651,-0.111088922881,0.0115005713631,-0.00284365271058,-0.0111939244937,-0.00013712240966,-2.82218001599e-06,-1.38885757259,0.0403707769653,0.100488694589,-0.0574546332256,-0.0620750372271,0.0265699881243,-1.49994649548,0.0518713483283,0.0976450418784,-0.0686485577192,-0.0622121596367,0.0265671659442,-0.00378,0.16947,-0.13805,0.0124,0.0184,-0.0026
0.78,0.780106183,4.871,1,-0.224080038595,0.277853455482,-1.65014128331,-0.563023919428,0.413449527438,0.520614863387,-0.0392699081699,-0,-0,-0.0136135681656,0.0010471975512,-0.0010471975512,-0.000347452088346,-0.00899807008974,0.00036321110056,0.00304187277057,-0.00189156953154,0.00795487466341,-0.110737307257,0.0115472840786,-0.00294387801842,-0.0111699746715,-0.00013731686806,-2.81478769323e-06,-1.43142179034,0.0492439209581,0.0976273443313,-0.0566405550841,-0.0699399362376,0.0286492498248,-1.52994649548,0.0607912050367,0.0946834663129,-0.0678105297556,-0.0700772531057,0.0286464350371,-0.08127,0.21042,-0.1386,0.0042,0.0056,-0.0056
0.781,0.781112962,4.443,1,-0.224123181805,0.277853455482,-1.65014148305,-0.563037102076,0.4134485687,0.520614623702,-0.0453785605519,-0,-0,-0.0125663706144,-0,0,-0.000348701745158,-0.00901372948486,0.000362841174979,0.00305408158476,-0.00189535286998,0.00799389337655,-0.110384744149,0.0115941126426,-0.0030442621289,-0.0111459241559,-0.000137524176641,-2.80758054743e-06,-1.35129817724,0.0435140401951,0.0937558672213,-0.0581222575545,-0.0599841843553,0.0266924928109,-1.49994649548,0.0551081528377,0.0907116050924,-0.0692681817104,-0.060121708532,0.0266896852303,-0.08568,0.1953,-0.14575,0.0052,-0.008,-0.0044
0.782,0.782121435,4.978,1,-0.224169720545,0.277853255745,-1.65014168279,-0.563051243461,0.413447370277,0.520614623702,-0.0453785605519,-0,-0.000872664625997,-0.0136135681656,-0.00209439510239,0,-0.000349846683038,-0.00902723359045,0.000362481501327,0.00306696710131,-0.00189934802208,0.0080360928846,-0.110031924661,0.011640734992,-0.00314443623085,-0.0111217353581,-0.000137724141934,-2.80018303447e-06,-1.35107559012,0.0285480670598,0.107402658822,-0.0540424020472,-0.0551521824061,0.0275285681471,-1.46994649548,0.0401888020518,0.104258222591,-0.0651641374053,-0.0552899065481,0.0275257679641,0.0189,0.19341,-0.1298,0.0108,0.0082,-0.0002
0.783,0.783088866,6.047,1,-0.224212064806,0.277853056008,-1.650142282,-0.563065864215,0.413446651224,0.520615342756,-0.0401425727959,-0,-0,-0.0136135681656,-0.0010471975512,0,-0.000350933631858,-0.00904350570918,0.000362317486474,0.00307949121826,-0.00190340633684,0.00807369098645,-0.109677409455,0.0116870367443,-0.00324444537337,-0.0110973417738,-0.000137918368731,-2.7930175251e-06,-1.42479818185,0.0438475425296,0.101414747424,-0.0572368017269,-0.0663256499785,0.0277880596516,-1.49994649548,0.0555345792739,0.098170302051,-0.0683341435007,-0.0664635683472,0.027785266634,-0.02898,0.19845,-0.1485,0.014,0.0146,-0.0032
0.784,0.783948517,6.802,0,-0.224254608804,0.277853056008,-1.65014288121,-0.563080005601,0.413445452801,0.520616541178,-0.0427605666739,-0,-0,-0.0136135681656,0.0010471975512,0.0010471975512,-0.000352095304599,-0.00905967744233,0.000362251128717,0.00309105083914,-0.00190797610456,0.00811189576691,-0.109322425545,0.0117338357691,-0.00334487844479,-0.011072828098,-0.000138129944859,-2.78604847038e-06,-1.39584768277,0.0470983731562,0.0955869868483,-0.0587913790309,-0.065335939179,0.0267935248114,-1.50517010832,0.0588322089254,0.0922421084035,-0.0698642071289,-0.0654740691238,0.0267907387629,-0.08064,0.18081,-0.1562,0.0066,-0.0136,-0.0048
0.785,0.785080916,4.952,1,-0.22430074807,0.277853056008,-1.65014288121,-0.563094626355,0.413444973432,0.520617499916,-0.0471238898038,-0,-0,-0.0136135681656,-0.00209439510239,0.0010471975512,-0.000353313850568,-0.00907359646454,0.000361890382028,0.00310342006061,-0.00191144320719,0.0081531710821,-0.108965773721,0.0117803579245,-0.0034451884668,-0.0110481328596,-0.000138331022037,-2.77862502899e-06,-1.33546999724,0.0354534116004,0.0990645119602,-0.0570874303821,-0.054795089618,0.0268469448655,-1.47517010832,0.0472337695249,0.0956193234934,-0.0681355632417,-0.05493342064,0.0268441662405,0.00441,0.19719,-0.12925,0.0094,0.0126,0.0002
0.786,0.786078829,4.841,1,-0.22434389128,0.277853255745,-1.650142282,-0.563110445532,0.413445213117,0.520617979285,-0.0418879020479,-0,0.000872664625997,-0.0167551608191,-0,0,-0.000354627320423,-0.00908946204169,0.000361455367685,0.00311745454858,-0.00191414073902,0.00819067417111,-0.108607680265,0.0118265982652,-0.0035453781334,-0.011023355239,-0.000138526111168,-2.77115220228e-06,-1.41020783806,0.0471005041327,0.0970576627779,-0.0546821323219,-0.0661441783794,0.0310381969853,-1.50517010832,0.0589271023978,0.0935122846445,-0.0657054875608,-0.0662827044905,0.0310354258331,-0.00819,0.15876,-0.1342,0.0012,0.0116,-0.0084
0.787,0.78708065,5.287,0,-0.224385037119,0.277853854957,-1.65014188252,-0.563126983762,0.413444733748,0.520617739601,-0.0410152374219,-0,0.000872664625997,-0.0157079632679,0.0010471975512,0,-0.000355971560813,-0.0091065912731,0.000361511621088,0.00313273531505,-0.00191819374758,0.00822628525794,-0.108247871945,0.0118728311467,-0.00364568848892,-0.010998418388,-0.000138720519016,-2.76364295549e-06,-1.42655937397,0.0531104641693,0.0933410416537,-0.0570853636193,-0.0694143793912,0.0301571435343,-1.53480724591,0.064983295316,0.0896953531647,-0.0680837820073,-0.0695530999102,0.0301543798913,-0.08253,0.20097,-0.1551,0.0092,-0.0122,-0.0146
0.788,0.788083522,4.817,0,-0.224426382695,0.277854454168,-1.65014088384,-0.563143282308,0.413444733748,0.520616301494,-0.0410152374219,-0,-0,-0.0157079632679,-0.0010471975512,0,-0.00035743067271,-0.00912365132205,0.000361203777954,0.00314912754476,-0.00192120192971,0.00826194046496,-0.107886378959,0.011918427064,-0.00374554453844,-0.0109732296703,-0.000138899258459,-2.75618594576e-06,-1.42696909451,0.0403740425119,0.104861769101,-0.0546833770734,-0.0650430707262,0.0300518210574,-1.53485547347,0.0522924695759,0.101116224562,-0.0656566067436,-0.0651819699847,0.0300490648714,-0.03213,0.21924,-0.1353,0.0182,0.0052,-0.0048
0.789,0.788924624,12.99,0,-0.224468527219,0.277854653905,-1.65014008489,-0.563158142747,0.413445213117,0.520614384018,-0.0418879020479,-0,-0,-0.0146607657168,-0,-0.00209439510239,-0.000358858840932,-0.00914033633848,0.000360502576541,0.00316472777423,-0.0019233105563,0.00829865702584,-0.107525445043,0.011964360158,-0.00384561345487,-0.0109480548022,-0.00013909392471,-2.74890970156e-06,-1.41996768281,0.0454032865342,0.0994506142994,-0.0549147680893,-0.0657158504492,0.0312635027561,-1.52749312786,0.0573676466922,0.0956050008446,-0.0658628228914,-0.0658549443739,0.0312607538464,-0.05166,0.18018,-0.1386,0.0038,0.0106,-0.0082
0.79,0.789884436,7.815,0,-0.224510671743,0.277854254431,-1.65013988515,-0.56317324287,0.413444733748,0.520612945911,-0.0436332312999,-0.000872664625997,0.000872664625997,-0.0146607657168,0.00209439510239,0,-0.000360063078721,-0.00915706461499,0.000359813208564,0.00318006591219,-0.00192629746079,0.0083357685824,-0.107162034012,0.0120101680439,-0.00394576956974,-0.0109226619963,-0.000139279160293,-2.74092740945e-06,-1.40290156298,0.0692733554818,0.079419706964,-0.0611846768976,-0.0701154212023,0.0296167004744,-1.51006359699,0.0812835235257,0.0754739373943,-0.0721073388939,-0.0702547003626,0.029613959547,-0.07875,0.2142,-0.16775,0.0056,-0.0162,0.002
0.791,0.790825588,2.856,1,-0.224556012061,0.277853455482,-1.65013948568,-0.563189301732,0.413444494063,0.520612706226,-0.0462512251778,-0.000872664625997,-0,-0.0157079632679,-0.0010471975512,0,-0.000361152935653,-0.00917179119476,0.00035887224288,0.00319520901277,-0.0019286880299,0.00837562468455,-0.10679695718,0.0120557069557,-0.00404580814827,-0.0108970878443,-0.000139458565022,-2.73338613112e-06,-1.36631672906,0.0493900748022,0.0934176531302,-0.0562973652417,-0.0600165385089,0.0304590945804,-1.48006359699,0.0614457817579,0.0893718449819,-0.0671944530859,-0.0601559970739,0.0304563611943,-0.02646,0.19341,-0.12375,0.0114,0.0074,-0.0122
0.792,0.791862261,3.524,1,-0.224599954219,0.277852856271,-1.65013928594,-0.563206079647,0.413445213117,0.52061342528,-0.0418879020479,-0,-0,-0.0167551608191,-0,0.0010471975512,-0.000362230107177,-0.00918749251526,0.000358147357932,0.00320996970664,-0.00193077896964,0.0084133523916,-0.106431517045,0.0121003419003,-0.00414558040058,-0.0108713480448,-0.000139643554788,-2.72610887347e-06,-1.42793875102,0.0415827652601,0.104073646505,-0.0550175233571,-0.0654327827163,0.0302657485487,-1.51006359699,0.0536831071604,0.0999280661039,-0.0658888714019,-0.0655724262711,0.0302630224398,-0.02205,0.17892,-0.13475,0.0132,0.009,-0.0148
0.793,0.792873692,3.348,0,-0.224641899006,0.277852656534,-1.65013948568,-0.563222857562,0.413445452801,0.520614384018,-0.0427605666739,-0,-0,-0.0167551608191,0.00209439510239,0.00209439510239,-0.000363346977472,-0.00920449448641,0.000357892583182,0.00322431463258,-0.00193406163275,0.00844932041106,-0.106064986589,0.0121461208823,-0.00424585878729,-0.0108454800929,-0.000139833513207,-2.71855918687e-06,-1.42236432577,0.0464036921339,0.0993810208149,-0.0568383936675,-0.0670755165268,0.0292884659298,-1.52842931236,0.0585498130163,0.0951351620276,-0.0676838737604,-0.06721535004,0.0292857473706,-0.08883,0.18585,-0.15675,0.014,-0.0094,0.0008
0.794,0.793872334,3.34,1,-0.224687439061,0.277853255745,-1.65013968541,-0.563239156107,0.413445452801,0.520614863387,-0.0479965544298,0.000872664625997,-0,-0.0157079632679,-0.0010471975512,0,-0.000364643623166,-0.00921919982307,0.000358087974117,0.00323852293959,-0.00193824275015,0.00848917055805,-0.105696873029,0.0121914181797,-0.00434582791663,-0.0108194319283,-0.000140012531763,-2.71079350796e-06,-1.3498247882,0.0242521596615,0.107400608269,-0.0528980774352,-0.0533601960012,0.0302974898035,-1.49842931236,0.0364435778412,0.103054780353,-0.0637175093635,-0.053500208533,0.03029477901,-0.05859,0.20034,-0.1408,0.008,0.006,-0.0092
0.795,0.795083132,3.395,0,-0.224734377275,0.277853854957,-1.65013948568,-0.563255454653,0.413446411539,0.520615103071,-0.0453785605519,-0,-0,-0.0157079632679,-0.0010471975512,0,-0.000366003580561,-0.00923309211859,0.000358001696628,0.00325305948697,-0.0019412082424,0.00852994107918,-0.10532724747,0.0122363381091,-0.00444558530153,-0.0107932520666,-0.000140185395471,-2.70300686902e-06,-1.38802910673,0.0391877033728,0.101429802274,-0.0553280473256,-0.0596816805642,0.0305622762122,-1.4933563542,0.0514240414819,0.0969842169724,-0.0661212993921,-0.0598218659597,0.0305595732053,0.03339,0.19593,-0.14575,0.0084,0.0246,-0.0124
0.796,0.796082106,3.379,1,-0.224777720222,0.277854454168,-1.65013928594,-0.563271513515,0.413445692486,0.520614863387,-0.0418879020479,-0,-0,-0.0146607657168,0.00209439510239,0,-0.000367405023993,-0.00924925814062,0.000358024888801,0.00326785424073,-0.00194557380422,0.00856803488737,-0.104956761362,0.0122824038758,-0.00454585681627,-0.0107670432301,-0.000140372450206,-2.69557586103e-06,-1.44228070838,0.0529263269835,0.0951438959476,-0.0589542298749,-0.0696185463135,0.0296838412812,-1.5233563542,0.0652087308593,0.0905980391313,-0.069721273105,-0.0697589187637,0.0296811457054,-0.09135,0.21861,-0.14025,0.0162,-0.0166,0.0016
0.797,0.797071507,3.376,1,-0.224825457384,0.277854653905,-1.6501390862,-0.563288051745,0.413444733748,0.520614384018,-0.0488692190558,-0,-0,-0.0167551608191,-0.00209439510239,-0.0010471975512,-0.000368679338686,-0.00926264756066,0.000357871802523,0.00328340902907,-0.00194986532576,0.00861047680798,-0.104585148474,0.0123265576911,-0.00464560436648,-0.0107406090391,-0.000140545354569,-2.68752502627e-06,-1.34496281595,0.0320414207289,0.103081078948,-0.0520865414041,-0.0529460033114,0.0327130564027,-1.4933563542,0.04436797842,0.0984354745811,-0.0628271504432,-0.0547589187637,0.0327103688777,-0.04095,0.19278,-0.14355,0.0102,0.0064,-0.0092
0.798,0.798086803,3.368,0,-0.224872595335,0.277854054694,-1.65013888647,-0.563305069344,0.413444973432,0.52061342528,-0.0453785605519,-0.000872664625997,-0,-0.0178023583703,-0.0010471975512,0,-0.000369774008209,-0.00927655645984,0.000357162075088,0.00330005992884,-0.00195243726814,0.0086515555322,-0.104211156723,0.0123700628895,-0.00474496266406,-0.0107139126613,-0.000140698534667,-2.67972319101e-06,-1.39620067614,0.0481228061947,0.0978439236039,-0.0543398118843,-0.0615642860794,0.0329019404737,-1.50041183286,0.0604928690842,0.0930989609398,-0.0650537245455,-0.0617049846141,0.0328992607505,0.03339,0.19971,-0.13695,-0.0004,0.0234,-0.0044
0.799,0.799089226,3.375,1,-0.224916138019,0.277853255745,-1.65013888647,-0.563324483789,0.41344377501,0.520613185595,-0.0418879020479,-0.000872664625997,-0,-0.0178023583703,0.00209439510239,0,-0.000370692258336,-0.00929270005982,0.000356848252796,0.00331818414145,-0.00195673655879,0.00868891811324,-0.103836299509,0.0124155995443,-0.00484505507634,-0.0106871873723,-0.000140872081775,-2.67204349104e-06,-1.45027648366,0.0597177746657,0.0936692150232,-0.0562715972514,-0.0711043390162,0.0329991659472,-1.53041183286,0.07213337421,0.0888241599469,-0.0669587846237,-0.0712452110979,0.0329964939037,-0.06615,0.20097,-0.15345,0.02,-0.0162,-0.0116
0.8,0.800078554,3.366,1,-0.224962277285,0.277853255745,-1.65013928594,-0.563344617287,0.413442576587,0.520613185595,-0.0471238898038,-0,-0,-0.0198967534727,-0.0010471975512,0,-0.000371666726153,-0.00930718290688,0.000357305601693,0.00333646002272,-0.00196235810012,0.00872862571194,-0.103461138723,0.012460326567,-0.004944969924,-0.0106603434156,-0.000141046420964,-2.66392685748e-06,-1.37718973235,0.0304655981569,0.108568444315,-0.0491692480528,-0.0561594029209,0.0348108302474,-1.50041183286,0.042925924724,0.103623474391,-0.0598295914684,-0.0563004493418,0.0348081663206,-0.02079,0.2268,-0.1529,0.0182,-0.0084,-0.0036
0.801,0.800917683,3.363,1,-0.225010014448,0.277853056008,-1.65013888647,-0.563363312677,0.413443295641,0.520613904649,-0.0479965544298,-0,-0,-0.0188495559215,-0.00209439510239,0.0010471975512,-0.000372804384562,-0.00932080490506,0.000356896811618,0.00335292510002,-0.00196504794109,0.0087694797539,-0.103084261775,0.0125034930539,-0.00504417182418,-0.0106332214761,-0.000141203429553,-2.65588532884e-06,-1.36659310361,0.029324084569,0.108140711731,-0.0514424220918,-0.0540120687872,0.0328851671135,-1.47041183286,0.0418275776229,0.103096539907,-0.0620756435679,-0.0541532722167,0.0328825112282,-0.02646,0.17892,-0.11495,0.0106,0.03,-0.0002
0.802,0.802113913,3.518,1,-0.225055953976,0.277853255745,-1.65013888647,-0.56338104933,0.413443535325,0.520614863387,-0.0462512251778,-0,0.000872664625997,-0.0157079632679,0.00209439510239,0,-0.000374033368046,-0.00933562281106,0.000356835589727,0.0033680976656,-0.00196873388126,0.00880910793118,-0.102706243595,0.0125480758731,-0.00514412519962,-0.0106059930065,-0.000141375103062,-2.64821217926e-06,-1.39867543286,0.0565617045623,0.0867574370219,-0.0593775412064,-0.0653057856373,0.0313218155156,-1.50041183286,0.0691097804354,0.0816133118223,-0.0699835342129,-0.0654471607403,0.0313191673034,-0.03591,0.2016,-0.14795,0.014,-0.0036,-0.016
0.803,0.803081876,3.353,0,-0.225102093242,0.277853655219,-1.65013948568,-0.563398546299,0.413442576587,0.520615342756,-0.0471238898038,-0,-0,-0.0167551608191,-0,0,-0.000375229731848,-0.00935031536762,0.000357245604698,0.00338335288113,-0.00197419332706,0.00884961580042,-0.102327332363,0.0125922004634,-0.00524371216093,-0.0105785930889,-0.000141544390376,-2.64057290167e-06,-1.38689527648,0.0407414765505,0.0998991308817,-0.0551318356949,-0.0591599580504,0.0321678650414,-1.48922260884,0.0533336770138,0.0946554187208,-0.0657104287838,-0.0593015024407,0.0321652244685,-0.08001,0.1827,-0.1562,0.01,-0.0246,-0.004
0.804,0.804076336,3.346,1,-0.225151628039,0.277854254431,-1.65013968541,-0.563417960743,0.413442576587,0.520615342756,-0.0497418836818,-0,-0.000872664625997,-0.0188495559215,-0.00314159265359,0,-0.000376412838847,-0.00936285247205,0.000357745349498,0.00340088403858,-0.00197902741718,0.00889237169046,-0.101946212221,0.0126359294448,-0.00534314687608,-0.0105510507389,-0.000141698733335,-2.63266203143e-06,-1.34980421509,0.0184387395534,0.116150951363,-0.0485040691038,-0.0485860919811,0.0339808349761,-1.45922260884,0.0310746689981,0.110807804487,-0.0590551198427,-0.0487277907144,0.0339782023141,0.01134,0.19278,-0.13585,0.0062,0.0188,-0.0104
0.805,0.804897546,3.362,1,-0.225196968356,0.277854653905,-1.65013948568,-0.563437614872,0.413443295641,0.520614863387,-0.0427605666739,-0,-0,-0.0198967534727,0.0010471975512,0,-0.000377638171745,-0.00937815207228,0.000357888992225,0.00341925050672,-0.00198269819994,0.00893049261711,-0.101564093031,0.0126797204911,-0.00544268777842,-0.0105233802997,-0.000141856092389,-2.62427778286e-06,-1.4511453586,0.0411776364257,0.107015555117,-0.0514729616217,-0.0661028732949,0.0352324355665,-1.48922260884,0.0538573569169,0.101572867339,-0.0619963419215,-0.0637277907144,0.0352298112887,-0.01953,0.18648,-0.14575,0.0058,0.0078,0
0.806,0.806091648,3.409,0,-0.225242708148,0.277854254431,-1.65013928594,-0.563458707108,0.413442336903,0.520614384018,-0.0462512251778,-0,-0,-0.0209439510239,0.0010471975512,0,-0.000378623645949,-0.00939315656852,0.000357858314954,0.00343910237981,-0.00198733955324,0.00896934703623,-0.101181786469,0.0127234293675,-0.00554213010412,-0.0104956182814,-0.000142020101076,-2.61611956254e-06,-1.40702677108,0.0362376761402,0.106796264948,-0.0493903237694,-0.0606135027485,0.0362835925143,-1.50820855755,0.0489611055077,0.101254134844,-0.0598859420509,-0.0607555228496,0.0362809763947,-0.08064,0.20097,-0.1584,0.014,-0.0158,-0.0012
0.807,0.807044173,3.346,0,-0.225291443996,0.277853854957,-1.65013868673,-0.563480997766,0.413442097218,0.520614623702,-0.0479965544298,-0,-0,-0.0219911485751,-0.00314159265359,0,-0.000379595743379,-0.00940627670182,0.000357720113053,0.00345941605208,-0.00199121496384,0.00901042328232,-0.100797076255,0.0127667981067,-0.00564146436224,-0.0104676391361,-0.000142164620295,-2.60816605172e-06,-1.37966821352,0.0219386282724,0.116297482097,-0.0459576312489,-0.0521818486346,0.0373405068665,-1.48046528978,0.0347054263792,0.110656017735,-0.056425270385,-0.0523240132549,0.0373378987004,0.00819,0.1764,-0.12375,0.0116,0.0158,-0.0122
0.808,0.808074877,3.387,0,-0.225339580633,0.277853455482,-1.65013828725,-0.563502569371,0.413442576587,0.52061558244,-0.0479965544298,-0,-0,-0.0209439510239,-0,0.0010471975512,-0.000380588426939,-0.00941989065216,0.000357509296794,0.00347831297928,-0.00199451290671,0.00905079221717,-0.100410663504,0.0128098605123,-0.00574064260258,-0.0104394519359,-0.00014230780067,-2.59999472223e-06,-1.38696194818,0.0324310997163,0.107881319278,-0.0499688752992,-0.0568692752646,0.0354286750358,-1.48737261168,0.0452409602286,0.102140676676,-0.060408327235,-0.0570115830652,0.0354260750411,-0.0378,0.20916,-0.14575,0.0102,0.0052,-0.0058
0.809,0.809228076,11.849,1,-0.225388715955,0.277853255745,-1.65013868673,-0.563523182238,0.413441617849,0.520616301494,-0.0506145483078,-0,-0,-0.0188495559215,0.0010471975512,0,-0.000381550765271,-0.00943287884334,0.000357793467857,0.00349634886293,-0.00199983879299,0.00909321027976,-0.100023270425,0.0128533533798,-0.00584026388002,-0.0104112067323,-0.000142463809689,-2.59151457781e-06,-1.35626552676,0.0377697259351,0.0994938771537,-0.0525108135577,-0.055245020953,0.0346426889687,-1.45737261168,0.0506230793149,0.0936536132737,-0.06292202029,-0.0553874847626,0.0346400974541,-0.0378,0.18963,-0.15675,0.015,-0.012,-0.0116
0.81,0.810064575,5.344,0,-0.225439449173,0.277853255745,-1.6501390862,-0.563543315736,0.413441857534,0.520616541178,-0.0514872129338,-0,-0.000872664625997,-0.0198967534727,-0.00209439510239,0,-0.000382579549641,-0.00944495297952,0.000358023600866,0.00351438240294,-0.00200422817876,0.00913679472944,-0.099634974446,0.0128963773026,-0.00593950916537,-0.0103827896389,-0.000142607874399,-2.58329313252e-06,-1.34254005614,0.0192443409531,0.11474282594,-0.0478419674557,-0.0476870004196,0.0355025835849,-1.44217503058,0.0321407182556,0.108803316775,-0.0582247570946,-0.047829608294,0.0355000002918,-0.04347,0.21924,-0.13365,0.008,0.0118,-0.0018
0.811,0.811094569,4.823,0,-0.225491580552,0.277853455482,-1.65013948568,-0.563563209549,0.413442816272,0.520616780863,-0.0514872129338,-0,-0,-0.0198967534727,-0,0,-0.000383662831621,-0.00945620931511,0.000358274499837,0.00353215458686,-0.00200814444326,0.0091815021131,-0.0992456818516,0.0129379070044,-0.00603802550142,-0.0103541275393,-0.000142738451006,-2.57538292193e-06,-1.34719003417,0.0325941642645,0.103124513868,-0.0505710054037,-0.0523276271575,0.0357785310219,-1.44643571602,0.0455320712689,0.097086488367,-0.0609251329431,-0.0524703656085,0.035775955639,-0.00693,0.18837,-0.1353,0.0102,0.0242,0.0024
0.812,0.812227049,11.387,1,-0.225540915611,0.277853455482,-1.65014008489,-0.563583822416,0.413441857534,0.520616780863,-0.0479965544298,-0,-0,-0.0198967534727,0.00314159265359,0,-0.00038465815646,-0.0094692037439,0.000358747580117,0.00355082099288,-0.00201386491483,0.0092241170114,-0.0988553400473,0.012980661292,-0.00613711788092,-0.0103253593984,-0.000142892726327,-2.56718250996e-06,-1.40078969011,0.0440527335879,0.0990044049014,-0.0524728066025,-0.0618005695325,0.0358785567168,-1.47643571602,0.0570333948799,0.0928672870205,-0.062798166001,-0.0619434622588,0.0358759895343,-0.06552,0.1953,-0.1606,0.008,-0.0258,-0.0036
0.813,0.813086342,4.324,1,-0.225592248041,0.277853255745,-1.6501406841,-0.563604914652,0.413440659111,0.520617020547,-0.0514872129338,-0,-0.000872664625997,-0.0198967534727,-0.00314159265359,0,-0.000385581188533,-0.00948094563008,0.000359168015832,0.0035697251918,-0.00201970085341,0.009268684542,-0.0984640173268,0.0130244014491,-0.00623657349515,-0.0102964874335,-0.000143046653323,-2.55893295504e-06,-1.34753654469,0.0172515577846,0.116847904825,-0.0478469157733,-0.0465601946237,0.0357785169289,-1.44643571602,0.0302759592337,0.110611331329,-0.0581434032068,-0.0469434622588,0.0357759579959,-0.01575,0.17451,-0.1298,0.0144,0,0.002
0.814,0.81409978,8.092,0,-0.225643180997,0.277853255745,-1.65014048436,-0.563625767203,0.413440898796,0.520617499916,-0.0497418836818,-0,-0,-0.0209439510239,-0.0010471975512,0,-0.000386695982126,-0.00949303154001,0.000359170576739,0.00358830883067,-0.00202365663372,0.00931221829725,-0.0980710150317,0.0130657553161,-0.00633514955775,-0.0102673593463,-0.000143181647969,-2.55030499591e-06,-1.37540882522,0.0299564955152,0.108499888839,-0.0491746540661,-0.053424406264,0.0370210109398,-1.47347984025,0.0430222508313,0.102164739281,-0.0594420134124,-0.053567587912,0.0370184606349,-0.01071,0.20979,-0.1298,0.0044,0.0192,-0.007
0.815,0.815090574,4.741,1,-0.225689719737,0.277853255745,-1.65014028463,-0.563647338808,0.413440179742,0.520617739601,-0.0453785605519,-0,0.000872664625997,-0.0209439510239,0.00209439510239,0.0010471975512,-0.000387807276008,-0.00950791117984,0.000359341559555,0.00360778954778,-0.00202858462832,0.00935158713408,-0.0976765022517,0.0131079770275,-0.00643406197742,-0.0102381686352,-0.000143316817955,-2.54203528019e-06,-1.44031703083,0.0496574162757,0.0978727354737,-0.0539616361805,-0.0660296022492,0.0362670823325,-1.50347984025,0.0627653933032,0.0914386734962,-0.0641998048157,-0.0661729190671,0.0362645402972,-0.0819,0.19341,-0.15785,0.0094,-0.0114,0.0024
0.816,0.816118157,6.241,1,-0.225740053481,0.277853056008,-1.65014008489,-0.563669150097,0.413438741635,0.520617739601,-0.0523598775598,-0,-0,-0.0219911485751,-0.0010471975512,0,-0.000388847121329,-0.00952036763837,0.000359472641923,0.00362776628694,-0.00203399853717,0.00939502543249,-0.097280347561,0.0131499863649,-0.00653290660293,-0.0102088177232,-0.000143445847309,-2.53396690707e-06,-1.34511815586,0.0260247729548,0.108834853309,-0.0473628481407,-0.0493245500333,0.0381715040879,-1.47347984025,0.0391747593197,0.102301946706,-0.057571665864,-0.0511729190671,0.038168970121,-0.02835,0.18081,-0.1397,0.004,-0.0044,-0.0018
0.817,0.817089433,4.684,0,-0.225791385911,0.277853255745,-1.65013948568,-0.563691201071,0.413438741635,0.52061821897,-0.0497418836818,-0,-0,-0.0209439510239,-0.00209439510239,0.0010471975512,-0.00039002173759,-0.00953226264268,0.00035955957842,0.00364748740715,-0.00203821581509,0.00943866092399,-0.096883227563,0.0131914435002,-0.00663129427129,-0.0101792451459,-0.000143572298185,-2.52528927192e-06,-1.38080119281,0.0278560706743,0.110756610866,-0.0501535061997,-0.0523599527817,0.036269024846,-1.47768442037,0.0410475141745,0.104125316595,-0.0603327513457,-0.0525035250799,0.0362664995567,0.01449,0.21609,-0.1254,0.0122,0.0202,0.002
0.818,0.818092694,6.743,1,-0.225838523863,0.277853655219,-1.65013948568,-0.563712532991,0.413438022582,0.520618458654,-0.0453785605519,0.000872664625997,-0,-0.0198967534727,0.0010471975512,0,-0.000391218607048,-0.00954688544883,0.000360014077818,0.00366661494565,-0.00204368248301,0.00947871009595,-0.0964851668589,0.0132339494003,-0.00673010209946,-0.0101495924721,-0.000143707853125,-2.51654710795e-06,-1.44564767553,0.0301869456882,0.112508211606,-0.0510820022913,-0.0613008406372,0.0362741417003,-1.50768442037,0.0434208950885,0.105778109506,-0.0612315947634,-0.0614445484904,0.0362716251532,-0.03465,0.19026,-0.1507,0.0132,-0.0096,-0.0082
0.819,0.819086467,4.391,0,-0.22588526234,0.277853455482,-1.65014008489,-0.563732906174,0.413437063844,0.520618938023,-0.0479965544298,-0,-0,-0.0198967534727,-0,0,-0.000392260751688,-0.00956187096867,0.000360262261947,0.00368462713918,-0.00204916055123,0.00951881406566,-0.0960853016199,0.0132749023085,-0.00682878839825,-0.0101197736292,-0.000143834908831,-2.50799425757e-06,-1.41247829746,0.0377892798759,0.105258344998,-0.0522551900651,-0.0583902167799,0.0365459870422,-1.50856359908,0.0510641821844,0.0984295565999,-0.0623749636943,-0.0585340516888,0.0365434790479,-0.05229,0.21042,-0.1474,0.0044,-0.0026,-0.0038
0.82,0.820094951,4.94,0,-0.225934397662,0.277853056008,-1.6501406841,-0.563752320618,0.413437782897,0.520619177707,-0.0497418836818,-0,-0.000872664625997,-0.0188495559215,-0.00209439510239,0,-0.000393307936603,-0.0095754837847,0.000360101826814,0.00370204943473,-0.00205279924981,0.00956081231786,-0.0956846104624,0.013316059856,-0.00692712710481,-0.0100897847916,-0.000143951068928,-2.49970598917e-06,-1.38917620793,0.0257067682381,0.113482156932,-0.0512361336826,-0.0517463064121,0.035483060385,-1.48486081839,0.0390228280942,0.106555029827,-0.0613259184742,-0.0518902574811,0.035480560679,-0.01449,0.18963,-0.1364,0.002,0.0238,-0.0032
0.821,0.821087109,4.845,0,-0.225982534299,0.277852456797,-1.65014108357,-0.563772454116,0.413437782897,0.520619417392,-0.0479965544298,-0,-0,-0.0198967534727,0.0010471975512,0,-0.000394320015547,-0.00958972699451,0.000359869562922,0.00372021408825,-0.00205681682908,0.00960192066647,-0.0952822157795,0.0133569211832,-0.0070253167937,-0.01005958632,-0.000144070469342,-2.49097502728e-06,-1.41887884138,0.0411838317596,0.1029816821,-0.0529828933427,-0.0600251333394,0.0367235636711,-1.51416105716,0.0545407529429,0.0959563653063,-0.0630424796627,-0.0601692038088,0.0367210726961,-0.06363,0.17577,-0.14135,0.0084,-0.001,-0.01
0.822,0.82226509,12.132,1,-0.226032268832,0.277851857586,-1.65014128331,-0.563793066983,0.413436584475,0.520619177707,-0.0514872129338,-0,-0,-0.0198967534727,-0,0,-0.000395333712763,-0.00960290691886,0.000359703228365,0.00373933477799,-0.0020617831148,0.00964505727482,-0.0948788491935,0.0133978986534,-0.00712366117554,-0.0100292825793,-0.0001441926928,-2.48220350987e-06,-1.3730454441,0.0357307417607,0.102748113865,-0.052177162526,-0.0535214224672,0.0368118136668,-1.48416105716,0.0491286404141,0.0956244526892,-0.0622064451053,-0.05366561516,0.0368093314633,-0.05985,0.19971,-0.15455,0.0156,-0.0226,-0.0042
0.823,0.823099829,4.989,0,-0.226083800999,0.277852057323,-1.65014108357,-0.56381320048,0.413436584475,0.520618698339,-0.0514872129338,-0,-0,-0.0198967534727,-0.00314159265359,0,-0.00039659917441,-0.00961499841429,0.000359671489563,0.00375817053937,-0.00206600811081,0.0096895613631,-0.0944745705947,0.0134392958871,-0.00722185129544,-0.00999880632582,-0.000144309032804,-2.47368076113e-06,-1.37049724436,0.0278550225284,0.109119082152,-0.0511117666378,-0.0494640709566,0.0369057837406,-1.46497181495,0.0412943184155,0.101897230856,-0.0611105729636,-0.0496083799894,0.0369033100598,0.00504,0.21168,-0.1221,0.0032,0.019,-0.0026
0.824,0.82408882,4.833,1,-0.226133535532,0.27785225706,-1.6501406841,-0.563832854609,0.413437303528,0.520618698339,-0.0488692190558,-0,-0,-0.0178023583703,0.0010471975512,0,-0.000397943478733,-0.0096283282437,0.000359409782728,0.00377613885231,-0.00206931068189,0.00973207562615,-0.0940690771967,0.0134790157921,-0.00731972413423,-0.00996810023287,-0.000144425435735,-2.46496866734e-06,-1.41435415269,0.0457802329958,0.0979174161938,-0.0566758386653,-0.0598496724411,0.0350828953755,-1.49497181495,0.0592592487879,0.0905976920596,-0.0666439388981,-0.0599940978768,0.0350804304068,-0.0378,0.19152,-0.1397,0.0108,0.011,-0.012
0.825,0.825095099,4.56,0,-0.226184268751,0.27785225706,-1.6501406841,-0.563852269054,0.41343634479,0.520618938023,-0.0514872129338,-0,-0,-0.0188495559215,0.00209439510239,0.0010471975512,-0.000399197345094,-0.0096410034658,0.000359318882353,0.00379359528587,-0.00207421560685,0.00977650969559,-0.0936627759312,0.0135199822241,-0.00741820252471,-0.00993741036414,-0.000144550939298,-2.45658202351e-06,-1.38305111499,0.0440747555337,0.0963238511247,-0.0561013295415,-0.057004589603,0.0350763404547,-1.47671389092,0.0575947377578,0.0889056486,-0.0660387399057,-0.0571491405423,0.0350738838727,-0.09072,0.20349,-0.15455,0.0138,-0.024,-0.0034
0.826,0.826118662,6.52,1,-0.2262383975,0.277852057323,-1.65014088384,-0.563870245391,0.413435865421,0.520618698339,-0.0541052068118,-0,-0.000872664625997,-0.0178023583703,-0.00314159265359,0,-0.000400443025488,-0.00965162139884,0.000358959575697,0.00381021460492,-0.00207842203787,0.00982460290878,-0.0932542588223,0.0135607775344,-0.007516140029,-0.00990645958331,-0.000144661952808,-2.44779261094e-06,-1.34296668692,0.0232768981396,0.110140300114,-0.0527731450183,-0.044854975334,0.0350546886864,-1.44671389092,0.0368376756741,0.102624160085,-0.0626796046016,-0.0449996372868,0.0350522408937,0.02079,0.17325,-0.12595,-0.0014,0.0102,-0.0036
0.827,0.827111106,6.132,1,-0.226290928353,0.27785225706,-1.65014108357,-0.563888940782,0.413436105106,0.520618938023,-0.0506145483078,-0,-0,-0.0167551608191,-0,0,-0.000401751244361,-0.00966330622333,0.000358867446052,0.00382692884537,-0.00208253547499,0.0098704874173,-0.0928447259727,0.0136004015423,-0.00761364085405,-0.00987530800988,-0.000144769141032,-2.43882134707e-06,-1.39591370845,0.0446448962011,0.0965222940878,-0.0581617494938,-0.0565151945322,0.0343736637726,-1.47671389092,0.0582452977434,0.0889086532338,-0.0680370575037,-0.0566599636733,0.0343712249512,0.01638,0.17199,-0.13035,0.0128,0.0156,0.0026
0.828,0.827911149,8.054,0,-0.226340263412,0.277852456797,-1.65014188252,-0.563907636173,0.413434666999,0.520619417392,-0.0497418836818,-0,-0,-0.0188495559215,0.0010471975512,0,-0.000402994481082,-0.00967701776013,0.000359196747642,0.00384326814924,-0.00208868151881,0.00991401156044,-0.092434227981,0.0136404919025,-0.00771161807625,-0.00984412094366,-0.000144874704733,-2.42997516301e-06,-1.41114345975,0.0439578670125,0.0992063120767,-0.0554958439261,-0.0584929875476,0.0363748077686,-1.50357768773,0.057598358915,0.0914946940005,-0.0653399648698,-0.0586378622524,0.0363723777934,-0.0882,0.19656,-0.17215,0.0094,-0.0174,-0.0078
0.829,0.828914278,8.354,1,-0.226394392161,0.277853056008,-1.650142282,-0.563926091879,0.413433947945,0.520619896761,-0.0549778714378,-0,-0.000872664625997,-0.0167551608191,-0.00314159265359,0.0010471975512,-0.00040437191208,-0.00968770633151,0.000359484154983,0.00385938566354,-0.00209416586487,0.00996205505644,-0.0920213644278,0.0136796432633,-0.0078089354385,-0.00981262187951,-0.000144964534072,-2.42119707322e-06,-1.33785975642,0.0252583706154,0.107518221728,-0.0557431175641,-0.0441928711294,0.0332917420307,-1.47357768773,0.0389380138786,0.0997092862898,-0.0655557394436,-0.0443378356635,0.0332893208337,0.01827,0.20727,-0.12595,0.0122,0.016,0
0.83,0.829876756,3.411,1,-0.226445524854,0.277853255745,-1.650142282,-0.563943349163,0.413434427314,0.520619177707,-0.0479965544298,-0,-0,-0.0157079632679,-0,0,-0.000405825290856,-0.00970045572553,0.000359062893519,0.00387578954562,-0.00209758657715,0.0100069225948,-0.0916075342829,0.0137189256219,-0.00790641873083,-0.00978101658194,-0.000145066579799,-2.41215338711e-06,-1.43750991703,0.0499515263037,0.0959606991818,-0.0607429911899,-0.0611042715657,0.0336637150728,-1.50357768773,0.0636704519257,0.088054280451,-0.0705240077718,-0.0593378356635,0.0336613029194,0.03906,0.18837,-0.12485,0.0114,0.02,-0.0044
0.831,0.830887348,3.462,1,-0.22649166412,0.277852856271,-1.65014248173,-0.563958928655,0.413433228892,0.520618458654,-0.0453785605519,-0,0.000872664625997,-0.0146607657168,0.00209439510239,0,-0.000407257977548,-0.00971644131171,0.00035828518857,0.00389074421604,-0.00210172024261,0.010048220874,-0.0911934999673,0.0137581205344,-0.00800379658282,-0.00974931756202,-0.000145165520009,-2.40333587073e-06,-1.47780464373,0.067948691408,0.0838707136708,-0.0656300750271,-0.0701407127946,0.0329721963211,-1.53357768773,0.0817068119424,0.075866917088,-0.0753793925892,-0.0702858783146,0.0329697929853,-0.07812,0.18585,-0.165,0.0078,-0.02,0.0014
0.832,0.831882135,3.443,1,-0.226541198916,0.277852456797,-1.65014248173,-0.563974268463,0.413431790785,0.52061821897,-0.0523598775598,-0,-0.000872664625997,-0.0157079632679,-0.00314159265359,0,-0.000408719611698,-0.00973027655535,0.000357393389728,0.00390504099077,-0.00210581979262,0.0100931192422,-0.0907777841984,0.0137970588104,-0.00810106270823,-0.00971743205177,-0.000145258101502,-2.39428590607e-06,-1.38015733046,0.0311246745339,0.106528613381,-0.0574623944538,-0.0489044638479,0.0336130951003,-1.50357768773,0.0517068119424,0.098427550673,-0.0671798265056,-0.0552858783146,0.0336107008144,-0.05229,0.19719,-0.132,-0.0006,0.002,-0.004
0.833,0.833003829,3.383,0,-0.226591732398,0.27785225706,-1.65014188252,-0.563990806693,0.413432270154,0.520618458654,-0.0497418836818,-0,-0,-0.0167551608191,-0.00209439510239,0,-0.000410253329957,-0.00974354985369,0.000356319693047,0.00392004750901,-0.0021081163985,0.0101376418233,-0.0903603944349,0.0138357533171,-0.00819822739417,-0.00968536018105,-0.000145353795104,-2.38522657819e-06,-1.41817913459,0.0420009348264,0.100791144317,-0.05858033952,-0.05572399495,0.0348398606314,-1.50853952902,0.0558366881435,0.092592916923,-0.0682656997011,-0.0558693487451,0.0348374754048,-0.00315,0.18711,-0.12045,0.0088,0.0306,-0.0084
0.834,0.834002275,3.369,1,-0.226639669298,0.277852456797,-1.65014208226,-0.564009022715,0.413432030469,0.520618938023,-0.0479965544298,-0,-0,-0.0188495559215,0.00314159265359,0,-0.00041167794638,-0.0097584584867,0.000356139714665,0.00393608492699,-0.00211254257152,0.0101793383552,-0.08994210545,0.0138752320137,-0.0082955704384,-0.00965318468109,-0.000145448587525,-2.37613284817e-06,-1.45146639099,0.0530373531523,0.0954136895904,-0.0576937345424,-0.0645762382921,0.0368414251989,-1.53853952902,0.066912585166,0.087118119152,-0.0673469192234,-0.0647216868796,0.0368390490661,-0.08694,0.18522,-0.1518,0.0058,-0.0174,-0.0054
0.835,0.835104669,3.386,1,-0.226690602253,0.277852856271,-1.65014268147,-0.564026040315,0.413431071731,0.520619177707,-0.0506145483078,0.000872664625997,-0.000872664625997,-0.0167551608191,-0.0010471975512,0,-0.000413133916088,-0.00977148483214,0.00035617261845,0.00395112806557,-0.00211793903643,0.010224806554,-0.0895221678864,0.0139145039528,-0.00839284823803,-0.00962084651736,-0.000145537002394,-2.36679214598e-06,-1.41263895993,0.0245682379875,0.112875723156,-0.0555756852859,-0.0519634780745,0.0346181165709,-1.50853952902,0.0384827419403,0.104482874918,-0.0651965318033,-0.0521090150769,0.0346157497788,-0.01008,0.19152,-0.14465,0.0086,-0.0054,-0.0118
0.836,0.836045947,3.285,0,-0.226741135735,0.277853455482,-1.65014288121,-0.564042578545,0.413432030469,0.520618938023,-0.0488692190558,-0,-0.000872664625997,-0.0157079632679,-0.00209439510239,0,-0.000414732966757,-0.00978489578744,0.000355899075368,0.00396626424261,-0.00212138088436,0.0102690853585,-0.0891011655262,0.0139513116028,-0.00848909294833,-0.00958821259957,-0.000145610179327,-2.3580249704e-06,-1.43756322761,0.0382320033331,0.10630212941,-0.0591529968582,-0.0559793643713,0.0339257447246,-1.52666439313,0.0521833149359,0.0978130364614,-0.0687412094578,-0.0561249745506,0.0339233866996,-0.02079,0.2079,-0.11605,0.0076,0.028,-0.0064
0.837,0.83709966,3.532,0,-0.226791868954,0.277853854957,-1.65014348042,-0.564059835829,0.413431790785,0.520618698339,-0.0506145483078,-0,-0,-0.0167551608191,0.00314159265359,0,-0.000416194480264,-0.00979816161795,0.000355878316825,0.00398200819103,-0.00212620793066,0.0103139113055,-0.0886798231454,0.0139894092966,-0.00858589555224,-0.00955550420482,-0.000145705961626,-2.34920290018e-06,-1.42363063908,0.0560355944316,0.0891942722415,-0.0611635074336,-0.0617646782346,0.035146963369,-1.51231046223,0.0700250037282,0.0806083766893,-0.0707190116384,-0.0619103841963,0.0351446141661,-0.03339,0.20538,-0.1562,0.0092,-0.0098,0
0.838,0.837925921,3.503,1,-0.226843600858,0.277853655219,-1.65014427937,-0.564078051851,0.413430112994,0.520618458654,-0.0532325421858,-0,-0,-0.0167551608191,-0.0010471975512,0,-0.000417447477092,-0.00981076312466,0.000355816388707,0.00399871093616,-0.00213209054294,0.0103601205272,-0.0882562857537,0.0140289405627,-0.00868303603586,-0.00952267450021,-0.000145798761279,-2.34007433045e-06,-1.3845834139,0.0431471945414,0.0959791181672,-0.0592887498452,-0.0523907469131,0.0352246712817,-1.48231046223,0.0571761351041,0.0872960821314,-0.0688114243454,-0.0525365456744,0.0352223312074,-0.08442,0.1701,-0.1496,0.0132,-0.0064,-0.0028
0.839,0.838953067,3.601,0,-0.226896930659,0.277853455482,-1.65014427937,-0.564094829766,0.413430352678,0.520618698339,-0.0506145483078,-0,-0.000872664625997,-0.0167551608191,-0.00209439510239,0,-0.000418903682517,-0.00982248715488,0.000355014058197,0.00401380056058,-0.00213523805287,0.0104074744224,-0.0878310532997,0.0140660791921,-0.0087792890804,-0.0094895862546,-0.000145862886183,-2.33056885091e-06,-1.42055538787,0.0354420150347,0.106994059607,-0.0577133775653,-0.0532378655963,0.035118048137,-1.50838644117,0.0495080942268,0.0982147705264,-0.0672029638199,-0.0533837284825,0.0351157175681,0.05544,0.19404,-0.1155,0.0054,0.0214,-0.01
0.84,0.840091555,3.4,1,-0.22694406861,0.277853255745,-1.65014427937,-0.564112806103,0.413429873309,0.520618938023,-0.0453785605519,-0,0.000872664625997,-0.0167551608191,0.0010471975512,0,-0.000420347035175,-0.00983815381916,0.000354420137323,0.00402998831929,-0.00213924245375,0.0104485766333,-0.0874055451274,0.0141024806468,-0.00887542577609,-0.00945640078623,-0.000145936889858,-2.32128225127e-06,-1.49652479925,0.063864873138,0.0893534174009,-0.0635047319835,-0.0689574878613,0.0355847845096,-1.53838644117,0.0779673537848,0.0804779916248,-0.0729611327697,-0.0683837284825,0.0355824632274,-0.07371,0.19908,-0.14465,0.0134,0.001,-0.0062
0.841,0.84108789,4.186,0,-0.22699200551,0.277853255745,-1.65014427937,-0.564130063387,0.413428435202,0.520618938023,-0.0488692190558,-0,-0,-0.0167551608191,-0,0,-0.000421873128795,-0.00985330639373,0.00035393522994,0.00404571007792,-0.00214413017267,0.0104912074238,-0.0869785346794,0.0141403371262,-0.0089718423798,-0.00942310392887,-0.000146016591891,-2.31193958572e-06,-1.45145568269,0.0507947522534,0.0963693314677,-0.0609552527253,-0.060684680277,0.0354683271196,-1.53843421737,0.0649350893796,0.0873974890879,-0.0703783566541,-0.0608306968689,0.03546601518,-0.1197,0.19026,-0.1463,0.0024,-0.0168,-0.0028
0.842,0.842116691,3.382,0,-0.227043937151,0.277853255745,-1.65014387989,-0.564148279409,0.413427476464,0.520618938023,-0.0506145483078,-0,-0,-0.0178023583703,-0.00418879020479,0,-0.000423388555929,-0.0098659222955,0.000353332825723,0.00406239387198,-0.00214841647594,0.0105372588086,-0.0865498012796,0.0141778848251,-0.00906809738962,-0.00938959553228,-0.00014608504761,-2.30260321825e-06,-1.42387072756,0.0365257382041,0.105797247062,-0.0575542078473,-0.0522292149545,0.0365068104208,-1.51042052884,0.0507036230292,0.0967291496726,-0.0669438033796,-0.0523753000021,0.0365045078176,0.02457,0.18648,-0.1177,0.0084,0.0172,-0.0024
0.843,0.843110239,3.316,1,-0.227092273525,0.277853655219,-1.65014387989,-0.564166495431,0.413426997095,0.520619177707,-0.0471238898038,-0,-0,-0.0178023583703,-0,0,-0.000424959249334,-0.00988090309741,0.000353115354788,0.00407866730542,-0.00215306094257,0.0105794745394,-0.0861201152051,0.0142143631469,-0.00916400949306,-0.0093559336762,-0.00014614956016,-2.29350427067e-06,-1.47917860012,0.050782238346,0.0994524759261,-0.0599082207133,-0.0631204229786,0.0365953947651,-1.54042052884,0.0649966014929,0.090288466433,-0.0692641543895,-0.0632665725388,0.0365931012608,-0.07371,0.19404,-0.13365,0.0132,0.002,-0.0056
0.844,0.844074803,3.311,1,-0.227141608584,0.277854254431,-1.6501444791,-0.564185190821,0.413425319304,0.520619657076,-0.0514872129338,-0,-0,-0.0188495559215,-0,0,-0.000426450864128,-0.00989521934608,0.000353461494487,0.0040949575295,-0.00215962157251,0.0106231188392,-0.0856888283256,0.0142512654296,-0.00925984365081,-0.0093220867268,-0.000146213477971,-2.28395448448e-06,-1.42316611419,0.0449929324306,0.0986693136198,-0.0576893332616,-0.0562725164336,0.0376261994846,-1.51042052884,0.0592441978602,0.089409469969,-0.0670114199884,-0.0564187299116,0.0376239155301,-0.09765,0.19215,-0.16445,0.0038,-0.0138,-0.0024
0.845,0.845092874,3.364,1,-0.227196336545,0.277854853642,-1.6501444791,-0.564203406843,0.413425079619,0.520619657076,-0.0549778714378,-0,-0.000872664625997,-0.0178023583703,-0.00314159265359,0,-0.000428032310513,-0.00990618031025,0.000353327227962,0.00411142100077,-0.00216426803919,0.0106716064976,-0.0852564603296,0.0142872523419,-0.00935547222755,-0.00928805908905,-0.000146268950395,-2.27419338042e-06,-1.37454341553,0.0286101527424,0.10784603854,-0.055986992857,-0.0455722113257,0.036554364022,-1.48042052884,0.0428974050843,0.0984905663127,-0.065275051946,-0.0457184802761,0.0365520898286,0.00378,0.20475,-0.12155,0.005,0.0244,-0.0132
0.846,0.846102973,3.44,1,-0.227249067134,0.277854653905,-1.65014407963,-0.564222102234,0.413424839935,0.520619177707,-0.0488692190558,-0,-0,-0.0167551608191,-0,0,-0.000429507596143,-0.00991847241192,0.000352557044631,0.00412906749206,-0.00216784383043,0.0107179310457,-0.0848232405068,0.0143232087485,-0.00945112140713,-0.00925395112366,-0.000146331453286,-2.26506407952e-06,-1.46241862836,0.0523502855434,0.0958945714559,-0.0618135243677,-0.0611726550406,0.0358840247858,-1.51042052884,0.0666734942919,0.0864434500488,-0.0710674754913,-0.0607184802761,0.0358817597217,0.01575,0.19341,-0.1254,0.0182,0.0066,-0.002
0.847,0.847098664,3.36,1,-0.227297802982,0.277853655219,-1.65014407963,-0.56424103731,0.413423641512,0.520618458654,-0.0488692190558,-0.000872664625997,0.000872664625997,-0.0188495559215,0.0010471975512,-0.0010471975512,-0.000430779384621,-0.00993336142077,0.000351579574655,0.00414726080675,-0.00217190276618,0.0107606560015,-0.0843884480397,0.0143605243891,-0.0095469593601,-0.00921968257759,-0.000146399535636,-2.2556834191e-06,-1.46627029252,0.0712902025892,0.082705853637,-0.0616978213653,-0.0659404937243,0.039314924256,-1.54042052884,0.0856507269783,0.0731588942769,-0.0709175039428,-0.0660868932599,0.0393126685726,-0.12852,0.15813,-0.15565,0.008,-0.0226,-0.0036
0.848,0.848093511,3.372,1,-0.227353130154,0.277853455482,-1.65014348042,-0.564260931123,0.413423641512,0.520617979285,-0.0584685299418,-0,-0,-0.0198967534727,-0.00314159265359,0,-0.000432217326873,-0.00994403857471,0.000350828543006,0.00416604422945,-0.00217532941262,0.0108090389138,-0.0839518340564,0.0143956092125,-0.00964205289049,-0.00918512785246,-0.000146439117099,-2.24570100182e-06,-1.33343571481,0.0299584901345,0.102045540968,-0.0543708371895,-0.0416359019726,0.0389248197141,-1.51042052884,0.0556507269783,0.0924034880774,-0.063555965042,-0.0510868932599,0.0389225740131,-0.05103,0.18333,-0.12705,0.0068,0.0282,-0.0018
0.849,0.849097579,3.468,1,-0.227410454696,0.277854254431,-1.65014248173,-0.564281304305,0.413424360566,0.520617979285,-0.0549778714378,0.000872664625997,-0,-0.0209439510239,0.0010471975512,0,-0.000433891558444,-0.0099534346819,0.000350503387716,0.00418465600681,-0.00217881882603,0.0108588924897,-0.0835143159903,0.014430927868,-0.00973740641892,-0.00915051423274,-0.00014649074575,-2.23631995384e-06,-1.38703583805,0.0296426580393,0.10542331141,-0.0531790204805,-0.0497838356725,0.0397966804782,-1.48042052884,0.0440735859073,0.0956859049915,-0.0623295347132,-0.0499303264183,0.0397944441582,0.04221,0.20853,-0.12595,0.0024,0.0088,0.0018
0.85,0.850119208,3.312,0,-0.227463385023,0.27785565259,-1.65014208226,-0.564302636226,0.413423162143,0.520617979285,-0.0541052068118,0.00174532925199,0.000872664625997,-0.0198967534727,0.0010471975512,0,-0.000435582944892,-0.00996555566603,0.000351118121064,0.00420387711611,-0.00218532679343,0.0109049713768,-0.0830759399823,0.0144664294686,-0.00983238551938,-0.0091157035679,-0.000146545385057,-2.22676876978e-06,-1.39955058454,0.0281103828959,0.104215846309,-0.0550701797854,-0.0510787225069,0.0389353578081,-1.48262652452,0.0425768123645,0.09438346079,-0.0641858833533,-0.051225267892,0.0389331310393,-0.13671,0.19908,-0.154,0.012,-0.0206,-0.0046
0.851,0.851095617,3.388,1,-0.227522507199,0.277856451539,-1.65014188252,-0.564323009408,0.413423401828,0.520618458654,-0.0610865238198,-0,-0,-0.0198967534727,-0.00209439510239,0,-0.000437133567163,-0.00997387758563,0.000351188614861,0.00422182904628,-0.00219001212808,0.0109568605057,-0.082635872341,0.0145016736159,-0.00992725016458,-0.00908070419697,-0.000146588702274,-2.21676181165e-06,-1.30533979557,0.0310853145225,0.0979075040122,-0.0547866017579,-0.0392339443906,0.0391972513559,-1.45262652452,0.0455869881384,0.0879802538477,-0.0638673059549,-0.0393805330929,0.0391950345941,-0.02016,0.19467,-0.13695,0.01,0.0144,-0.0102
0.852,0.851998827,3.382,1,-0.227579831741,0.277856651276,-1.65014148305,-0.564342423852,0.413424360566,0.520619177707,-0.0541052068118,-0,-0,-0.0188495559215,-0,0,-0.00043866675128,-0.00998347300348,0.000350593100116,0.00423884500954,-0.00219309606654,0.0110069307331,-0.0821954780369,0.0145370082371,-0.0100221641611,-0.00904558328808,-0.000146638458057,-2.20742678599e-06,-1.40347806729,0.0451711582779,0.0959618160635,-0.0585632573234,-0.0529318255623,0.0383383241607,-1.48262652452,0.059708166515,0.0859396519023,-0.0676088406114,-0.0530784640204,0.0383361167339,0.01953,0.18207,-0.132,0.01,0.021,-0.0032
0.853,0.852958069,3.452,1,-0.227632162857,0.277856251802,-1.65014148305,-0.564361598612,0.413423401828,0.520619177707,-0.0523598775598,-0,0.000872664625997,-0.0188495559215,0.00314159265359,0,-0.000440071894695,-0.00999625753028,0.000349939581906,0.00425640195359,-0.00219759222765,0.0110530473972,-0.0817533702362,0.0145711638806,-0.0101167077195,-0.00901024934831,-0.000146680145278,-2.19810755842e-06,-1.4330115997,0.0628721457625,0.0832649421314,-0.0620088044583,-0.0615856848981,0.0386171997301,-1.51262652452,0.0774433096431,0.0731482344119,-0.0710190538066,-0.0617323650434,0.0386150016225,-0.06741,0.16695,-0.16335,0.007,-0.026,0
0.854,0.853886585,3.389,1,-0.227687889503,0.277856251802,-1.65014148305,-0.564380533687,0.413422682774,0.520618938023,-0.0584685299418,-0,-0,-0.0178023583703,-0.00209439510239,0,-0.000441554961537,-0.0100069004173,0.000349473070253,0.00427388863278,-0.00220222855777,0.0111025225796,-0.0813090722304,0.0146058781987,-0.0102113753937,-0.00897479162462,-0.000146717211696,-2.18826770619e-06,-1.34624156716,0.0388030573641,0.0949601555435,-0.0590778261401,-0.0441896599992,0.0375446034967,-1.48262652452,0.0534089355628,0.0847487801498,-0.0680526177647,-0.0467323650434,0.037542415229,-0.04347,0.2016,-0.14795,0.0108,0.0008,0
0.855,0.855096408,3.367,0,-0.227745613519,0.277856451539,-1.65014048436,-0.564399948132,0.413423881197,0.520618698339,-0.0558505360638,-0,-0,-0.0188495559215,-0.00209439510239,-0.0010471975512,-0.000443203880911,-0.0100163397052,0.000348544460738,0.00429199700939,-0.00220452930966,0.0111528726073,-0.0808645498643,0.0146401566646,-0.0103056145325,-0.00893916809843,-0.000146750602802,-2.17848921283e-06,-1.3826643136,0.0394787405024,0.098405669728,-0.0570280382933,-0.0477761024862,0.0396468923968,-1.46352886346,0.0541188971669,0.0881000551955,-0.0659672063918,-0.047922853089,0.0396447139076,0.03654,0.18648,-0.1155,0.003,0.0356,-0.0104
0.856,0.856101227,3.374,1,-0.22780034148,0.277856651276,-1.65013968541,-0.564420800683,0.413423641512,0.520618698339,-0.0541052068118,-0,0.00174532925199,-0.0209439510239,0.00418879020479,0,-0.000444772358226,-0.0100276323814,0.000348013362075,0.00431113181122,-0.00220856051241,0.0112004415588,-0.0804182790479,0.0146732081461,-0.0103994375284,-0.00890330690097,-0.000146775877264,-2.16851704185e-06,-1.41578034784,0.0683168043938,0.0764667312062,-0.0610452257741,-0.0615395028399,0.040991993026,-1.49352886346,0.0829900125399,0.0660672936779,-0.0699485326751,-0.0616862787172,0.0409898245089,-0.063,0.16065,-0.1584,0.01,-0.0286,-0.004
0.857,0.85708703,3.372,1,-0.227857666022,0.277856851013,-1.65013928594,-0.564440694496,0.413422682774,0.520618938023,-0.0593411945678,-0,-0,-0.0188495559215,-0.0010471975512,0,-0.000446318356842,-0.0100372980194,0.000347599613671,0.00432905529975,-0.00221341167918,0.011251300453,-0.0799704205769,0.0147070483221,-0.0104935150176,-0.00886732974933,-0.000146805501807,-2.15848289188e-06,-1.34125496059,0.0395529580034,0.0938912365581,-0.0581531226868,-0.0440515847098,0.0387768814578,-1.46352886346,0.0542600063255,0.0833977215406,-0.0670204524361,-0.0466862787172,0.0387747229749,-0.03906,0.21987,-0.1529,0.0108,-0.0106,-0.0042
0.858,0.858113774,3.351,0,-0.22791738741,0.277857250487,-1.65013848699,-0.564459869256,0.413423641512,0.520618938023,-0.0567232006898,-0,-0,-0.0188495559215,-0.00314159265359,0,-0.000447998264454,-0.0100455553655,0.000346849814291,0.00434661217094,-0.00221626634187,0.0113038508044,-0.0795217322489,0.0147417895983,-0.010587875772,-0.00883129552175,-0.000146843494268,-2.14883251704e-06,-1.37452787023,0.0367334619741,0.0997320219055,-0.0579299640475,-0.0452515255175,0.0388702396113,-1.45404960248,0.0514752515725,0.0891441461335,-0.0667612595693,-0.0453983690118,0.0388680907788,0.01512,0.19467,-0.1089,0.0068,0.0384,-0.006
0.859,0.859095216,3.404,1,-0.227972514844,0.277856851013,-1.65013848699,-0.564479523385,0.413423401828,0.520619177707,-0.0532325421858,-0,-0,-0.0188495559215,0.00418879020479,0,-0.000449404362494,-0.0100567879664,0.000346132275379,0.00436436689679,-0.0022202484704,0.0113522378556,-0.0790713079967,0.0147749860773,-0.0106815305,-0.00879497724023,-0.000146863533067,-2.13881006302e-06,-1.4339699013,0.0591906146859,0.0868776968382,-0.0614947876864,-0.0602491742363,0.0389664637975,-1.48404960248,0.0739656007633,0.0761961663382,-0.0702897649266,-0.0603960377694,0.0389643249874,-0.09387,0.18774,-0.15455,0.0114,-0.014,0.001
0.86,0.860106886,3.338,1,-0.228030638335,0.277856251802,-1.6501390862,-0.564498937829,0.413421244667,0.520618938023,-0.0610865238198,-0,-0,-0.0198967534727,-0,0,-0.000450670771367,-0.0100660722112,0.000345700584545,0.00438228253294,-0.00222624113269,0.0114046601578,-0.0786198537017,0.0148070137482,-0.0107747471866,-0.00875845527917,-0.000146874682324,-2.1286068395e-06,-1.32435741993,0.0395350735835,0.0922510168552,-0.0570889388754,-0.0425667965793,0.0399974360297,-1.45404960248,0.0543420873317,0.0814762696685,-0.0658473941546,-0.0453960377694,0.0399953074229,-0.0693,0.17388,-0.15895,0.0072,-0.021,-0.0058
0.861,0.861104731,3.405,1,-0.228090359722,0.277855852327,-1.6501390862,-0.564518352274,0.413421004983,0.52061821897,-0.0593411945678,-0,-0.000872664625997,-0.0198967534727,-0.00523598775598,0,-0.000452069435426,-0.0100744350931,0.000344931778975,0.00440077076397,-0.00223019096124,0.0114577239567,-0.0781682923422,0.0148400064756,-0.010868230205,-0.00872191046018,-0.00014689818899,-2.11879990157e-06,-1.34185470529,0.0201520459805,0.11124588688,-0.0537280864118,-0.0365138629239,0.0399059323107,-1.42404960248,0.0349920524561,0.100377656675,-0.062449996872,-0.0366607611128,0.0399038135108,0.01008,0.1827,-0.121,0.004,0.0372,0.0016
0.862,0.861941778,3.31,1,-0.228146286105,0.277856451539,-1.6501390862,-0.564538725456,0.413420525614,0.52061821897,-0.0523598775598,0.000872664625997,0.000872664625997,-0.0198967534727,0.00209439510239,0,-0.000453660068222,-0.010085181356,0.000344922739623,0.0044191998665,-0.00223550735183,0.0115067756452,-0.0777143972765,0.0148733586048,-0.0109616495632,-0.00868514452531,-0.000146912146482,-2.10875455688e-06,-1.44586351147,0.0485197850646,0.0938503096496,-0.0595432969265,-0.0580286968398,0.0402007752251,-1.45404960248,0.0633931436694,0.0828886600865,-0.0682284414518,-0.0516607611128,0.0401986664706,-0.05985,0.17955,-0.14905,0.006,-0.0046,-0.005
0.863,0.863098187,3.481,0,-0.228202412225,0.277857250487,-1.65013968541,-0.564558858954,0.413418608138,0.520618458654,-0.0593411945678,-0,-0,-0.0188495559215,-0,0,-0.000455216721215,-0.0100957779042,0.000345407560072,0.00443698653598,-0.0022428011714,0.0115568278094,-0.0772580668175,0.014905477262,-0.0110547214944,-0.00864812992611,-0.000146918668208,-2.09848873463e-06,-1.35287998821,0.0440464272135,0.0909760360729,-0.059497288519,-0.0457070387233,0.0393149012808,-1.43013805503,0.0589519044756,0.0799213145786,-0.0681454184451,-0.0458539573915,0.0393128027921,-0.09702,0.20286,-0.16995,0.0104,-0.0216,-0.0034
0.864,0.864113305,3.377,0,-0.228262732824,0.277857849698,-1.65013948568,-0.564578752767,0.413417889084,0.520618698339,-0.0593411945678,-0,-0.000872664625997,-0.0188495559215,-0.00523598775598,0,-0.000456845229389,-0.0101037673575,0.000345244975501,0.00445477530475,-0.00224804283313,0.0116105619545,-0.0768014674868,0.0149365462915,-0.011147389365,-0.0086109703983,-0.000146925049099,-2.08848775484e-06,-1.34703014652,0.0230414504057,0.108864914427,-0.0558443856229,-0.0370143356497,0.0392159687627,-1.423831614,0.0379779966973,0.0977175250619,-0.0644553560212,-0.0371612606988,0.0392138802749,0.01134,0.20979,-0.11165,0.0142,0.0314,-0.0054
0.865,0.865097862,3.386,1,-0.22831845947,0.277857649961,-1.65013928594,-0.564597208474,0.413417889084,0.520619417392,-0.0506145483078,-0,-0,-0.0178023583703,0.0010471975512,0,-0.000458434165851,-0.0101148502812,0.000344322065449,0.00447095232617,-0.00225157373781,0.0116598479223,-0.0763448192694,0.0149688851025,-0.0112400154046,-0.00857372019968,-0.000146935087031,-2.07850116705e-06,-1.47429167964,0.057228290211,0.0921895551561,-0.0633194055134,-0.060673559023,0.0385446870631,-1.453831614,0.0679779966973,0.0809495397515,-0.0718931257131,-0.0521612606988,0.0385426085619,0.0315,0.18333,-0.13695,0.0088,0.0028,0.0036
0.866,0.866119297,3.418,1,-0.228369392426,0.277856851013,-1.65014008489,-0.564615903865,0.413415492239,0.52062037613,-0.0523598775598,-0.000872664625997,-0,-0.0188495559215,0.0010471975512,0,-0.00045977462913,-0.0101289766172,0.000343726265082,0.00448701760484,-0.00225760870264,0.0117054511793,-0.0758856581441,0.0150005547964,-0.0113328086141,-0.00853628844493,-0.000146938268295,-2.06821918402e-06,-1.45384306622,0.0661834308836,0.0854029966186,-0.0633797784411,-0.0600198493713,0.0397674102418,-1.483831614,0.08118398568,0.0740701880045,-0.071916066886,-0.0601667876396,0.0397653420226,-0.1386,0.17703,-0.17545,0,-0.0306,-0.0088
0.867,0.867111059,3.358,1,-0.228428514602,0.277856251802,-1.65014048436,-0.564635318309,0.413414773186,0.520620855499,-0.0619591884458,-0,-0.000872664625997,-0.0198967534727,-0.00523598775598,0,-0.00046112138812,-0.010137928692,0.000343000963034,0.00450426029418,-0.00226216648366,0.0117581564418,-0.0754248260566,0.0150316713642,-0.0114252139711,-0.00849862104102,-0.000146934385107,-2.05797401487e-06,-1.31755064077,0.0196190784706,0.108800922426,-0.054273852065,-0.0329002856092,0.0404157233747,-1.453831614,0.05118398568,0.0973757084544,-0.062772473106,-0.0451667876396,0.0404136654007,-0.03843,0.20601,-0.12485,-0.0006,0.0278,-0.0078
0.868,0.868109386,3.347,0,-0.228488036252,0.277856052064,-1.65014028463,-0.56465617086,0.41341501287,0.520620615814,-0.0575958653158,-0,-0,-0.0209439510239,0.0010471975512,0,-0.000462571014834,-0.0101466297803,0.000342334115549,0.00452358513654,-0.00226600042841,0.0118102788615,-0.0749639582017,0.0150631849724,-0.0115173671828,-0.00846086243936,-0.000146937446691,-2.04775278944e-06,-1.38593608816,0.0455278006428,0.0935018698807,-0.0576529261319,-0.0491684769541,0.0416684681768,-1.46090004636,0.0605909856152,0.0819845026979,-0.0661137885712,-0.0493154144008,0.041666420424,0.04032,0.17514,-0.12815,0.006,0.0114,-0.0004
0.869,0.869102118,3.379,1,-0.228542764213,0.277856251802,-1.65014088384,-0.564677502781,0.413413095394,0.520620136445,-0.0541052068118,-0,-0,-0.0209439510239,0.00209439510239,0,-0.000463997387722,-0.0101583238053,0.000342536155847,0.00454331814842,-0.00227296325886,0.0118585149969,-0.0745006283934,0.0150937664272,-0.0116094484249,-0.00842290051634,-0.000146928583916,-2.03749111994e-06,-1.43597387755,0.0515332684835,0.093620509033,-0.0587558436687,-0.0558380582185,0.0417746015271,-1.49090004636,0.0666270349107,0.0820110606081,-0.067178744185,-0.0559849868024,0.041772564036,-0.11592,0.18585,-0.1606,0.0078,-0.0334,-0.0036
0.87,0.869960863,3.436,1,-0.228603484285,0.277856451539,-1.65014128331,-0.564697636278,0.413412376341,0.520619417392,-0.0628318530718,-0,-0.000872664625997,-0.0188495559215,-0.00418879020479,0,-0.00046548021674,-0.0101662939145,0.0003423731448,0.00456223743253,-0.00227846212135,0.0119125637205,-0.0740363120287,0.0151238038657,-0.0117010740882,-0.00838471285102,-0.000146911887225,-2.02706956436e-06,-1.31244622665,0.0246026278393,0.103597559063,-0.0566522285833,-0.0334794320566,0.039743702626,-1.46090004636,0.039726431705,0.0918964849749,-0.0650369414343,-0.0409849868024,0.0397416755564,0.00378,0.19404,-0.1386,0.01,0.0148,-0.002
0.871,0.87110304,3.363,0,-0.228662806199,0.277856451539,-1.65014108357,-0.564716331669,0.413413814448,0.520618938023,-0.0575958653158,-0,-0,-0.0178023583703,-0,-0.0010471975512,-0.000467116840589,-0.0101753309299,0.000341416187232,0.00457979082884,-0.00228101234393,0.0119646400124,-0.0735717824649,0.0151546629012,-0.0117928298129,-0.00834642864472,-0.000146907389294,-2.0166397489e-06,-1.38970217094,0.0505105635293,0.0886450680119,-0.0617879012827,-0.0491125171239,0.0401189514299,-1.4632739534,0.0656652264305,0.076852238199,-0.0701343299274,-0.0492594245132,0.0401169347901,0.00315,0.2079,-0.11935,0.0052,0.0338,-0.022
0.872,0.872103109,3.47,1,-0.228717134685,0.277855852327,-1.65014188252,-0.564736225483,0.413412376341,0.52061821897,-0.0532325421858,-0,-0,-0.0188495559215,0.00418879020479,0,-0.000468454196509,-0.0101874874162,0.000340952173803,0.00459858313585,-0.00228668272198,0.0120127405351,-0.0731056327234,0.0151853798922,-0.011884574955,-0.00830800290086,-0.000146900881923,-2.0066209315e-06,-1.45596888741,0.0631017533776,0.0852021010405,-0.0635460342382,-0.0608592089725,0.0401342455915,-1.4932739534,0.0782871332698,0.0733175260855,-0.0718540371391,-0.0610061098544,0.0401322389705,-0.12159,0.16128,-0.16225,0.0074,-0.0366,0.0002
0.873,0.873105553,3.387,1,-0.22877565765,0.277855253116,-1.65014268147,-0.564758036772,0.413411177918,0.520617979285,-0.0584685299418,-0,-0.000872664625997,-0.0219911485751,-0.00314159265359,0,-0.000469658632978,-0.0101969489796,0.000340703162582,0.0046186454708,-0.00229254936092,0.01206424734,-0.0726370928745,0.0152145958034,-0.0119757292681,-0.00826930543122,-0.000146877064753,-1.99596553617e-06,-1.3767825453,0.0254934459721,0.110310715394,-0.053182651024,-0.0403478238853,0.0429117053987,-1.4632739534,0.0482871332698,0.0983349861261,-0.0614519564552,-0.0460061098544,0.0429097094332,-0.0126,0.15372,-0.1507,0.0084,-0.0084,0
0.874,0.874113843,3.373,0,-0.228834380352,0.27785565259,-1.65014248173,-0.56478032743,0.413413095394,0.520619177707,-0.0567232006898,-0,-0,-0.0230383461263,-0.00314159265359,0,-0.000471208891059,-0.0102063793207,0.000340384272592,0.0046377208036,-0.00229580704994,0.0121142321319,-0.0721676561522,0.0152437334476,-0.0120668558805,-0.00823050060951,-0.000146855247385,-1.9855096675e-06,-1.40089829556,0.0327501340375,0.106175500835,-0.0537051516511,-0.0443950806859,0.0441574580272,-1.47306595171,0.0479938674851,0.0941086449548,-0.0619356522606,-0.0445419359332,0.0441554725175,0.00126,0.2142,-0.11,0.0004,0.0484,-0.0102
0.875,0.87509616,3.355,1,-0.228888309364,0.277856451539,-1.65014268147,-0.564802857773,0.41341285571,0.52062037613,-0.0523598775598,0.000872664625997,0.000872664625997,-0.0209439510239,0.00523598775598,0.0010471975512,-0.000472813158424,-0.0102187936766,0.00034071612745,0.00465683552299,-0.00230175219911,0.0121604139106,-0.0716980284993,0.0152724949317,-0.0121576068112,-0.0081915531036,-0.000146834378222,-1.97532535913e-06,-1.47264182021,0.0580550691084,0.0881885320038,-0.062046370217,-0.062404324593,0.041297477269,-1.50306595171,0.0733275640401,0.0760309251926,-0.0702379233206,-0.0595419359332,0.0412955019436,-0.10458,0.19404,-0.1518,0.0096,-0.0226,-0.0118
0.876,0.876106905,3.35,1,-0.228946233118,0.277856851013,-1.65014308094,-0.564825148431,0.413410698549,0.520620615814,-0.0593411945678,-0,-0,-0.0209439510239,-0.00209439510239,0,-0.00047428894397,-0.0102286101398,0.000341022423376,0.00467671841055,-0.00230913169725,0.01221163288,-0.0712261267094,0.0153026031822,-0.0122486080583,-0.0081524314226,-0.000146810022693,-1.96464018899e-06,-1.37147860765,0.0380178713509,0.0979212390612,-0.0573194084751,-0.0427426933175,0.042427812406,-1.47306595171,0.0533204745331,0.0856726310029,-0.0654718398977,-0.0445419359332,0.0424258477658,-0.07434,0.19026,-0.1386,0.0106,-0.0198,-0.0022
0.877,0.87710731,3.379,0,-0.229005754768,0.277856851013,-1.65014308094,-0.564845761298,0.413410938234,0.520619657076,-0.0584685299418,-0,-0.000872664625997,-0.0209439510239,-0.00523598775598,0,-0.000475833662147,-0.0102376062116,0.00034045114222,0.00469645224478,-0.00231332129746,0.0122638378309,-0.070752536609,0.0153315808365,-0.0123392814866,-0.00811311861226,-0.000146772656256,-1.9539580809e-06,-1.38048852277,0.0232869767983,0.112058264396,-0.0546196622457,-0.0381488845538,0.0423405781729,-1.45124105938,0.0386185576348,0.0997189829097,-0.0627327808579,-0.03829565721,0.0423386242148,0.03843,0.18522,-0.1067,-0.0006,0.0382,0.0006
0.878,0.878108477,3.331,1,-0.229059484043,0.277856251802,-1.65014328068,-0.56486661385,0.413410458865,0.520618458654,-0.0514872129338,-0.000872664625997,0.000872664625997,-0.0198967534727,0.00209439510239,-0.0010471975512,-0.000477267144889,-0.010250341508,0.000339682445966,0.0047167368674,-0.00231778229182,0.0123105256955,-0.0702786438475,0.0153594696407,-0.0124295114631,-0.00807363542995,-0.000146739774432,-1.94310768487e-06,-1.48639151742,0.0788661117413,0.0769500446145,-0.0648598483999,-0.0646456897836,0.0431089498294,-1.48124105938,0.0686185576348,0.0697189829097,-0.0729334838298,-0.05329565721,0.0431070067217,-0.08442,0.21042,-0.1518,0.0114,-0.0046,-0.0008
0.879,0.879107534,3.377,1,-0.2291158099,0.277855253116,-1.65014407963,-0.564888904508,0.413407822335,0.520617979285,-0.0602138591938,-0,-0,-0.0219911485751,-0,0,-0.00047842837867,-0.0102613336648,0.000339311548679,0.00473755892914,-0.00232460618377,0.0123603876271,-0.0698032311413,0.0153875827232,-0.0125194787102,-0.00803396708144,-0.000146705677714,-1.9324957101e-06,-1.36807664763,0.0414877375031,0.0947574430957,-0.0567603667783,-0.0439689886135,0.0436881400897,-1.45124105938,0.0568753202262,0.0822379643855,-0.0647943338598,-0.0441156942912,0.043686207594,-0.10773,0.16443,-0.1727,0.013,-0.0282,-0.0046
0.88,0.880108305,3.385,1,-0.229178727081,0.277854853642,-1.65014368016,-0.564910955482,0.413407103282,0.520617739601,-0.0628318530718,-0,-0.000872664625997,-0.0209439510239,-0.00733038285838,0,-0.000479867090374,-0.0102681636092,0.000338542659884,0.00475805544486,-0.00232915047629,0.0124159671062,-0.0693254060127,0.0154145024602,-0.012609135418,-0.0079940728712,-0.000146654514769,-1.92209885871e-06,-1.32409929583,0.015044055771,0.112994778667,-0.0535541965166,-0.0289785815432,0.042637693681,-1.42124105938,0.0304585582312,0.100385643249,-0.0615482693878,-0.029125236058,0.0426357715822,0.00063,0.19971,-0.1144,0.006,0.0398,-0.0008
0.881,0.881253983,11.753,1,-0.229239447154,0.277854853642,-1.65014288121,-0.564934204878,0.413406863597,0.52061821897,-0.0584685299418,-0,0.000872664625997,-0.0230383461263,0.0010471975512,0,-0.000481412604742,-0.0102763922438,0.0003379383804,0.004778933345,-0.00233351879338,0.0124686933388,-0.0688473400238,0.0154425466863,-0.0126991982802,-0.00795412660003,-0.000146611031754,-1.91120173458e-06,-1.39475837437,0.0518093366999,0.0882522425483,-0.0578287307862,-0.0493851648269,0.0450451988083,-1.45124105938,0.0604585582312,0.0755530442681,-0.0657828573862,-0.044125236058,0.0450432876066,-0.00756,0.22239,-0.13365,0.0074,0.001,0.0014
0.882,0.882120718,5.581,0,-0.229296172485,0.277855253116,-1.65014288121,-0.564958413012,0.413404227068,0.520619417392,-0.0575958653158,-0,0.000872664625997,-0.0230383461263,0.0010471975512,0,-0.000482903122001,-0.0102870745423,0.00033828483888,0.00479969620607,-0.00234131638587,0.0125182848147,-0.0683684424728,0.0154708305663,-0.0127889358429,-0.00791400525448,-0.000146570318784,-1.90034585001e-06,-1.40810778451,0.0527706308487,0.0887825798488,-0.0580933083548,-0.0507209603546,0.0451506198126,-1.47647622698,0.0682414614149,0.075993644006,-0.0660073136093,-0.0508675306734,0.0451487194668,-0.11088,0.20034,-0.16665,0.0138,-0.031,-0.0126
0.883,0.88313709,7.947,1,-0.229358490455,0.277855452853,-1.65014248173,-0.564980943355,0.413403028645,0.520620136445,-0.0637045176978,-0,-0.000872664625997,-0.0230383461263,-0.00733038285838,0,-0.000484467435847,-0.010294312997,0.00033796538901,0.00481953760101,-0.00234695596062,0.0125733374841,-0.0678878349682,0.0154970624584,-0.0128780892193,-0.00787366807824,-0.00014651984868,-1.88974164378e-06,-1.31644803291,0.010635427917,0.116308814666,-0.0504515910002,-0.026908324413,0.0448599883477,-1.44647622698,0.0382414614149,0.103430725447,-0.0583252590784,-0.0358675306734,0.0448580986061,0.03087,0.19656,-0.1221,0.0082,0.038,-0.01
0.884,0.884116372,5.277,0,-0.229418411579,0.277855452853,-1.65014188252,-0.565003234013,0.413402788961,0.520620136445,-0.0584685299418,-0,-0,-0.0219911485751,-0,0,-0.000486064946986,-0.0103031763066,0.000337300281179,0.00483997410298,-0.00235132581891,0.0126255987213,-0.0674056159207,0.0155237289383,-0.0129671689591,-0.00783314199594,-0.000146468380387,-1.87868816357e-06,-1.39833474937,0.0444295685462,0.0951796158962,-0.0577404114383,-0.0466762916044,0.0442027784036,-1.4657403653,0.0599532974846,0.0822124469371,-0.0655735534342,-0.0468227599848,0.0442008997154,0.0063,0.18144,-0.13035,0.0054,0.0142,-0.004
0.885,0.885102726,4.533,1,-0.229474337962,0.277855452853,-1.650142282,-0.565026243725,0.413399912747,0.520619417392,-0.0558505360638,-0,-0,-0.0219911485751,0.00209439510239,0,-0.000487507351641,-0.0103145128133,0.000337420824258,0.00486155686092,-0.00235909795889,0.0126749269596,-0.0669225223413,0.0155512485378,-0.0130564836845,-0.00779253213429,-0.000146420264688,-1.8678103821e-06,-1.43817970817,0.0523922374661,0.0925627973068,-0.0591011314304,-0.053409190036,0.0443163741304,-1.4957403653,0.0679434860038,0.0795063136223,-0.0668936635647,-0.0535556103007,0.04431450632,-0.13041,0.189,-0.16885,0.0094,-0.0382,0.0012
0.886,0.88612382,6.162,1,-0.229535457509,0.27785565259,-1.650142282,-0.565048534384,0.413398234955,0.520618458654,-0.0619591884458,-0,-0.000872664625997,-0.0230383461263,-0.00628318530718,-0.0010471975512,-0.000489055571292,-0.0103226043567,0.000337269325191,0.00488276723008,-0.00236550445991,0.0127291020032,-0.0664377559032,0.0155773267993,-0.0131451860818,-0.00775168490577,-0.000146354019302,-1.85720571471e-06,-1.34587308254,0.0159071195527,0.114732096915,-0.0505841639178,-0.030981921235,0.0462263032256,-1.4657403653,0.0379434860038,0.101586910833,-0.0583358488236,-0.0385556103007,0.0462244460199,-0.02016,0.20412,-0.12925,0.0066,0.023,-0.005
0.887,0.88711834,5.179,1,-0.229595778108,0.27785565259,-1.65014148305,-0.565070585357,0.413398954009,0.52061821897,-0.0558505360638,-0,-0,-0.0209439510239,-0.0010471975512,0,-0.000490718814329,-0.0103313485756,0.000336362934134,0.00490327267277,-0.00236880442786,0.0127813671849,-0.0659513528922,0.015602911579,-0.0132335532065,-0.00771062407216,-0.00014628530928,-1.84617659398e-06,-1.43639640424,0.0470375253637,0.0965355043415,-0.0598531543864,-0.0497044184997,0.0435654658634,-1.4957403653,0.0626404369427,0.083301951135,-0.0675637784585,-0.049850703809,0.0435636196868,0.02709,0.19782,-0.10945,0.0128,0.0334,-0.0112
0.888,0.887969205,5.081,1,-0.229650106594,0.277855053379,-1.65014108357,-0.5650931157,0.413396796848,0.520618458654,-0.0532325421858,-0,0.00174532925199,-0.0219911485751,0.00418879020479,0,-0.000492228614906,-0.010343846675,0.00033557770074,0.00492377184977,-0.00237448508725,0.0128289103322,-0.0654647003058,0.0156283810306,-0.0133217802168,-0.00766944083308,-0.000146217742385,-1.83494143982e-06,-1.47977129459,0.0763756752903,0.0749558688047,-0.0643326287785,-0.06379921147,0.0450082488431,-1.5257403653,0.0920040563209,0.0616340885879,-0.0720020696116,-0.0639454292124,0.0450064139017,-0.12663,0.18522,-0.1771,0.0132,-0.0366,-0.009
0.889,0.8891197,4.48,1,-0.229710427193,0.277854653905,-1.6501406841,-0.565114687305,0.413394160319,0.520618458654,-0.0637045176978,-0,-0,-0.0209439510239,-0.00523598775598,0,-0.000493785643226,-0.0103525204115,0.000334827291036,0.00494358274262,-0.0023805962226,0.012883020045,-0.0649764456,0.0156534059545,-0.0134097177765,-0.00762806865517,-0.000146147717502,-1.82393957341e-06,-1.32866804305,0.0299816422312,0.0995653434784,-0.0572754365077,-0.0324787407893,0.0437479808348,-1.4957403653,0.0620040563209,0.0861556257019,-0.0649035051629,-0.0489454292124,0.0437461568952,-0.04095,0.20223,-0.1452,0.009,0.0022,-0.0102
0.89,0.890136941,5.531,0,-0.229772145951,0.277854254431,-1.65013968541,-0.565135779541,0.413394160319,0.52061821897,-0.0575958653158,-0,-0,-0.0198967534727,-0.00418879020479,0,-0.000495460885275,-0.0103604534758,0.000333487617036,0.00496333802507,-0.00238374340429,0.0129373787854,-0.0644866518631,0.0156789703256,-0.0134976785439,-0.00758655582652,-0.000146081433248,-1.81290758296e-06,-1.41318985853,0.0406473573805,0.0990930803888,-0.0605211105248,-0.0434684967774,0.0429019540398,-1.47767651039,0.0563263277061,0.0855954018449,-0.0681076663513,-0.0436145782106,0.0429001411322,0.05103,0.18081,-0.11165,0.0102,0.047,-0.0078
0.891,0.891133088,4.87,1,-0.229827273385,0.277854254431,-1.6501390862,-0.56515759083,0.413391763474,0.520617979285,-0.0549778714378,-0,0.00174532925199,-0.0209439510239,0.00314159265359,0,-0.000497182247024,-0.0103724942063,0.000332882133408,0.00498356846314,-0.00238988052759,0.0129860902658,-0.0639950936488,0.0157033036415,-0.0135852159936,-0.00754480231558,-0.00014599723518,-1.801909072e-06,-1.45963106525,0.0753856053256,0.0732338765313,-0.0658080492829,-0.06031689653,0.0443434332159,-1.50767651039,0.0863263277061,0.0596486605377,-0.0733528515985,-0.0586145782106,0.0443416313068,-0.07497,0.18648,-0.16115,0.0172,-0.0288,0.0042
0.892,0.89214857,4.469,1,-0.229886195825,0.277854653905,-1.65013928594,-0.56517940212,0.413388168206,0.520617979285,-0.0637045176978,-0,-0,-0.0219911485751,-0.00314159265359,0,-0.000498832841933,-0.0103820763003,0.00033299787325,0.00500328331058,-0.00239823389273,0.013039194007,-0.0635026220389,0.0157278815908,-0.0136730172808,-0.00750298570414,-0.000145924680368,-1.79106539511e-06,-1.33629243741,0.0341434054168,0.0969256143682,-0.0568614897238,-0.0349414720015,0.0450044469553,-1.47767651039,0.0563263277061,0.0832525970874,-0.064364475428,-0.0436145782106,0.0450026558899,-0.09009,0.19341,-0.1584,0,-0.0168,-0.0092
0.893,0.893151058,5.222,1,-0.229950311428,0.277855253116,-1.65013868673,-0.56520073404,0.413387449153,0.520618698339,-0.0628318530718,-0,-0,-0.0209439510239,-0.00733038285838,0,-0.000500638952308,-0.0103884794028,0.000332535644835,0.00502198201968,-0.0024034216055,0.0130962224069,-0.0630100535031,0.0157524461563,-0.0137601868675,-0.00746098182628,-0.00014584908823,-1.77965024755e-06,-1.34289030867,0.0264949223683,0.103776646981,-0.0572116294179,-0.0311061631238,0.0441407138736,-1.44767651039,0.0422473685246,0.0900164601136,-0.0646726112442,-0.0312520122121,0.0441389342234,0.05733,0.18333,-0.11165,0.005,0.0482,-0.011
0.894,0.894131052,5.574,1,-0.230005838336,0.277855852327,-1.65013868673,-0.565223983436,0.413385291992,0.520618938023,-0.0514872129338,-0,0.000872664625997,-0.0230383461263,0.00314159265359,0.0010471975512,-0.000502331349873,-0.0104003148995,0.000332718618119,0.00504278302028,-0.00241081850916,0.0131447095671,-0.062515048201,0.0157754529392,-0.013846711053,-0.00741868071622,-0.00014574650013,-1.76828775309e-06,-1.51081871595,0.0668287232804,0.0870030477469,-0.0626039816912,-0.0629905946559,0.0453298025307,-1.47767651039,0.0722473685246,0.0731563366939,-0.0700226624074,-0.0462520122121,0.045328034243,-0.04095,0.18711,-0.16005,0.0138,-0.0114,-0.0014
0.895,0.895148124,5.031,0,-0.230061964456,0.277856251802,-1.65013928594,-0.565245555041,0.413380977671,0.520618698339,-0.0575958653158,-0,-0,-0.0219911485751,-0.0010471975512,0,-0.00050398167774,-0.0104117562548,0.000333024426221,0.00506242848433,-0.00242013248978,0.0131954580074,-0.0620177314331,0.0157992074183,-0.0139335203737,-0.00737622530306,-0.000145653319346,-1.75707571058e-06,-1.42554329,0.0455906901259,0.0964049204021,-0.0590732868581,-0.0469249441762,0.0453134702133,-1.48756102144,0.0613898975442,0.0824714000284,-0.0664495121611,-0.0470705974956,0.0453117131376,-0.16443,0.20979,-0.16005,0.0076,-0.0364,-0.006
0.896,0.896144731,4.809,1,-0.230127078745,0.277856251802,-1.65013888647,-0.565266407592,0.413379779249,0.520619177707,-0.0671951762018,-0,-0.000872664625997,-0.0209439510239,-0.00837758040957,0,-0.000505672332903,-0.010417624456,0.00033223029894,0.0050810120261,-0.00242525381799,0.0132538930293,-0.0615209652068,0.0158230212291,-0.0140202744523,-0.00733373046148,-0.000145574812463,-1.74586490168e-06,-1.28823231352,0.0130277627611,0.109985782191,-0.0547388283393,-0.0214280398378,0.0442364009453,-1.45756102144,0.0313898975442,0.0959655077391,-0.0620725588008,-0.0320705974956,0.0442346550804,0.04536,0.18711,-0.11605,0.0052,0.05,-0.0106
0.897,0.897147367,4.345,1,-0.230186600395,0.277855253116,-1.65013828725,-0.565287020459,0.413378580826,0.520619177707,-0.0549778714378,-0.000872664625997,0.000872664625997,-0.0198967534727,0.00209439510239,0,-0.000507261651476,-0.0104271524307,0.000330676864236,0.00510012803039,-0.00242914768563,0.0133068221778,-0.0610226183328,0.0158464221573,-0.0141067701473,-0.00729106992452,-0.000145479582557,-1.73465102295e-06,-1.46816448629,0.0811670758722,0.0720501001798,-0.0680280504079,-0.0599018211217,0.0439653440066,-1.48756102144,0.0613898975442,0.0659655077391,-0.0753191203324,-0.0470705974956,0.0439636093556,0.01386,0.18711,-0.1397,0.0066,0.0006,-0.0016
0.898,0.898142722,5.588,0,-0.230243525464,0.277854454168,-1.65013868673,-0.565307633326,0.413374745874,0.520618698339,-0.0593411945678,-0,-0,-0.0188495559215,0.0010471975512,0,-0.000508765137668,-0.0104382624873,0.000329941574604,0.00511944733996,-0.00243649239835,0.0133584680313,-0.0605225284017,0.0158691861862,-0.0141927943202,-0.00724812260924,-0.000145381737223,-1.72328074601e-06,-1.41006009875,0.0572010790253,0.0839461076984,-0.0651406189212,-0.0483606312636,0.0427165533984,-1.47058262715,0.0730702652115,0.0697533133782,-0.0723887415304,-0.0485060130008,0.0427148301176,-0.18396,0.19089,-0.17215,0.0108,-0.0408,0.0014
0.899,0.899152292,5.361,1,-0.230310237649,0.277854454168,-1.65013868673,-0.565327766824,0.413372588714,0.520618698339,-0.0698131700798,-0,-0.00174532925199,-0.0198967534727,-0.00942477796077,-0.0010471975512,-0.00051043959573,-0.0104431686965,0.000329297223869,0.00513775773016,-0.00244269639076,0.013419229721,-0.0600213999537,0.0158907902507,-0.0142783837446,-0.00720496892537,-0.000145274713525,-1.71195652217e-06,-1.25648661531,0.00384698192385,0.114715840308,-0.053341643175,-0.0147798386137,0.0444131692312,-1.44058262715,0.0430702652115,0.0997533133782,-0.0605466121004,-0.0335060130008,0.0444114572746,0.03591,0.21483,-0.11275,0.0024,0.0376,-0.0112
0.9,0.899963624,8.434,0,-0.230372755356,0.277855053379,-1.65013848699,-0.565348379691,0.413372109345,0.520618698339,-0.0593411945678,-0,-0,-0.0198967534727,-0,0,-0.000512292012641,-0.0104508289853,0.000328835827096,0.00515643063015,-0.00244792547162,0.013474789834,-0.0595180138703,0.0159119861981,-0.0143637928241,-0.00716163835032,-0.000145161145299,-1.70037761917e-06,-1.41036587655,0.0528056628149,0.0878588933268,-0.0633492836622,-0.0465274787577,0.0438598372394,-1.46988389042,0.068717649013,0.0734951005028,-0.0705109220125,-0.046672639903,0.0438581368618,0.01701,0.2142,-0.1243,0.0002,0.0174,-0.0012
0.901,0.901204302,10.88,1,-0.230430279635,0.277855253116,-1.65013928594,-0.565369471927,0.413368753762,0.520618698339,-0.0567232006898,-0,0.000872664625997,-0.0198967534727,0.00314159265359,0,-0.000513931263921,-0.0104616117344,0.000328900611493,0.00517539864374,-0.00245631876945,0.013526624868,-0.059014632414,0.0159348829029,-0.0144495498305,-0.00711830924673,-0.000145065556872,-1.68918823522e-06,-1.45104721791,0.0711173686068,0.075801891508,-0.0669059457289,-0.0564132178933,0.0441483582505,-1.49988389042,0.0870522515097,0.0613523416775,-0.0740242549756,-0.0565582834501,0.0441466690623,-0.13923,0.16758,-0.1903,0.0126,-0.0422,0.003
0.902,0.90215725,7.744,1,-0.230495593661,0.27785565259,-1.65013988515,-0.565390564162,0.413367075971,0.520619177707,-0.0689405054538,-0,-0.00174532925199,-0.0209439510239,-0.00733038285838,0,-0.000515577573255,-0.0104674947924,0.000328836215441,0.00519388669051,-0.00246327641392,0.0135854124718,-0.05850956494,0.0159572221088,-0.0145349119188,-0.00707474113025,-0.000144953141188,-1.67759136852e-06,-1.27489170202,0.00829959815176,0.112986603459,-0.0539889875862,-0.0184241984391,0.0446063616996,-1.46988389042,0.0570522515097,0.0913523416775,-0.0610637287165,-0.0415582834501,0.0446046841083,-0.00252,0.19404,-0.1331,0.0074,0.027,-0.0112
0.903,0.902966927,24.075,1,-0.230561307161,0.277856251802,-1.65013948568,-0.565411177029,0.413367075971,0.520620136445,-0.0628318530718,-0,-0,-0.0198967534727,-0.0010471975512,0,-0.000517453658686,-0.0104731999607,0.000328208555777,0.00521164338177,-0.00246790262816,0.0136439307415,-0.0580027318502,0.0159771034424,-0.0146193143403,-0.00703086125056,-0.000144825752146,-1.66587473683e-06,-1.36574820878,0.0477248308795,0.0872763530472,-0.0627997503377,-0.0398523753083,0.04412631414,-1.43988389042,0.0637019343219,0.072657038707,-0.0698306115882,-0.0399972010604,0.0441246482653,0.03276,0.21987,-0.11495,0.005,0.0338,-0.0082
0.904,0.903947145,9.294,1,-0.230620429337,0.277856052064,-1.65013968541,-0.565431310527,0.413364199757,0.52062037613,-0.0567232006898,-0,0.00174532925199,-0.0188495559215,0.00523598775598,0,-0.000519165635541,-0.0104830808351,0.000327545580227,0.00522971654174,-0.00247471387461,0.0136974622039,-0.0574951122401,0.0159976327042,-0.0147037642659,-0.00698689913168,-0.000144701332486,-1.65457565613e-06,-1.4571593858,0.0871854592054,0.0616058963019,-0.0716207710368,-0.0613275282868,0.0436478197684,-1.46988389042,0.0937019343219,0.046902132036,-0.0786076701685,-0.0549972010604,0.0436461651928,-0.09072,0.15939,-0.1727,0.004,-0.0532,-0.0068
0.905,0.90491898,4.713,1,-0.23068454494,0.27785565259,-1.65014008489,-0.565450724971,0.413361563227,0.520619896761,-0.0671951762018,-0.000872664625997,-0.000872664625997,-0.0188495559215,-0.00628318530718,0,-0.000520804327552,-0.0104898323167,0.000326727504426,0.00524784637852,-0.00248118812021,0.0137561175415,-0.0569857969757,0.016017930293,-0.0147881146293,-0.006942743358,-0.000144574583358,-1.64282300068e-06,-1.30374205364,0.0378153510511,0.0922474880711,-0.0621288639068,-0.0272685452279,0.043336905396,-1.43988389042,0.0637019343219,0.076902132036,-0.0690716072648,-0.0399972010604,0.043335262573,-0.05103,0.20853,-0.1397,0.0032,0.0062,-0.0052
0.906,0.905920423,3.824,1,-0.230752056074,0.27785565259,-1.65013988515,-0.565470858469,0.413362521965,0.520619177707,-0.0645771823238,-0,-0.000872664625997,-0.0198967534727,-0.00418879020479,-0.0010471975512,-0.000522557288952,-0.0104945582933,0.000325638725197,0.00526693284955,-0.0024845133636,0.013816121028,-0.0564755836668,0.0160381627677,-0.0148724445407,-0.00689847786497,-0.000144454344669,-1.6312719121e-06,-1.34166104734,0.0315605498325,0.0989970061991,-0.0590375657548,-0.0312704084542,0.0452569061511,-1.40988389042,0.0475987126002,0.0841245616583,-0.0659360436198,-0.0314148627989,0.0452552748792,0.05607,0.20349,-0.1023,0.0096,0.056,-0.0046
0.907,0.906882024,6.395,1,-0.230810379302,0.277855253116,-1.65014048436,-0.565489793545,0.41336012512,0.520618698339,-0.0541052068118,-0,0.000872664625997,-0.0188495559215,0.00523598775598,0,-0.000524263003615,-0.0105051051194,0.000324810677937,0.00528458855445,-0.0024908628139,0.0138690310575,-0.055963837825,0.0160586133871,-0.0149565035494,-0.00685402448289,-0.000144323197842,-1.61951481584e-06,-1.49606045731,0.0827913483975,0.0700064241517,-0.070752656355,-0.0634616459155,0.0437399675464,-1.43988389042,0.0775987126002,0.0550499206023,-0.0776066808379,-0.0464148627989,0.0437383480316,-0.0945,0.17388,-0.17325,0.0062,-0.0408,-0.0016
0.908,0.907907896,7.946,0,-0.230871898323,0.277855253116,-1.65014168279,-0.565509207989,0.413355810799,0.520618458654,-0.0637045176978,-0,-0.000872664625997,-0.0188495559215,-0.00523598775598,0,-0.000525905013617,-0.0105135178453,0.000324735584252,0.00530220580701,-0.00249995288121,0.0139259248985,-0.055451175824,0.016078638033,-0.0150402114571,-0.00680939132717,-0.000144193498852,-1.60779559252e-06,-1.3547204217,0.0321295247598,0.0995378092827,-0.061728595601,-0.0316123888977,0.0434283047934,-1.41017159752,0.0482081627928,0.0844975978256,-0.0685379869282,-0.0317565823966,0.0434266969978,-0.05985,0.1827,-0.1518,0.0092,-0.0154,-0.0078
0.909,0.908886403,6.823,1,-0.2309364134,0.277855852327,-1.65014148305,-0.565528143064,0.413355091746,0.520618698339,-0.0610865238198,-0,-0.000872664625997,-0.0178023583703,-0.00837758040957,0,-0.000527898627664,-0.0105201513089,0.000323988505969,0.00531909946277,-0.00250505731385,0.0139841890463,-0.0549367895342,0.0160974963149,-0.0151235528821,-0.00676454005743,-0.000144055273413,-1.59587242256e-06,-1.38611710483,0.0287499794048,0.105371165773,-0.0627861091112,-0.0317809320708,0.0425599245926,-1.44017159752,0.0448474757197,0.0902476128905,-0.0695506491687,-0.0319249873442,0.0425583287202,0.0567,0.21924,-0.0902,0.0038,0.0548,-0.0072
0.91,0.909892583,7.917,1,-0.230991940309,0.277855852327,-1.65014208226,-0.565546838455,0.41335317427,0.520619177707,-0.0514872129338,-0,0.000872664625997,-0.0178023583703,0.00418879020479,0.0010471975512,-0.000529751917542,-0.0105325751132,0.000323306237804,0.00533549255603,-0.00251131971118,0.0140341458542,-0.0544208112015,0.0161155954727,-0.0152063157597,-0.00671945239911,-0.000143904673901,-1.58400691197e-06,-1.53366508809,0.0851552506429,0.0715228226856,-0.0739009157299,-0.0664325603131,0.0419937687209,-1.47017159752,0.0748474757197,0.0602476128905,-0.080620368129,-0.0469249873442,0.041992184714,-0.07119,0.18522,-0.1562,0.0066,-0.015,0.0046
0.911,0.911175833,31.118,1,-0.231050263537,0.27785565259,-1.65014348042,-0.565565533846,0.413349099633,0.520619657076,-0.0637045176978,-0,-0.000872664625997,-0.0178023583703,-0,0,-0.000531416484856,-0.0105431558641,0.000323055468488,0.00535173721631,-0.00252004351826,0.0140879766226,-0.0539040285357,0.0161346568085,-0.0152894116591,-0.00667432754784,-0.000143762026393,-1.57251390519e-06,-1.36712356796,0.048786381775,0.0862206449245,-0.0659358957009,-0.0389865267791,0.0427157655224,-1.44017159752,0.0649210385836,0.0709312332655,-0.0726102232488,-0.0391302888054,0.0427141930085,-0.1512,0.16758,-0.16775,0.0068,-0.0382,-0.0078
0.912,0.912088369,8.874,1,-0.231119572304,0.277856251802,-1.65014387989,-0.565583989552,0.413348140895,0.52062037613,-0.0706858347058,-0,-0.00261799387799,-0.0178023583703,-0.00942477796077,0,-0.000533316815401,-0.0105468074849,0.00032251784654,0.00536757170855,-0.00252585279927,0.0141513207003,-0.0533854861841,0.0161525038971,-0.0153720956434,-0.00662895995757,-0.00014361081042,-1.56060766799e-06,-1.26161506169,0.0031523341269,0.115248970659,-0.0577515667287,-0.0124063167367,0.0424015153563,-1.41017159752,0.0349210385836,0.0998768750155,-0.0643805266862,-0.0241302888054,0.0423999547486,0.08001,0.20601,-0.0913,0.01,0.0558,-0.0044
0.913,0.913091636,8.651,1,-0.231179493429,0.27785705075,-1.65014427937,-0.565602924628,0.413347421842,0.520620855499,-0.0549778714378,-0,0.000872664625997,-0.0178023583703,0.00209439510239,0,-0.000535333925263,-0.0105564925439,0.000322135332823,0.00538405153192,-0.00253172515186,0.0142049877467,-0.0528661071531,0.0161705972978,-0.0154544564224,-0.00658341503703,-0.000143462179,-1.54852199348e-06,-1.48752751843,0.0776257382276,0.0728108130586,-0.0720378214709,-0.058380222048,0.0432741024826,-1.44017159752,0.0649210385836,0.0698768750155,-0.0786212365079,-0.0391302888054,0.0432725539606,-0.02268,0.21231,-0.1353,0.0062,0.0072,-0.0034
0.914,0.914092022,9.178,1,-0.231235819286,0.277857250487,-1.65014627674,-0.565620900965,0.413343347205,0.520620855499,-0.0593411945678,-0,-0,-0.0167551608191,0.00209439510239,0.0010471975512,-0.000537069880147,-0.0105684435437,0.000322292185243,0.00539989832405,-0.00254127487705,0.0142570690033,-0.0523458904772,0.0161880377475,-0.0155362623079,-0.00653769277331,-0.000143300502576,-1.53649281049e-06,-1.43179008753,0.0683501664834,0.0752345931062,-0.0723452828349,-0.0504617406104,0.0411478745136,-1.47017159752,0.0845382042309,0.0596983307983,-0.0788829756082,-0.050605041113,0.0411463380208,-0.16632,0.18648,-0.17765,0.0086,-0.057,0.0116
0.915,0.915121098,13.25,1,-0.231302531471,0.27785705075,-1.6501476749,-0.565638158249,0.413342148783,0.520620855499,-0.0671951762018,-0,-0.00349065850399,-0.0157079632679,-0.010471975512,-0.0010471975512,-0.000538762624328,-0.0105739226152,0.000321558379816,0.00541531256239,-0.00254723898017,0.0143183525925,-0.05182331052,0.0162056012524,-0.0156183674464,-0.00649183560892,-0.000143142171582,-1.52481985859e-06,-1.31148885057,0.00120996895548,0.122104442127,-0.0590252393278,-0.0152764670907,0.041588842018,-1.44017159752,0.0545382042309,0.0896983307983,-0.0655170749367,-0.035605041113,0.0415873171981,0.06363,0.19782,-0.10615,0.005,0.051,-0.0054
0.916,0.916535759,31.603,1,-0.231360854699,0.277856651276,-1.65014827411,-0.565655655217,0.413342867836,0.520620855499,-0.0523598775598,-0,-0,-0.0167551608191,-0,0,-0.000540621124534,-0.0105848763747,0.000320174951042,0.00543118786997,-0.00255059648334,0.0143702077751,-0.0512997742286,0.0162226857932,-0.0157000713578,-0.00644577353764,-0.000142980480607,-1.51275244835e-06,-1.52417089127,0.0699203404952,0.0834956993576,-0.0720742087942,-0.058197800129,0.0423685340576,-1.47017159752,0.0845382042309,0.0677956279998,-0.0785199823319,-0.050605041113,0.0423670213052,0.02331,0.17577,-0.1199,-0.0066,0.0342,-0.0038
0.917,0.917083861,4.268,1,-0.231412187129,0.277856451539,-1.65014947253,-0.565674590293,0.413339032884,0.520620136445,-0.0506145483078,-0,0.000872664625997,-0.0178023583703,0.00523598775598,0,-0.000542422080969,-0.0106000739438,0.000319778478451,0.00544890347573,-0.0025589622956,0.0144168426384,-0.0507753056959,0.0162380914181,-0.0157808672057,-0.0063994611152,-0.000142804265989,-1.50057177347e-06,-1.55670345731,0.0907788943525,0.0686840860317,-0.0746480661276,-0.0691976260101,0.0436079935512,-1.50017159752,0.107016985771,0.052903218826,-0.0810475272428,-0.065605041113,0.0436064929794,-0.24948,0.17199,-0.18535,0.0152,-0.072,-0.0048
0.918,0.918125327,4.542,1,-0.231477501155,0.277856651276,-1.65014987201,-0.565692806315,0.413336636039,0.520619657076,-0.0698131700798,-0,-0.000872664625997,-0.0188495559215,-0.00942477796077,-0.0010471975512,-0.000544337181955,-0.0106063711141,0.000319028282489,0.00546579966068,-0.00256558247786,0.014476994112,-0.0502493757517,0.0162553879011,-0.0158623313408,-0.00635312411126,-0.000142642817197,-1.48848777748e-06,-1.28053560131,0.0189443617514,0.102215495068,-0.0598049412407,-0.0169746277363,0.0452741283609,-1.47017159752,0.0770169857706,0.082903218826,-0.066158065352,-0.050605041113,0.0452726398731,-0.01197,0.18333,-0.1144,0.0018,0.0238,-0.01
0.919,0.919156946,3.388,0,-0.231543414392,0.277857450224,-1.65014947253,-0.56571174139,0.413337834462,0.520619657076,-0.0619591884458,-0,-0,-0.0178023583703,-0.0010471975512,0,-0.000546466569445,-0.0106124159169,0.000318039287202,0.00548293772408,-0.00256904087715,0.0145356963277,-0.0497217547289,0.0162708942327,-0.0159428589924,-0.00630647727247,-0.000142462741155,-1.47629273267e-06,-1.39836205096,0.0574903928039,0.0808458910646,-0.0689129218952,-0.042017006861,0.0435611255415,-1.44808380568,0.0737612870365,0.0649030320722,-0.0752193991677,-0.0421594696021,0.0435596492488,0.08568,0.21798,-0.09625,0.01,0.0476,-0.012
0.92,0.920107136,3.376,1,-0.231599340775,0.277857649961,-1.65015007174,-0.565728519305,0.413335197932,0.520619657076,-0.0532325421858,-0,0.00174532925199,-0.0167551608191,0.00628318530718,0.0010471975512,-0.000548541441354,-0.0106248073115,0.000317198036436,0.00549800654067,-0.00257573621,0.0145870811478,-0.0491931278157,0.0162852931419,-0.0160229983724,-0.00625964688907,-0.000142273405904,-1.46413199007e-06,-1.52651928795,0.101745311195,0.0549901945219,-0.079558678835,-0.0688403262869,0.0420277879056,-1.47808380568,0.103761287037,0.0389671961496,-0.085818325724,-0.0571594696021,0.0420263237736,-0.126,0.19152,-0.18535,0.0038,-0.0484,-0.0014
0.921,0.920959776,3.649,1,-0.23166265743,0.277857450224,-1.65015107043,-0.565744578166,0.413332321718,0.520619657076,-0.0671951762018,-0,-0.00261799387799,-0.0146607657168,-0.00523598775598,0,-0.000550441778673,-0.0106325213127,0.00031621344405,0.00551240673461,-0.0025825136465,0.0146462275434,-0.0486637316568,0.0163016043168,-0.0161037487316,-0.00621280255401,-0.000142107607402,-1.45187040539e-06,-1.32733288141,0.0263625633636,0.101023823548,-0.066526777101,-0.0245065648537,0.0402536878695,-1.44808380568,0.0737612870365,0.0689671961496,-0.072739579655,-0.0421594696021,0.0402522359991,-0.06237,0.18081,-0.1243,0.0002,-0.0004,-0.0038
0.922,0.922054782,3.385,0,-0.231729968826,0.27785705075,-1.65015047122,-0.565760397343,0.413332801087,0.520620136445,-0.0637045176978,-0,-0,-0.0157079632679,-0.00628318530718,0,-0.000552534367926,-0.0106378252598,0.000314013926723,0.00552652172801,-0.00258458821808,0.0147077808854,-0.0481320711747,0.0163168310476,-0.0161836983711,-0.00616566449222,-0.000141920303737,-1.43968722672e-06,-1.37118128215,0.04788162663,0.0853931188623,-0.0705492996571,-0.0333156535471,0.0418557077649,-1.41931335333,0.0641984576775,0.0692094204912,-0.0767149641493,-0.0334575738509,0.0418542680777,0.09702,0.18585,-0.08965,0.0018,0.0656,-0.011
0.923,0.92301567,3.415,1,-0.231788491791,0.277856651276,-1.65015107043,-0.565776935573,0.413329924873,0.520620136445,-0.0558505360638,-0,0.00174532925199,-0.0157079632679,0.00628318530718,0,-0.000554494577533,-0.0106486367586,0.000312757954603,0.00554149932247,-0.00259086800787,0.0147619673871,-0.0475994217268,0.016330638051,-0.0162629746901,-0.00611829704631,-0.000141718711059,-1.42736065726e-06,-1.49516488677,0.103028248604,0.0500973281535,-0.0804421046297,-0.0653270469346,0.0423260597712,-1.44931335333,0.0941984576775,0.0392094204912,-0.086560401676,-0.0484575738509,0.0423246324105,-0.10647,0.1638,-0.17875,0.004,-0.0492,-0.0026
0.924,0.924059116,3.306,1,-0.231852407657,0.277856651276,-1.65015206911,-0.565794192857,0.413325610552,0.520619896761,-0.0698131700798,-0,-0.000872664625997,-0.0157079632679,-0.00523598775598,0,-0.000556384358141,-0.0106559119051,0.000312149974634,0.00555717939307,-0.00259933871585,0.0148220125904,-0.0470658202485,0.0163446477263,-0.0163424710502,-0.00607083978983,-0.000141528525625,-1.41498217442e-06,-1.29439805706,0.0382409441235,0.086085251288,-0.0685354710393,-0.0237328451586,0.0418046058937,-1.41931335333,0.0641984576775,0.0692094204912,-0.0746063108291,-0.0334575738509,0.0418031909115,-0.1071,0.17262,-0.15125,0.0058,-0.021,-0.003
0.925,0.925231705,9.369,1,-0.231924912218,0.277857649961,-1.65015127017,-0.565810970772,0.413326329606,0.520619896761,-0.0706858347058,0.000872664625997,-0.000872664625997,-0.0157079632679,-0.00837758040957,0,-0.000558711584259,-0.0106578584792,0.000310805263139,0.00557237694613,-0.00260259628939,0.0148883006347,-0.0465306647887,0.0163579554661,-0.016421439815,-0.00602316977827,-0.000141330660221,-1.40309657692e-06,-1.2775854241,0.0173008216058,0.0992698041726,-0.0655122375161,-0.0159314983096,0.0416902326292,-1.38931335333,0.0341984576775,0.0828483643576,-0.0715354072944,-0.0184575738509,0.0416888295326,0.12222,0.18333,-0.08305,0.0032,0.071,-0.0044
0.926,0.926127412,4.852,1,-0.231987429925,0.277859048121,-1.65015067095,-0.565827029633,0.413324891499,0.520619896761,-0.0575958653158,0.000872664625997,0.00261799387799,-0.0146607657168,0.00523598775598,0.0010471975512,-0.0005612400349,-0.0106661224134,0.000309893950616,0.00558678553402,-0.00260812774066,0.0149459284383,-0.0459939267545,0.0163717555448,-0.0165003833003,-0.00597533141853,-0.000141131517833,-1.39052752554e-06,-1.47163062881,0.0969263010109,0.048828731555,-0.0828541547622,-0.0611321659297,0.0405409403786,-1.41931335333,0.0641984576775,0.0528483643576,-0.0865354072944,-0.0334575738509,0.0405395498511,-0.04725,0.19467,-0.154,0.009,-0.0202,0.0044
0.927,0.927081678,4.492,0,-0.232049148683,0.277859647332,-1.65015107043,-0.565841171019,0.413320097809,0.520619417392,-0.0637045176978,-0,-0,-0.0125663706144,-0,0,-0.000563564963687,-0.0106748696579,0.000308993706164,0.00559985673609,-0.00261636615494,0.0150051025972,-0.0454562624245,0.0163851209258,-0.0165789665872,-0.00592731169516,-0.000140924248716,-1.37755163216e-06,-1.38634345314,0.0723071861961,0.0650098053891,-0.0789388945203,-0.042736470737,0.0393434794948,-1.43179971556,0.0886923071219,0.0484308388019,-0.0848662062155,-0.0428773949858,0.0393421019432,-0.10584,0.19026,-0.16225,0.0036,-0.0526,-0.0034
0.928,0.928106635,4.595,1,-0.232118657187,0.277859847069,-1.65015047122,-0.565854113982,0.413319378755,0.520619417392,-0.0680678408278,-0,-0.00174532925199,-0.0125663706144,-0.0115191730632,-0.0010471975512,-0.000565959349542,-0.0106788651161,0.000306847544857,0.00561167812164,-0.00261948233244,0.0150704541147,-0.044917807053,0.0163979024351,-0.0166570556788,-0.00587913898048,-0.000140718137305,-1.36551463831e-06,-1.31256476908,0.023941352389,0.0996611729651,-0.0694774787466,-0.0173504644209,0.0400625231379,-1.40179971556,0.0586923071219,0.0784308388019,-0.0753566177271,-0.0278773949858,0.0400611576233,0.07686,0.19719,-0.0836,-0.0002,0.0708,-0.0188
0.929,0.929164183,6.618,1,-0.23217937726,0.277859647332,-1.65015007174,-0.565866098207,0.413319378755,0.520619657076,-0.0549778714378,-0,0.000872664625997,-0.0115191730632,0.00418879020479,0.0010471975512,-0.000568394612696,-0.0106886039689,0.000304346501571,0.00562244395485,-0.00262155567774,0.015126993119,-0.0443769481114,0.0164107552632,-0.0167353941708,-0.00583080500945,-0.000140510497877,-1.35295413431e-06,-1.51051378438,0.101357647273,0.0522960178989,-0.0868778647502,-0.063593043774,0.0376603364098,-1.43179971556,0.0886923071219,0.0484308388019,-0.0903566177271,-0.0428773949858,0.0376589834556,-0.00945,0.17262,-0.13585,-0.0052,0.0114,-0.0016
0.93,0.929944823,7.412,0,-0.232238299699,0.277859647332,-1.65015087069,-0.56587904117,0.413314345381,0.520619417392,-0.0628318530718,-0,0.000872664625997,-0.0125663706144,0.00314159265359,0,-0.000570651675196,-0.0106992623696,0.000303095188005,0.00563422600457,-0.00262954989679,0.0151839104746,-0.0438351165812,0.016421876684,-0.0168127743437,-0.00578219585717,-0.000140283530977,-1.34029716911e-06,-1.40546594354,0.0901397579532,0.05090710006,-0.0827549427519,-0.0500194057872,0.0397047467654,-1.44930106012,0.106561634637,0.0340943257163,-0.088537138609,-0.0501596893181,0.0397034064682,-0.18585,0.19152,-0.18535,0.0038,-0.0654,0.0076
0.931,0.931056523,5.953,1,-0.232311003997,0.277859847069,-1.65015087069,-0.565891744448,0.41331218822,0.520619657076,-0.0750491578358,-0,-0.00261799387799,-0.0125663706144,-0.0125663706144,-0.0010471975512,-0.000572950457209,-0.0107012185687,0.000301297011197,0.00564544178615,-0.00263445522678,0.0152532578612,-0.0432925216901,0.016433350563,-0.0168899279411,-0.00573345720082,-0.000140063867939,-1.32788209799e-06,-1.22150551744,0.00868179208143,0.103514797443,-0.0668186366343,-0.00367825467774,0.0400243761543,-1.41930106012,0.0765616346372,0.0640943257163,-0.073537138609,-0.0351596893181,0.0400230482722,0.07938,0.18207,-0.09625,0.0056,0.0454,-0.0142
0.932,0.932042214,3.411,1,-0.232376318023,0.27786044628,-1.65014987201,-0.565903728673,0.413312907274,0.520620855499,-0.0575958653158,-0,0.000872664625997,-0.0115191730632,-0,0.00209439510239,-0.000575618467417,-0.0107080423587,0.000298921882955,0.00565520396238,-0.00263610812957,0.0153140315096,-0.0427476030813,0.0164455677263,-0.0169673586867,-0.00568456021908,-0.000139843817914,-1.31517391451e-06,-1.47193814468,0.0891216630038,0.058405123317,-0.0864513113665,-0.0540703610314,0.0367694330735,-1.44930106012,0.10556723073,0.0414377646304,-0.088537138609,-0.0501596893181,0.0367681178996,0.09261,0.2079,-0.1144,0.0026,0.0442,-0.001
0.933,0.933037959,3.344,1,-0.23243124572,0.277860246543,-1.65015067095,-0.565914993844,0.413308592953,0.520621334868,-0.0558505360638,-0,0.00174532925199,-0.00942477796077,0.00733038285838,0.0010471975512,-0.000577993710797,-0.0107214063267,0.000297235376948,0.005664786779,-0.00264292156043,0.0153671824378,-0.0422017342523,0.0164564214146,-0.0170441668306,-0.00563545773754,-0.000139614210763,-1.30253294341e-06,-1.50779404774,0.122378610806,0.0325397233796,-0.0939974277114,-0.069039769807,0.0361386155543,-1.47930106012,0.13556723073,0.0154955565491,-0.0996328854489,-0.0651596893181,0.0361373130213,-0.23562,0.17451,-0.187,0.0058,-0.079,0
0.934,0.934119654,4.085,1,-0.232500155013,0.277859847069,-1.65015127017,-0.565924820909,0.413305716739,0.520621814237,-0.0741764932098,-0,-0.00261799387799,-0.00942477796077,-0.0115191730632,0,-0.000580295216375,-0.0107259372207,0.000295006769496,0.00567313344353,-0.00264784119156,0.0154340991504,-0.0416556953225,0.016465716427,-0.0171201005874,-0.00558616373764,-0.000139378896165,-1.28977897585e-06,-1.23854708509,0.0198577054003,0.0947824532209,-0.0740985748313,-0.00762029951306,0.0362399064432,-1.44930106012,0.10556723073,0.0454955565491,-0.0846328854489,-0.0501596893181,0.0362386166642,-0.03339,0.17073,-0.10945,0.0002,0.0326,-0.0052
0.935,0.935012626,3.343,0,-0.232569264044,0.277859847069,-1.65015047122,-0.565934168604,0.413306915161,0.520621814237,-0.0628318530718,-0,-0,-0.00733038285838,-0.00314159265359,0,-0.000582934686346,-0.0107305100962,0.000291938880049,0.00568176978015,-0.0026481647531,0.0154993477709,-0.0411073849966,0.0164754905217,-0.017196071714,-0.00553669039627,-0.000139138192814,-1.27721212419e-06,-1.40164732544,0.0793996361025,0.0585814341224,-0.088156989925,-0.0419002968926,0.0349583824962,-1.44275471044,0.0958751266243,0.0413853624084,-0.0936936803213,-0.0420394350854,0.0349571052841,0.12159,0.19404,-0.08965,0.0054,0.0568,-0.0128
0.936,0.936160415,3.368,1,-0.232625589901,0.27786044628,-1.65015127017,-0.565943276615,0.413303319894,0.520621814237,-0.0549778714378,0.000872664625997,0.00174532925199,-0.00837758040957,0.00837758040957,0,-0.000585602725532,-0.0107430827087,0.000290380770221,0.00568968541661,-0.00265469375371,0.0155542874119,-0.0405567336971,0.0164863216398,-0.0172726053069,-0.00548710373006,-0.000138902081339,-1.26430654483e-06,-1.52328558432,0.117296857167,0.0351798318881,-0.094178751546,-0.0698745455675,0.0361650373471,-1.47275471044,0.125875126624,0.0179072265812,-0.099665855276,-0.0570394350854,0.0361637730406,-0.20286,0.15624,-0.1914,0.008,-0.0702,-0.007
0.937,0.936978728,3.337,1,-0.23269409972,0.277861245229,-1.65015186938,-0.565951425888,0.413299724627,0.520621095183,-0.0741764932098,-0,-0.00174532925199,-0.00837758040957,-0.00837758040957,0,-0.000588269605313,-0.0107478674002,0.000288722085392,0.00569742609798,-0.00266106562421,0.015621744657,-0.0400059527953,0.0164962113674,-0.0173482417958,-0.00543730444629,-0.000138656650692,-1.25153324412e-06,-1.24574204887,0.0391066256201,0.0778991771845,-0.0795115612186,-0.0139450811975,0.0355893655004,-1.44275471044,0.0958751266243,0.0479072265812,-0.0849488656649,-0.0420394350854,0.0355881139671,-0.02583,0.21042,-0.13255,-0.0024,0.0036,-0.002
0.938,0.938134309,3.397,1,-0.232766604281,0.277862243914,-1.65015087069,-0.565959095792,0.413300923049,0.520621095183,-0.0689405054538,-0,-0,-0.00733038285838,-0.00628318530718,-0.0010471975512,-0.000591223192388,-0.010750299534,0.000285941205932,0.00570434587403,-0.00266183117059,0.0156909727895,-0.0394542781819,0.016504479816,-0.0174230209282,-0.0053872783036,-0.00013840141755,-1.23885942683e-06,-1.31803107519,0.0673022805895,0.0596969431153,-0.08571715129,-0.0285119023955,0.0361016783234,-1.41275471044,0.0838067604055,0.0422739221872,-0.0911044295936,-0.0286503038131,0.036100439464,0.13671,0.20916,-0.0781,-0.0008,0.0772,-0.0186
0.939,0.939156956,3.375,1,-0.232826525405,0.277862443651,-1.65015067095,-0.565967245065,0.413298526204,0.52062037613,-0.0558505360638,-0,0.00261799387799,-0.00733038285838,0.00942477796077,0,-0.000594002522539,-0.0107606856919,0.000283405854981,0.00571241644839,-0.00266577773662,0.0157492459469,-0.0389009901677,0.0165138749657,-0.017498350661,-0.00533717389284,-0.000138159596595,-1.2256352139e-06,-1.51583745041,0.142710578306,0.0142421174891,-0.100497763262,-0.0743423148859,0.0356927216901,-1.44275471044,0.113806760405,0.0122739221872,-0.105834937155,-0.0436503038131,0.0356914960549,-0.12411,0.16254,-0.1661,0.0022,-0.0552,0.0054
0.94,0.940337296,12.006,1,-0.232892039168,0.277862243914,-1.65015166964,-0.565974675284,0.41329349283,0.520619417392,-0.0715584993318,-0,-0,-0.00628318530718,-0.00523598775598,-0.0010471975512,-0.000596493032341,-0.0107674475049,0.000281314993548,0.00571986817808,-0.00267265652604,0.0158146782379,-0.0383461082105,0.016522515895,-0.0175731025858,-0.00528683164534,-0.000137905272082,-1.21292104505e-06,-1.28707699671,0.0708332179509,0.0529793938996,-0.0878886705244,-0.0263804932795,0.0352126940281,-1.41275471044,0.0873557338459,0.0354062913137,-0.0931755021697,-0.0286503038131,0.0352114811071,-0.13797,0.18144,-0.1716,0.0074,-0.0284,-0.0026
0.941,0.941172395,13.673,1,-0.232966940574,0.277862643388,-1.65015127017,-0.565980427712,0.413293732514,0.520619657076,-0.0733038285838,-0,-0.00261799387799,-0.00523598775598,-0.0115191730632,0,-0.000599327306716,-0.010768441149,0.000278247635956,0.00572478673287,-0.00267385792307,0.015887452843,-0.0377895102566,0.0165284401511,-0.0176466558747,-0.00523615393815,-0.000137630852749,-1.19990110412e-06,-1.25634299698,0.0325257038299,0.0841355959007,-0.0827583241134,-0.0104336316618,0.0326625672127,-1.38275471044,0.0573557338459,0.0654062913137,-0.0879944780516,-0.0136503038131,0.0326613673115,0.12978,0.19467,-0.07205,0.0022,0.0878,-0.0144
0.942,0.942164447,7.14,1,-0.233029658017,0.277863042862,-1.6501514699,-0.565985700771,0.413292294407,0.520620136445,-0.0575958653158,-0,0.000872664625997,-0.00314159265359,0.00837758040957,0.0010471975512,-0.000602235636801,-0.0107772102939,0.000275539742948,0.00572889999707,-0.00267696046135,0.0159490462676,-0.0372321523726,0.0165366297446,-0.0177211414602,-0.00518553031666,-0.000137375392916,-1.18672307156e-06,-1.49488673824,0.133155059429,0.0202699673753,-0.104750634679,-0.0683096599708,0.0305107889879,-1.41275471044,0.0873557338459,0.0354062913137,-0.102994478052,-0.0286503038131,0.0305096022648,-0.063,0.18333,-0.1485,0.011,-0.0328,-0.0026
0.943,0.943180182,5.067,0,-0.233092175724,0.277863442336,-1.6501530678,-0.565990734146,0.413286541979,0.52062037613,-0.0671951762018,-0,-0,-0.00523598775598,-0.0010471975512,0,-0.000604942712869,-0.0107859565514,0.000273831178296,0.00573269386999,-0.00268511396441,0.0160126761147,-0.0366732635776,0.0165450498971,-0.0177953622359,-0.00513471705208,-0.000137113588835,-1.17401543573e-06,-1.3540387213,0.0888209357582,0.0442237971048,-0.0936880013712,-0.0388142179492,0.0332812843596,-1.39071198488,0.105365985655,0.0264284348688,-0.0988227184232,-0.038951331538,0.0332801103441,-0.14175,0.17514,-0.18425,-0.005,-0.057,-0.0036
0.944,0.944159014,4.671,1,-0.233166078444,0.277864041548,-1.65015346727,-0.565995288151,0.413286541979,0.52062037613,-0.0741764932098,-0,-0.00349065850399,-0.00314159265359,-0.0136135681656,-0.0010471975512,-0.000607789940976,-0.0107876742162,0.000271100824578,0.00573653369228,-0.00268724738755,0.0160849861197,-0.0361134269693,0.0165514399393,-0.0178683497571,-0.00508358236939,-0.000136836923978,-1.16081133905e-06,-1.24486705919,0.024601288772,0.0895054577321,-0.0832529599153,-0.00531240917108,0.0316592667274,-1.36071198488,0.0753659856553,0.0564284348688,-0.0883365422846,-0.023951331538,0.0316581059161,0.09261,0.17892,-0.07315,0.0008,0.084,-0.0142
0.945,0.945143323,6.784,1,-0.23322999431,0.277864640759,-1.65015326754,-0.566000081841,0.413286781664,0.52062037613,-0.0575958653158,-0,0.00174532925199,-0.00418879020479,0.00418879020479,0,-0.000610838858404,-0.0107957934776,0.000268090090308,0.00574074059133,-0.00268861105397,0.0161471078787,-0.0355519347769,0.0165567663423,-0.0179410624482,-0.00503227565649,-0.000136551606452,-1.14760374755e-06,-1.4901248991,0.129258355071,0.0222824556539,-0.103090001387,-0.0640936856641,0.0327635438703,-1.39071198488,0.105365985655,0.0264284348688,-0.103336542285,-0.038951331538,0.0327623962666,-0.00189,0.17136,-0.12375,0.0018,0.0106,0.001
0.946,0.946153339,8.112,1,-0.233288517275,0.277864840496,-1.6501546657,-0.566004875531,0.413281748289,0.520620136445,-0.0610865238198,-0,0.000872664625997,-0.00418879020479,0.00314159265359,0,-0.000613617271927,-0.0108071905458,0.000266038318851,0.00574489310501,-0.00269569615951,0.0162064679222,-0.034988898597,0.016562643048,-0.0180138006286,-0.00498082404883,-0.000136269681584,-1.13437267864e-06,-1.44402558071,0.116261090117,0.0290908284539,-0.100610679175,-0.0557054597308,0.032586722078,-1.42071198488,0.132823733165,0.0110770278253,-0.105591503224,-0.053951331538,0.0325855877054,-0.19971,0.17766,-0.20075,0.0056,-0.0764,0.0016
0.947,0.947169182,4.883,1,-0.233358624991,0.27786523997,-1.65015506517,-0.566008950168,0.413280789551,0.52062037613,-0.0741764932098,-0,-0.00261799387799,-0.00418879020479,-0.0125663706144,-0.0010471975512,-0.000616512486855,-0.0108113565569,0.000263177510508,0.00574809849186,-0.00269835294862,0.0162756297822,-0.0344250736723,0.0165691753606,-0.0180865876872,-0.00492928742833,-0.000135990525053,-1.12134053969e-06,-1.24863054145,0.034168998264,0.0810092879014,-0.0846037804181,-0.00809416244583,0.0328632976756,-1.39071198488,0.102823733165,0.0410770278253,-0.0905915032236,-0.038951331538,0.0328621763351,0.03402,0.19971,-0.0836,-0.0004,0.0532,-0.0192
0.948,0.948168791,5.311,1,-0.233425137439,0.27786523997,-1.6501546657,-0.566012545435,0.413282946712,0.520620855499,-0.0602138591938,-0,-0,-0.00209439510239,0.0010471975512,0.0010471975512,-0.00061952903612,-0.0108180053199,0.000259342890728,0.00575091710218,-0.00269703202993,0.0163398109524,-0.0338595432015,0.016574240955,-0.0181587289064,-0.00487748472171,-0.000135702402164,-1.10815586706e-06,-1.45471696872,0.109227400625,0.0362127940229,-0.103094328464,-0.0532675102925,0.0294658893345,-1.42071198488,0.12580164158,0.0180540651166,-0.105591503224,-0.0534032126947,0.0294647811786,0.07749,0.17262,-0.1001,-0.0012,0.0492,-0.0022
0.949,0.949177455,4.755,1,-0.233482661719,0.27786523997,-1.65015606386,-0.566015901018,0.413278632391,0.52062037613,-0.0584685299418,-0,0.000872664625997,-0.00209439510239,0.00837758040957,0,-0.000622380133959,-0.0108301673534,0.000256887415684,0.00575404520166,-0.00270299993587,0.0163983158791,-0.0332924857489,0.0165795442809,-0.0182306105346,-0.00482549142425,-0.000135412659528,-1.09477040517e-06,-1.48997020758,0.138122938905,0.0145184200543,-0.107326585784,-0.0674106662092,0.0307209690803,-1.45071198488,0.154702483186,-0.00371219048032,-0.112152077208,-0.0675460788687,0.0307198743099,-0.21987,0.16632,-0.19965,0.0088,-0.0816,0.0046
0.95,0.950011972,4.944,1,-0.233553168908,0.277865439707,-1.65015726228,-0.566018537547,0.413275276808,0.520619657076,-0.0759218224618,-0,-0.00349065850399,-0.00314159265359,-0.0115191730632,-0.00209439510239,-0.000625201645467,-0.010834069521,0.000254274889423,0.0057567444884,-0.00270802598492,0.0164695749916,-0.0327245094574,0.0165835285597,-0.0183019099448,-0.00477331604682,-0.000135108610454,-1.08144120449e-06,-1.23043691205,0.0316763880565,0.0813366756924,-0.0845582223912,-0.0054916204232,0.0328014345995,-1.42071198488,0.124702483186,0.0262878095197,-0.0971520772085,-0.0525460788687,0.0328003531583,-0.00504,0.18207,-0.11275,-0.0054,0.0194,-0.0136
0.951,0.951387826,11.375,1,-0.23362627268,0.277865839181,-1.65015706254,-0.566020934392,0.413277194284,0.520619657076,-0.0689405054538,-0,-0.000872664625997,-0.00209439510239,-0.00418879020479,0,-0.000628279672128,-0.0108365376807,0.000250622531749,0.00575880389859,-0.0027072711054,0.0165408826932,-0.0321556497958,0.0165871422593,-0.0183729048943,-0.00472098278616,-0.000134805879759,-1.06814185794e-06,-1.3332119258,0.0820557376272,0.0468819294411,-0.0977754058945,-0.0313976688237,0.0303407893034,-1.39071198488,0.0986428798865,0.0285090245469,-0.102496388681,-0.0375460788687,0.0303397211616,0.10143,0.22365,-0.08085,0.0006,0.0766,0.0028
0.952,0.952330963,11.897,1,-0.233686593279,0.277865439707,-1.65015826096,-0.566023331237,0.413273838701,0.520619896761,-0.0575958653158,-0,0.00174532925199,-0.00209439510239,0.00942477796077,0,-0.000631122950033,-0.0108470327595,0.000247584629622,0.00576047178209,-0.00271162649242,0.0166020411498,-0.0315845794103,0.0165909855882,-0.0184437075072,-0.00466844755201,-0.000134502183582,-1.05483907426e-06,-1.50452910957,0.150772165916,0.00429085283467,-0.110544625348,-0.0718336071258,0.030942914006,-1.42071198488,0.128642879887,-0.00149097545315,-0.1152130729,-0.0525460788687,0.0309418591669,-0.16695,0.14112,-0.1727,0.0034,-0.0684,-0.0082
0.953,0.952990453,5.086,1,-0.233757100469,0.277864840496,-1.6501600586,-0.566025248713,0.413270003749,0.520620136445,-0.0759218224618,-0,-0.00174532925199,-0.00209439510239,-0.00628318530718,0.0010471975512,-0.000633744513955,-0.0108510279936,0.000244673901662,0.00576159670884,-0.00271671676141,0.016673792282,-0.0310125060367,0.0165937327088,-0.0185141275149,-0.00461572687255,-0.000134193869736,-1.04135121238e-06,-1.23922950307,0.0636576937452,0.0531966862888,-0.0956003797206,-0.0163321431439,0.0291003611382,-1.39071198488,0.0986428798865,0.0285090245469,-0.100216106593,-0.0375460788687,0.029099319787,-0.08505,0.15687,-0.14795,-0.002,-0.018,0.0024
0.954,0.954167852,6.331,1,-0.233832401349,0.277864840496,-1.65016025833,-0.566027166189,0.413272640278,0.520620615814,-0.0724311639578,-0,-0.00261799387799,-0.00209439510239,-0.00837758040957,-0.0010471975512,-0.000636698320748,-0.0108522086879,0.000240802468097,0.00576274053785,-0.00271524135097,0.0167471060447,-0.0304388804497,0.016597018958,-0.0185845631688,-0.00456286076403,-0.000133879428754,-1.02784190251e-06,-1.28325363305,0.0546565958676,0.0660557876926,-0.0919816096676,-0.0169765081105,0.0310219566685,-1.36071198488,0.0712536148256,0.0474712245238,-0.0965444704316,-0.0225460788687,0.0310209288266,0.14175,0.19719,-0.06215,-0.005,0.0928,-0.011
0.955,0.955155092,5.388,1,-0.233892122736,0.277865040233,-1.65016125702,-0.566029083665,0.413272160909,0.520621095183,-0.0532325421858,-0,0.00174532925199,0,0.0115191730632,0,-0.000639754877869,-0.0108632482486,0.000237698553134,0.00576366141502,-0.0027173922732,0.016806394735,-0.0298638164004,0.0166003274215,-0.0186545444994,-0.00450980700011,-0.000133558404643,-1.01437440593e-06,-1.56800766105,0.166034013841,-0.00280102659103,-0.116356641889,-0.0819200379056,0.0290521431472,-1.39071198488,0.101253614826,0.0174712245238,-0.111544470432,-0.0375460788687,0.0290511287728,-0.11151,0.16695,-0.16885,0.0084,-0.05,-0.0026
0.956,0.956152752,6.302,1,-0.233957037288,0.27786523997,-1.65016305465,-0.566031001141,0.413267367219,0.520621095183,-0.0715584993318,-0,-0.000872664625997,-0.00209439510239,-0.00209439510239,0,-0.000642626752198,-0.0108707755004,0.000235345241543,0.00576484661214,-0.00272407838927,0.0168730303923,-0.0292884353916,0.0166013176205,-0.018723537808,-0.00445651005676,-0.000133235206668,-1.00104434761e-06,-1.30539702303,0.087753316768,0.0386437917944,-0.0996698396936,-0.0301931892203,0.0303629193881,-1.36071198488,0.104354634388,0.0199202539863,-0.10412634975,-0.030326424427,0.0303619183437,-0.18774,0.15183,-0.17545,0.0028,-0.06,0.0024
0.957,0.957173209,4.846,1,-0.234035134487,0.277866038919,-1.65016305465,-0.566032439248,0.413268805326,0.520621334868,-0.0794124809657,-0,-0.00261799387799,-0.00209439510239,-0.0136135681656,0,-0.000645788041476,-0.0108701015653,0.000231897331583,0.00576564601058,-0.00272413540728,0.0169499034892,-0.0287114893154,0.016603166619,-0.0187928371296,-0.00440311240343,-0.000132915611946,-9.87198729141e-07,-1.18425779337,0.0361998848347,0.0710174154073,-0.0906684581651,0.000495233066301,0.0299700139465,-1.33071198488,0.0743546343885,0.0499202539863,-0.0950715705685,-0.015326424427,0.0299690267478,0.16758,0.20349,-0.0671,-0.0048,0.0958,-0.006
0.958,0.95815723,5.804,1,-0.234100448512,0.277866837867,-1.65016265518,-0.566033637671,0.413270243433,0.520621334868,-0.0575958653158,-0,0.00174532925199,0,0.00837758040957,0.0010471975512,-0.000649184516227,-0.0108776251993,0.000228221901092,0.00576657344106,-0.0027237171355,0.0170140786691,-0.0281323601725,0.0166052820723,-0.0188619793311,-0.00434953669419,-0.000132585563856,-9.73561138492e-07,-1.50658637772,0.155337036048,-0.000485665787868,-0.116293400747,-0.0711216315596,0.0280075339392,-1.36071198488,0.104354634388,0.0199202539863,-0.110071570569,-0.030326424427,0.0280065603781,-0.01323,0.19719,-0.132,0.0082,0.002,0.001
0.959,0.959350027,11.31,1,-0.234162966219,0.277867237341,-1.65016365386,-0.566034836093,0.413264251321,0.520620615814,-0.0671951762018,-0,0.000872664625997,-0.0010471975512,0.00209439510239,0,-0.000652310792819,-0.0108866383355,0.000225604987025,0.00576794916709,-0.00273070507079,0.0170791684658,-0.0275522033313,0.0166046973332,-0.0189298601974,-0.00429563672814,-0.000132239495108,-9.60096197746e-07,-1.37057748651,0.121460928585,0.0148070520218,-0.108165021867,-0.0461941948816,0.0298065650309,-1.39071198488,0.134354634388,-0.00412280817559,-0.112460658595,-0.045326424427,0.0298056049347,-0.19215,0.19341,-0.18975,0.0012,-0.0832,0.0026
0.96,0.960325608,12.079,1,-0.234239465521,0.277867437078,-1.65016345413,-0.566035315462,0.413262333845,0.52062037613,-0.0776671517137,-0,-0.00261799387799,0,-0.0146607657168,-0.0010471975512,-0.000655467410313,-0.0108868928773,0.000221836700744,0.00576851061505,-0.00273268932422,0.0171564577736,-0.0269705172981,0.0166050201413,-0.0189980922704,-0.00424166021368,-0.000131897040144,-9.46325750769e-07,-1.20808932716,0.0412088015564,0.0683580652452,-0.0938922170966,-0.0014899173327,0.0291175198008,-1.36071198488,0.104354634388,0.0258771918244,-0.0981338773102,-0.030326424427,0.0291165734751,0.08883,0.18711,-0.077,-0.0048,0.0584,-0.0146
0.961,0.961331294,11.729,1,-0.234307575866,0.277867237341,-1.65016245544,-0.566035794831,0.413262573529,0.520620136445,-0.0610865238198,-0,0.000872664625997,0,-0,0,-0.000658776719863,-0.0108926375098,0.00021724071701,0.00576936508261,-0.00273161150275,0.0172242847871,-0.0263880324289,0.0166056513971,-0.0190660525844,-0.00418752844696,-0.000131561796835,-9.32592406661e-07,-1.4495423319,0.124790683407,0.0198266765284,-0.110699458305,-0.0529460346311,0.0288709554502,-1.39071198488,0.134354634388,0.000760623944002,-0.11313387731,-0.045326424427,0.0288700228578,0.03339,0.18585,-0.09845,0.0002,0.0376,-0.0088
0.962,0.9621679,5.954,1,-0.234370093573,0.27786663813,-1.65016345413,-0.566036513885,0.413255622679,0.520619657076,-0.0654498469498,-0,0.00174532925199,0,0.00523598775598,0,-0.000661742806536,-0.0109016931463,0.000213994685882,0.00577027917445,-0.00273835641131,0.0172900232797,-0.0258045975231,0.0166049226467,-0.0191333902881,-0.00413319004097,-0.000131216957179,-9.18931635618e-07,-1.39967266551,0.142745621957,-0.00150759754473,-0.114097459172,-0.0550954486789,0.029051339889,-1.42071198488,0.159350544603,-0.0206409878328,-0.118230649213,-0.0552266656361,0.0290504209574,-0.19908,0.13104,-0.2079,0.0038,-0.092,0.0044
0.963,0.963138081,4.789,1,-0.234445793927,0.27786663813,-1.65016365386,-0.566037472623,0.413251787727,0.520618938023,-0.0794124809657,-0,-0.00261799387799,0,-0.0136135681656,-0.0010471975512,-0.000664794828773,-0.0109024015461,0.000210491722753,0.0057717005018,-0.00274229726813,0.0173673052586,-0.0252189439486,0.0166044126371,-0.0192005255867,-0.0040786486796,-0.000130861628491,-9.05046334e-07,-1.18793172277,0.0441204365331,0.0634661591405,-0.0949697400889,-0.000176756877798,0.0291280854916,-1.39071198488,0.129350544603,0.00935901216716,-0.103230649213,-0.0402266656361,0.0291271804453,0.01386,0.19215,-0.0968,0.0024,0.0292,-0.006
0.964,0.964336942,11.921,0,-0.234518897699,0.277868036289,-1.6501622557,-0.566038191676,0.413253465518,0.520619177707,-0.0663225115758,-0,-0,-0.0010471975512,-0.00314159265359,0,-0.000668443957233,-0.0109049485489,0.000206584053011,0.00577202915499,-0.00274120372177,0.0174393188251,-0.0246324434064,0.0166035820476,-0.0192674015554,-0.00402397305559,-0.000130507621729,-8.91178785791e-07,-1.37649717731,0.10379753453,0.0306374840345,-0.106102006877,-0.0386036283324,0.0296407354752,-1.40112962072,0.120401116578,0.0113700824791,-0.110125979932,-0.0387341359541,0.0296398442965,0.0819,0.23814,-0.07095,-0.0006,0.075,-0.003
0.965,0.965135634,4.731,1,-0.234579218297,0.277868435763,-1.65016285492,-0.566038671045,0.413248671828,0.520619417392,-0.0584685299418,0.000872664625997,0.00349065850399,0,0.00942477796077,0.0010471975512,-0.000671741762288,-0.0109154939774,0.000203523442681,0.00577188965584,-0.00274660100427,0.0175018657563,-0.0240442734617,0.0166013349372,-0.0193336767661,-0.00396905488686,-0.00013014464318,-8.77371615189e-07,-1.49844570044,0.164019602628,-0.0136832917493,-0.120480852014,-0.0723227790262,0.0282184566133,-1.43112962072,0.150401116578,-0.0186299175209,-0.1244499069,-0.0537341359541,0.0282175792417,-0.1764,0.14616,-0.19965,0.005,-0.0858,0.0038
0.966,0.9661636,6.341,1,-0.234649725487,0.277868435763,-1.6501638536,-0.56603891073,0.413243638454,0.520619417392,-0.0759218224618,-0,-0.00174532925199,0,-0.010471975512,-0.0010471975512,-0.0006747890622,-0.0109195457416,0.00020038052569,0.00577175342391,-0.00275218704929,0.0175748018937,-0.0234545370959,0.0165992733484,-0.0193996420668,-0.00391392083802,-0.000129775239929,-8.63157610363e-07,-1.24035430206,0.0645070732556,0.0505933711731,-0.0994842588867,-0.0112836932294,0.0293249935034,-1.40112962072,0.120401116578,0.0113700824791,-0.1094499069,-0.0387341359541,0.0293241303458,-0.06993,0.14238,-0.1397,0.0032,-0.0036,-0.0146
0.967,0.967353629,11.83,1,-0.23472342847,0.277869034975,-1.65016285492,-0.566038671045,0.413246035299,0.520619417392,-0.0706858347058,-0,-0.000872664625997,0,-0.00733038285838,0,-0.000678276093595,-0.0109218502562,0.00019594267833,0.00577153880946,-0.00274988451651,0.0176473921606,-0.022863989662,0.016596939674,-0.0194653931509,-0.00385867699979,-0.000129407179042,-8.49395461589e-07,-1.31443672885,0.0852902520871,0.0399366914849,-0.104634006023,-0.025062915356,0.0284789863179,-1.37112962072,0.101887191761,0.020471298334,-0.108492683023,-0.0251923225351,0.0284781369224,0.1386,0.23499,-0.0682,0.002,0.093,-0.0164
0.968,0.968263837,11.398,1,-0.234785346966,0.277869634186,-1.65016285492,-0.566038671045,0.413244357507,0.520618938023,-0.0584685299418,0.000872664625997,0.00261799387799,0,0.0115191730632,0,-0.000681740635936,-0.0109315388938,0.000192357859775,0.00577178796465,-0.00275210403799,0.0177101457835,-0.022271928811,0.0165939640778,-0.01953066671,-0.00380324191283,-0.000129036099545,-8.35671280276e-07,-1.50372604346,0.163713773046,-0.0125141547664,-0.119530348916,-0.0732492627066,0.029076911767,-1.40112962072,0.131887191761,-0.00952870166602,-0.123333590828,-0.0401923225351,0.0290760760957,-0.13104,0.17829,-0.17875,0.005,-0.0512,-0.0006
0.969,0.969328289,11.688,1,-0.234854256259,0.277869234712,-1.65016325439,-0.566038671045,0.413239563818,0.52061821897,-0.0767944870878,-0,-0,0,-0.00314159265359,-0.0010471975512,-0.000684852153136,-0.0109366546686,0.000188603605016,0.00577237978676,-0.00275646112959,0.017781450952,-0.0216789372772,0.0165905533868,-0.0195955754591,-0.00374762356439,-0.000128652066283,-8.2154789581e-07,-1.24025018086,0.0998324118382,0.0187751038443,-0.106717078856,-0.0232056085039,0.0297013700031,-1.37112962072,0.116422965225,-0.00082047161477,-0.11046470242,-0.0251923225351,0.0297005484552,-0.17325,0.1701,-0.15565,-0.003,-0.047,0
0.97,0.970164777,6.184,1,-0.234933352143,0.277868835238,-1.65016205597,-0.566038671045,0.413241001924,0.520617979285,-0.0767944870878,-0.000872664625997,-0.00174532925199,0,-0.0125663706144,-0.0010471975512,-0.000688101498288,-0.0109355113764,0.000183535253564,0.00577287818595,-0.0027538896566,0.0178598322128,-0.0210843077963,0.0165866692678,-0.0196601563114,-0.00369178657025,-0.000128269923433,-8.0745941453e-07,-1.22763219578,0.073099256443,0.0442665891418,-0.101699979389,-0.00937865506999,0.0295161363029,-1.34112962072,0.0896859257108,0.0246064328304,-0.105391765959,-0.0101923225351,0.0295153288435,0.20097,0.20097,-0.05775,0.0022,0.0964,-0.0102
0.971,0.971119368,5.083,1,-0.234998066958,0.277868236026,-1.65016145676,-0.566039629783,0.413241001924,0.520617979285,-0.0575958653158,-0,0.00261799387799,0,0.00837758040957,0,-0.000691346327562,-0.0109435284722,0.000178864211868,0.00577393523171,-0.00275310921012,0.0179242158446,-0.0204873885512,0.0165823456131,-0.0197245166515,-0.00363574308866,-0.000127885589418,-7.93140992607e-07,-1.51235698626,0.170619418039,-0.015011936047,-0.121307995818,-0.0726202958709,0.0292779220621,-1.37112962072,0.119685925711,-0.0053935671696,-0.120391765959,-0.0251923225351,0.0292771289211,-0.05544,0.19341,-0.15345,0.014,-0.0146,-0.015
0.972,0.9719677,5.584,1,-0.235062582035,0.277867237341,-1.65016245544,-0.566040109152,0.413235249497,0.520617499916,-0.0689405054538,-0,-0,-0.0010471975512,0.0010471975512,0,-0.000694286576906,-0.0109514741986,0.000175134509554,0.00577472268209,-0.00275838331536,0.0179914383883,-0.0198904080777,0.0165771747044,-0.019788065117,-0.00357953473009,-0.000127487275848,-7.789338165e-07,-1.35243642785,0.117121983226,0.0159485966942,-0.109918669154,-0.0401183560034,0.0296460942583,-1.37232683593,0.13369915793,-0.00383946842277,-0.113498203884,-0.0401923225351,0.0296453153244,-0.23058,0.15624,-0.1947,0.003,-0.0742,0.0056
0.973,0.973148989,5.507,1,-0.235142476868,0.277867037604,-1.65016205597,-0.566039629783,0.413235009812,0.520617979285,-0.0820304748437,-0,-0.00261799387799,0,-0.0136135681656,0,-0.000697483490419,-0.0109497843692,0.000170624305353,0.0057738296588,-0.00275813243984,0.018071623265,-0.0192919206192,0.0165726056898,-0.0198516841696,-0.00352320436034,-0.00012709230218,-7.64917377684e-07,-1.15726389119,0.0475182620771,0.0563204381249,-0.0987769693834,0.00397788539412,0.0280833764304,-1.34232683593,0.10369915793,0.0261605315772,-0.102300173744,-0.0251923225351,0.028082611513,0.12348,0.19215,-0.0671,-0.0064,0.0742,-0.0088
0.974,0.974124799,6.035,1,-0.235211985372,0.277867636815,-1.65016105728,-0.566039390099,0.413236208235,0.520618698339,-0.0610865238198,-0,0.00174532925199,0.0010471975512,0.00418879020479,0,-0.000701065320952,-0.0109547668868,0.0001662277253,0.00577289465047,-0.00275684953557,0.0181406184077,-0.0186917744374,0.016567870901,-0.0199152555237,-0.0034667000483,-0.00012669944962,-7.50666382895e-07,-1.46105496834,0.153091084408,-0.0053757884006,-0.120017200404,-0.0603583120869,0.0281161039195,-1.37232683593,0.13369915793,-0.00383946842277,-0.117300173744,-0.0401923225351,0.0281153532532,-0.00567,0.21609,-0.11055,0.0046,0.025,-0.0062
0.975,0.975148016,4.344,1,-0.235274503079,0.277868635501,-1.6501622557,-0.566039390099,0.413230695491,0.520619177707,-0.0654498469498,0.00174532925199,0.00174532925199,0,0.00733038285838,0,-0.000704458067086,-0.0109639461573,0.000163730755477,0.00577179667329,-0.00276394059193,0.0182058848912,-0.018090736119,0.0165615185117,-0.019977968794,-0.00340996772,-0.000126296791557,-7.36522393334e-07,-1.40687147599,0.130979998704,0.00234863565579,-0.115456618125,-0.052999984609,0.0286815348871,-1.40232683593,0.147541517216,-0.0176293331382,-0.118866585845,-0.0531262814005,0.0286807983648,-0.22176,0.16128,-0.21395,0.0008,-0.1018,-0.0026
0.976,0.975999211,5.035,1,-0.235351401856,0.277869434449,-1.65016205597,-0.566039629783,0.413228778015,0.520618698339,-0.0811578102177,-0,-0.00261799387799,0,-0.0136135681656,-0.0010471975512,-0.000707843559505,-0.0109640481822,0.00016015532933,0.00577224031627,-0.00276646334743,0.0182836565019,-0.0174874801379,0.016555386303,-0.0200404793048,-0.00335303165751,-0.000125883613091,-7.22156455076e-07,-1.17007971165,0.0500364446972,0.0551298970884,-0.0989148346706,0.00278557401978,0.0291243686011,-1.37232683593,0.117541517216,0.0123706668618,-0.103866585845,-0.0381262814005,0.0291236464447,0.05481,0.19341,-0.09075,0.0012,0.0488,-0.0032
0.977,0.977147267,4.678,1,-0.235423307205,0.277869833923,-1.65016065781,-0.566039869468,0.413231654229,0.520617979285,-0.0645771823238,-0,-0,0,-0,-0.0010471975512,-0.000711410242457,-0.0109675813659,0.000155329708512,0.00577332424563,-0.00276326311671,0.0183540421278,-0.0168833592452,0.0165485732925,-0.0201023996759,-0.00329589136406,-0.000125466753484,-7.07647810793e-07,-1.41016106522,0.123478504391,0.0157480936715,-0.11258007952,-0.0454771040118,0.0297388085073,-1.40232683593,0.140027077684,-0.00435430600437,-0.115875970884,-0.0456025707653,0.0297381008595,0.12852,0.21042,-0.0803,-0.0004,0.0642,-0.012
0.978,0.978382813,11.711,1,-0.235482029907,0.277869434449,-1.65016105728,-0.566040109152,0.413228058962,0.520617260232,-0.0593411945678,-0,0.00261799387799,0,0.0115191730632,0,-0.000714697283692,-0.0109793425769,0.000151414495773,0.00577415629047,-0.00276660287045,0.0184144772081,-0.0162783295747,0.0165404560957,-0.0201637471011,-0.00323856813539,-0.000125045072472,-6.93200298453e-07,-1.49688495024,0.181290718932,-0.0264813270753,-0.124522602507,-0.0739878514656,0.029273580892,-1.43232683593,0.170027077684,-0.0343543060044,-0.127761170643,-0.0606025707653,0.0292728876917,-0.23751,0.15813,-0.20185,0.0028,-0.0876,0.001
0.979,0.979055134,4.858,1,-0.235554933942,0.277869034975,-1.65016125702,-0.566040348837,0.413224703379,0.520617020547,-0.0794124809657,-0.000872664625997,-0.00261799387799,0,-0.010471975512,0,-0.000717840123243,-0.010982021417,0.000147375006976,0.00577453507751,-0.00276957722662,0.0184889752571,-0.0156710697218,0.016532878611,-0.0202251818806,-0.00318108658611,-0.000124622585029,-6.78932298285e-07,-1.20046993398,0.073707865143,0.0406845260303,-0.104217361698,-0.00624949827305,0.0282811224777,-1.40232683593,0.140027077684,-0.00435430600437,-0.112761170643,-0.0456025707653,0.0282804435454,-0.04158,0.20475,-0.11495,-0.0042,0.003,-0.0086
0.98,0.980148973,4.588,1,-0.235629835347,0.277868635501,-1.65015965912,-0.566040109152,0.413227819277,0.520617020547,-0.0689405054538,-0,-0,0,-0.00628318530718,0,-0.000721279762805,-0.0109837056175,0.000141845029063,0.00577468429375,-0.00276509901132,0.0185624080577,-0.0150629642781,0.0165249820549,-0.0202863568079,-0.0031234702123,-0.000124201416646,-6.6468515217e-07,-1.3438851732,0.105108396428,0.024099298722,-0.111408495316,-0.0306026917928,0.0286865021144,-1.37232683593,0.121633378483,0.00381294191405,-0.114531965528,-0.0307268932095,0.0286858374293,0.15435,0.19719,-0.0627,0.003,0.0874,-0.018
0.981,0.981146395,4.858,1,-0.23568855805,0.277868036289,-1.65015985886,-0.566040348837,0.41322638117,0.520617260232,-0.0549778714378,-0,0.00261799387799,0,0.0125663706144,0.0010471975512,-0.00072457961107,-0.0109955957476,0.000137490588724,0.00577466114389,-0.00276617285642,0.0186217672461,-0.0144540028992,0.0165160794427,-0.0203466463198,-0.00306560395301,-0.000123762113163,-6.49895788254e-07,-1.5580185455,0.18962967185,-0.0273830292841,-0.127637925543,-0.0819347671941,0.0282408012904,-1.40232683593,0.151633378483,-0.0261870580859,-0.129531965528,-0.0457268932095,0.0282401513946,-0.2205,0.18018,-0.1881,0.0052,-0.064,-0.0028
0.982,0.982159596,5.838,1,-0.235758066554,0.277867237341,-1.65016125702,-0.566040109152,0.413222306534,0.520617260232,-0.0776671517137,-0,-0.00174532925199,0,-0.00523598775598,0,-0.000727539635219,-0.0110005044625,0.00013373677965,0.00577418225654,-0.00277043674994,0.0186933948126,-0.0138428158785,0.0165077229869,-0.0204070280099,-0.00300757943559,-0.00012332673939,-6.35510122328e-07,-1.23192622182,0.0861609830665,0.0296596412727,-0.107497503136,-0.0153357686401,0.0282840797898,-1.37232683593,0.121633378483,0.00381294191405,-0.114531965528,-0.0307268932095,0.0282834442797,-0.09891,0.16254,-0.1518,0.0004,-0.028,-0.0004
0.983,0.983148085,4.267,1,-0.235837362175,0.277867437078,-1.65016045807,-0.566040348837,0.41322422401,0.520617260232,-0.0759218224618,-0,-0.00174532925199,-0.0010471975512,-0.0115191730632,-0.0010471975512,-0.000730909970171,-0.0109993092657,0.000129096569595,0.00577444044203,-0.00276847102909,0.0187716500845,-0.0132307877018,0.0164990538189,-0.0204671547701,-0.00294941982129,-0.00012289743075,-6.20921418915e-07,-1.24513888083,0.0700190662131,0.0449018527506,-0.103038606042,-0.00916816186622,0.0302965287972,-1.34232683593,0.091633378483,0.0244346979806,-0.105988025863,-0.0157268932095,0.0302959078758,0.20223,0.20475,-0.0638,-0.0052,0.0972,-0.0204
0.984,0.984148588,4.874,1,-0.235898881197,0.277867836552,-1.65016065781,-0.566040828206,0.413223265272,0.520617020547,-0.0549778714378,-0,0.00261799387799,0,0.010471975512,0,-0.000734386260747,-0.0110093876148,0.000125328229175,0.00577489191524,-0.00277016612693,0.0188334774787,-0.012617064431,0.0164885961042,-0.020526339822,-0.00289094716733,-0.000122444662269,-6.06011250619e-07,-1.55585544212,0.18618875577,-0.0250320016384,-0.126843982403,-0.0790811369098,0.0292889639624,-1.37232683593,0.121633378483,-0.00556530201945,-0.120988025863,-0.0307268932095,0.0292883579512,-0.12159,0.18396,-0.165,0.008,-0.044,-0.0052
0.985,0.98513641,4.785,1,-0.235965992856,0.277867836552,-1.65016185623,-0.566041307575,0.413217512844,0.520616541178,-0.0767944870878,-0,-0,0,-0.0010471975512,0,-0.000737550463389,-0.0110156913475,0.000122196209784,0.00577540500947,-0.00277661479078,0.0189032932059,-0.0120018083988,0.0164778049185,-0.0205853268544,-0.00283232807716,-0.000121989098347,-5.91544306227e-07,-1.24985353918,0.114772170392,0.00545564964799,-0.113770761504,-0.0256652883217,0.028668003721,-1.34232683593,0.131249975311,-0.0151296772064,-0.116603089581,-0.02578727742,0.0286674121767,-0.23814,0.17577,-0.1892,0.0146,-0.0606,0.0004
0.986,0.986167819,5.038,1,-0.236049083482,0.277867636815,-1.65016105728,-0.566041307575,0.413218711266,0.520616301494,-0.0837758040957,-0,-0.00261799387799,-0.00209439510239,-0.0136135681656,0,-0.000740817316281,-0.0110120611556,0.000117312174823,0.00577576285262,-0.00277484647559,0.0189857877373,-0.0113857605425,0.0164664299557,-0.0206438136508,-0.00277355289677,-0.000121529914468,-5.76907947676e-07,-1.13845111164,0.049341658138,0.0519359857933,-0.099392107453,0.00771700287783,0.0300052795038,-1.31232683593,0.101249975311,0.0148703227936,-0.10216566035,-0.01078727742,0.0300047025959,0.16632,0.18774,-0.0484,-0.0098,0.0994,-0.0028
0.987,0.987148021,5.071,1,-0.236118791724,0.277867437078,-1.65016025833,-0.56604106789,0.413219670004,0.520616301494,-0.0602138591938,-0,0.00261799387799,0,0.00837758040957,0,-0.000744279518255,-0.0110170072001,0.000112409638274,0.0057756798334,-0.00277319429283,0.0190551033711,-0.0107688946892,0.0164556730219,-0.0207023084809,-0.0027146667357,-0.000121078171673,-5.62267653062e-07,-1.48296784872,0.177988579094,-0.0260552560355,-0.126146257814,-0.0682828628333,0.0292785374112,-1.34232683593,0.131249975311,-0.0151296772064,-0.11716566035,-0.02578727742,0.0292779751436,0.0063,0.19467,-0.1287,0.0064,0.0038,-0.0128
0.988,0.98814744,4.391,1,-0.236184904698,0.277867037604,-1.65016145676,-0.566041307575,0.413212958838,0.520616061809,-0.0724311639578,-0,0.000872664625997,0,0.00418879020479,0.0010471975512,-0.000747404378287,-0.0110239352804,0.000109055174889,0.00577581720446,-0.0027800291516,0.0191244850684,-0.0101498017152,0.0164447880649,-0.0207602796464,-0.00265550703803,-0.000120620387206,-5.47468103137e-07,-1.31549093036,0.141430264144,-0.0112630282125,-0.120231424199,-0.0407741588389,0.0278224720251,-1.32564073207,0.157875052209,-0.0320233078588,-0.122886931237,-0.04078727742,0.027821924557,-0.27657,0.2142,-0.20295,0.007,-0.1032,-0.0004
0.989,0.990166916,6.393,1,-0.236342497255,0.27786663813,-1.65016085755,-0.566040828206,0.413214157261,0.520617020547,-0.0645771823238,-0,0.000872664625997,0,0.00314159265359,0.0010471975512,-0.000749643161122,-0.010972576748,0.00010405011792,0.00577443618301,-0.00277836357303,0.0192816494788,-0.00952898958977,0.016431852983,-0.0208176563587,-0.00259612464032,-0.000120142996932,-5.32490613585e-07,-1.41136011301,0.145843349585,-0.00491262699886,-0.121312090478,-0.0503954644339,0.0278371027255,-1.35564073207,0.162275202568,-0.0257302833576,-0.123908215118,-0.0505156074308,0.0278365702349,0.10143,0.18522,-0.11,0.003,0.0474,-0.0078
0.99,0.991154805,4.747,1,-0.23640581391,0.277866438393,-1.65016165649,-0.566041307575,0.413208165148,0.520617020547,-0.0654498469498,-0,0.00261799387799,0,0.00837758040957,0,-0.00075290598666,-0.0109813076265,0.000100582656195,0.00577460584224,-0.002784421197,0.0193477928048,-0.00890811953266,0.0164196471992,-0.0208750691412,-0.00253669166119,-0.000119677215621,-5.17731612034e-07,-1.40727258831,0.174714922347,-0.0314700426738,-0.126103236701,-0.0595656036475,0.0292582417438,-1.38564073207,0.191134569546,-0.052345111815,-0.128639928363,-0.0596852808631,0.0292577240121,-0.26712,0.1575,-0.209,0.011,-0.1124,-0.01
0.991,0.992163913,5.042,1,-0.236486707428,0.277866837867,-1.65016145676,-0.56604106789,0.413205288934,0.520617020547,-0.0898844564777,-0,-0.00261799387799,0,-0.0167551608191,0,-0.000756262078154,-0.0109788846123,9.66424439162e-05,0.00577420806975,-0.00278728983553,0.0194302058991,-0.0082850129491,0.0164060635377,-0.0209314045582,-0.00247691598571,-0.000119194317088,-5.02887325333e-07,-1.04642262669,0.0427682747623,0.0468422902346,-0.102008963538,0.0212268698934,0.0280617884327,-1.35564073207,0.161134569546,-0.022345111815,-0.113639928363,-0.0446852808631,0.0280612855454,-0.00252,0.19782,-0.1023,-0.0032,0.05,-0.0076
0.992,0.993150069,4.729,0,-0.236565403838,0.277867636815,-1.65015905991,-0.56604106789,0.413207685779,0.520617020547,-0.0706858347058,-0,-0,0,-0.00209439510239,0,-0.000760073901369,-0.0109780354881,9.14751989609e-05,0.00577447681296,-0.00278388483856,0.0195077089012,-0.00766031748825,0.0163924059099,-0.0209877769182,-0.00241701383856,-0.000118708827286,-4.87783887065e-07,-1.32231474292,0.121197682675,0.00698962342772,-0.116509920708,-0.0322902719004,0.0286795989183,-1.32997506041,0.137590088585,-0.0139981534905,-0.118926934546,-0.0324089807277,0.0286791111344,0.17829,0.21924,-0.06545,0.0044,0.0774,-0.016
0.993,0.994161387,5.839,1,-0.23662692286,0.277867437078,-1.6501584607,-0.566041307575,0.41320241272,0.520616061809,-0.0602138591938,-0,0.00523598775598,0,0.0115191730632,0,-0.000763612580484,-0.0109879131956,8.72309546195e-05,0.00577570776322,-0.00278791077305,0.0195717818847,-0.00703485376038,0.0163790955455,-0.0210439118653,-0.00235697983455,-0.000118221093363,-4.72934486942e-07,-1.47993947001,0.212183195996,-0.0581758045119,-0.134492494741,-0.0767627031575,0.0298416348851,-1.35997506041,0.167590088585,-0.0439981534905,-0.133926934546,-0.0474089807277,0.0298411619506,-0.27279,0.15687,-0.2178,0.0108,-0.1078,0.0052
0.994,0.995153079,5.131,1,-0.236704620584,0.277867037604,-1.65015866044,-0.566041547259,0.41319761903,0.52061558244,-0.0881391272257,-0,-0.00174532925199,0,-0.0125663706144,-0.0010471975512,-0.000766771192856,-0.0109874841636,8.31834789368e-05,0.00577630651455,-0.00279214718399,0.0196517918951,-0.00640776393238,0.0163644252021,-0.0210994949084,-0.00229672637232,-0.000117729158499,-4.58137074004e-07,-1.07552042511,0.064871168559,0.0300345971103,-0.105718107216,0.0114431948755,0.0293118077604,-1.32997506041,0.137590088585,-0.0139981534905,-0.118926934546,-0.0324089807277,0.0293113496234,-0.08694,0.16506,-0.1353,0.0008,0.0056,-0.0132
0.995,0.995956922,5.982,1,-0.236789309107,0.277867437078,-1.6501568628,-0.56604106789,0.413200734929,0.520615342756,-0.0785398163397,-0,-0.000872664625997,0,-0.00733038285838,0,-0.000770367536495,-0.010982887488,7.78933433453e-05,0.0057763302333,-0.00278823341776,0.0197350938364,-0.00577909162705,0.0163490185946,-0.0211545089999,-0.00223623192232,-0.000117234166877,-4.42964238355e-07,-1.20985329983,0.0949310068789,0.0178565298352,-0.112392099881,-0.0115709515995,0.0284792328029,-1.29997506041,0.111280025474,-0.00329797916473,-0.114628331804,-0.0174089807277,0.0284787898387,0.22239,0.2331,-0.0495,-0.002,0.102,-0.0104
0.996,0.997018313,5.836,1,-0.236855022607,0.277867237341,-1.6501568628,-0.566041307575,0.413198098399,0.520615822125,-0.0602138591938,-0,0.00349065850399,0,0.0125663706144,0,-0.000773775923575,-0.0109902369373,7.36664106721e-05,0.00577600225693,-0.00279055691891,0.0198020428312,-0.00514892779707,0.0163338965696,-0.0212093024875,-0.00217556913261,-0.000116732785476,-4.27810040143e-07,-1.48189437217,0.201420582694,-0.0476796093254,-0.132319522928,-0.0743351996871,0.0294671302494,-1.32997506041,0.141280025474,-0.0332979791647,-0.129628331804,-0.0324089807277,0.0294667024394,-0.15309,0.17892,-0.187,0.0076,-0.0728,-0.0118
0.997,0.998166333,5.707,1,-0.236929724276,0.27786663813,-1.6501584607,-0.566041547259,0.413191387233,0.52061558244,-0.0846484687217,-0,-0.000872664625997,0,-0.00628318530718,0,-0.000776727734039,-0.0109916918876,7.02933562244e-05,0.00577608002044,-0.00279761155569,0.0198800122532,-0.00451867637812,0.0163185614342,-0.0212638584909,-0.0021148314728,-0.000116232177626,-4.12678610506e-07,-1.13038971166,0.0933838930367,0.010599797469,-0.112416479209,-0.00365108967202,0.0284605442343,-1.29997506041,0.111280025474,-0.0106640610218,-0.114628331804,-0.0174089807277,0.0284601315557,-0.23688,0.16632,-0.1793,0.0026,-0.0526,-0.0072
0.998,0.999149982,4.436,1,-0.237018807014,0.27786663813,-1.65015826096,-0.566041547259,0.413193065025,0.52061558244,-0.0846484687217,-0,-0.00349065850399,0,-0.0136135681656,0,-0.000779915790671,-0.0109842703514,6.56641772547e-05,0.00577601400298,-0.00279622170264,0.0199682566831,-0.00388611520165,0.0163024210179,-0.0213178573577,-0.00205381673846,-0.000115719622587,-3.97384728093e-07,-1.11972919297,0.051980793485,0.0467474733805,-0.10455680797,0.0115766729178,0.0278965896793,-1.26997506041,0.0812800254735,0.0193359389782,-0.106610624708,-0.00240898072768,0.0278961922945,0.25326,0.18585,-0.05335,0.005,0.112,-0.0092
0.999,0.999963275,4.705,1,-0.237085918673,0.277867037604,-1.65015826096,-0.566041786944,0.413192345971,0.52061558244,-0.0584685299418,-0,0.00261799387799,0,0.010471975512,0,-0.000783447460474,-0.0109907919277,6.1614446927e-05,0.0057760444683,-0.00279747783704,0.0200356421632,-0.00325192450999,0.0162849148905,-0.0213712989549,-0.00199258255679,-0.000115198127614,-3.82368270176e-07,-1.50152893574,0.191460539972,-0.0367108969973,-0.130940551673,-0.0720885788295,0.0292838174041,-1.29997506041,0.111280025474,-0.0106640610218,-0.121610624708,-0.0174089807277,0.0292834350358,-0.07812,0.18648,-0.16225,-0.002,-0.0262,-0.0056
1,1.001142266,4.837,1,-0.237152231385,0.277867437078,-1.6501600586,-0.566041786944,0.413183717329,0.520615103071,-0.0741764932098,-0,-0,0.0010471975512,-0,-0.0010471975512,-0.000786716895077,-0.0109974868983,5.90743732107e-05,0.00577586767802,-0.0028072878803,0.0201062611294,-0.0027783549434,0.0162733941032,-0.0214114926419,-0.00194624743656,-0.000114814272174,-3.71072603662e-07,-1.2787090126,0.130424917724,-0.00658784245499,-0.119984658393,-0.0296109948003,0.0287635517266,-1.28148736755,0.141280025474,-0.0279993350969,-0.12193090583,-0.0297258090725,0.028763180654,-0.28539,0.15876,-0.20955,0.0142,-0.094,-0.014
1.001,1.002155317,6.237,1,-0.237240515175,0.277868036289,-1.65015905991,-0.566041307575,0.41318323796,0.520615103071,-0.0925024503557,-0,-0.00261799387799,0,-0.0188495559215,0,-0.000790202850784,-0.0109904145336,5.4552062517e-05,0.00577539224882,-0.00280746884588,0.0201949520833,-0.00262586665274,0.0162738213077,-0.0214264011836,-0.00192992588256,-0.000114719500568,-3.67036083202e-07,-1.00617694163,0.0406591068594,0.0433225777826,-0.103930378221,0.0287921047928,0.0280589276785,-1.25148736755,0.111280025474,0.0020006649031,-0.10693090583,-0.0147258090725,0.0280585606425,0.15372,0.20601,-0.05885,-0.003,0.1002,-0.0048
1.002,1.003146805,4.729,1,-0.237315017106,0.277868635501,-1.65015706254,-0.566040828206,0.413184196698,0.520615103071,-0.0645771823238,-0,0.00349065850399,0,0.00628318530718,0,-0.000794044679835,-0.010992212653,4.94242708962e-05,0.00577517462283,-0.00280539074404,0.0202691468871,-0.00263376519523,0.0162783238844,-0.021428118776,-0.00192852094617,-0.000114748555186,-3.66709881894e-07,-1.41218218083,0.184476364918,-0.0412774290095,-0.131027791163,-0.058846809063,0.0294501710007,-1.28148736755,0.141280025474,-0.0279993350969,-0.12193090583,-0.0297258090725,0.0294498042908,0.0441,0.19152,-0.1056,-0.004,0.0208,-0.0132
1.003,1.004151705,4.409,1,-0.237380530869,0.277867836552,-1.65015786149,-0.566040828206,0.413176047426,0.520615342756,-0.0671951762018,-0,0.00261799387799,0,0.00523598775598,0.0010471975512,-0.000797252155356,-0.0109994627803,4.55971423732e-05,0.00577477728504,-0.00281263544459,0.0203387341517,-0.00264179538371,0.0162832335053,-0.0214296273418,-0.00192709892672,-0.000114773848829,-3.66648240468e-07,-1.37684220612,0.172145708034,-0.0338603203403,-0.129696764441,-0.051704955196,0.0282053956135,-1.31148736755,0.171280025474,-0.0552899476822,-0.131623863368,-0.0447258090725,0.0282050289653,-0.28476,0.14742,-0.22385,0.011,-0.112,-0.0014
1.004,1.005154945,4.36,1,-0.237463421758,0.277867836552,-1.65015786149,-0.566040588521,0.413173890265,0.520615342756,-0.0872664625997,-0,-0.00436332312999,0,-0.0167551608191,-0.0010471975512,-0.000800531493809,-0.0109958173089,4.13207072504e-05,0.00577442457267,-0.00281469249062,0.0204227871743,-0.00265139026659,0.0162896638732,-0.0214317941526,-0.00192589158208,-0.000114818600404,-3.66720344402e-07,-1.0798537693,0.0373524306013,0.0550037432486,-0.102066590455,0.02196340802,0.0287392939749,-1.28148736755,0.141280025474,-0.0252899476822,-0.116623863368,-0.0297258090725,0.0287389272545,0.02394,0.21294,-0.08195,0.0034,0.0618,-0.012
1.005,1.006163019,7.546,1,-0.237541718694,0.277868036289,-1.65015666307,-0.566039629783,0.413176766479,0.520615342756,-0.0689405054538,-0,-0,0,-0,0,-0.000804156482444,-0.0109953406522,3.60579980757e-05,0.00577368805516,-0.00281125499251,0.0204999839653,-0.00265944168085,0.0162949420661,-0.0214336447868,-0.00192453938279,-0.000114853636923,-3.66376477244e-07,-1.34609273589,0.135538794629,-0.00406040086984,-0.121748200776,-0.0365838574317,0.0286787260228,-1.31148736755,0.151833736696,-0.0254940456566,-0.123672740159,-0.0366987110686,0.0286783596463,0.16758,0.19719,-0.07205,-0.0054,0.0782,-0.0058
1.006,1.007150634,5.181,1,-0.237604436138,0.277867636815,-1.65015826096,-0.566039390099,0.413170774367,0.520615103071,-0.0619591884458,-0,0.00261799387799,0,0.0115191730632,0,-0.000807393255574,-0.0110045070963,3.26043119639e-05,0.00577330188745,-0.00281774487532,0.0205657766959,-0.00266747248276,0.0162998592675,-0.0214351683132,-0.00192311845433,-0.000114883703642,-3.66096013422e-07,-1.45561165867,0.194988898839,-0.0453079741571,-0.132996833287,-0.0676438043576,0.0292593489974,-1.34148736755,0.181833736696,-0.0554940456566,-0.134919951741,-0.0516987110686,0.0292589829014,-0.27342,0.15309,-0.2288,0.0038,-0.123,-0.0022
1.007,1.008154337,4.826,1,-0.237683132548,0.277867237341,-1.6501600586,-0.566039390099,0.413165980677,0.520615342756,-0.0863937979737,-0,-0.00436332312999,0,-0.0146607657168,0,-0.000810365349364,-0.011003492054,2.91590281669e-05,0.00577259697781,-0.00282348327586,0.0206468649828,-0.00267624104474,0.0163051950882,-0.0214370036542,-0.00192180361946,-0.000114918175652,-3.65992596539e-07,-1.09447920349,0.0449764845499,0.0498039494751,-0.104928472789,0.0181131321165,0.0276846770893,-1.31148736755,0.151833736696,-0.0254940456566,-0.119919951741,-0.0366987110686,0.0276843110967,-0.03654,0.17514,-0.132,-0.0022,0.0108,-0.0022
1.008,1.009141691,4.214,1,-0.237763626592,0.277867836552,-1.65015886017,-0.566039869468,0.413169815629,0.520615822125,-0.0724311639578,-0,-0.000872664625997,0,-0.00733038285838,0,-0.00081397777979,-0.0110015953152,2.42188334236e-05,0.00577261047078,-0.00281990781432,0.02072527689,-0.00268506168883,0.0163102660679,-0.0214386018928,-0.00192046843538,-0.000114947729243,-3.65923795828e-07,-1.28875492584,0.107418967467,0.0142094813415,-0.117494742227,-0.0196139869978,0.0284752418058,-1.29143998753,0.123729233534,-0.00722912055134,-0.119415210662,-0.0216987110686,0.0284748758821,0.22554,0.20097,-0.0495,0.005,0.1156,-0.0104
1.009,1.010168424,5.545,1,-0.237823547716,0.277868236026,-1.65015925965,-0.566040828206,0.413166939415,0.520615822125,-0.0549778714378,-0,0.00436332312999,0,0.0157079632679,0.0010471975512,-0.000817563080331,-0.0110125963427,2.0554470493e-05,0.00577319783641,-0.0028235523679,0.0207862984865,-0.00269312538184,0.0163152326964,-0.0214401803734,-0.00191907297233,-0.000114977849544,-3.65634517685e-07,-1.55376753807,0.228666469318,-0.0653192990846,-0.141218915699,-0.0870386991687,0.0286064184687,-1.32143998753,0.153729233534,-0.0372291205513,-0.134415210662,-0.0366987110686,0.0286060528342,-0.23184,0.19215,-0.198,0.0076,-0.095,0.0018
1.01,1.011115401,4.696,1,-0.237896851225,0.277868236026,-1.65016065781,-0.566041547259,0.413161186987,0.52061558244,-0.0829031394697,-0,-0.000872664625997,0,-0.00733038285838,0,-0.00082073187486,-0.0110149307747,1.73240607625e-05,0.00577362890728,-0.00283026121177,0.0208622215542,-0.00270117511583,0.0163205194125,-0.0214420524174,-0.00191772286678,-0.000115017674458,-3.65299605118e-07,-1.15009950513,0.0992707092157,0.00628483019677,-0.116382320046,-0.00379886188115,0.0284506116866,-1.29143998753,0.123729233534,-0.0151572222206,-0.119415210662,-0.0216987110686,0.028450246387,-0.1701,0.15813,-0.1683,0.0104,-0.0466,-0.0072
1.011,1.012171892,4.701,1,-0.237983537119,0.277868236026,-1.65015985886,-0.566041547259,0.413165021939,0.52061558244,-0.0820304748437,-0.000872664625997,-0.00261799387799,0,-0.0136135681656,0,-0.000824110486334,-0.0110091170587,1.21069789357e-05,0.00577371888619,-0.00282641161098,0.0209469927162,-0.00271005517748,0.0163265768889,-0.0214439739718,-0.0019164370478,-0.000115053379026,-3.65195336669e-07,-1.15304300583,0.0814105899246,0.0258749888486,-0.112707343157,0.00463728824518,0.0282659045546,-1.26143998753,0.0977371668134,0.0044310148768,-0.114623780204,-0.00669871106863,0.0282655393593,0.26397,0.21861,-0.04565,0.0026,0.1332,-0.0048
1.012,1.013162656,5.168,1,-0.238049250619,0.277868036289,-1.65015965912,-0.566041547259,0.413165501308,0.520615342756,-0.0558505360638,-0,0.00349065850399,0,0.0157079632679,0,-0.000827657551993,-0.0110166057745,7.33687145271e-06,0.00577396049047,-0.00282579982559,0.0210124673752,-0.00271815189368,0.016331592932,-0.0214456071456,-0.00191506742389,-0.00011508355149,-3.65345271456e-07,-1.5420749072,0.222259886561,-0.0607242545786,-0.139297989879,-0.083716566924,0.0294670193615,-1.29143998753,0.127737166813,-0.0255689851232,-0.129623780204,-0.0216987110686,0.0294666540162,-0.06552,0.18459,-0.16005,0.0038,-0.0424,-0.0012
1.013,1.014174604,5.598,0,-0.238114764382,0.277867237341,-1.65016165649,-0.566041547259,0.413159269511,0.520615342756,-0.0750491578358,-0,-0,0,-0,0,-0.000830736050311,-0.0110239864369,3.81116765502e-06,0.0057735453503,-0.00283255403802,0.0210810922336,-0.00272624746211,0.0163366094903,-0.0214472436639,-0.00191369779036,-0.000115113734728,-3.65049094865e-07,-1.26532994731,0.13465979352,-0.0126584514841,-0.123269240716,-0.0269257539424,0.0286597310184,-1.26805619477,0.150996403011,-0.034105695148,-0.125182938507,-0.0270408676771,0.0286593659693,-0.32382,0.14805,-0.20075,0.0022,-0.091,0.0004
1.014,1.015155152,4.398,1,-0.238201050801,0.277867037604,-1.65016185623,-0.566041307575,0.413160467933,0.520615822125,-0.0881391272257,-0,-0.00436332312999,0,-0.0178023583703,-0.0010471975512,-0.000833946039424,-0.0110183412264,-8.84899644116e-07,0.00577273545418,-0.00283171003399,0.0211668641817,-0.00273437840388,0.0163416745779,-0.0214489283774,-0.00191235274498,-0.000115143952336,-3.64740465632e-07,-1.06573945122,0.0395993315415,0.0505768128195,-0.104701686695,0.0253622519253,0.0287271618771,-1.23805619477,0.120996403011,-0.00410569514802,-0.110182938507,-0.0120408676771,0.0287267971367,0.19908,0.19971,-0.05115,-0.0034,0.108,-0.0206
1.015,1.016156842,4.712,1,-0.238270159831,0.277867237341,-1.65016145676,-0.566042026628,0.413162625094,0.520616541178,-0.0575958653158,-0,0.00174532925199,0,0.00837758040957,0.0010471975512,-0.000837536648635,-0.0110236900553,-5.58203652379e-06,0.00577264042531,-0.00282999128942,0.0212346448213,-0.00274319557022,0.0163467546664,-0.0214505543496,-0.00191102082142,-0.000115178329429,-3.64908348756e-07,-1.50871368549,0.187953843527,-0.0339012876451,-0.134548053762,-0.0676385423038,0.0280323700839,-1.26805619477,0.150996403011,-0.034105695148,-0.125182938507,-0.0270408676771,0.0280320051755,0.04914,0.18333,-0.11715,0.0024,0.0142,-0.0122
1.016,1.01715435,4.389,1,-0.238329282007,0.277867437078,-1.65016365386,-0.566042985366,0.413156153612,0.520616541178,-0.0637045176978,-0,0.000872664625997,0,0.00628318530718,0,-0.00084084692674,-0.0110350843225,-8.27078319354e-06,0.00577283578106,-0.00283830335608,0.0212966601255,-0.00275128791806,0.0163517724382,-0.0214522006207,-0.00190965245625,-0.000115208545766,-3.64617886639e-07,-1.42581954119,0.170193979975,-0.0269755837249,-0.130296066936,-0.0539038648112,0.0288752036653,-1.29805619477,0.180996403011,-0.0484277843456,-0.132205719392,-0.0420408676771,0.0288748390474,-0.35091,0.15561,-0.22495,0.0156,-0.1186,-0.0012
1.017,1.017964736,5.057,1,-0.238412572371,0.277868236026,-1.65016425308,-0.566042985366,0.413155674243,0.520616301494,-0.0907571211037,-0,-0.00523598775598,0,-0.0178023583703,-0.0010471975512,-0.000844243606652,-0.0110312274208,-1.19993263255e-05,0.00577263802503,-0.00284032437284,0.0213801853934,-0.00275945216246,0.0163568868215,-0.0214539399333,-0.0019083328307,-0.000115238820722,-3.64300532089e-07,-1.03196799227,0.0312175097026,0.0545200796472,-0.103424145935,0.0312484677444,0.0285307984482,-1.26805619477,0.150996403011,-0.0184277843456,-0.117205719392,-0.0270408676771,0.0285304341477,0.08316,0.21609,-0.0671,0.0044,0.0738,-0.0116
1.018,1.019131288,5.089,1,-0.238489670884,0.277868635501,-1.65016325439,-0.566042505997,0.413159269511,0.520616061809,-0.0689405054538,-0,-0,0,0.00209439510239,0,-0.000847936612332,-0.0110315222863,-1.71610167878e-05,0.00577249898455,-0.00283675080843,0.0214556538857,-0.00276831955702,0.0163617026485,-0.0214553351647,-0.00190698149376,-0.00011526831284,-3.64506984354e-07,-1.34901013225,0.148243202173,-0.0159281182849,-0.126668790746,-0.0384933858501,0.0286712149129,-1.29805619477,0.164604904821,-0.0373834534496,-0.12857577224,-0.0386086541629,0.0286708504059,0.18018,0.19026,-0.0693,0.0012,0.0712,-0.0094
1.019,1.02015955,4.258,1,-0.238550590694,0.277868036289,-1.65016485229,-0.566042266313,0.413153517083,0.520615342756,-0.0628318530718,-0,0.00261799387799,0.0010471975512,0.0125663706144,0,-0.000851234944091,-0.0110418441463,-2.0874771638e-05,0.00577263745398,-0.00284283943898,0.0215195295048,-0.0027764757573,0.0163677129839,-0.0214573094839,-0.00190566243154,-0.000115309422739,-3.64180686159e-07,-1.44564646604,0.206463834815,-0.0577637978462,-0.139059419549,-0.067286333446,0.028293111846,-1.32805619477,0.194604904821,-0.0673834534496,-0.140965081981,-0.0536086541629,0.0282927476653,-0.37674,0.16317,-0.2244,0.0082,-0.1266,-0.0012
1.02,1.021024393,4.839,1,-0.238636277902,0.277867437078,-1.65016625045,-0.566042266313,0.4131501615,0.520614863387,-0.0959931088597,-0.000872664625997,-0.00436332312999,0,-0.0146607657168,-0.0010471975512,-0.000854192431718,-0.0110363974533,-2.48747707848e-05,0.00577278655995,-0.00284677668775,0.0216068909554,-0.00278460468226,0.0163727865561,-0.0214590184703,-0.00190431992533,-0.000115344452444,-3.63882941656e-07,-0.966548034655,0.0565026593762,0.0278579571848,-0.108344466784,0.0311532528787,0.0288922587248,-1.29805619477,0.164604904821,-0.0373834534496,-0.125965081981,-0.0386086541629,0.0288918948419,-0.00567,0.18396,-0.10725,0,0.0198,-0.0112
1.021,1.022164544,5.423,1,-0.238720367213,0.277867437078,-1.65016525176,-0.566042026628,0.413154715505,0.52061558244,-0.0741764932098,-0,-0.000872664625997,0,-0.00523598775598,0,-0.00085770210759,-0.0110322691706,-3.03671851334e-05,0.00577199461194,-0.00284204540148,0.0216887909117,-0.00279271908491,0.0163766035956,-0.0214601716529,-0.00190290930323,-0.000115363718931,-3.63885665722e-07,-1.26765111961,0.118743161121,0.00100154050325,-0.122146122794,-0.0188628171593,0.0284659169932,-1.2704438387,0.135119764716,-0.0204586311497,-0.124049032097,-0.0236086541629,0.0284655531075,0.26397,0.23058,-0.0385,0,0.1092,-0.0156
1.022,1.023140167,5.334,1,-0.238779888864,0.277867237341,-1.65016625045,-0.566042505997,0.413151599607,0.520616301494,-0.0541052068118,-0,0.00349065850399,0,0.0157079632679,0.00209439510239,-0.00086117885491,-0.0110435588177,-3.4281778307e-05,0.00577142172132,-0.00284578647636,0.0217497021186,-0.00280095800042,0.0163823915813,-0.0214619550639,-0.0019015949205,-0.000115395223016,-3.63584017802e-07,-1.56504542403,0.229003845872,-0.0650045873368,-0.144687005848,-0.0856756614732,0.0273637658974,-1.3004438387,0.165119764716,-0.0504586311497,-0.139049032097,-0.0386086541629,0.0273634023134,-0.2583,0.15687,-0.20845,0.0034,-0.0972,-0.0046
1.023,1.024161141,4.577,1,-0.238856388166,0.277867037604,-1.65016804808,-0.566043225051,0.413146326548,0.520616301494,-0.0890117918517,-0,-0.00261799387799,-0.0010471975512,-0.00942477796077,-0.0010471975512,-0.000864265178464,-0.0110438753593,-3.76066542263e-05,0.005771563384,-0.00285228247016,0.0218285804643,-0.00280920021928,0.0163881860278,-0.0214637465318,-0.00190028119112,-0.000115431482855,-3.63507807072e-07,-1.06526213755,0.0786744477235,0.0151905170749,-0.112510348364,0.0130405593824,0.0300521414152,-1.2704438387,0.135119764716,-0.0204586311497,-0.124049032097,-0.0236086541629,0.0300517779074,-0.15624,0.16443,-0.1584,-0.0024,-0.0308,-0.0124
1.024,1.025158499,4.451,1,-0.238944472219,0.277867636815,-1.65016704939,-0.566043944104,0.4131501615,0.520616061809,-0.0811578102177,-0,-0.00261799387799,0,-0.0136135681656,-0.0010471975512,-0.000867798267516,-0.0110370897514,-4.25629553482e-05,0.00577245814026,-0.00284898110734,0.0219144970585,-0.00281804897126,0.0163933237314,-0.0214654512667,-0.00189897712311,-0.000115470743453,-3.63454070041e-07,-1.16258394583,0.0774690903084,0.0260935248943,-0.11417753141,0.00652481650166,0.0291197150003,-1.2404438387,0.105119764716,0.00462807362759,-0.116076508533,-0.00860865416294,0.0291193515463,0.31311,0.20349,-0.03135,-0.0034,0.1316,-0.0156
1.025,1.026145096,5.777,1,-0.239006989926,0.277868635501,-1.65016684966,-0.566044663158,0.413149682131,0.520615103071,-0.0523598775598,0.000872664625997,0.00436332312999,0,0.0157079632679,0,-0.00087167310492,-0.0110464789196,-4.65184288742e-05,0.00577380047399,-0.00285051735315,0.0219769999732,-0.0028262095928,0.0163984470885,-0.0214672210531,-0.00189766087633,-0.000115505859597,-3.63151560333e-07,-1.58620703508,0.22791501946,-0.0657371728985,-0.14391573233,-0.087553231205,0.0294746988148,-1.2704438387,0.135119764716,-0.0253719263724,-0.131076508533,-0.0236086541629,0.0294743356632,-0.13608,0.1827,-0.1771,0.0088,-0.0622,-0.0018
1.026,1.027165296,4.654,1,-0.239074501059,0.277869234712,-1.65016844755,-0.566045382211,0.41314273128,0.520613185595,-0.0785398163397,-0,-0,0,-0.0010471975512,-0.0010471975512,-0.000875104732656,-0.0110524181766,-4.93120914558e-05,0.00577572143148,-0.0028590460609,0.0220477244969,-0.00283369911496,0.0164032426135,-0.0214687702823,-0.00189628776379,-0.000115531890489,-3.62871657411e-07,-1.21593084318,0.136284616632,-0.0207012493845,-0.125404977351,-0.0193248109893,0.0297062770988,-1.2404438387,0.152687859245,-0.0421700196668,-0.127301265114,-0.0194403428798,0.0297059142271,-0.31563,0.18711,-0.19195,0.008,-0.083,0.0064
1.027,1.027996456,4.938,1,-0.239166779591,0.27787003366,-1.65016764861,-0.566044902842,0.413145607494,0.520612466542,-0.0925024503557,-0,-0.00436332312999,-0.0010471975512,-0.0178023583703,-0.00209439510239,-0.00087866288741,-0.0110429170579,-5.41449041364e-05,0.00577589734657,-0.00285672819459,0.0221387311104,-0.00284259430191,0.0164081097282,-0.0214702390313,-0.00189496428187,-0.000115561533141,-3.62857088296e-07,-1.00558510008,0.0409507210802,0.0418827802367,-0.105408332974,0.0333401199558,0.0307351462159,-1.2104438387,0.122687859245,-0.0121700196668,-0.112301265114,-0.00444034287982,0.0307347833588,0.27405,0.21798,-0.0297,-0.0108,0.1316,-0.021
1.028,1.029161106,5.07,1,-0.239238285466,0.277869833923,-1.65016684966,-0.566044663158,0.413147285286,0.520612226857,-0.0619591884458,-0,0.00349065850399,0.0010471975512,0.0125663706144,0.0010471975512,-0.000882321062574,-0.0110467131127,-5.94736898035e-05,0.00577605730301,-0.00285446114854,0.02220948479,-0.00285082255129,0.016412654957,-0.0214714922458,-0.00189358400168,-0.000115586836031,-3.62864743769e-07,-1.45382274568,0.219724653776,-0.0698506438767,-0.144763511872,-0.0695681384829,0.027452741035,-1.2404438387,0.152687859245,-0.0421700196668,-0.127301265114,-0.0194403428798,0.0274523781702,0.03969,0.16758,-0.1309,0.0044,-0.0074,-0.0006
1.029,1.030176064,5.235,1,-0.239302001596,0.277868435763,-1.65016904677,-0.566045382211,0.413139375697,0.520612466542,-0.0698131700798,-0.000872664625997,0.000872664625997,0,0.00418879020479,0,-0.000885319703992,-0.0110551542419,-6.31785189318e-05,0.00577613261294,-0.00286242419591,0.0222769014888,-0.00285827278606,0.0164174034171,-0.0214730060076,-0.00189218774038,-0.000115612885539,-3.62381189066e-07,-1.33955174242,0.179075460164,-0.0422757156254,-0.134416637458,-0.0431713627551,0.0290611364909,-1.2704438387,0.182687859245,-0.063748721633,-0.136308825199,-0.0344403428798,0.0290607741097,-0.33264,0.12852,-0.22825,0.0056,-0.1212,-0.0054
1.03,1.031169401,6.227,1,-0.239391284071,0.277867636815,-1.6501692465,-0.566046101265,0.413139136013,0.520612945911,-0.0942477796077,-0.000872664625997,-0.00523598775598,-0.0010471975512,-0.0198967534727,-0.0010471975512,-0.000888379447836,-0.0110474954448,-6.81384004272e-05,0.005776315788,-0.00286245201786,0.0223660546835,-0.00286720603112,0.0164223255935,-0.0214745339542,-0.00189088975418,-0.000115647341083,-3.62357692909e-07,-0.97992897367,0.0403228208595,0.0429500545441,-0.106310482408,0.0384743129607,0.0296847057165,-1.2404438387,0.152687859245,-0.033748721633,-0.121308825199,-0.0194403428798,0.0296843433589,0.17703,0.18081,-0.05005,0.0064,0.0974,-0.0218
1.031,1.031952554,9.4,1,-0.239467983111,0.277867636815,-1.65016844755,-0.566046340949,0.413142012227,0.52061342528,-0.0645771823238,-0,0.000872664625997,0,0.00523598775598,0.0010471975512,-0.000891989797693,-0.0110479975236,-7.34136431767e-05,0.00577615315582,-0.00285945069508,0.0224412357688,-0.00287551838204,0.0164282246771,-0.0214764451809,-0.00188962793128,-0.000115688499266,-3.62491774288e-07,-1.40844298709,0.175112311096,-0.0345422992351,-0.1354549662,-0.049918498975,0.0278410163108,-1.2704438387,0.182687859245,-0.0560187444161,-0.136308825199,-0.0344403428798,0.027840653819,0.1575,0.20349,-0.0803,-0.0062,0.045,-0.0048
1.032,1.032923762,5.017,1,-0.23952890292,0.277867836552,-1.65017044493,-0.566046820318,0.413134342323,0.520613664964,-0.0628318530718,0.000872664625997,0.00261799387799,0.0010471975512,0.00942477796077,0.0010471975512,-0.00089542278307,-0.0110581572394,-7.62908441772e-05,0.00577569853719,-0.00286850661656,0.0225058153915,-0.00288302867123,0.0164339594877,-0.0214782818703,-0.00188828084793,-0.000115720692232,-3.61972662568e-07,-1.43723747879,0.193115682637,-0.0513974130904,-0.141061757341,-0.059769146727,0.0270718633816,-1.3004438387,0.209549642125,-0.0728756949607,-0.142950038189,-0.0494403428798,0.0270715014089,-0.34776,0.14238,-0.23705,0.0134,-0.1344,0.0024
1.033,1.034173057,3.441,1,-0.239610994861,0.277868435763,-1.65017164335,-0.566047299687,0.413131466109,0.520613664964,-0.0898844564777,-0,-0.00436332312999,-0.0010471975512,-0.0167551608191,0,-0.000898748744408,-0.011054940208,-7.97280544768e-05,0.00577558615193,-0.00287308844959,0.0225891723133,-0.00289118990944,0.0164375208755,-0.0214792370469,-0.00188685450652,-0.00011573996861,-3.6180754245e-07,-1.04131909166,0.0489288595491,0.0383318940498,-0.110070292001,0.0284910457621,0.0286451857632,-1.2704438387,0.179549642125,-0.0428756949607,-0.127950038189,-0.0344403428798,0.0286448239557,0.03402,0.20475,-0.1001,0.0036,0.045,-0.0098
1.034,1.034997829,3.423,0,-0.239692687327,0.277869234712,-1.65017004545,-0.566047060003,0.413135540745,0.520613664964,-0.0724311639578,-0,-0,0,-0.00314159265359,0,-0.000902615233697,-0.0110522405116,-8.50719733696e-05,0.00577546870269,-0.00286896701458,0.0226689132949,-0.00289948632714,0.0164421638582,-0.0214805984942,-0.00188552509599,-0.000115765411702,-3.61798336364e-07,-1.2910758034,0.14061475776,-0.0172722752318,-0.129112848751,-0.0249737894996,0.0286743024938,-1.29397528973,0.157056921619,-0.0387528737261,-0.130998373847,-0.0250895549113,0.0286739406955,0.26082,0.20538,-0.04345,-0.0052,0.1118,-0.0158
1.035,1.036160261,3.49,1,-0.239751809504,0.277869434449,-1.65017064466,-0.566047299687,0.413130267686,0.52061342528,-0.0549778714378,-0,0.00436332312999,0.0010471975512,0.0157079632679,0.0010471975512,-0.000906330107248,-0.0110636247141,-8.88747652854e-05,0.00577561504815,-0.00287453503828,0.0227305847532,-0.00290779541415,0.016448064164,-0.0214825220796,-0.00188426470918,-0.000115806628572,-3.61716249723e-07,-1.5505908935,0.245555299496,-0.0830760250539,-0.151132946051,-0.0854791095098,0.0276568500215,-1.32397528973,0.187056921619,-0.0687528737261,-0.145998373847,-0.0400895549113,0.0276564883053,-0.28476,0.16569,-0.2233,0.0132,-0.127,0
1.036,1.037156483,3.407,1,-0.239827310121,0.277869234712,-1.65017164335,-0.566047539372,0.413124515258,0.520612706226,-0.0890117918517,-0,-0.00261799387799,-0.0010471975512,-0.0125663706144,-0.0010471975512,-0.000909649393719,-0.0110645176545,-9.2705955681e-05,0.00577621114074,-0.00288057264794,0.0228088741738,-0.00291600001529,0.0164529253071,-0.0214840854549,-0.00188293237824,-0.000115836990488,-3.61468261853e-07,-1.05820773908,0.0778175919767,0.0137174496464,-0.115400610499,0.0182496171607,0.0300731533917,-1.29397528973,0.157056921619,-0.0387528737261,-0.130998373847,-0.0250895549113,0.0300727919234,-0.16191,0.16821,-0.1452,0,-0.021,0.0004
1.037,1.038170379,3.341,1,-0.239913996014,0.277869634186,-1.65017004545,-0.566047299687,0.413129069264,0.520612945911,-0.0794124809657,-0,-0.00261799387799,0,-0.0115191730632,0,-0.000913370696207,-0.011058656747,-9.83688376928e-05,0.00577594146121,-0.002875659787,0.0228933710369,-0.0029242573838,0.0164575211338,-0.0214854113459,-0.00188157965445,-0.000115862460766,-3.61031421702e-07,-1.18679942549,0.0915955092005,0.0152170708767,-0.120369227454,0.0021594616204,0.0280929304146,-1.26397528973,0.127056921619,-0.00875287372606,-0.122250807108,-0.0100895549113,0.0280925693832,0.30807,0.1953,-0.03025,-0.0004,0.1466,-0.01
1.038,1.03915734,3.43,1,-0.239975515035,0.277869833923,-1.65016984571,-0.566047539372,0.413127391472,0.520613185595,-0.0523598775598,-0,0.00436332312999,0,0.0188495559215,0.0010471975512,-0.000917196266537,-0.0110686555682,-0.000102893009568,0.0057758179712,-0.00287733772968,0.0229556451976,-0.00293258085865,0.0164631086502,-0.0214870587275,-0.00188027573459,-0.000115898790741,-3.6100271211e-07,-1.58955942981,0.255637642524,-0.0876084829625,-0.152088948966,-0.0929608451825,0.0286241956002,-1.29397528973,0.157056921619,-0.0387528737261,-0.137250807108,-0.0250895549113,0.0286238345975,-0.1764,0.17388,-0.1793,0.006,-0.0836,-0.0032
1.039,1.040160034,3.395,1,-0.24004362538,0.27787003366,-1.65017164335,-0.566048258425,0.413119961253,0.520612945911,-0.0802851455917,-0,-0.000872664625997,0,-0.00523598775598,0.0010471975512,-0.000920575685986,-0.0110741929994,-0.000105914799166,0.00577609599831,-0.00288607024193,0.0230272124378,-0.00294087769147,0.0164677588761,-0.0214884403219,-0.00187894868798,-0.00011592906067,-3.61226965174e-07,-1.18474925848,0.123284872669,-0.0135907277089,-0.127809971823,-0.00836873952056,0.0274190444577,-1.26397528973,0.139752631545,-0.0350791680308,-0.129688920511,-0.0100895549113,0.0274186832307,-0.2772,0.16128,-0.2002,0.0036,-0.0738,0.0084
1.04,1.041161113,3.409,1,-0.240133906541,0.277870632871,-1.65017104414,-0.566048977479,0.413123077151,0.520613185595,-0.0898844564777,-0,-0.00436332312999,0,-0.0188495559215,-0.0010471975512,-0.000924083250285,-0.0110659520483,-0.000110760575577,0.00577641203746,-0.00288378140163,0.0231156843074,-0.00294843318802,0.0164726603556,-0.0214901273393,-0.00187762941323,-0.000115960082971,-3.60721476506e-07,-1.03708815115,0.0500086191655,0.0358305640023,-0.112247835047,0.0313768181199,0.0287366100812,-1.23397528973,0.109752631545,-0.00507916803077,-0.114688920511,0.00491044508873,0.0287362493597,0.27342,0.20916,-0.0231,0.0054,0.1408,-0.019
1.041,1.042046915,15.7,1,-0.240201217938,0.277871232083,-1.65017044493,-0.566049696532,0.413124035889,0.520613185595,-0.0549778714378,-0,0.00349065850399,-0.0010471975512,0.0146607657168,0,-0.000927956636269,-0.0110723223401,-0.000115421584902,0.00577698142208,-0.0028832979341,0.0231822649995,-0.00295596387313,0.0164771944312,-0.0214914821486,-0.00187624179257,-0.000115981423651,-3.60504284492e-07,-1.54807948829,0.234493206106,-0.073409376975,-0.146561338247,-0.0810430592731,0.0304407612028,-1.26397528973,0.139752631545,-0.0350791680308,-0.129688920511,-0.0100895549113,0.0304404006985,-0.0315,0.17829,-0.13365,0.002,-0.0252,-0.0074
1.042,1.043173618,4.524,1,-0.240262736959,0.277871232083,-1.65017264203,-0.566050175901,0.413115886616,0.520612945911,-0.0689405054538,-0,0.000872664625997,0,0.00314159265359,0,-0.000931365583403,-0.0110820744173,-0.000118374538167,0.00577699584184,-0.00289277816616,0.0232476844032,-0.00296499893035,0.0164815944157,-0.0214925705304,-0.00187490782263,-0.000116011015774,-3.60570492014e-07,-1.34737630147,0.172115007677,-0.0397803610364,-0.136464012352,-0.0398579602215,0.0288780897635,-1.29397528973,0.169752631545,-0.0612729315668,-0.138338920175,-0.0250895549113,0.028877729193,-0.36288,0.15561,-0.23815,0.0112,-0.1236,0.0026
1.043,1.044310059,11.608,1,-0.24035301812,0.277871032346,-1.65017284177,-0.566049936217,0.413116845354,0.520612945911,-0.0968657734857,-0,-0.00610865238198,0,-0.0209439510239,-0.00209439510239,-0.000934646958575,-0.0110738114993,-0.000123302682941,0.0057766574724,-0.00289215849564,0.0233375687751,-0.00297339230975,0.01648727892,-0.0214943226317,-0.0018736543399,-0.000116047477438,-3.60523002254e-07,-0.941874811168,0.0250876770994,0.048043796934,-0.106731725315,0.0484209884122,0.0293888526965,-1.26397528973,0.139752631545,-0.0312729315668,-0.123338920175,-0.0100895549113,0.0293884921735,0.19089,0.18459,-0.033,-0.0018,0.1176,-0.0154
1.044,1.045166007,4.265,1,-0.240426121892,0.277870832608,-1.65017164335,-0.566049936217,0.413120680306,0.52061342528,-0.0602138591938,-0,0.00174532925199,0,0.00733038285838,0,-0.000938417641209,-0.0110766489693,-0.000129120714886,0.00577642562355,-0.00288768164916,0.023408760139,-0.00298022131741,0.016492118597,-0.0214960384511,-0.00187230005924,-0.00011607436312,-3.60237175354e-07,-1.46796811774,0.199624091773,-0.0513719322702,-0.141974443747,-0.0600979673131,0.0290881229406,-1.29397528973,0.169752631545,-0.0612729315668,-0.138338920175,-0.0250895549113,0.0290877627034,0.15057,0.20412,-0.08635,-0.002,0.0432,-0.0094
1.045,1.046184426,4.737,1,-0.240484245382,0.277870233397,-1.65017364072,-0.566050415586,0.413113250087,0.520612945911,-0.0602138591938,-0,0.00261799387799,0,0.0115191730632,0,-0.000941807481334,-0.0110886332211,-0.000132632996958,0.00577687224077,-0.00289575375533,0.0234704257278,-0.00298859326142,0.0164974421374,-0.0214974663697,-0.00187097804482,-0.000116105908547,-3.59807669876e-07,-1.47490231285,0.218680008372,-0.0676682951184,-0.145692536121,-0.0674413863067,0.0292777652805,-1.32397528973,0.199752631545,-0.089165761488,-0.147563514165,-0.0400895549113,0.0292774054728,-0.37233,0.13986,-0.2431,0.011,-0.1498,0.0002
1.046,1.047167305,4.712,1,-0.240570731539,0.277869833923,-1.6501746394,-0.566050894955,0.413111572296,0.520612706226,-0.0994837673637,-0,-0.00523598775598,-0.0010471975512,-0.0188495559215,-0.00209439510239,-0.000944952893449,-0.0110826836557,-0.000137010750616,0.00577727355634,-0.00289814497986,0.0235575813064,-0.00299693880642,0.016501828115,-0.0214986283471,-0.00186963316703,-0.000116131401304,-3.59855284331e-07,-0.909372558147,0.0355316276603,0.0349765033669,-0.108187910605,0.0483728631982,0.030531013519,-1.29397528973,0.169752631545,-0.059165761488,-0.132563514165,-0.0250895549113,0.0305306536638,0.01701,0.18144,-0.07645,-0.0052,0.0598,-0.0154
1.047,1.048175919,4.471,0,-0.240654421376,0.277870632871,-1.65017344098,-0.566051614008,0.413116845354,0.520613185595,-0.0706858347058,-0,-0,0,-0.0010471975512,0,-0.000948736566671,-0.0110787360768,-0.000142265814049,0.00577747042046,-0.00289357759805,0.0236383851662,-0.00300515463398,0.0165058142499,-0.0215000106834,-0.00186830588053,-0.000116165389295,-3.59641176191e-07,-1.31597575372,0.155170116314,-0.0284944298277,-0.134406170624,-0.0294477287442,0.0286876651267,-1.31898090836,0.171675930564,-0.0499944405111,-0.136274476505,-0.0295638941335,0.0286873054855,0.30114,0.19908,-0.0429,0.0012,0.0996,-0.0142
1.048,1.04916287,4.357,1,-0.240711945656,0.277870832608,-1.65017483914,-0.566052812431,0.413111332611,0.520612945911,-0.0541052068118,-0,0.00436332312999,0,0.0157079632679,0.00209439510239,-0.000952375271272,-0.0110911178737,-0.000145663626595,0.00577830665329,-0.00290033076605,0.0236982413135,-0.00301283771211,0.0165111234351,-0.0215015091027,-0.00186697287318,-0.000116192809548,-3.59639067251e-07,-1.5606650686,0.251435240612,-0.0881826236173,-0.154736460531,-0.0854718248563,0.0275833835413,-1.34898090836,0.201675930564,-0.0799944405111,-0.151274476505,-0.0445638941335,0.0275830239023,-0.31122,0.14679,-0.23925,0.0144,-0.1348,0.009
1.049,1.050184328,5.684,1,-0.240790042855,0.277871232083,-1.65017663677,-0.566053531484,0.413105580183,0.520612945911,-0.0925024503557,-0,-0.00436332312999,-0.00209439510239,-0.0157079632679,-0.0010471975512,-0.000955690820704,-0.0110903139685,-0.000148797841176,0.0057782980881,-0.0029078312807,0.0237789565775,-0.00302055712587,0.0165164808468,-0.02150305518,-0.00186566421562,-0.000116220272497,-3.59400633786e-07,-1.00630204191,0.056559566852,0.0265481729324,-0.112536836421,0.0325807949059,0.0306548646923,-1.31898090836,0.171675930564,-0.0499944405111,-0.136274476505,-0.0295638941335,0.0306545052916,-0.14742,0.20916,-0.13805,-0.002,-0.0012,-0.0102
1.05,1.050986965,5.752,1,-0.240880324016,0.277871831294,-1.65017503888,-0.566054010853,0.413110373873,0.520613664964,-0.0837758040957,-0,-0.00174532925199,0,-0.00942477796077,0,-0.000959415416563,-0.011082111328,-0.000154379530236,0.0057781587225,-0.00290306061297,0.0238666783129,-0.00302960686645,0.0165212437993,-0.0215044976248,-0.00186440240214,-0.00011625497153,-3.59197032129e-07,-1.12924074353,0.108280480764,-0.00724539513745,-0.126386728469,0.00515432695161,0.0282776110336,-1.28898090836,0.141675930564,-0.0287498927623,-0.128251130871,-0.0145638941335,0.0282772518365,0.35469,0.20349,-0.0176,-0.0004,0.1356,-0.015
1.051,1.05217206,4.721,1,-0.240942841722,0.27787143182,-1.65017503888,-0.566054969591,0.41310701829,0.520614144333,-0.0549778714378,-0,0.00523598775598,0,0.0167551608191,0.00314159265359,-0.000963102948091,-0.0110913818764,-0.000159056925314,0.00577852321598,-0.00290595506757,0.0239305403064,-0.00303722548093,0.0165255678907,-0.0215056911948,-0.00186302274175,-0.000116276356181,-3.59242600202e-07,-1.54887454432,0.262534427774,-0.0998952057714,-0.158691482666,-0.0870404716002,0.0267224071826,-1.31898090836,0.171675930564,-0.0587498927623,-0.143251130871,-0.0295638941335,0.02672204794,-0.26271,0.14364,-0.1881,0.0054,-0.0908,0.0082
1.052,1.053174701,4.905,1,-0.241019540762,0.277870832608,-1.65017683651,-0.566056168014,0.413098149964,0.520614384018,-0.0925024503557,-0,-0.000872664625997,-0.0010471975512,-0.00628318530718,0,-0.000966218659381,-0.011091346096,-0.000162502754667,0.00577890919137,-0.00291527570953,0.0240112509567,-0.00304484766763,0.0165298983598,-0.0215068926711,-0.00186164308576,-0.000116302504599,-3.58841864504e-07,-1.01727066808,0.115357465388,-0.0257290965914,-0.126891112224,0.0128617599435,0.0294025454851,-1.28898090836,0.141675930564,-0.0472359892625,-0.12875275531,-0.0145638941335,0.0294021866433,-0.26901,0.14931,-0.1925,-0.0006,-0.0804,0.003
1.053,1.054202182,7.011,1,-0.241117611669,0.27787143182,-1.65017563809,-0.566056887067,0.413101505547,0.520615103071,-0.0933751149817,-0,-0.00436332312999,-0.0010471975512,-0.0188495559215,-0.0010471975512,-0.000969749991536,-0.0110780794407,-0.000167763696561,0.00577887277238,-0.002912213555,0.0241073961701,-0.00305260570771,0.0165353102484,-0.0215085001274,-0.00186036045736,-0.000116334806492,-3.58820760069e-07,-0.98688602885,0.0522009757433,0.0274979954866,-0.114131156039,0.0381689317418,0.029695841561,-1.25898090836,0.111675930564,-0.0172359892625,-0.115991516496,0.000436105866493,0.0296954827402,0.39501,0.21798,-0.00385,-0.0058,0.1538,-0.0174
1.054,1.055176698,5.322,1,-0.241183325169,0.277871831294,-1.65017523862,-0.566057606121,0.413101984916,0.52061558244,-0.0506145483078,-0,0.00349065850399,0,0.0157079632679,0.0010471975512,-0.000973647679835,-0.0110854459443,-0.000172527722814,0.00577896002901,-0.00291213494946,0.0241726195702,-0.00306098740886,0.0165397514628,-0.021509735241,-0.00185904292939,-0.000116365226986,-3.58645974667e-07,-1.60467477641,0.250464687444,-0.0827004224832,-0.154478078866,-0.0882627654684,0.0284553039152,-1.28898090836,0.141675930564,-0.0472359892625,-0.130991516496,-0.0145638941335,0.0284549452692,-0.063,0.18711,-0.14355,0.0086,-0.0346,-0.0084
1.055,1.0561758,4.526,1,-0.241246641824,0.277871631557,-1.65017763546,-0.566058564859,0.413092876905,0.520615103071,-0.0741764932098,-0,-0,0,0.0010471975512,0,-0.000977000869048,-0.0110939813491,-0.00017547847808,0.0057796352509,-0.00292255557153,0.0242401466785,-0.00306931044392,0.0165444524604,-0.0215112091912,-0.00185774610207,-0.000116395819337,-3.58216441791e-07,-1.27146961442,0.16191400404,-0.039833999517,-0.13715766909,-0.0262863930568,0.0286866104814,-1.27453892486,0.171675930564,-0.0613452087082,-0.139015415192,-0.0264027888761,0.0286862522649,-0.41832,0.15939,-0.231,0.004,-0.1242,0.0024
1.056,1.057177684,4.322,1,-0.241343913782,0.277871631557,-1.6501778352,-0.566059283912,0.413094554696,0.520614144333,-0.103847090494,-0,-0.00698131700798,-0.00209439510239,-0.0219911485751,-0.00209439510239,-0.000980211714026,-0.0110812192534,-0.000180337006738,0.00578107991967,-0.00292174237663,0.0243363267603,-0.0030763389537,0.0165497960423,-0.0215128372418,-0.00185642769425,-0.000116419222977,-3.58189556932e-07,-0.843313271286,0.0116249135753,0.0489222510311,-0.104152765219,0.0641049448037,0.0311188659847,-1.24453892486,0.141675930564,-0.0313452087082,-0.124015415192,-0.0114027888761,0.0311185077952,0.28287,0.19404,-0.0209,-0.0082,0.1326,-0.0122
1.057,1.058186997,6.201,1,-0.241420413085,0.277871831294,-1.65017683651,-0.566060482335,0.41309743091,0.520613904649,-0.0619591884458,-0,0.00174532925199,-0.0010471975512,0.00837758040957,0,-0.000983976253894,-0.0110817658531,-0.000185685517966,0.00578251217583,-0.00291895154972,0.0244109716241,-0.00308473575317,0.0165539238834,-0.0215137955909,-0.00185506676547,-0.000116444788157,-3.58068794525e-07,-1.4416670306,0.205933598777,-0.0606805725664,-0.144501656288,-0.057194632594,0.030070978427,-1.27453892486,0.171675930564,-0.0613452087082,-0.139015415192,-0.0264027888761,0.0300706203582,0.12978,0.17577,-0.0913,-0.0074,0.036,-0.0088
1.058,1.059174437,5.033,1,-0.241481133158,0.277871831294,-1.65017843441,-0.566062639495,0.413088083215,0.52061342528,-0.0671951762018,-0,0.00349065850399,0,0.00837758040957,0.0010471975512,-0.000987489035524,-0.0110918764139,-0.000188735681004,0.00578441872962,-0.00292924275247,0.0244756064627,-0.00309315215206,0.0165584132809,-0.0215150869815,-0.00185377531541,-0.000116475314708,-3.58111932301e-07,-1.371809834,0.219087347792,-0.0810394244602,-0.150129715606,-0.0532806286799,0.0284343731414,-1.30453892486,0.201675930564,-0.0913452087082,-0.151983490922,-0.0414027888761,0.0284340150295,-0.46935,0.16128,-0.25575,0.0214,-0.1594,0.0078
1.059,1.060006498,5.326,1,-0.241573611426,0.277871831294,-1.65017863415,-0.566064077602,0.413086645108,0.520613904649,-0.101229096616,-0,-0.00523598775598,-0.00314159265359,-0.0209439510239,-0.0010471975512,-0.000990747109803,-0.011082002863,-0.000193249723881,0.00578505706459,-0.00293124903018,0.0245683012497,-0.00310012493939,0.0165627836913,-0.0215164197904,-0.00185241008198,-0.000116502178583,-3.57908146031e-07,-0.877392284581,0.0311478474713,0.034443808665,-0.108743349459,0.0559280895499,0.0314330289646,-1.27453892486,0.171675930564,-0.0613452087082,-0.136983490922,-0.0264027888761,0.0314326710565,0.12159,0.21987,-0.05665,-0.0032,0.0762,-0.0204
1.06,1.061169902,4.747,1,-0.241656702052,0.277871831294,-1.65017643704,-0.566064317287,0.413092157851,0.520615103071,-0.0680678408278,-0,0.000872664625997,0,-0,0.0010471975512,-0.000994619982884,-0.0110784441237,-0.000199668703265,0.00578451155515,-0.00292461269806,0.0246485604797,-0.0031086028937,0.0165682590756,-0.0215180306538,-0.00185116685526,-0.000116538832841,-3.5746579048e-07,-1.34672792565,0.174963067576,-0.0442217733143,-0.142075981626,-0.0352334250295,0.0278690473453,-1.30453892486,0.191531326651,-0.0657398039682,-0.143927148482,-0.0353499638623,0.0278686898795,0.26838,0.18144,-0.03905,-0.0106,0.1068,-0.0134
1.061,1.062193818,5.127,1,-0.241714625806,0.277871032346,-1.65017763546,-0.56606503634,0.413085207001,0.520615103071,-0.0575958653158,-0,0.00523598775598,0.0010471975512,0.0157079632679,0.00209439510239,-0.000998178565411,-0.0110905290267,-0.000203832305592,0.00578492368043,-0.00293134118397,0.0247097066052,-0.00311709303701,0.016573414536,-0.0215193539585,-0.001849879832,-0.00011656585123,-3.5752167464e-07,-1.50850363221,0.265707110167,-0.108254080266,-0.161739570999,-0.0811058764808,0.0268337023074,-1.33453892486,0.221531326651,-0.0957398039682,-0.158927148482,-0.0503499638623,0.0268333447858,-0.43155,0.13734,-0.2486,0.0082,-0.1574,0.0106
1.062,1.062984938,4.733,1,-0.241803109333,0.277870832608,-1.65017883388,-0.566066474447,0.413080652995,0.520614623702,-0.106465084372,-0,-0.00436332312999,-0.00209439510239,-0.0167551608191,-0.0010471975512,-0.00100131377627,-0.0110830974637,-0.000207751030533,0.00578631425116,-0.00293682550903,0.0247999613631,-0.00312402311299,0.0165777312657,-0.0215206457427,-0.00184849158988,-0.000116588006589,-3.57338998863e-07,-0.812415623952,0.0491805137637,0.010949737782,-0.113941850493,0.0563308320963,0.0306526037497,-1.30453892486,0.191531326651,-0.0657398039682,-0.143927148482,-0.0353499638623,0.0306522464107,-0.08253,0.17199,-0.1177,0.0028,0.008,0.0004
1.063,1.064181055,4.513,1,-0.241897385236,0.277871831294,-1.65017703625,-0.566067433185,0.413086884792,0.520615103071,-0.0820304748437,0.000872664625997,-0.00174532925199,-0.00209439510239,-0.00837758040957,-0.0010471975512,-0.00100511511154,-0.0110723477266,-0.000213356693867,0.00578681748448,-0.00293112065098,0.0248907898298,-0.00313180845182,0.0165819466242,-0.0215217769893,-0.00184716868449,-0.000116614300137,-3.57174839951e-07,-1.14655202758,0.103512762763,-0.00503334193969,-0.125020640682,0.00563341912877,0.0311013561118,-1.27453892486,0.161531326651,-0.0357398039682,-0.128927148482,-0.0203499638623,0.0311009989369,0.43911,0.19467,-0.0121,-0.0076,0.1488,-0.0142
1.064,1.065378536,11.735,1,-0.241956107938,0.277872630242,-1.6501778352,-0.566068871292,0.413084248263,0.520614863387,-0.0479965544298,0.000872664625997,0.00436332312999,0,0.0219911485751,0.00209439510239,-0.00100903599815,-0.0110840247049,-0.000217025603382,0.00578789349951,-0.00293543864341,0.024950323365,-0.00314027587187,0.0165861705666,-0.0215228446234,-0.00184585907267,-0.000116640071625,-3.57040032127e-07,-1.64356868603,0.2698548021,-0.0996404838875,-0.161377903366,-0.0990019930704,0.0274591931131,-1.30453892486,0.191531326651,-0.0657398039682,-0.143927148482,-0.0353499638623,0.0274588360731,-0.29484,0.16569,-0.21175,0.0106,-0.1252,0.0058
1.065,1.066204898,6.611,1,-0.242029411447,0.277873229453,-1.65018023204,-0.566070788768,0.413077537097,0.520613904649,-0.0881391272257,-0,-0.00261799387799,-0.0010471975512,-0.00942477796077,0,-0.0010123893588,-0.0110862013375,-0.000219655425114,0.00578974671167,-0.00294479908139,0.0250263017431,-0.00314796521768,0.0165905978843,-0.0215241727443,-0.00184453325315,-0.000116666532319,-3.56861517208e-07,-1.06610543527,0.103014921287,-0.0101207697075,-0.126905119317,0.0154067954962,0.0290910731311,-1.27453892486,0.161531326651,-0.0357398039682,-0.128927148482,-0.0203499638623,0.0290907162696,-0.32445,0.17451,-0.1815,0.0072,-0.0552,0.0072
1.066,1.06717598,4.685,1,-0.242127482354,0.277873229453,-1.65017943309,-0.566071747506,0.413083289525,0.520613664964,-0.0925024503557,-0,-0.00523598775598,-0.00209439510239,-0.0167551608191,-0.00314159265359,-0.00101577507886,-0.0110730781229,-0.000225402698533,0.00579095916512,-0.0029395297846,0.0251211640434,-0.00315575381145,0.0165960588007,-0.0215258620441,-0.00184327980124,-0.00011669911886,-3.56628962363e-07,-0.996313271029,0.0563718708599,0.0244101486682,-0.113775274871,0.0376373692263,0.0326221659921,-1.24453892486,0.131531326651,-0.00573980396815,-0.115618554672,-0.00534996386234,0.0326218093631,0.45549,0.18963,-0.00385,-0.0112,0.1672,-0.0296
1.067,1.068153287,4.452,1,-0.242190799009,0.277873029716,-1.65017903362,-0.566073185613,0.413083768894,0.520613664964,-0.0488692190558,-0,0.00436332312999,0,0.0188495559215,0.00209439510239,-0.00101962166288,-0.0110819718151,-0.000230563249971,0.00579232137718,-0.00293901980437,0.0251837400847,-0.00316356298352,0.0166012121213,-0.0215272736229,-0.00184198217455,-0.00011673155875,-3.56445857224e-07,-1.62652560066,0.275005266701,-0.103404916141,-0.162792668762,-0.0954996913596,0.0276665833931,-1.27453892486,0.161531326651,-0.0357398039682,-0.130618554672,-0.0203499638623,0.0276662269473,-0.08883,0.16317,-0.14905,0.01,-0.0578,0.003
1.068,1.069177019,4.599,1,-0.242254914612,0.277872230768,-1.65018182994,-0.566074863405,0.413074900567,0.52061342528,-0.0776671517137,-0,-0,-0.00209439510239,-0,0.0010471975512,-0.00102280783339,-0.0110900141437,-0.000233745188502,0.00579345342008,-0.00294919156407,0.0252516968907,-0.00317136313024,0.0166051137952,-0.0215281333469,-0.00184061673238,-0.000116753057808,-3.56340278596e-07,-1.21736288826,0.158986319556,-0.0439205009951,-0.137846892481,-0.0175212229562,0.029614959029,-1.24453892486,0.175591433351,-0.065448634342,-0.139687509213,-0.017637976014,0.0296146026888,-0.46368,0.15246,-0.23155,0.0044,-0.1184,0.0058
1.069,1.070187459,5.083,1,-0.242353984205,0.277871831294,-1.6501816302,-0.566076061827,0.413078016466,0.520613664964,-0.10471975512,-0,-0.00610865238198,-0.0010471975512,-0.0209439510239,-0.00209439510239,-0.00102599432404,-0.0110761460653,-0.000239221933759,0.00579433115502,-0.00294644822155,0.0253487928746,-0.00317910474468,0.0166092752971,-0.0215292317968,-0.00183927210503,-0.000116774722544,-3.56203739055e-07,-0.827066233802,0.0309918654726,0.0283115718608,-0.111961840614,0.0631621240939,0.0304091694478,-1.21453892486,0.145591433351,-0.035448634342,-0.124687509213,-0.00263797601403,0.030408813244,0.29232,0.20475,-0.0198,0.0036,0.1474,-0.0152
1.07,1.071368173,11.432,1,-0.242428486136,0.277871831294,-1.65018043178,-0.566077020565,0.413082091102,0.520614384018,-0.0584685299418,-0,0.00261799387799,-0.0010471975512,0.0136135681656,0.0010471975512,-0.00102986325044,-0.0110780220431,-0.000245040598177,0.00579469226385,-0.0029421628512,0.0254209279413,-0.00318688729883,0.0166134907005,-0.0215303824935,-0.00183795228106,-0.000116801175943,-3.56278500948e-07,-1.489914601,0.237617133909,-0.0846508412606,-0.153951964159,-0.0698613548917,0.0292813340186,-1.24453892486,0.175591433351,-0.065448634342,-0.139687509213,-0.017637976014,0.0292809777401,0.10962,0.18333,-0.0935,-0.0094,0.0126,-0.0072
1.071,1.072370157,11.162,1,-0.242486210153,0.277871831294,-1.65018262889,-0.566078218987,0.413074421198,0.520614144333,-0.0637045176978,0.000872664625997,0.00349065850399,0,0.010471975512,0.0010471975512,-0.00103346354161,-0.0110901675011,-0.000248197899432,0.00579536333278,-0.00295137050393,0.0254820600979,-0.00319543471427,0.0166190621308,-0.0215321135505,-0.00183676214142,-0.000116838120683,-3.5605429859e-07,-1.4154357918,0.222902265688,-0.0838750522092,-0.153804952268,-0.057781156899,0.0283099720705,-1.27453892486,0.205591433351,-0.095448634342,-0.154687509213,-0.032637976014,0.0283096160162,-0.45738,0.14112,-0.2706,0.0066,-0.1596,0.0064
1.072,1.073371526,12.136,1,-0.24257948737,0.277872630242,-1.6501832281,-0.56607941741,0.413075140252,0.520613904649,-0.105592419746,-0,-0.00610865238198,-0.00209439510239,-0.0219911485751,-0.00209439510239,-0.0010368804245,-0.0110798531963,-0.000252361768011,0.00579624884116,-0.0029526374282,0.0255745547346,-0.00320324193347,0.0166242155161,-0.0215335390825,-0.00183546633217,-0.000116870674368,-3.55657810014e-07,-0.813013622501,0.0270186380231,0.0301200933628,-0.11068330358,0.0665070626182,0.0313747901448,-1.24453892486,0.175591433351,-0.065448634342,-0.139687509213,-0.017637976014,0.031374434487,0.08757,0.23436,-0.05335,-0.0066,0.0984,-0.0234
1.073,1.074194814,5.971,1,-0.242664575367,0.277873828665,-1.6501816302,-0.566080376148,0.413082330787,0.520614144333,-0.0698131700798,0.000872664625997,-0,-0.0010471975512,0.00314159265359,0,-0.001040894538,-0.0110750235769,-0.00025792136138,0.00579692487452,-0.00294646893756,0.0256557144076,-0.00321037048248,0.0166277886286,-0.0215341885887,-0.0018340451928,-0.000116883184598,-3.55360250936e-07,-1.32228612036,0.167120971771,-0.0434016345289,-0.140833252968,-0.031017378306,0.0295553680412,-1.27453892486,0.1837487604,-0.0649358231176,-0.142667298161,-0.0311342614906,0.0295550126809,0.28791,0.2079,-0.0374,-0.0072,0.096,-0.014
1.074,1.07518332,4.553,1,-0.242722099646,0.277873828665,-1.65018282862,-0.566082533308,0.413076578359,0.52061342528,-0.0558505360638,-0,0.00523598775598,0,0.0178023583703,0.00209439510239,-0.00104462248354,-0.011087328205,-0.000261620896831,0.0057991958172,-0.00295325209879,0.0257153570288,-0.00321815170181,0.0166320039836,-0.0215353503082,-0.00183272679221,-0.000116909734932,-3.55219605146e-07,-1.5292571913,0.277878423938,-0.117637986326,-0.165222679908,-0.0848015009037,0.0278681274304,-1.30453892486,0.2137487604,-0.0949358231176,-0.157667298161,-0.0461342614906,0.0278677722108,-0.40887,0.12663,-0.2618,0.0154,-0.1672,0.014
1.075,1.076179312,5.06,1,-0.242808585803,0.277873429191,-1.65018422678,-0.566084690469,0.413073222776,0.520612706226,-0.102974425868,-0.000872664625997,-0.00436332312999,-0.00314159265359,-0.0178023583703,-0.00209439510239,-0.00104773853784,-0.0110812185062,-0.000265700538611,0.00580149562308,-0.00295784887531,0.0258027630152,-0.00322591571914,0.0166365330863,-0.0215368002443,-0.00183145355345,-0.00011694121021,-3.55256978342e-07,-0.852674145821,0.0673143163934,0.00127171319347,-0.11737912877,0.0518722112134,0.0329308623957,-1.27453892486,0.1837487604,-0.0649358231176,-0.142667298161,-0.0311342614906,0.0329305071387,-0.08127,0.17892,-0.121,-0.0014,0.0178,-0.0106
1.076,1.077176866,4.613,1,-0.242901663283,0.277874028402,-1.65018242915,-0.566085888891,0.41308089268,0.520612945911,-0.0820304748437,-0,-0.00174532925199,-0.0010471975512,-0.00628318530718,0,-0.00105152069421,-0.0110713041082,-0.000271767138315,0.00580256689267,-0.00295056292834,0.0258915917649,-0.0032331220594,0.0166414473443,-0.0215380967588,-0.00183015048075,-0.000116960049376,-3.55309999433e-07,-1.14543375447,0.130790921351,-0.0273171447862,-0.13439319469,0.00143023353645,0.0293603336774,-1.24453892486,0.1537487604,-0.048855241545,-0.13622334517,-0.0161342614906,0.0293599783674,0.38367,0.23877,-0.0011,-0.0062,0.1466,-0.0256
1.077,1.078189188,5.088,1,-0.242963182304,0.277874028402,-1.65018282862,-0.566087326998,0.413078016466,0.520612466542,-0.0523598775598,0.000872664625997,0.00523598775598,0,0.0219911485751,0.00209439510239,-0.00105536560613,-0.011081179659,-0.000276216226698,0.00580414705703,-0.00295393290815,0.0259540443417,-0.00324164274964,0.0166454113967,-0.0215389644061,-0.00182882575997,-0.00011698600173,-3.55012069962e-07,-1.57935208246,0.281314855203,-0.118359437789,-0.166529528732,-0.0929892256779,0.0277150614172,-1.27453892486,0.1837487604,-0.078855241545,-0.15122334517,-0.0311342614906,0.0277147064051,-0.26523,0.1575,-0.2134,0.0094,-0.1298,0.0104
1.078,1.079175917,4.476,1,-0.243037883973,0.277873229453,-1.65018522547,-0.566089244474,0.413070586246,0.520611987173,-0.0898844564777,-0,-0.00174532925199,-0.00209439510239,-0.00942477796077,-0.0010471975512,-0.00105847110043,-0.0110824728358,-0.000279770776414,0.00580582397298,-0.00296255502689,0.0260317853416,-0.00324948082385,0.0166493666303,-0.0215399011027,-0.00182748844268,-0.000117012514246,-3.54689263068e-07,-1.03651348077,0.114902224001,-0.0252837536386,-0.129865870934,0.0178850624107,0.0313593297511,-1.24453892486,0.1537487604,-0.048855241545,-0.13622334517,-0.0161342614906,0.0313589750619,-0.29421,0.16506,-0.18315,-0.0034,-0.064,-0.0038
1.079,1.080181963,4.189,1,-0.243134157246,0.277872829979,-1.65018442652,-0.56609116195,0.413076578359,0.520612945911,-0.0907571211037,-0,-0.00523598775598,-0.00209439510239,-0.0167551608191,0,-0.00106180391226,-0.0110704893533,-0.000285780343103,0.00580681076441,-0.00295687384574,0.0261243984995,-0.00325667385111,0.0166546006489,-0.0215414961301,-0.00182623090266,-0.000117041071363,-3.54476271951e-07,-1.01417367897,0.0650121853361,0.0176075675461,-0.12106532622,0.0362266102946,0.0295635338825,-1.21453892486,0.1237487604,-0.018855241545,-0.122891557123,-0.00113426149065,0.0295631794063,0.37296,0.19782,-0.00385,-0.0048,0.1742,-0.0202
1.08,1.081025976,5.48,1,-0.243200869431,0.277872630242,-1.65018442652,-0.566093079426,0.413076578359,0.520614144333,-0.0514872129338,-0,0.00349065850399,-0.0010471975512,0.0198967534727,0.00209439510239,-0.00106557267564,-0.0110771623621,-0.000290763781871,0.00580731160489,-0.00295726454053,0.0261904441995,-0.00326455297964,0.0166598493059,-0.0215430324932,-0.0018249870384,-0.00011707386029,-3.54516060841e-07,-1.58788002351,0.273330412627,-0.106500317241,-0.163426600887,-0.0895078098489,0.0285044999501,-1.24453892486,0.1537487604,-0.048855241545,-0.137891557123,-0.0161342614906,0.028504145434,-0.05166,0.1827,-0.15895,0.0032,-0.069,-0.0086
1.081,1.08219863,5.724,1,-0.243264585561,0.277872430505,-1.65018722284,-0.566095476271,0.413065792556,0.520614384018,-0.0750491578358,-0,-0,-0.0010471975512,-0.0010471975512,0,-0.00106891792409,-0.0110852909547,-0.000293420170139,0.00580845812271,-0.00296982644109,0.0262587078121,-0.00327244441657,0.0166635383098,-0.0215437361901,-0.00182363079773,-0.00011709557368,-3.54457332824e-07,-1.24518081928,0.168651134636,-0.0509652596785,-0.142701657258,-0.0192070181661,0.0297842806204,-1.2484532637,0.1837487604,-0.0725089958686,-0.144525288056,-0.0193241137398,0.0297839261631,-0.47628,0.14805,-0.2288,0.0112,-0.1318,-0.0014
1.082,1.083180429,4.763,1,-0.243364054627,0.277873429191,-1.65018682337,-0.566096914378,0.41306866877,0.520614623702,-0.105592419746,0.000872664625997,-0.00610865238198,-0.00314159265359,-0.0230383461263,-0.00209439510239,-0.00107245280642,-0.0110710481061,-0.000298175765682,0.0058092782866,-0.00296851131231,0.0263562353732,-0.00328027730133,0.0166674871518,-0.0215446786578,-0.00182229508807,-0.000117117447624,-3.54143679578e-07,-0.805425934264,0.0156043013191,0.0354126976231,-0.109889206933,0.0716113967398,0.0322097469728,-1.2184532637,0.1537487604,-0.0425089958686,-0.129525288056,-0.00432411373978,0.0322093928291,0.27216,0.19971,-0.02035,-0.009,0.1548,-0.0226
1.083,1.084044007,4.759,1,-0.24344394946,0.277874627613,-1.65018542521,-0.566098112801,0.413072743407,0.520614623702,-0.0628318530718,0.000872664625997,0.00261799387799,0,0.0125663706144,0,-0.00107655503107,-0.0110693702264,-0.000303419789219,0.00581034446961,-0.00296527616536,0.0264336749173,-0.0032874735506,0.0166727269847,-0.0215462893148,-0.00182103911433,-0.000117150840703,-3.53938811891e-07,-1.42333415634,0.228627587006,-0.0886029416412,-0.155773312162,-0.0587014574663,0.0292460293079,-1.2484532637,0.1837487604,-0.0725089958686,-0.144525288056,-0.0193241137398,0.0292456753691,0.15435,0.20538,-0.08635,-0.002,0.0252,-0.0082
1.084,1.085152997,4.378,1,-0.243505867955,0.27787482735,-1.65018722284,-0.566100269961,0.413062676658,0.52061342528,-0.0680678408278,-0,0.00349065850399,0,0.00837758040957,0,-0.00108020237678,-0.0110786300607,-0.00030641525949,0.00581285585803,-0.00297659359366,0.0264998650515,-0.00329536004858,0.0166764096233,-0.0215469961141,-0.00181968388058,-0.000117167892947,-3.53663175984e-07,-1.34823807214,0.233583769415,-0.0988439253877,-0.157197350646,-0.0493078934824,0.0296184672306,-1.2784532637,0.2137487604,-0.102508995869,-0.159017034527,-0.0343241137398,0.0296181135674,-0.50085,0.14364,-0.26565,0.0102,-0.167,0.0102
1.085,1.086191858,5.456,1,-0.243603739125,0.277874627613,-1.65018762231,-0.566102187437,0.413061478235,0.520612226857,-0.108210413624,-0.000872664625997,-0.00610865238198,-0.00314159265359,-0.0240855436775,-0.00314159265359,-0.00108337114032,-0.0110652749813,-0.000311147789367,0.0058156016978,-0.00297853561465,0.0265976639074,-0.00330329207213,0.0166813917797,-0.021548304865,-0.00181842169934,-0.000117195934455,-3.53747578723e-07,-0.768504878706,0.0370721870914,0.0183746727586,-0.112674440319,0.0728012093969,0.0336557795442,-1.2484532637,0.1837487604,-0.0725089958686,-0.144017034527,-0.0193241137398,0.0336554257966,0.16317,0.19719,-0.06545,-0.0032,0.0892,-0.0226
1.086,1.087184059,4.636,1,-0.243687428963,0.27787482735,-1.65018522547,-0.566103865229,0.41306651161,0.520612466542,-0.0654498469498,-0,0.000872664625997,-0.0010471975512,0.0010471975512,0,-0.00108734447677,-0.0110612097019,-0.000317535890642,0.00581732580567,-0.00297263440761,0.0266782578942,-0.00331052931441,0.0166866851354,-0.021549972881,-0.00181719106829,-0.000117234167197,-3.53534290773e-07,-1.37057500479,0.193004980877,-0.0597667624307,-0.148415628778,-0.0374320544871,0.0300441811647,-1.2784532637,0.209691666013,-0.0813167353117,-0.150232819846,-0.0343241137398,0.0300438276305,0.315,0.21231,-0.03245,-0.0066,0.0962,-0.0134
1.087,1.08804155,4.728,1,-0.243743355345,0.277874228139,-1.65018642389,-0.566106022389,0.413058602021,0.520612226857,-0.0558505360638,-0,0.00523598775598,0,0.0157079632679,0.00209439510239,-0.00109105009928,-0.0110744349941,-0.000321530688974,0.00581922897976,-0.00298069416821,0.0267373838128,-0.00331762906352,0.0166893190483,-0.0215503904841,-0.00181575201465,-0.000117240993568,-3.53295009793e-07,-1.51929199003,0.280020351034,-0.121984778229,-0.168482600577,-0.0806182323279,0.0279669381485,-1.3084532637,0.239691666013,-0.111316735312,-0.165232819846,-0.0493241137398,0.0279665848535,-0.4599,0.14805,-0.2497,0.0082,-0.1646,0.0028
1.088,1.089161551,4.698,1,-0.24383064045,0.277873229453,-1.65018822153,-0.566107939865,0.413053808331,0.520611747488,-0.106465084372,-0.000872664625997,-0.00436332312999,-0.00209439510239,-0.0178023583703,-0.0010471975512,-0.00109403326667,-0.0110677691675,-0.000325814966556,0.00582109432404,-0.00298629126534,0.0268263928397,-0.00332553533862,0.0166933627803,-0.0215514377766,-0.0018144672755,-0.000117263072323,-3.53189640144e-07,-0.799394773844,0.0738522707994,-0.0116027889299,-0.123515174081,0.0581421284264,0.0310098170368,-1.2784532637,0.209691666013,-0.0813167353117,-0.150232819846,-0.0343241137398,0.0310094638471,-0.09387,0.14238,-0.12815,-0.0002,0.0102,-0.007
1.089,1.090190217,5.05,1,-0.243924916353,0.277874028402,-1.65018662363,-0.566109138288,0.413060279813,0.520612466542,-0.0802851455917,-0,-0.00261799387799,-0.00209439510239,-0.00837758040957,0,-0.0010978541626,-0.0110570000785,-0.000331669570174,0.00582158313648,-0.00298043036447,0.0269170177619,-0.00333357072215,0.0166993842502,-0.0215531203391,-0.00181327836583,-0.000117302050786,-3.53001758723e-07,-1.15895640405,0.124581190017,-0.0210815891317,-0.134480692424,0.00521626903773,0.0302295498108,-1.2484532637,0.179691666013,-0.0513167353117,-0.13629397079,-0.0193241137398,0.0302291968091,0.44541,0.22806,-0.0055,-0.0142,0.1576,-0.018
1.09,1.091183618,4.276,1,-0.243982240895,0.27787482735,-1.65018722284,-0.566110816079,0.413056684545,0.520613185595,-0.0453785605519,0.000872664625997,0.00523598775598,0.0010471975512,0.0209439510239,0.00314159265359,-0.00110196762574,-0.011069465014,-0.00033554336577,0.00582195194111,-0.00298541989155,0.0269755515117,-0.00334158125543,0.0167037980299,-0.0215539255519,-0.00181195306094,-0.000117329950827,-3.52730212974e-07,-1.66439361027,0.294156423679,-0.122033667669,-0.173987752931,-0.101073495481,0.025816563416,-1.2784532637,0.209691666013,-0.0813167353117,-0.15129397079,-0.0343241137398,0.0258162106858,-0.25578,0.16758,-0.20625,0.0164,-0.1224,0.0036
1.091,1.092184205,4.76,1,-0.244052348611,0.277875027087,-1.65018941995,-0.566112493871,0.413047816219,0.520613185595,-0.0881391272257,-0,-0.00174532925199,-0.00209439510239,-0.00837758040957,0,-0.00110546985546,-0.0110735537715,-0.000338581577649,0.00582273451134,-0.00299599574067,0.0270494990603,-0.00334874270032,0.016706846636,-0.0215547329376,-0.00181060867822,-0.000117346572095,-3.52646362492e-07,-1.05507840833,0.126339369431,-0.0345305414519,-0.135585655056,0.0152890744329,0.0303990846138,-1.2484532637,0.179691666013,-0.0560852743894,-0.137396263734,-0.0193241137398,0.0303987319675,-0.3843,0.16128,-0.18535,0.0014,-0.0726,0.0126
1.092,1.093188265,4.254,1,-0.244151018729,0.277875027087,-1.65018822153,-0.566113212924,0.413052849593,0.520614144333,-0.0959931088597,-0,-0.00436332312999,-0.0010471975512,-0.0188495559215,-0.00209439510239,-0.00110901997365,-0.0110599563752,-0.000344709133775,0.00582261450431,-0.00299089843767,0.0271454069643,-0.00335592479668,0.0167108272359,-0.0215558072923,-0.00180928836369,-0.000117364515908,-3.52761453922e-07,-0.934288697066,0.0727202851312,3.09425215826e-05,-0.125005099567,0.0461091318713,0.0309477028483,-1.2184532637,0.149691666013,-0.0260852743894,-0.126814387931,-0.00432411373978,0.0309473500869,0.41454,0.18522,0,-0.0056,0.1728,-0.0284
1.093,1.094199071,4.882,1,-0.244217331441,0.27787482735,-1.65018802179,-0.566113931978,0.413053568647,0.520614863387,-0.0497418836818,-0,0.00436332312999,0,0.0188495559215,0.00209439510239,-0.00111296528184,-0.0110669234864,-0.000350117583919,0.00582255262341,-0.00299022352076,0.0272111113299,-0.00336397639877,0.0167165342978,-0.0215572147798,-0.0018080563862,-0.000117398710154,-3.52406651691e-07,-1.60271075929,0.289447504464,-0.121174086151,-0.170862446522,-0.0915197780365,0.0278130023099,-1.2484532637,0.179691666013,-0.0560852743894,-0.141814387931,-0.0193241137398,0.0278126499032,-0.02646,0.17073,-0.1562,0.0026,-0.0422,0.0026
1.094,1.095183462,4.467,0,-0.24427964941,0.277874427876,-1.65019101784,-0.566115849454,0.413043741583,0.520614623702,-0.0759218224618,-0,-0,-0.0010471975512,0.0010471975512,0,-0.00111636385688,-0.0110760061005,-0.000353067207165,0.00582374667244,-0.00300185559791,0.0272776645929,-0.00337125416716,0.0167203022128,-0.0215581027053,-0.00180674058577,-0.000117416608273,-3.52321120298e-07,-1.23035657583,0.180833556216,-0.0644205150673,-0.147470965022,-0.0192666364586,0.0298560193592,-1.23372783,0.197553858429,-0.0859786177726,-0.149277705608,-0.0193840530669,0.029855667038,-0.54936,0.16947,-0.24255,0.008,-0.1382,0.009
1.095,1.096182568,4.159,1,-0.244382713744,0.277874627613,-1.65019081811,-0.566117287561,0.413045659059,0.520614623702,-0.10908307825,-0,-0.00698131700798,-0.00314159265359,-0.0240855436775,-0.00209439510239,-0.0011196831052,-0.0110594360513,-0.000358257306661,0.00582492748752,-0.00300080289318,0.0273792671936,-0.00337916390081,0.0167243509118,-0.0215591729923,-0.00180545849627,-0.00011744362792,-3.52006778528e-07,-0.751988439176,0.0220718660248,0.0262358978923,-0.113074625308,0.0791878877977,0.0322747872086,-1.20372783,0.167553858429,-0.0559786177726,-0.134277705608,-0.00438405306692,0.0322744352018,0.30933,0.18774,-0.0022,-0.011,0.1506,-0.017
1.096,1.097186951,5.003,1,-0.244459812258,0.277874627613,-1.65018981942,-0.566118725668,0.413049494011,0.520615103071,-0.0575958653158,-0,0.00174532925199,-0.0010471975512,0.0115191730632,0,-0.00112357577957,-0.0110595861775,-0.000364127093715,0.00582591711949,-0.00299703440591,0.027453950751,-0.00338647072211,0.0167290628017,-0.0215603404203,-0.00180416679858,-0.000117472361696,-3.51673540731e-07,-1.48635447601,0.240605273921,-0.0898877731703,-0.158740197766,-0.0638773755849,0.0302964926229,-1.23372783,0.197553858429,-0.0859786177726,-0.149277705608,-0.0193840530669,0.0302961409494,0.17136,0.19467,-0.0682,-0.0048,0.0316,-0.0138
1.097,1.098200404,5.387,1,-0.244515339166,0.277874028402,-1.65019301522,-0.566120403459,0.413039666946,0.520614623702,-0.0602138591938,-0,0.00261799387799,0,0.010471975512,0.00209439510239,-0.00112705815137,-0.0110730411366,-0.000367165120412,0.00582714153477,-0.0030086000604,0.0275137959666,-0.00339380681877,0.0167325699386,-0.0215609996696,-0.00180283216552,-0.000117490226176,-3.51852258606e-07,-1.45086838866,0.245478190043,-0.098818113718,-0.163588161456,-0.0607686418518,0.0274286411692,-1.26372783,0.227553858429,-0.115978617773,-0.164277705608,-0.0343840530669,0.0274282893169,-0.52857,0.1449,-0.2761,0.0096,-0.1646,0.0146
1.098,1.099203803,6.412,1,-0.244607817435,0.277873429191,-1.65019461311,-0.566121362197,0.413038708208,0.520614384018,-0.105592419746,-0,-0.00785398163397,-0.00209439510239,-0.0240855436775,-0.00314159265359,-0.00113016166406,-0.0110632252157,-0.000371845984797,0.00582787895831,-0.0030108796591,0.0276064153344,-0.00340177879804,0.0167376039839,-0.0215623914985,-0.00180159914918,-0.000117523389158,-3.51726329496e-07,-0.798635175138,0.0216752333313,0.0315907491516,-0.113553140686,0.0755781641944,0.0321989592459,-1.23372783,0.197553858429,-0.0859786177726,-0.149277705608,-0.0193840530669,0.0321986075196,0.11277,0.16695,-0.06105,-0.006,0.0962,-0.0202
1.099,1.100200232,5.261,1,-0.244690708324,0.277874028402,-1.65019321495,-0.566122320935,0.413044940005,0.520614623702,-0.0663225115758,-0,-0,0,0.0010471975512,0,-0.00113417743951,-0.0110597483198,-0.000377829714818,0.00582864371475,-0.003005148124,0.0276858581196,-0.00340901880025,0.0167413232569,-0.0215632476792,-0.00180026094931,-0.000117541407053,-3.51442443864e-07,-1.35441141795,0.194480957807,-0.0637597857079,-0.152331614153,-0.0334619322335,0.0289492879975,-1.26372783,0.211222281064,-0.0853230333872,-0.154131875103,-0.0335794736405,0.0289489365551,0.38178,0.22554,-0.0286,-0.003,0.1102,-0.0158
1.1,1.101188431,4.755,1,-0.244742040754,0.277874627613,-1.65019481285,-0.566123759042,0.413036790732,0.520614144333,-0.0514872129338,0.000872664625997,0.00523598775598,0,0.0167551608191,0.0010471975512,-0.00113827032357,-0.0110758553248,-0.000381071265456,0.00582976446546,-0.00301480888392,0.0277407553405,-0.00341635047493,0.0167448236885,-0.0215639096467,-0.00179892728928,-0.000117554616613,-3.51404402542e-07,-1.57341266325,0.282027517372,-0.122286446509,-0.17095765099,-0.0850382249865,0.0288899774399,-1.29372783,0.241222281064,-0.115323033387,-0.169131875103,-0.0485794736405,0.0288896260355,-0.55188,0.16443,-0.25685,0.0108,-0.1736,0.0062
1.101,1.10196148,5.038,1,-0.24483132323,0.277875027087,-1.65019661048,-0.566125436834,0.413031997042,0.520613185595,-0.109955742876,-0,-0.00436332312999,-0.00209439510239,-0.0188495559215,-0.00209439510239,-0.00114157451017,-0.011067821995,-0.000384624001999,0.00583156292216,-0.00302173053775,0.0278318403785,-0.00342375711934,0.0167505682597,-0.0215654480078,-0.00179770934555,-0.00011758957303,-3.51025718676e-07,-0.745441038961,0.0634502057177,-0.0127859781837,-0.123860030025,0.0683341107961,0.031907809755,-1.26372783,0.211222281064,-0.0853230333872,-0.154131875103,-0.0335794736405,0.0319074587293,-0.12726,0.17766,-0.13365,-0.004,0.0198,-0.0046
1.102,1.103083329,6.571,1,-0.244928794926,0.277875226824,-1.65019481285,-0.566126874941,0.413038468524,0.520613664964,-0.0837758040957,-0,-0.00261799387799,-0.0010471975512,-0.00837758040957,0,-0.00114528289763,-0.0110549985102,-0.000391030631986,0.00583268953101,-0.00301515566343,0.0279255802209,-0.0034317625244,0.0167544030155,-0.0215663442031,-0.00179643424821,-0.000117616700817,-3.50969966147e-07,-1.10722796069,0.131262201486,-0.0340256362475,-0.139718979043,0.0113698170907,0.029313202195,-1.23372783,0.181222281064,-0.0555919804507,-0.141515413291,-0.0185794736405,0.0293128512251,0.50148,0.19467,0.0154,-0.0058,0.1514,-0.0142
1.103,1.10407449,5.544,1,-0.244986918417,0.277874627613,-1.65019541206,-0.566128792417,0.413035352625,0.520613904649,-0.0462512251778,-0,0.00610865238198,0,0.0209439510239,0.00209439510239,-0.0011491571894,-0.0110670200682,-0.000395905863754,0.00583407705664,-0.00301843003912,0.0279845920519,-0.00343903998477,0.0167581689788,-0.0215672548085,-0.00179512179671,-0.000117634860936,-3.5068072645e-07,-1.6473569492,0.319042484188,-0.144230902852,-0.178970172102,-0.102116542326,0.028255333531,-1.26372783,0.211222281064,-0.0855919804507,-0.156515413291,-0.0335794736405,0.0282549828503,-0.31122,0.16884,-0.22165,0.0126,-0.1196,0.0014
1.104,1.104941484,2.454,1,-0.245062219296,0.277873828665,-1.65019820838,-0.566130230524,0.413027443037,0.520613904649,-0.0959931088597,-0,-0.00261799387799,-0.0010471975512,-0.00837758040957,0,-0.00115234410931,-0.0110678886164,-0.000399519912025,0.00583472930946,-0.00302775093776,0.0280633384312,-0.00344571478978,0.0167625981397,-0.0215682622749,-0.00179379982647,-0.000117654730008,-3.50596651172e-07,-0.945242008681,0.121770527286,-0.0432605262304,-0.138349712419,0.0297973952594,0.0292864130004,-1.23372783,0.181222281064,-0.0648287885053,-0.141515413291,-0.0185794736405,0.0292860624037,-0.378,0.16443,-0.19745,0.0038,-0.0658,0.0036
1.105,1.106163191,3.497,1,-0.245166482053,0.277873628928,-1.65019720969,-0.566130709893,0.413032716096,0.520614623702,-0.0994837673637,-0,-0.00523598775598,-0.00209439510239,-0.0188495559215,-0.0010471975512,-0.00115577857627,-0.0110507207706,-0.000405844708992,0.00583462654732,-0.00302241519304,0.0281648015955,-0.00345375784268,0.01676647974,-0.0215692102283,-0.00179255031652,-0.000117681974125,-3.50757312364e-07,-0.881811544942,0.0673174073176,-0.00135289011703,-0.126078105799,0.0549157251533,0.0307188648558,-1.20372783,0.151222281064,-0.0348287885053,-0.127870656116,-0.00357947364054,0.0307185140985,0.45108,0.18774,0.01375,-0.0232,0.177,-0.0206
1.106,1.107123332,3.447,1,-0.245233593712,0.277874028402,-1.65019700996,-0.566131668631,0.413033195465,0.520615103071,-0.0506145483078,0.000872664625997,0.00436332312999,0.0010471975512,0.0198967534727,0.00209439510239,-0.00115988868752,-0.0110571033721,-0.000410939221984,0.00583488137908,-0.00302258904235,0.0282313395828,-0.00346182141248,0.0167712935301,-0.0215704255251,-0.00179132401455,-0.000117710535355,-3.50220760735e-07,-1.58564843039,0.288948531121,-0.127061379553,-0.175107447592,-0.0883472578267,0.0267235956506,-1.23372783,0.181222281064,-0.0648287885053,-0.142870656116,-0.0185794736405,0.0267232454298,-0.02394,0.17451,-0.1496,0.013,-0.0534,-0.003
1.107,1.108187974,3.436,0,-0.245297110104,0.277875027087,-1.65020040549,-0.566134065476,0.413023608085,0.520614384018,-0.0767944870878,0.00174532925199,-0,-0.00209439510239,0.0010471975512,0,-0.00116353542825,-0.0110653400942,-0.000412900030826,0.00583657584365,-0.00303587611542,0.0282987966338,-0.00346845495148,0.0167744279222,-0.0215708458036,-0.00178991105011,-0.000117724305888,-3.50009899277e-07,-1.21050347921,0.1607292807,-0.0561713052855,-0.146075186626,-0.0115989681208,0.0304986441311,-1.21397193416,0.177503708623,-0.0777421510891,-0.147865097676,-0.0117166924267,0.0304982941212,-0.53739,0.15624,-0.25245,0.0092,-0.1312,0.011
1.108,1.109123317,3.431,1,-0.245402171809,0.277876624984,-1.65020020575,-0.566135743267,0.413026484299,0.520614384018,-0.109955742876,0.000872664625997,-0.00698131700798,-0.00418879020479,-0.0251327412287,-0.00314159265359,-0.00116713885299,-0.0110474389498,-0.00041738299537,0.00583766140543,-0.00303541307712,0.0284018306557,-0.00347579115863,0.0167779323699,-0.0215715323479,-0.00178858059255,-0.000117742504245,-3.49989626305e-07,-0.731152303834,0.0116882893255,0.0288059987973,-0.112132781631,0.0860079641681,0.0341509593776,-1.18397193416,0.147503708623,-0.0477421510891,-0.132865097676,0.00328330757334,0.034150609388,0.33264,0.2079,-0.00825,-0.0088,0.1718,-0.0288
1.109,1.110093864,4.233,1,-0.245480668483,0.277877823406,-1.65019860785,-0.56613694169,0.413029839882,0.520614863387,-0.0593411945678,0.000872664625997,0.00261799387799,-0.0010471975512,0.0125663706144,0.0010471975512,-0.00117142101067,-0.01104656605,-0.000422883543926,0.00583828722862,-0.0030325970558,0.0284782331273,-0.00348326892848,0.0167837642227,-0.0215731743958,-0.00178741424431,-0.000117772991888,-3.49824370205e-07,-1.45647428884,0.244216488229,-0.101127738217,-0.163836780226,-0.0606802445376,0.0293041357607,-1.21397193416,0.177503708623,-0.0777421510891,-0.147865097676,-0.0117166924267,0.0293037859363,0.18396,0.21546,-0.0649,-0.0104,0.0262,-0.012
1.11,1.111185429,3.47,1,-0.245537593551,0.277877224195,-1.65020140417,-0.566139338535,0.413018335026,0.520614144333,-0.0619591884458,-0,0.00349065850399,0,0.00837758040957,0.0010471975512,-0.00117497290081,-0.011058981466,-0.000425979814876,0.00584047025561,-0.00304538816621,0.0285400650365,-0.00349064723691,0.0167873218588,-0.0215739151121,-0.00178610856111,-0.000117796019312,-3.49569661226e-07,-1.41689159426,0.253703371384,-0.111735178685,-0.167385578976,-0.0556652784318,0.0287231556699,-1.24397193416,0.207503708623,-0.107742151089,-0.162865097676,-0.0267166924267,0.0287228061002,-0.54369,0.14112,-0.28545,0.0102,-0.1806,0.0146
1.111,1.112193499,3.376,1,-0.245635664458,0.277876425247,-1.65020280233,-0.566141495695,0.413016657234,0.520613664964,-0.112573736754,-0.000872664625997,-0.00785398163397,-0.00314159265359,-0.0261799387799,-0.00314159265359,-0.00117794296261,-0.0110454936867,-0.000430774066921,0.00584261418753,-0.00304818008455,0.0286382192481,-0.00349870738493,0.0167908877781,-0.0215745922363,-0.00178481693786,-0.00011781857674,-3.49568533662e-07,-0.695498374686,0.0275680810435,0.0171547931494,-0.115808343014,0.088531300215,0.0333954153918,-1.21397193416,0.177503708623,-0.0777421510891,-0.147865097676,-0.0117166924267,0.0333950658233,0.1134,0.18081,-0.055,0.0028,0.102,-0.0202
1.112,1.113187098,3.45,1,-0.245723748511,0.277876425247,-1.65020160391,-0.566143413171,0.413022169978,0.520614384018,-0.0689405054538,-0,-0,-0.00209439510239,0.0010471975512,0,-0.00118170750639,-0.0110386424021,-0.000436965567502,0.00584385076339,-0.0030428971207,0.0287228822214,-0.00350540366801,0.0167956763354,-0.0215759491623,-0.00178356652239,-0.000117843583341,-3.49439635645e-07,-1.31121962222,0.19508357771,-0.0698365792586,-0.152589816038,-0.0271200065186,0.0309335730855,-1.24397193416,0.207503708623,-0.0914125284209,-0.154373382561,-0.0267166924267,0.0309332236459,0.34776,0.20286,-0.02365,-0.0094,0.1084,-0.0128
1.113,1.114197111,3.442,1,-0.245781073054,0.277876624984,-1.65020360128,-0.566145810016,0.413012822282,0.520614384018,-0.0558505360638,-0,0.00523598775598,0,0.0167551608191,0.00209439510239,-0.00118556237669,-0.0110508358117,-0.000440154841162,0.00584533836997,-0.00305381082983,0.0287840366524,-0.00351288234459,0.0168002667573,-0.021577055458,-0.00178233377467,-0.000117872777147,-3.49134990435e-07,-1.50751497097,0.297583058346,-0.141213775819,-0.177075677045,-0.0790858939904,0.0280937111834,-1.27397193416,0.237503708623,-0.121412528421,-0.169373382561,-0.0417166924267,0.0280933620484,-0.48888,0.18207,-0.2717,0.0166,-0.1816,0.007
1.114,1.115186832,3.409,1,-0.24587375106,0.277877024458,-1.65020539891,-0.566147727492,0.413007309539,0.520614384018,-0.114319066006,-0,-0.00436332312999,-0.00209439510239,-0.0198967534727,-0.0010471975512,-0.00118883939988,-0.0110405600753,-0.000443725028392,0.00584637743508,-0.00306140519001,0.0288787941779,-0.00352027362015,0.0168035029656,-0.0215775153183,-0.00178098555065,-0.000117886314398,-3.49162464539e-07,-0.676906557479,0.0639467148516,-0.0219388260091,-0.127726229892,0.0779724322451,0.0309177393886,-1.24397193416,0.207503708623,-0.0914125284209,-0.154373382561,-0.0267166924267,0.0309173902262,-0.12726,0.20034,-0.1232,0.0006,0.0182,-0.0132
1.115,1.116192316,3.418,1,-0.245976216182,0.277877623669,-1.65020300207,-0.56614868623,0.413014739758,0.520615342756,-0.0881391272257,-0,-0.00174532925199,-0.00209439510239,-0.00733038285838,0,-0.00119270298521,-0.011024531087,-0.000450423192785,0.00584663874666,-0.00305371181662,0.0289772169898,-0.003526903655,0.0168066289474,-0.0215779499825,-0.00177957545163,-0.000117895595853,-3.48746609563e-07,-1.04065735325,0.142860744582,-0.0529042920251,-0.143536660525,0.0168934761953,0.0305140825731,-1.21397193416,0.177503708623,-0.0744822420077,-0.145316235977,-0.0117166924267,0.0305137338265,0.51849,0.20349,0.0143,-0.0142,0.1616,-0.02
1.116,1.117193259,3.41,1,-0.246033740462,0.277877623669,-1.6502026026,-0.566150603706,0.41301162386,0.520615103071,-0.0445058959259,-0,0.00698131700798,0,0.0230383461263,0.00209439510239,-0.0011969431877,-0.0110368428605,-0.000455503267326,0.00584859620541,-0.00305660472961,0.0290356309005,-0.0035351521087,0.0168125809115,-0.0215796462444,-0.00177847365526,-0.0001179400714,-3.48594086502e-07,-1.6640424153,0.340908697461,-0.163351202803,-0.185895001961,-0.1075749348,0.0285193537098,-1.24397193416,0.207503708623,-0.104482242008,-0.160316235977,-0.0267166924267,0.0285190051157,-0.28917,0.16947,-0.21945,0.0136,-0.1296,0.0068
1.117,1.118173783,3.443,1,-0.246107643182,0.277877423932,-1.65020459997,-0.566152521182,0.413003234902,0.520613664964,-0.0916297857297,-0,-0.00174532925199,-0.00209439510239,-0.00942477796077,-0.00209439510239,-0.00120044137239,-0.0110384858537,-0.000459124780911,0.00585115913129,-0.00306626669254,0.0291130500591,-0.00354262348827,0.016815917308,-0.0215802067643,-0.00177717521189,-0.00011795849812,-3.48823126113e-07,-0.992063057813,0.136012015707,-0.0525383474412,-0.140883851988,0.0249518054977,0.0326196278604,-1.21397193416,0.177503708623,-0.0744822420077,-0.145316235977,-0.0117166924267,0.0326192790373,-0.37422,0.15624,-0.19085,-0.0056,-0.068,-0.0036
1.118,1.119192636,3.422,1,-0.246212105676,0.277877623669,-1.65020280233,-0.566153959289,0.413008507961,0.52061342528,-0.10035643199,-0,-0.00436332312999,-0.00209439510239,-0.0188495559215,-0.0010471975512,-0.00120406954115,-0.011021091248,-0.000465563674103,0.00585298137099,-0.00306076280978,0.0292143786264,-0.00354929173297,0.0168190898585,-0.0215806928622,-0.00177579045343,-0.000117967901414,-3.48399803933e-07,-0.860515947794,0.0814716891403,-0.017957469872,-0.131748086189,0.0561507069395,0.0309924797213,-1.18397193416,0.147503708623,-0.0444822420077,-0.133523876643,0.00328330757334,0.0309921313215,0.48195,0.20475,0.01375,-0.0078,0.1776,-0.0128
1.119,1.120193829,3.445,1,-0.246277819176,0.277877823406,-1.65020200338,-0.566155876765,0.413008747646,0.520613664964,-0.0488692190558,-0,0.00523598775598,0,0.0198967534727,0.0010471975512,-0.00120827489521,-0.0110282972784,-0.000471032529053,0.00585453232636,-0.00306057225391,0.0292793053975,-0.0035567504355,0.0168239862437,-0.0215820940915,-0.00177460431522,-0.000117997414581,-3.48060702809e-07,-1.59997291874,0.315779377322,-0.147699685303,-0.1804192027,-0.0929304316962,0.0292073629046,-1.21397193416,0.177503708623,-0.0744822420077,-0.148523876643,-0.0117166924267,0.0292070148439,-0.05796,0.16128,-0.14355,0.0048,-0.0556,-0.0036
1.12,1.121190027,3.415,1,-0.246339338197,0.277878023143,-1.65020499944,-0.566158992663,0.412997722159,0.52061342528,-0.0741764932098,-0,-0,-0.00209439510239,-0,0.0010471975512,-0.00121188724083,-0.0110377237561,-0.000473573086666,0.00585665691336,-0.00307408131233,0.0293452382593,-0.00356422667421,0.0168273276534,-0.0215826665002,-0.00177330687002,-0.000118020687301,-3.4807238173e-07,-1.23656084213,0.192127525637,-0.0761712317886,-0.154804822612,-0.0170183429063,0.0299327737237,-1.24012506881,0.207503708623,-0.0977538982888,-0.156578129482,-0.0171363635936,0.0299324256513,-0.5292,0.15561,-0.2508,0.0104,-0.1398,0.0112
1.121,1.122195747,3.416,1,-0.246440005686,0.277879021829,-1.65020539891,-0.566161389508,0.413001557111,0.520613904649,-0.10908307825,-0,-0.00785398163397,-0.00314159265359,-0.0230383461263,-0.00209439510239,-0.00121536552635,-0.0110227030383,-0.000478258572037,0.00585793644955,-0.00307292266406,0.029443147494,-0.00357103763331,0.0168315864127,-0.0215835670963,-0.00177201959661,-0.000118041020133,-3.4803209586e-07,-0.73904173358,0.0320158028298,0.0140170297917,-0.119863701105,0.0826590148059,0.0322449097912,-1.21012506881,0.177503708623,-0.0677538982888,-0.141578129482,-0.0021363635936,0.0322445617591,0.28224,0.22806,-0.01155,0.0018,0.1596,-0.0204
1.122,1.123192713,3.488,1,-0.246518302622,0.277879820777,-1.65020459997,-0.5661630673,0.413006590485,0.520615103071,-0.0610865238198,-0,0.00174532925199,-0.0010471975512,0.0125663706144,0.0010471975512,-0.00121948183687,-0.0110220621017,-0.000483837641916,0.00585820905857,-0.00306913556792,0.0295183441919,-0.00357850947349,0.0168361616458,-0.0215846848342,-0.00177079029588,-0.000118061018346,-3.4774898074e-07,-1.4261643105,0.254859226157,-0.111468343003,-0.167690140475,-0.0569349756575,0.0293965768659,-1.24012506881,0.207503708623,-0.0977538982888,-0.156578129482,-0.0171363635936,0.0293962291169,0.21168,0.20286,-0.07205,-0.005,0.0366,-0.0086
1.123,1.124152197,3.467,1,-0.246573829531,0.277879421303,-1.6502079955,-0.566164984776,0.412996763421,0.520614863387,-0.0610865238198,-0,0.00261799387799,0,0.0115191730632,0.0010471975512,-0.00122311337233,-0.0110354626267,-0.000486854038623,0.00585930754455,-0.00308113909221,0.0295781056626,-0.00358594435017,0.0168394483178,-0.0215852150866,-0.00176946964245,-0.000118079627139,-3.47558572275e-07,-1.425594153,0.262456974354,-0.119108934268,-0.171052501939,-0.057758589047,0.028630066862,-1.27012506881,0.237503708623,-0.127753898289,-0.171578129482,-0.0321363635936,0.0286297193034,-0.53487,0.12789,-0.275,0.0122,-0.1856,0.0072
1.124,1.125197154,3.338,1,-0.246671500964,0.277879221566,-1.65020979313,-0.566166183198,0.412996044367,0.520614623702,-0.114319066006,-0,-0.00785398163397,-0.00314159265359,-0.0240855436775,-0.00314159265359,-0.0012262556344,-0.0110222678214,-0.000491408409123,0.00586011560936,-0.00308386456332,0.0296757119317,-0.00359279806249,0.0168437595925,-0.0215861717747,-0.00176820769405,-0.000118104824691,-3.47510337342e-07,-0.666413739657,0.0266091181841,0.0105614834224,-0.118571603748,0.0922376536819,0.0332862147244,-1.24012506881,0.207503708623,-0.0977538982888,-0.156578129482,-0.0171363635936,0.033285867214,0.06174,0.18585,-0.0638,-0.0166,0.089,-0.0222
1.125,1.126190947,3.365,0,-0.246761382651,0.277879221566,-1.65020839497,-0.566167381621,0.413003953956,0.520614623702,-0.0741764932098,-0,-0,0,0.00209439510239,0,-0.00123011493739,-0.0110143750904,-0.000498113376883,0.00586148941476,-0.00307617527064,0.0297612255158,-0.00360027129358,0.016847093051,-0.0215867508733,-0.0017669119982,-0.000118123527531,-3.47310143e-07,-1.23497670166,0.205159569714,-0.088583382311,-0.159591021336,-0.0198665493216,0.0290857723274,-1.23857697295,0.222006662765,-0.110170133184,-0.161357933335,-0.0199846728491,0.0290854250173,0.37044,0.23121,-0.01485,-0.0086,0.1194,-0.0116
1.126,1.127192355,3.467,1,-0.246819106667,0.277878822092,-1.65021059208,-0.566169538781,0.41299724279,0.520613904649,-0.0532325421858,-0,0.00523598775598,0,0.0188495559215,0.0010471975512,-0.00123390001808,-0.0110264715829,-0.000501965321471,0.00586359336492,-0.00308437787617,0.0298215446675,-0.00360708772574,0.0168513559554,-0.0215876679033,-0.00176562642885,-0.000118148769218,-3.4705708798e-07,-1.5372392801,0.313138209099,-0.152919204871,-0.181470461912,-0.084236833991,0.0292385097565,-1.26857697295,0.252006662765,-0.140170133184,-0.176357933335,-0.0349846728491,0.0292381626994,-0.44982,0.13797,-0.2629,0.0092,-0.1708,0.0132
1.127,1.128019566,3.386,1,-0.246907390458,0.277878422618,-1.65021318866,-0.566172175311,0.412991969731,0.520612706226,-0.10908307825,-0,-0.00523598775598,-0.00314159265359,-0.0167551608191,-0.00314159265359,-0.00123698777437,-0.0110190573249,-0.000505705113993,0.00586649241566,-0.0030919256299,0.029911535248,-0.00361466169924,0.0168557223772,-0.0215886098525,-0.00176440341248,-0.000118173602336,-3.47028482838e-07,-0.743922549498,0.0749385830914,-0.0248507729796,-0.128538477699,0.069651225436,0.0338966205194,-1.23857697295,0.222006662765,-0.110170133184,-0.161357933335,-0.0199846728491,0.0338962734909,-0.15309,0.17262,-0.1397,-0.0012,-0.007,-0.0078
1.128,1.129183839,3.494,1,-0.247006859524,0.277879021829,-1.65021199024,-0.566174572156,0.412999160266,0.520612945911,-0.0898844564777,-0,-0.00349065850399,-0.00314159265359,-0.010471975512,0,-0.00124068925684,-0.011004923946,-0.000511749371377,0.00586851311467,-0.00308591841221,0.0300065750112,-0.00362213144349,0.0168590485331,-0.0215891909903,-0.00176310867496,-0.000118187668148,-3.46611856381e-07,-1.00595395593,0.123290552956,-0.0397755644178,-0.140886142415,0.0291440718452,0.031199088967,-1.20857697295,0.192006662765,-0.0801701331843,-0.146357933335,-0.00498467284909,0.0311987423552,0.45927,0.19845,0.0099,-0.0098,0.1686,-0.0142
1.129,1.130202797,3.41,1,-0.247069177494,0.277879221566,-1.65021278919,-0.56617744837,0.412996044367,0.520613185595,-0.0497418836818,-0,0.00523598775598,0,0.0219911485751,0.0010471975512,-0.00124470734538,-0.0110141525304,-0.000516134316353,0.00587053415376,-0.00309038572141,0.0300694442507,-0.00362825870992,0.0168632893771,-0.0215901708856,-0.00176181075052,-0.00011820400888,-3.46563398248e-07,-1.5856897959,0.326042545104,-0.159125158803,-0.184173512817,-0.0931895481273,0.0292834281962,-1.23857697295,0.222006662765,-0.110170133184,-0.161357933335,-0.0199846728491,0.0292830816328,-0.26586,0.18522,-0.20515,0.013,-0.121,-0.0072
1.13,1.131039177,3.4,1,-0.247146276007,0.277879221566,-1.65021638445,-0.566179845215,0.412986456988,0.520613185595,-0.0951204442337,-0,-0.00261799387799,-0.00314159265359,-0.00628318530718,0,-0.00124796590717,-0.011013702785,-0.000518828229014,0.00587165870668,-0.00310292749643,0.0301504875319,-0.00363577551121,0.0168666742971,-0.0215908103861,-0.00176054141027,-0.000118227654249,-3.46584071109e-07,-0.94223771374,0.138166125202,-0.060110884037,-0.14401041414,0.0298599348659,0.0313854552627,-1.20857697295,0.192006662765,-0.0817016944231,-0.146357933335,-0.00498467284909,0.0313851086786,-0.3528,0.14049,-0.209,-0.0088,-0.092,-0.0062
1.131,1.132201858,3.412,1,-0.247251537449,0.277879221566,-1.65021618472,-0.566181762691,0.412991730046,0.52061342528,-0.102974425868,-0,-0.00698131700798,-0.0010471975512,-0.0198967534727,-0.0010471975512,-0.00125130336164,-0.0109958352744,-0.000524697007589,0.00587311671815,-0.0030988841169,0.030252443356,-0.00364335488277,0.016871045062,-0.0215917663755,-0.00175931955331,-0.000118257370379,-3.46116465701e-07,-0.817481976809,0.0630195416821,-0.00645111275788,-0.1312752524,0.0680674401306,0.0295590181606,-1.17857697295,0.162006662765,-0.0517016944231,-0.133034571953,0.0100153271509,0.0295586720442,0.46431,0.18459,0.0121,-0.002,0.182,-0.026
1.132,1.133177482,3.46,1,-0.247321645165,0.27787962104,-1.65021618472,-0.566183919851,0.412993647522,0.52061342528,-0.0523598775598,-0,0.00349065850399,-0.0010471975512,0.0188495559215,0.00209439510239,-0.00125539398814,-0.0110003034144,-0.000529899514155,0.00587490953897,-0.00309828220391,0.0303208381198,-0.00365029923938,0.0168751278793,-0.0215925391607,-0.00175806494171,-0.000118273280228,-3.4633119284e-07,-1.54399839457,0.299513137074,-0.139562402199,-0.179158145457,-0.0806402676889,0.0288332811667,-1.20857697295,0.192006662765,-0.0817016944231,-0.148034571953,-0.00498467284909,0.0288329348355,-0.03717,0.21735,-0.12705,0.0032,-0.029,0.003
1.133,1.133966803,3.564,1,-0.247384362609,0.277879221566,-1.65021977998,-0.566186556381,0.412983341089,0.520612706226,-0.0741764932098,-0,0.000872664625997,-0.00209439510239,0.00418879020479,0,-0.001258864305,-0.0110090424768,-0.000532774169657,0.00587707367645,-0.00311107919641,0.0303877773212,-0.00365782948787,0.0168781912735,-0.0215928949644,-0.0017567523599,-0.000118287432116,-3.46184252201e-07,-1.23335737857,0.218140862517,-0.100905074246,-0.161240034579,-0.0226552220812,0.0312674481676,-1.23701520806,0.222006662765,-0.111701694423,-0.162996786939,-0.0199846728491,0.0312671019833,-0.5355,0.13041,-0.26015,0.0074,-0.1554,0.0068
1.134,1.135198391,3.427,1,-0.247490622736,0.277879421303,-1.65022057893,-0.566188713541,0.41298549825,0.520612706226,-0.114319066006,-0,-0.00785398163397,-0.00314159265359,-0.0240855436775,-0.00209439510239,-0.00126205674956,-0.0109903902099,-0.000537767775663,0.00587867510561,-0.00311095803884,0.0304922027481,-0.00366468633302,0.0168824983263,-0.0215938743132,-0.00175549377381,-0.000118312971289,-3.4571147148e-07,-0.658222010522,0.0320172662859,0.00398569185386,-0.122583887427,0.0936517320119,0.032329020269,-1.20701520806,0.192006662765,-0.0817016944231,-0.147996786939,-0.00498467284909,0.0323286745575,0.26334,0.20097,-0.01595,-0.0112,0.137,-0.022
1.135,1.136194759,3.416,1,-0.247573114151,0.277880220251,-1.65021938051,-0.566191589755,0.412990771308,0.52061342528,-0.0628318530718,-0,0.00174532925199,-0.00209439510239,0.00942477796077,0.00209439510239,-0.00126614350386,-0.0109870040423,-0.00054351481468,0.00588061021266,-0.00310685301992,0.0305710562761,-0.0036715815092,0.0168868524075,-0.0215948999814,-0.00175426013815,-0.000118338567339,-3.45674448616e-07,-1.38819825827,0.250031990013,-0.112570910706,-0.169446397674,-0.0479859355528,0.0294131919648,-1.23701520806,0.222006662765,-0.111701694423,-0.162996786939,-0.0199846728491,0.0294128462903,0.27468,0.21168,-0.0616,-0.007,0.059,0.0028
1.136,1.137195726,3.402,1,-0.24762864106,0.277880419988,-1.65022237657,-0.566195185023,0.412981902982,0.52061342528,-0.0575958653158,-0,0.00349065850399,-0.0010471975512,0.0136135681656,0,-0.00126994484446,-0.0110003428184,-0.000546326582709,0.00588295935243,-0.00311857801924,0.030629751304,-0.003678427106,0.0168898996029,-0.0215953233571,-0.00175293498436,-0.000118348565064,-3.4550788707e-07,-1.4647524643,0.28385349115,-0.135171892919,-0.175546080187,-0.0653846261599,0.0309510600512,-1.26701520806,0.252006662765,-0.141701694423,-0.177299015171,-0.0349846728491,0.0309507145433,-0.54999,0.14364,-0.2728,0.018,-0.1776,0.0024
1.137,1.138205994,3.507,1,-0.247723316437,0.277880419988,-1.65022457367,-0.566198540606,0.412980464875,0.520613904649,-0.10908307825,-0,-0.00785398163397,-0.00523598775598,-0.0230383461263,-0.00209439510239,-0.00127305323875,-0.0109889591764,-0.00055034132886,0.00588486988881,-0.0031229538485,0.0307239683921,-0.00368531530835,0.0168929998861,-0.0215957979683,-0.00175163440012,-0.00011836336657,-3.45328825625e-07,-0.727929792219,0.0364569700395,0.00773674855308,-0.121388548041,0.0855550483406,0.0342929047386,-1.23701520806,0.222006662765,-0.111701694423,-0.162299015171,-0.0199846728491,0.0342925594098,0.0819,0.17451,-0.0748,-0.0088,0.0778,-0.0208
1.138,1.139203221,3.391,0,-0.247813597598,0.277880819463,-1.65022337525,-0.566200937451,0.412987895094,0.520615103071,-0.0750491578358,-0,-0.000872664625997,-0.00209439510239,-0,0,-0.00127694044202,-0.0109807197892,-0.00055661941609,0.00588599642037,-0.00311650467107,0.0308097018198,-0.00369295193848,0.0168971007382,-0.0215965279613,-0.00175039545223,-0.00011838850266,-3.45136203052e-07,-1.21083711034,0.194033316522,-0.0819343817326,-0.157439752207,-0.0114145407702,0.0309333649329,-1.21453006228,0.210930417261,-0.103530909694,-0.159190147659,-0.0115329292728,0.0309330197967,0.4095,0.19215,-0.0055,-0.011,0.1268,-0.0174
1.139,1.14019166,3.468,1,-0.247870522666,0.2778810192,-1.65022557236,-0.566204053349,0.412982142667,0.520614863387,-0.0523598775598,-0,0.00610865238198,0,0.0209439510239,0.0010471975512,-0.00128088796949,-0.0109932992455,-0.000560171688633,0.00588836557396,-0.00312465892386,0.030868407382,-0.00369990331934,0.016901186227,-0.0215973210251,-0.0017491433217,-0.000118409407613,-3.45143136917e-07,-1.5419268884,0.334069650512,-0.172487667372,-0.188138311534,-0.0883305226669,0.0295509607111,-1.24453006228,0.240930417261,-0.133530909694,-0.174190147659,-0.0265329292728,0.0295506155679,-0.43344,0.18144,-0.2607,0.0182,-0.1628,0.002
1.14,1.141196559,3.481,1,-0.247955211188,0.2778810192,-1.65022876815,-0.566207169247,0.412976390239,0.520613664964,-0.103847090494,-0,-0.00523598775598,-0.00418879020479,-0.0157079632679,-0.00209439510239,-0.00128406522271,-0.0109881328571,-0.000563389879395,0.00589146608524,-0.0031336887479,0.0309548713496,-0.0037068005326,0.0169055378916,-0.021598357631,-0.00174791134189,-0.000118435182927,-3.44894017369e-07,-0.805942729378,0.0868331401983,-0.0296681112884,-0.133010644653,0.0625601679634,0.0339452011165,-1.21453006228,0.210930417261,-0.103530909694,-0.159190147659,-0.0115329292728,0.0339448562224,-0.18144,0.15498,-0.14245,-0.0034,-0.0142,-0.0082
1.141,1.142203729,3.391,1,-0.248054680255,0.277881218937,-1.65022776947,-0.566209086723,0.412984060143,0.520613185595,-0.0890117918517,-0,-0.00349065850399,-0.00314159265359,-0.010471975512,-0.0010471975512,-0.00128772759065,-0.0109740420203,-0.000569808943226,0.00589382217643,-0.00312698268419,0.0310498380644,-0.00371447634951,0.0169096847855,-0.0215991384005,-0.00174669773428,-0.000118460451186,-3.44693930122e-07,-1.00839232402,0.131368645323,-0.0479692563243,-0.144006057887,0.0295790466968,0.0323721079533,-1.18453006228,0.180930417261,-0.073530909694,-0.145752755621,0.00346707072719,0.0323717632594,0.46746,0.19152,0.01045,-0.0146,0.1622,-0.0126
1.142,1.143202001,3.471,1,-0.248116598751,0.2778810192,-1.65022836868,-0.566211243884,0.412983341089,0.520612706226,-0.0488692190558,-0,0.00523598775598,0,0.0230383461263,0.0010471975512,-0.00129181900551,-0.0109836583117,-0.000574957841151,0.00589607143272,-0.00312864891299,0.0311113611767,-0.00372142145855,0.0169125157595,-0.0215993824101,-0.00174537910786,-0.000118470610242,-3.44561331628e-07,-1.58975184894,0.336716667252,-0.169317964607,-0.18868228358,-0.094173712617,0.0294120611571,-1.21453006228,0.210930417261,-0.103530909694,-0.160752755621,-0.0115329292728,0.0294117165958,-0.2079,0.18837,-0.187,0.0106,-0.0988,0.006
1.143,1.144198348,3.406,1,-0.248188903574,0.277880419988,-1.65023136474,-0.566214359782,0.412975191816,0.520612226857,-0.0907571211037,-0,-0.000872664625997,-0.00314159265359,-0.00418879020479,0,-0.00129517267697,-0.0109863221889,-0.000578457382954,0.00589862502131,-0.00313892803462,0.0311866436684,-0.00372756775646,0.0169158587283,-0.0216001673875,-0.00174408694906,-0.000118481451922,-3.44335815615e-07,-0.993698656705,0.170039949541,-0.0847702726776,-0.153072856896,0.0186044358675,0.0319062437913,-1.18453006228,0.186955808269,-0.106370440065,-0.154816943845,0.00346707072719,0.0319058994554,-0.38619,0.14049,-0.21175,0.001,-0.0944,0.0028
1.144,1.145199643,3.363,1,-0.248295163702,0.277880419988,-1.65023096526,-0.566216996312,0.412981183929,0.520612945911,-0.106465084372,-0,-0.00610865238198,-0.00314159265359,-0.0178023583703,0,-0.00129852509312,-0.0109678022686,-0.000584504839943,0.00590031425538,-0.0031342204442,0.0312889903724,-0.0037345636786,0.0169199951788,-0.0216010201623,-0.00174286087428,-0.000118507307689,-3.44339727647e-07,-0.764346457297,0.0757751247047,-0.0245875031082,-0.134858849529,0.0712162753635,0.0307400694363,-1.15453006228,0.156955808269,-0.0763704400651,-0.139816943845,0.0184670707272,0.0307397250966,0.42399,0.18459,0.0044,-0.0032,0.1674,-0.0174
1.145,1.146209593,3.446,1,-0.248366669577,0.277880419988,-1.65023076552,-0.566219632841,0.412983820458,0.520614384018,-0.0541052068118,-0,0.00349065850399,-0.0010471975512,0.0178023583703,0.00314159265359,-0.00130257634598,-0.0109713885311,-0.000590167326629,0.00590125049002,-0.00313249906059,0.0313582607022,-0.0037422623855,0.0169238317692,-0.0216015286636,-0.00174160470494,-0.000118532622345,-3.44197851527e-07,-1.51022047741,0.30245553134,-0.147132012397,-0.183422210731,-0.0749925357662,0.0279109034148,-1.18453006228,0.186955808269,-0.106370440065,-0.154816943845,0.00346707072719,0.0279105592169,0.01701,0.1827,-0.11935,0.0022,-0.0208,0.0022
1.146,1.147186999,3.369,1,-0.248430185969,0.277880619725,-1.65023436079,-0.566222509055,0.412974472763,0.520615103071,-0.0741764932098,-0,-0,-0.0010471975512,0.00523598775598,0.00209439510239,-0.00130621214667,-0.0109796050698,-0.000592836087064,0.00590206189461,-0.00314508096109,0.031425435926,-0.0037492293263,0.0169275934832,-0.0216020463288,-0.0017403106441,-0.000118544193967,-3.43823010441e-07,-1.22668988198,0.222342528617,-0.106209816022,-0.167467698613,-0.0210073653905,0.0281487024764,-1.21453006228,0.216955808269,-0.12781186235,-0.169208009257,-0.0115329292728,0.0281483586534,-0.54747,0.16632,-0.24585,0.0138,-0.1546,0.0096
1.147,1.148201227,3.439,1,-0.248536446096,0.2778810192,-1.65023575895,-0.5662249059,0.412976629923,0.520615822125,-0.116937059884,-0,-0.00785398163397,-0.00418879020479,-0.0251327412287,-0.00209439510239,-0.00130938063168,-0.0109609375147,-0.00059750619657,0.00590297662411,-0.00314578084895,0.0315297753539,-0.0037555412375,0.0169317135146,-0.021602966357,-0.0017390716274,-0.00011856588865,-3.43583410847e-07,-0.612575061964,0.0321422301594,-0.00221757034374,-0.124051266368,0.101038340718,0.033398062295,-1.18453006228,0.186955808269,-0.0978118623504,-0.154208009257,0.00346707072719,0.0333977187116,0.23688,0.19152,-0.02585,-0.0138,0.1482,-0.0252
1.148,1.149163085,3.426,1,-0.248617739089,0.277881218937,-1.65023535948,-0.566226823376,0.412982142667,0.520616780863,-0.0584685299418,-0,-0,-0.0010471975512,0.00942477796077,0.0010471975512,-0.00131335652485,-0.0109583950963,-0.000603512896011,0.0059037572561,-0.00314145107461,0.0316076447427,-0.00376247695967,0.016934861388,-0.0216035133888,-0.0017377996404,-0.000118585871833,-3.43639768574e-07,-1.43884675719,0.248350969298,-0.106199911853,-0.171346064702,-0.0497355550854,0.0292525578027,-1.21453006228,0.216955808269,-0.127803425242,-0.169208009257,-0.0115329292728,0.0292522141629,0.32949,0.18459,-0.0572,-0.0066,0.0596,-0.0072
1.149,1.150205274,3.478,1,-0.248668672045,0.277880619725,-1.65023875501,-0.566230658328,0.41297327434,0.520616061809,-0.0514872129338,-0.000872664625997,0.00261799387799,-0.0010471975512,0.0136135681656,0,-0.00131709141568,-0.010974706003,-0.000606720428865,0.00590713433942,-0.00315283941031,0.0316616626333,-0.00377014909379,0.0169377507839,-0.0216037554769,-0.00173652178305,-0.000118600600575,-3.43536428502e-07,-1.53908403736,0.30131519623,-0.140231999359,-0.180639082489,-0.0734549491482,0.03108887647,-1.24453006228,0.246955808269,-0.157803425242,-0.182375604272,-0.0265329292728,0.0310885329336,-0.53928,0.17514,-0.26785,0.0202,-0.1806,0.0098
1.15,1.151195781,3.421,1,-0.248755957149,0.277880220251,-1.65024115185,-0.566234013911,0.41297111718,0.520615342756,-0.10471975512,-0,-0.00698131700798,-0.00523598775598,-0.0230383461263,-0.00314159265359,-0.00132029316675,-0.0109680271358,-0.000610941297634,0.00591029007567,-0.00315764260136,0.0317488473597,-0.00377649638416,0.0169419104453,-0.0216047210425,-0.0017353080074,-0.000118617688102,-3.43289991462e-07,-0.777710651238,0.055660119659,-0.00562852373079,-0.126954157362,0.0787356662511,0.0356650063642,-1.21453006228,0.216955808269,-0.127803425242,-0.167375604272,-0.0115329292728,0.0356646630742,-0.01071,0.17955,-0.08855,-0.0106,0.0656,-0.0158
1.151,1.152016179,4.412,0,-0.248845838836,0.277880220251,-1.65024015317,-0.56623712981,0.412978787084,0.520615342756,-0.0750491578358,-0,-0.00174532925199,-0.00314159265359,-0,0,-0.00132408982543,-0.0109600432147,-0.00061741921797,0.00591332106215,-0.0031509651464,0.0318338098559,-0.00378277239167,0.0169459807695,-0.0216056051641,-0.0017340462426,-0.000118639508641,-3.43074430079e-07,-1.20344387974,0.191734102027,-0.0812883455705,-0.158008020965,-0.0077091045314,0.0318389360156,-1.20722665213,0.208680082797,-0.102893950735,-0.159742067207,-0.00782774404004,0.0318385929412,0.45612,0.18396,-0.0022,-0.0082,0.1236,-0.0098
1.152,1.153189368,3.446,1,-0.248898169951,0.277880419988,-1.65024235027,-0.566240964762,0.412974712447,0.520615103071,-0.0445058959259,-0,0.00436332312999,-0.0010471975512,0.0219911485751,0,-0.00132817433031,-0.0109756118304,-0.000621142415971,0.00591637126738,-0.00315781049871,0.031886831699,-0.00379052938784,0.0169495466648,-0.0216058868298,-0.00173277288109,-0.000118660276965,-3.42984090297e-07,-1.64184201888,0.333966561845,-0.161705017382,-0.187688212472,-0.0960847464604,0.0313441310035,-1.23722665213,0.238680082797,-0.132893950735,-0.174742067207,-0.02282774404,0.0313437880194,-0.41895,0.16065,-0.2387,0.015,-0.1586,-0.0012
1.153,1.154048054,3.442,1,-0.248975268465,0.277880819463,-1.65024594554,-0.566245039398,0.412970877495,0.520614863387,-0.0977384381117,-0,-0.00523598775598,-0.00418879020479,-0.0125663706144,0,-0.0013315419711,-0.0109753572236,-0.000624085460173,0.00591923472215,-0.00316612816021,0.0319644116753,-0.00379761868708,0.0169534526755,-0.0216065562852,-0.00173155422504,-0.000118676932996,-3.42806277314e-07,-0.885413886016,0.107478819325,-0.040311399264,-0.1411963393,0.050617083223,0.0320053550529,-1.20722665213,0.208680082797,-0.102893950735,-0.159742067207,-0.00782774404004,0.0320050122466,-0.25956,0.18711,-0.1573,0.0012,-0.0146,-0.0016
1.154,1.155202412,3.406,1,-0.249075336743,0.277881618411,-1.65024594554,-0.566248394981,0.412982142667,0.520615822125,-0.0925024503557,-0,-0.00523598775598,-0.00418879020479,-0.00733038285838,0,-0.00133513351421,-0.0109610184202,-0.00062991265829,0.00592114327341,-0.00315815442532,0.0320576747903,-0.00380459584813,0.0169566444549,-0.0216071598979,-0.00173030848721,-0.000118697175745,-3.42638705086e-07,-0.960810852787,0.12629583406,-0.0484681230948,-0.144395756647,0.0360459219632,0.0320316897877,-1.17722665213,0.178680082797,-0.0728939507347,-0.146126065134,0.00717225595996,0.032031347149,0.43344,0.21231,0.0176,-0.0102,0.1764,-0.0194
1.155,1.156201526,3.456,1,-0.24913985182,0.277881218937,-1.65024814265,-0.566251990249,0.412982142667,0.520616061809,-0.0514872129338,-0,0.00349065850399,-0.00209439510239,0.0230383461263,0.00209439510239,-0.00133887114262,-0.0109690222357,-0.000634432315296,0.00592366558729,-0.00316086606092,0.0321209294234,-0.00381092883649,0.0169604456171,-0.0216078108422,-0.00172902807176,-0.000118714326828,-3.42243535993e-07,-1.54869032526,0.321954291364,-0.160608599663,-0.186294065496,-0.0844281552671,0.0300360026509,-1.20722665213,0.208680082797,-0.102893950735,-0.161126065134,-0.00782774404004,0.0300356604074,-0.12852,0.15687,-0.18535,0.0036,-0.1034,0.005
1.156,1.157202426,3.331,1,-0.249210758484,0.277879820777,-1.65025313608,-0.56625630457,0.412974952132,0.520616061809,-0.0907571211037,-0.000872664625997,-0.00261799387799,-0.00314159265359,-0.00314159265359,0,-0.00134177818048,-0.0109727001249,-0.000637543066711,0.00592656424042,-0.00317173061052,0.0321939131889,-0.00381723840206,0.0169633072052,-0.021608193618,-0.00172772501042,-0.000118725522035,-3.42103223196e-07,-0.990382306936,0.177227270981,-0.0885387657861,-0.155749554202,0.0199521743414,0.0318553742678,-1.17722665213,0.194190578186,-0.110146959404,-0.157477279213,0.00717225595996,0.0318550321646,-0.4536,0.15813,-0.2145,0.0064,-0.1014,0.0116
1.157,1.158105485,4.017,1,-0.249317218349,0.277879021829,-1.65025473397,-0.566260139522,0.412982142667,0.520616541178,-0.108210413624,-0.000872664625997,-0.00785398163397,-0.00523598775598,-0.0178023583703,-0.00209439510239,-0.00134462845786,-0.0109541828561,-0.000643223719951,0.00592932653627,-0.00316741570656,0.0322954376846,-0.00382501979156,0.0169672315507,-0.0216088151813,-0.00172652207457,-0.00011875136367,-3.42185482915e-07,-0.735845750261,0.0747352847086,-0.0235150014499,-0.131536278784,0.0773886883099,0.0347013287279,-1.14722665213,0.164190578186,-0.0801469594041,-0.142477279213,0.02217225596,0.0347009865424,0.40257,0.20223,0.00055,-0.0124,0.1726,-0.02
1.158,1.15920677,3.595,1,-0.249392319492,0.277878622355,-1.65025553292,-0.566264214158,0.412986456988,0.520616780863,-0.0567232006898,-0,0.00174532925199,-0.00209439510239,0.0188495559215,0.0010471975512,-0.00134835243788,-0.0109555534744,-0.000648748472263,0.00593264970738,-0.00316516525894,0.0323669578558,-0.00383215459793,0.0169711878369,-0.0216095436651,-0.00172532970864,-0.000118772984774,-3.42228778995e-07,-1.47076143057,0.293226490177,-0.143260062719,-0.180181988267,-0.0670074315013,0.0307361001612,-1.17722665213,0.194190578186,-0.110146959404,-0.157477279213,0.00717225595996,0.0307357579324,0.09324,0.17136,-0.11495,0.0044,-0.0162,-0.0022
1.159,1.16020946,3.465,1,-0.249451841142,0.277878422618,-1.65025952766,-0.566269487217,0.412979026768,0.520615822125,-0.0689405054538,-0,0.000872664625997,-0.00314159265359,0.00733038285838,0,-0.00135187176636,-0.0109663829297,-0.000651456530153,0.00593734858036,-0.00317662233915,0.032428340827,-0.00383852086602,0.0169737806355,-0.0216096909579,-0.00172400768401,-0.000118779484861,-3.41906639725e-07,-1.29199848235,0.243460241415,-0.118978654153,-0.169561907702,-0.0312118563356,0.0325397946606,-1.20722665213,0.224190578186,-0.140146959404,-0.171285915386,-0.00782774404004,0.0325394527539,-0.58779,0.14238,-0.26235,0.0098,-0.159,0.0112
1.16,1.161205676,3.413,1,-0.249553507317,0.277879021829,-1.65026072609,-0.566274760276,0.412982382351,0.520615103071,-0.110828407502,-0,-0.00785398163397,-0.00733038285838,-0.0219911485751,-0.00314159265359,-0.00135509904119,-0.0109506090086,-0.000655946535476,0.00594234606349,-0.00317691607558,0.0325264805794,-0.00384491925573,0.016978565137,-0.0216106661137,-0.00172277644648,-0.000118802849397,-3.41480624775e-07,-0.691910407985,0.0466763618937,-0.00688418587048,-0.12417626713,0.0902880538427,0.037535010569,-1.17722665213,0.194190578186,-0.110146959404,-0.156285915386,0.00717225595996,0.0375346690884,0.26586,0.20286,-0.0242,-0.0074,0.1282,-0.0196
1.161,1.162204452,3.428,1,-0.249635998731,0.277880020514,-1.65025932793,-0.566279314281,0.412990531624,0.520615103071,-0.0637045176978,-0,0.000872664625997,-0.00314159265359,0.00942477796077,0.0010471975512,-0.00135928810941,-0.0109472636384,-0.000661930828581,0.00594657072463,-0.00317069829296,0.0326033096853,-0.00385123634195,0.0169814294534,-0.0216110636716,-0.00172147546274,-0.000118818987645,-3.41576112985e-07,-1.36164811661,0.254447242626,-0.121190269576,-0.172782802826,-0.0414782293216,0.0315552480176,-1.20722665213,0.224190578186,-0.140146959404,-0.171285915386,-0.00782774404004,0.0315549064415,0.28224,0.22113,-0.04015,0.0034,0.0634,-0.0036
1.162,1.163205732,3.409,1,-0.249690926429,0.277880419988,-1.65026212425,-0.566283868287,0.412985018881,0.520614863387,-0.0558505360638,-0,0.00436332312999,-0.00209439510239,0.0167551608191,0.0010471975512,-0.00136328022334,-0.0109610699987,-0.000665114631329,0.00595006544213,-0.0031797313809,0.0326593937586,-0.00385832815646,0.0169840825587,-0.021611200231,-0.0017201927662,-0.00011882992018,-3.41273674925e-07,-1.47674414571,0.313601826731,-0.162650300587,-0.186007564618,-0.0705661716126,0.0313888298289,-1.23722665213,0.254190578186,-0.170146959404,-0.186285915386,-0.02282774404,0.0313884885553,-0.504,0.15939,-0.26675,0.0128,-0.1696,0.0082
1.163,1.164205776,3.471,1,-0.249781407327,0.277880220251,-1.65026452109,-0.566287703239,0.412984539512,0.520614863387,-0.108210413624,-0,-0.00698131700798,-0.00523598775598,-0.0198967534727,-0.00209439510239,-0.00136648538049,-0.0109523851937,-0.000669412670362,0.00595290572982,-0.00318337959527,0.0327487672795,-0.00386552420678,0.0169890160556,-0.0216122480021,-0.00171904937496,-0.000118853015956,-3.41062640036e-07,-0.728847252305,0.0679552439681,-0.0227044654781,-0.132432150711,0.0812392784686,0.0348176079175,-1.20722665213,0.224190578186,-0.140146959404,-0.171285915386,-0.00782774404004,0.0348172668548,-0.03969,0.16569,-0.09845,-0.0106,0.0546,-0.0158
1.164,1.165208785,3.397,1,-0.249876082704,0.277880020514,-1.65026352241,-0.566290579453,0.41299460626,0.520616061809,-0.0811578102177,-0.000872664625997,-0.00261799387799,-0.00314159265359,-0.0010471975512,0,-0.0013702076491,-0.0109414461123,-0.000676373855479,0.00595459423955,-0.0031743799988,0.0328374111828,-0.00387270562839,0.016993021812,-0.02161303719,-0.00171788343947,-0.000118879648916,-3.4110566466e-07,-1.11431319679,0.195819605122,-0.092187917872,-0.160550436431,0.00380532506935,0.0320249660916,-1.17722665213,0.212812626934,-0.113800955062,-0.16226831987,0.00368644542044,0.032024624986,0.42588,0.21546,-0.0055,-0.017,0.1342,-0.0154
1.165,1.166216552,3.456,1,-0.249938001199,0.277879421303,-1.65026551978,-0.566294893774,0.412991250677,0.520616301494,-0.0558505360638,-0,0.00436332312999,-0.0010471975512,0.0219911485751,0.00314159265359,-0.00137400008257,-0.0109509052336,-0.000680806951942,0.00595782339303,-0.00317975799696,0.0328994977206,-0.00387908036017,0.016995616515,-0.0216132010463,-0.00171656388492,-0.000118891139856,-3.41021843027e-07,-1.48227414268,0.330893130064,-0.177297692837,-0.192583540603,-0.0775393720135,0.0283741413111,-1.20722665213,0.242812626934,-0.143800955062,-0.17726831987,-0.0113135545796,0.0283738002892,-0.35658,0.14238,-0.2244,0.017,-0.1524,0.0124
1.166,1.167208491,3.406,1,-0.250023288933,0.277879021829,-1.65026931478,-0.566299927148,0.412986217303,0.520616301494,-0.103847090494,-0,-0.00436332312999,-0.00628318530718,-0.0125663706144,0,-0.00137699634693,-0.0109453429198,-0.000684040215421,0.00596142581804,-0.00318876115919,0.0329855335892,-0.00388545142906,0.0169982045903,-0.0216133619691,-0.00171524466602,-0.000118897928526,-3.40940984173e-07,-0.794043957059,0.112890266843,-0.0561808839022,-0.142473576742,0.0603936807766,0.0343016487933,-1.17722665213,0.212812626934,-0.113800955062,-0.16226831987,0.00368644542044,0.0343013078523,-0.1953,0.15624,-0.1716,-0.0014,-0.0354,-0.0018
1.167,1.168020231,3.41,1,-0.250124755371,0.277879820777,-1.65026951452,-0.566304481154,0.412994845945,0.520616780863,-0.0916297857297,-0,-0.00610865238198,-0.00628318530718,-0.0115191730632,0,-0.00138050003484,-0.0109299252282,-0.000689497754695,0.00596482537875,-0.00318353830361,0.0330810937731,-0.00389261331166,0.0170018467024,-0.021613827388,-0.00171401104462,-0.000118919831014,-3.40383376605e-07,-0.957256133261,0.11157074038,-0.0365089404132,-0.14163710152,0.0444682850563,0.0339810309036,-1.14722665213,0.182812626934,-0.083800955062,-0.14726831987,0.0186864454204,0.0339806905203,0.45864,0.22113,0.01705,-0.0094,0.175,-0.0112
1.168,1.169210287,4.592,1,-0.250187273077,0.277880419988,-1.65027091268,-0.566309274844,0.412995564998,0.520617020547,-0.0479965544298,0.000872664625997,0.00436332312999,-0.00314159265359,0.0230383461263,0.0010471975512,-0.00138461688723,-0.0109391082808,-0.000693789520359,0.00596840595315,-0.0031860769551,0.0331415718008,-0.00389909794447,0.0170067266561,-0.021614911176,-0.00171283124026,-0.000118948301416,-3.40171398447e-07,-1.58475940521,0.325742877983,-0.164741457527,-0.188022465086,-0.0872086744718,0.0322758060867,-1.17722665213,0.212812626934,-0.113800955062,-0.16226831987,0.00368644542044,0.0322754659153,-0.15309,0.17766,-0.17985,0.0028,-0.0846,0
1.169,1.17012961,7.899,1,-0.250253585788,0.277879820777,-1.65027550663,-0.566314308218,0.412987895094,0.520616780863,-0.0829031394697,-0,-0.00174532925199,-0.00418879020479,-0.0010471975512,0,-0.00138787808479,-0.0109456055369,-0.000696564361347,0.00597210165182,-0.00319789437491,0.033209949651,-0.00390554783411,0.0170094072818,-0.0216151659192,-0.00171156168915,-0.000118955261789,-3.4029286061e-07,-1.08817822129,0.190004049546,-0.0937908013918,-0.159963970951,0.00781746102271,0.0330644575466,-1.14722665213,0.207013456828,-0.115405967311,-0.16167553264,0.00769850576092,0.0330641172537,-0.45297,0.15309,-0.23485,0.0034,-0.1158,0.0086
1.17,1.171105325,5.35,1,-0.250354652752,0.27787962104,-1.65027670505,-0.566318862224,0.412994366576,0.520617020547,-0.10471975512,-0,-0.00785398163397,-0.00523598775598,-0.0198967534727,-0.00209439510239,-0.00139103576423,-0.0109304192596,-0.000702013416767,0.00597571179307,-0.00319454342484,0.033306187609,-0.00391268805168,0.0170121080834,-0.021615366795,-0.00171030626307,-0.000118971306323,-3.39995346327e-07,-0.770366448546,0.0673866792158,-0.0179052970029,-0.133315193138,0.0786915271209,0.0347534083906,-1.11722665213,0.177013456828,-0.0854059673109,-0.14667553264,0.0226985057609,0.0347530683953,0.32571,0.1827,-0.00935,-0.0098,0.169,-0.0206
1.171,1.171967796,2.523,1,-0.250427956261,0.277880020514,-1.65027690479,-0.566323176545,0.412999879319,0.520617739601,-0.0558505360638,-0,0.00174532925199,-0.00314159265359,0.0178023583703,0.0010471975512,-0.00139511087047,-0.0109329072051,-0.000707507749224,0.00597874848323,-0.00319149157913,0.0333752282774,-0.00391922983979,0.0170167189391,-0.0216162147029,-0.001709107714,-0.000118995089571,-3.39825552879e-07,-1.47267978799,0.296414190368,-0.147046542435,-0.182100954097,-0.0650377984764,0.0319271985711,-1.14722665213,0.207013456828,-0.115405967311,-0.16167553264,0.00769850576092,0.0319268587456,0.05607,0.21105,-0.0869,0.0036,0.0004,-0.0028
1.172,1.173227036,3.461,1,-0.250488077122,0.277880020514,-1.65028050006,-0.56632773055,0.412992688784,0.520617260232,-0.0671951762018,0.000872664625997,0.00174532925199,-0.00209439510239,0.00942477796077,0,-0.0013988345112,-0.0109433327305,-0.000710504801844,0.00598235460062,-0.00320238835314,0.0334373417791,-0.00392574430648,0.0170203839539,-0.0216167893735,-0.00170788636474,-0.000119008187208,-3.39687370507e-07,-1.30923027642,0.255325408166,-0.132554590232,-0.176154322192,-0.0350369932027,0.0318095765386,-1.17722665213,0.237013456828,-0.145405967311,-0.17667553264,-0.00730149423908,0.0318092368512,-0.49203,0.14931,-0.26015,0.013,-0.1638,0.0094
1.173,1.174216471,3.398,1,-0.250584550133,0.277880419988,-1.65028209795,-0.566331565502,0.412995085629,0.520617260232,-0.107337748998,-0,-0.00698131700798,-0.00628318530718,-0.0219911485751,-0.00209439510239,-0.00140219925151,-0.0109308754001,-0.000715145482878,0.00598526941892,-0.00320337340087,0.0335312707678,-0.00393216329412,0.0170230203381,-0.021617012546,-0.00170659372478,-0.000119020041504,-3.39384951415e-07,-0.730479740675,0.0667737441793,-0.0224281219318,-0.133066790919,0.0843013785065,0.0359392743906,-1.14722665213,0.207013456828,-0.115405967311,-0.16167553264,0.00769850576092,0.0359389350057,0.17262,0.20412,-0.0484,-0.016,0.1166,-0.013
1.174,1.175035735,3.467,1,-0.250666042862,0.277880419988,-1.65028169848,-0.566335160769,0.413003714271,0.520618458654,-0.0654498469498,-0,-0,-0.00314159265359,0.00628318530718,0.0010471975512,-0.00140616279207,-0.0109282868901,-0.000721567569282,0.00598743218289,-0.0031965138723,0.0336071970057,-0.00393863805134,0.0170253890007,-0.0216169957953,-0.0017052820727,-0.000119027131329,-3.39568010376e-07,-1.32675140859,0.244614749997,-0.11733378545,-0.173423763664,-0.0314898278976,0.0315648243206,-1.17722665213,0.237013456828,-0.138950781246,-0.175129045737,-0.00730149423908,0.0315644847526,0.29232,0.18522,-0.03245,-0.016,0.0866,-0.007
1.175,1.176215484,3.531,1,-0.250721370034,0.27787962104,-1.65028469454,-0.566339235406,0.412997482474,0.520618938023,-0.0567232006898,-0,0.00349065850399,-0.00209439510239,0.0178023583703,0.00209439510239,-0.00140997038032,-0.0109418582543,-0.000725519314345,0.00598998598488,-0.00320508602476,0.0336642113722,-0.00394588275983,0.0170291198652,-0.0216175642932,-0.00170410022253,-0.000119049424604,-3.39449187012e-07,-1.45974246726,0.31527581925,-0.166627150924,-0.1893953681,-0.0674360732646,0.0303494895704,-1.20722665213,0.267013456828,-0.168950781246,-0.190129045737,-0.0223014942391,0.0303491501212,-0.49392,0.14112,-0.25245,0.0046,-0.178,0.0068
1.176,1.177208319,3.413,1,-0.250811850932,0.277879221566,-1.65028769059,-0.56634426878,0.412994845945,0.520618938023,-0.108210413624,-0,-0.00610865238198,-0.00628318530718,-0.0198967534727,-0.0010471975512,-0.00141302259357,-0.0109330418735,-0.000729427733948,0.00599379287791,-0.00321125540574,0.0337542453509,-0.00395247119152,0.0170337804635,-0.0216184704336,-0.00170292744818,-0.000119078184509,-3.39052842191e-07,-0.720564220813,0.080711839129,-0.0363551019015,-0.137405606753,0.0812999774779,0.0351191194423,-1.17722665213,0.237013456828,-0.138950781246,-0.175129045737,-0.00730149423908,0.0351187803895,-0.08379,0.19467,-0.11385,-0.0088,0.0328,-0.0034
1.177,1.178176352,3.458,1,-0.250906925783,0.277879820777,-1.65028749086,-0.566349541839,0.413003714271,0.520619417392,-0.0837758040957,-0,-0.00349065850399,-0.00523598775598,-0.00314159265359,-0.0010471975512,-0.00141668965141,-0.0109216914522,-0.00073521368239,0.00599800155627,-0.00320538128153,0.0338430437117,-0.00395897026376,0.017036508411,-0.0216187889529,-0.00170168484132,-0.000119090259721,-3.38955379429e-07,-1.06814274994,0.171319394078,-0.0792728492869,-0.155245381033,0.0168470807239,0.0348212461593,-1.14722665213,0.207013456828,-0.108950781246,-0.160129045737,0.00769850576092,0.0348209072039,0.44478,0.2079,0.00055,-0.0082,0.1424,-0.0184
1.178,1.1792072,3.424,1,-0.250968844278,0.277880220251,-1.65028968796,-0.566355533952,0.413001557111,0.520618698339,-0.0532325421858,0.000872664625997,0.00349065850399,-0.00418879020479,0.0230383461263,0.0010471975512,-0.00142063702155,-0.010931101882,-0.000738932825581,0.0060034551788,-0.00321126934739,0.033903939884,-0.00396544396994,0.0170388679964,-0.021618774839,-0.00170037424811,-0.000119092786173,-3.38700972393e-07,-1.51047852881,0.317028694213,-0.165358356113,-0.186692338035,-0.0761062667874,0.0332049789392,-1.17722665213,0.237013456828,-0.138950781246,-0.175129045737,-0.00730149423908,0.0332046402382,-0.29547,0.17892,-0.2035,0.0104,-0.1328,0.0088
1.179,1.180057319,3.43,1,-0.251047141214,0.277879820777,-1.65029408218,-0.566361765749,0.412996763421,0.520617260232,-0.0925024503557,-0,-0.00436332312999,-0.00733038285838,-0.00733038285838,-0.0010471975512,-0.00142368913848,-0.0109300025004,-0.000741866854586,0.00600945793233,-0.00322091418356,0.0339824428491,-0.00397205154108,0.01704321194,-0.021619400754,-0.00169915881784,-0.000119116847997,-3.38585596786e-07,-0.946063358152,0.141677361127,-0.0659242689203,-0.14757447154,0.0382586325504,0.0365804512996,-1.14722665213,0.207013456828,-0.108950781246,-0.160129045737,0.00769850576092,0.036580112714,-0.24129,0.15372,-0.18755,-0.0034,-0.065,0.0008
1.18,1.181214761,3.459,1,-0.251145611595,0.277880020514,-1.65029468139,-0.566367038808,0.413006350801,0.520617020547,-0.0925024503557,-0,-0.00610865238198,-0.00523598775598,-0.0115191730632,-0.0010471975512,-0.00142708468103,-0.0109165606692,-0.000747619524074,0.00601429756782,-0.00321483015466,0.0340742752191,-0.00397789175862,0.0170468619617,-0.0216200556359,-0.00169792613011,-0.000119130729251,-3.38440105895e-07,-0.939093053305,0.120592987988,-0.0479402888522,-0.146060335602,0.0467700646927,0.0343110196651,-1.11722665213,0.177013456828,-0.0789507812458,-0.147758261732,0.0226985057609,0.034310681225,0.40383,0.20979,0.00385,-0.0036,0.1754,-0.0116
1.181,1.18222096,3.465,1,-0.25120892825,0.277880220251,-1.65029627929,-0.566373270605,0.413009227015,0.520617260232,-0.0488692190558,-0,0.00261799387799,-0.00523598775598,0.0230383461263,0.0010471975512,-0.00143106633665,-0.0109253118943,-0.000752189817074,0.00601926261527,-0.00321562345123,0.0341339731388,-0.00398439422083,0.0170495868664,-0.0216203814202,-0.00169668475008,-0.000119142980441,-3.38128725651e-07,-1.56793432769,0.324988150779,-0.162657473022,-0.186647918362,-0.0823992520476,0.0342565746991,-1.14722665213,0.207013456828,-0.108950781246,-0.162758261732,0.00769850576092,0.0342562365704,-0.13986,0.21483,-0.1573,0.0012,-0.0674,-0.0076
1.182,1.183031345,3.399,1,-0.251276439384,0.27787962104,-1.6503006735,-0.566379502402,0.413002515849,0.520617499916,-0.0837758040957,-0,-0.00174532925199,-0.00523598775598,0.0010471975512,0.0010471975512,-0.0014343354972,-0.010931029334,-0.000755103415178,0.00602362287199,-0.00322667427492,0.0342026522506,-0.00399176355561,0.0170527902951,-0.0216204889519,-0.00169546604844,-0.000119165466178,-3.3809649429e-07,-1.07265664043,0.199653806729,-0.104852209013,-0.163747010435,0.00815416018539,0.0332291510165,-1.11722665213,0.216706597024,-0.126472697965,-0.165442476483,0.00803499471922,0.03322881292,-0.48699,0.10458,-0.2244,0.0048,-0.1296,0.004
1.183,1.184211423,3.45,1,-0.251379503718,0.27787962104,-1.65030167219,-0.566384775461,0.413008268277,0.52061821897,-0.106465084372,-0.000872664625997,-0.00785398163397,-0.00628318530718,-0.0198967534727,0,-0.00143752542375,-0.0109144655084,-0.000760476640078,0.0060273972267,-0.00322410544733,0.0343009967642,-0.00399834665528,0.0170561857029,-0.0216208469048,-0.0016942289744,-0.000119178985716,-3.38020414585e-07,-0.740634641852,0.0829168723035,-0.0326854422893,-0.138933617735,0.0808698294639,0.0340561396092,-1.08722665213,0.186706597024,-0.0964726979648,-0.150442476483,0.0230349947192,0.0340558015888,0.31185,0.19656,-0.0077,-0.0174,0.1524,-0.0156
1.184,1.185118962,3.466,1,-0.251454604861,0.277880419988,-1.65030167219,-0.566390288204,0.413014979443,0.520618698339,-0.0567232006898,-0,0.000872664625997,-0.00418879020479,0.0157079632679,0,-0.00144167295034,-0.0109157800947,-0.000765880933592,0.00603173376415,-0.00322048230213,0.0343708160934,-0.00400485177895,0.0170589080475,-0.0216211780571,-0.00169298892769,-0.000119191371865,-3.37940599964e-07,-1.45110252094,0.287946176714,-0.142704640612,-0.180555394839,-0.0573462701291,0.0340064332626,-1.11722665213,0.216706597024,-0.126472697965,-0.165442476483,0.00803499471922,0.034006095322,0.14112,0.21231,-0.0803,-0.0024,0.0188,-0.0044
1.185,1.186220215,3.428,1,-0.251514525985,0.277880819463,-1.65030506772,-0.566397239054,0.413009227015,0.520618698339,-0.0689405054538,-0,0.00174532925199,-0.00628318530718,0.0136135681656,0.0010471975512,-0.00144545690138,-0.0109262949434,-0.000768655999262,0.00603701369476,-0.003230840878,0.0344311750267,-0.00401075150535,0.0170622870129,-0.0216216001823,-0.00169173804663,-0.000119200672379,-3.37618769436e-07,-1.28513949736,0.275274313524,-0.149726001697,-0.177364506134,-0.0371732650422,0.0350531171835,-1.14722665213,0.246706597024,-0.156472697965,-0.179056244181,-0.00696500528078,0.0350527795647,-0.52479,0.17892,-0.25575,0.0042,-0.1684,0.0106
1.186,1.187214008,3.634,1,-0.251613395841,0.2778810192,-1.65030686535,-0.566403470851,0.413011144491,0.520618458654,-0.111701072128,-0,-0.00698131700798,-0.00733038285838,-0.0209439510239,-0.00209439510239,-0.00144860859434,-0.010912212297,-0.000773090485489,0.00604234040235,-0.00323277642277,0.0345269026031,-0.00401736343715,0.0170660477241,-0.0216222979687,-0.00169056992505,-0.000119223912247,-3.37261629075e-07,-0.666305975945,0.0707858455978,-0.0338749562844,-0.134848350615,0.0913357769796,0.0371671356935,-1.11722665213,0.216706597024,-0.126472697965,-0.164056244181,0.00803499471922,0.0371667984318,0.12537,0.1701,-0.0506,-0.0098,0.0974,-0.0198
1.187,1.188175175,3.408,1,-0.251700880683,0.277881418674,-1.65030646588,-0.566409702648,0.413020252502,0.520618698339,-0.0689405054538,-0,-0,-0.00628318530718,0.00418879020479,0,-0.00145242821767,-0.0109056973302,-0.000779080417124,0.0060477732988,-0.00322649884352,0.0346076580818,-0.00402400951431,0.0170691787297,-0.0216224260571,-0.00168931480775,-0.000119237555879,-3.37454198559e-07,-1.26861261675,0.236953891785,-0.117714109944,-0.169775980369,-0.0207489065635,0.0357785402346,-1.14722665213,0.246706597024,-0.139336536001,-0.171465295176,-0.00696500528078,0.0357782027804,0.31437,0.19845,-0.033,-0.0126,0.0976,-0.0104
1.188,1.189214496,3.434,1,-0.251757805751,0.277881618411,-1.65030986141,-0.566417612237,0.413015698496,0.520617739601,-0.0558505360638,-0,0.00261799387799,-0.00523598775598,0.0198967534727,0.0010471975512,-0.00145620663377,-0.010918175594,-0.000781990283327,0.00605495259562,-0.00323584221495,0.0346640857689,-0.00402991640978,0.0170725612208,-0.0216228582013,-0.00168806520433,-0.000119251731088,-3.37363473536e-07,-1.46653141492,0.314503919188,-0.165299035942,-0.186261721582,-0.0669748079016,0.0344123265852,-1.17722665213,0.276706597024,-0.169336536001,-0.186465295176,-0.0219650052808,0.0344119892217,-0.46935,0.17892,-0.2475,0.0222,-0.1652,0.0094
1.189,1.19022138,3.459,1,-0.251847287964,0.277881618411,-1.65031325694,-0.566424802772,0.413013541336,0.520616541178,-0.108210413624,-0,-0.00698131700798,-0.00942477796077,-0.0178023583703,-0.0010471975512,-0.00145923494154,-0.0109099418407,-0.000785341122238,0.00606174485963,-0.00324286330135,0.0347521230098,-0.00403730983735,0.0170761144512,-0.0216233029211,-0.00168691677891,-0.000119274645862,-3.36837253346e-07,-0.7158071008,0.0789023636776,-0.0353339333803,-0.13505131596,0.0830827268267,0.0381451202913,-1.14722665213,0.246706597024,-0.139336536001,-0.171465295176,-0.00696500528078,0.038144783454,-0.13356,0.15498,-0.11495,-0.008,0.0234,-0.0002
1.19,1.191219405,3.463,1,-0.251944959397,0.277881818148,-1.65031345668,-0.566431274253,0.413021930293,0.520616780863,-0.0855211333477,-0,-0.00436332312999,-0.00628318530718,-0.00523598775598,-0.0010471975512,-0.00146267897518,-0.0108968851982,-0.000791106487461,0.00606727594308,-0.0032376819073,0.0348433392945,-0.00404399301316,0.0170792841917,-0.0216234753966,-0.00168568672822,-0.000119283709152,-3.36799392088e-07,-1.03392409847,0.161515743061,-0.0750999829507,-0.154335843941,0.0260024091927,0.0359308155935,-1.11722665213,0.216706597024,-0.109336536001,-0.156465295176,0.00803499471922,0.0359304787941,0.46242,0.19719,0.0011,-0.0128,0.1376,-0.019
1.191,1.192221041,3.407,1,-0.252003282624,0.277881218937,-1.65031585352,-0.566438704473,0.413019773133,0.520617499916,-0.0462512251778,-0,0.00436332312999,-0.00418879020479,0.0219911485751,0.00209439510239,-0.00146646564173,-0.0109085996181,-0.000795286925343,0.00607278946475,-0.00324307278877,0.0349001433786,-0.00404911715875,0.0170816152739,-0.0216236149596,-0.0016843524207,-0.000119287691037,-3.36747438668e-07,-1.5942859056,0.347229050767,-0.181663028832,-0.195685641307,-0.087746060287,0.032900876668,-1.14722665213,0.246706597024,-0.139336536001,-0.171465295176,-0.00696500528078,0.0329005399205,-0.27216,0.17829,-0.21615,0.0146,-0.125,-0.0004
1.192,1.193217454,3.374,1,-0.252076985608,0.277880419988,-1.650320048,-0.566446134692,0.413014020705,0.520617739601,-0.0907571211037,-0,-0.00436332312999,-0.00733038285838,-0.00733038285838,0,-0.00146956719164,-0.0109103533856,-0.000798438130905,0.00607833404633,-0.00325318695167,0.0349741178258,-0.00405579430313,0.0170851097514,-0.0216240861828,-0.00168316676907,-0.000119311151098,-3.36440178382e-07,-0.961836639273,0.150118739387,-0.0729296130767,-0.152499973549,0.0371213477355,0.0358803187834,-1.11722665213,0.216706597024,-0.109336536001,-0.156465295176,0.00803499471922,0.0358799823432,-0.33138,0.15246,-0.1793,0.0004,-0.073,-0.0002
1.193,1.194027269,9.686,1,-0.252175655726,0.277880419988,-1.65032044747,-0.566451647436,0.413020971555,0.520618698339,-0.0942477796077,-0,-0.00610865238198,-0.00628318530718,-0.0178023583703,-0.0010471975512,-0.00147297762549,-0.0108966194363,-0.000804255480216,0.00608225077123,-0.00324903585256,0.0350673866438,-0.00406248477118,0.017088282877,-0.021624268559,-0.00168193782523,-0.000119325099123,-3.36409503164e-07,-0.89865493172,0.107699666071,-0.0425051967281,-0.145340693868,0.0596027216955,0.035601420165,-1.08722665213,0.186706597024,-0.0793365360007,-0.147022631693,0.0230349947192,0.0356010837555,0.45486,0.22554,0.0099,-0.0052,0.1826,-0.0232
1.194,1.195216398,3.429,1,-0.252239971066,0.277880619725,-1.65032184563,-0.566457160179,0.413021930293,0.520619417392,-0.0514872129338,-0,0.00261799387799,-0.00418879020479,0.0219911485751,0.00209439510239,-0.00147707468214,-0.010904615239,-0.000808953014325,0.00608609568365,-0.00325113885412,0.0351292944239,-0.00406836961729,0.0170907147879,-0.0216244357858,-0.00168066707582,-0.000119328834681,-3.3613945859e-07,-1.52396025593,0.329092785048,-0.172557068952,-0.192147196842,-0.0759726316299,0.0325747059785,-1.11722665213,0.216706597024,-0.109336536001,-0.162022631693,0.00803499471922,0.0325743698391,-0.10332,0.17262,-0.1452,-0.0032,-0.0674,-0.0012
1.195,1.19621983,3.402,0,-0.252305684566,0.277880419988,-1.65032643959,-0.566464830083,0.413014020705,0.520618938023,-0.0811578102177,-0,-0.000872664625997,-0.00628318530718,0.0010471975512,0,-0.00148042239382,-0.0109113493024,-0.000811344766491,0.00609232708101,-0.00326413354366,0.0351962701078,-0.00407508838649,0.0170942537381,-0.0216249559393,-0.00167950689462,-0.000119352458366,-3.36049197493e-07,-1.09930611717,0.214666064165,-0.116832434824,-0.166986124927,0.00435612888039,0.0357723786753,-1.10338120555,0.231760317903,-0.138457390764,-0.168665631822,0.00423677642202,0.0357720426261,-0.48195,0.13293,-0.242,0.0062,-0.1382,0.0082
1.196,1.197216964,3.395,1,-0.252409148375,0.277881218937,-1.65032803748,-0.566472020618,0.413018335026,0.520618698339,-0.106465084372,-0,-0.00872664625997,-0.00837758040957,-0.0219911485751,-0.00314159265359,-0.00148360782256,-0.0108943647447,-0.000815676266434,0.00609846057409,-0.00326460857827,0.0352950582297,-0.00408186486023,0.0170981025655,-0.0216251769033,-0.0016782822059,-0.000119372468284,-3.35808038293e-07,-0.729404715196,0.0607025152009,-0.0181242670919,-0.131893095204,0.0900568902161,0.03909126528,-1.07338120555,0.201760317903,-0.108457390764,-0.153665631822,0.019236776422,0.039090929472,0.35469,0.20916,-0.0099,-0.0036,0.1592,-0.0212
1.197,1.198226184,3.474,1,-0.252484449254,0.277882217622,-1.65032863669,-0.566479450837,0.413022889031,0.520618938023,-0.0575958653158,0.000872664625997,-0,-0.00733038285838,0.0146607657168,0.0010471975512,-0.00148764980143,-0.0108953807422,-0.000820348504679,0.00610456779904,-0.0032640574754,0.0353654821768,-0.00408789218013,0.0171016128283,-0.0216257512552,-0.00167710826247,-0.000119382379506,-3.35696922576e-07,-1.42957124667,0.264461904973,-0.127742835528,-0.17590641357,-0.0478028074781,0.0358199089911,-1.10338120555,0.231760317903,-0.138457390764,-0.168665631822,0.00423677642202,0.0358195732942,0.09828,0.21042,-0.07425,-0.0094,0.0096,-0.0048
1.198,1.199162566,3.468,1,-0.252542772482,0.277882217622,-1.65033283117,-0.566488319164,0.413014739758,0.520617979285,-0.0654498469498,-0,0.00174532925199,-0.00628318530718,0.010471975512,0,-0.00149122542534,-0.0109067757663,-0.00082265328897,0.00611242261859,-0.00327731141696,0.0354247691128,-0.00409384074274,0.0171037798918,-0.0216256880762,-0.00167581949805,-0.000119386256123,-3.35695777508e-07,-1.31947240447,0.277150661181,-0.149282444117,-0.179345116765,-0.0366776144061,0.0364855621025,-1.13338120555,0.261760317903,-0.168457390764,-0.181020936263,-0.010763223578,0.0364852264067,-0.55188,0.14994,-0.2629,0.017,-0.1732,0.0036
1.199,1.200187516,3.393,1,-0.252642241549,0.277881818148,-1.65033562749,-0.566495749383,0.413015458812,0.520617260232,-0.111701072128,-0,-0.00785398163397,-0.00837758040957,-0.0240855436775,-0.00209439510239,-0.00149406177542,-0.0108922643963,-0.000826847873772,0.00611920713984,-0.00328095069236,0.0355212757368,-0.00410054164888,0.0171069536923,-0.0216258853994,-0.0016745923454,-0.0001194052342,-3.35232162094e-07,-0.654443705006,0.0595261919311,-0.0260852558175,-0.133725399145,0.0992959070812,0.0383174992575,-1.10338120555,0.231760317903,-0.138457390764,-0.166020936263,0.00423677642202,0.0383171640254,0.15687,0.18081,-0.05885,-0.0094,0.1094,-0.0126
1.2,1.20122736,3.395,1,-0.25272772902,0.277881818148,-1.65033602697,-0.566502220865,0.413022409662,0.520617739601,-0.0671951762018,-0,-0.000872664625997,-0.00733038285838,0.00314159265359,0,-0.00149775964492,-0.0108869403457,-0.000832603796708,0.00612449736678,-0.00327697778507,0.0356010274982,-0.00410732091256,0.0171102208821,-0.021626172039,-0.00167341433248,-0.000119424305119,-3.35189873619e-07,-1.28331939777,0.232613575602,-0.1129959093,-0.16975604053,-0.018188607407,0.036935664045,-1.13338120555,0.249723796484,-0.134622081339,-0.171429454863,-0.010763223578,0.0369353288551,0.36351,0.15498,-0.03355,-0.017,0.0962,-0.0106
1.201,1.202220727,4.163,1,-0.252780859084,0.277882017885,-1.6503394225,-0.566509890769,0.413014739758,0.520617260232,-0.0514872129338,-0,0.00261799387799,-0.00418879020479,0.0167551608191,0.0010471975512,-0.00150171074923,-0.0109016687409,-0.000835378735793,0.00613093389542,-0.00328895302666,0.0356553023835,-0.00411331571456,0.0171124382756,-0.0216261624579,-0.00167215086227,-0.000119433093998,-3.35181595771e-07,-1.5130638253,0.319049870137,-0.166059569952,-0.191016066286,-0.0681967303055,0.0338443220481,-1.16338120555,0.279723796484,-0.164622081339,-0.186429454863,-0.025763223578,0.0338439868665,-0.48825,0.16128,-0.24805,0.0202,-0.1766,0.0112
1.202,1.203220115,3.374,1,-0.252866945766,0.277882816833,-1.65034241855,-0.566517320988,0.413009946068,0.520617020547,-0.105592419746,-0,-0.00610865238198,-0.00837758040957,-0.0198967534727,-0.0010471975512,-0.00150508242798,-0.0108953846723,-0.000838263109511,0.00613685423978,-0.00329867569396,0.0357411795958,-0.00411931402988,0.0171159027411,-0.0216267059743,-0.00167095428303,-0.000119447960157,-3.34873404483e-07,-0.740334007428,0.0922360044313,-0.0466336497275,-0.141686394028,0.0813189628354,0.0377520941544,-1.13338120555,0.249723796484,-0.134622081339,-0.171429454863,-0.010763223578,0.037751759281,-0.11907,0.19089,-0.10395,-0.008,0.021,0.0008
1.203,1.204238396,3.389,1,-0.252961421406,0.277884015256,-1.65034201908,-0.566524032154,0.413015938181,0.52061821897,-0.0820304748437,0.000872664625997,-0.00349065850399,-0.00733038285838,-0.00837758040957,0,-0.00150893354413,-0.0108841434825,-0.000843550763771,0.00614152179863,-0.00329599096977,0.0358303148913,-0.00412536870385,0.0171190990224,-0.0216270092133,-0.00166973863309,-0.000119458085643,-3.34827008903e-07,-1.06764066471,0.155850775318,-0.0714837185093,-0.156470003426,0.0273756591387,0.036220386735,-1.10338120555,0.219723796484,-0.104622081339,-0.158139742059,0.00423677642202,0.036220051908,0.43722,0.17892,0.0099,-0.0124,0.146,-0.0176
1.204,1.205219501,3.436,1,-0.253018945685,0.27788441473,-1.65034421619,-0.566531702058,0.413012582598,0.520619177707,-0.0479965544298,-0,0.00436332312999,-0.00523598775598,0.0219911485751,0.00209439510239,-0.00151303466557,-0.0108962158967,-0.000847174316367,0.00614680745131,-0.00330324680647,0.0358868323392,-0.00413144101202,0.0171219800746,-0.0216270284073,-0.00166847911136,-0.000119463452003,-3.34385097103e-07,-1.56428993684,0.349951380222,-0.188480782298,-0.197268049909,-0.0831213278812,0.0342220928342,-1.13338120555,0.249723796484,-0.134622081339,-0.173139742059,-0.010763223578,0.0342217584491,-0.27972,0.16758,-0.22605,0.0126,-0.13,-0.0054
1.205,1.206038306,7.888,1,-0.253094246565,0.27788441473,-1.65034801119,-0.566539132277,0.413005392063,0.520619177707,-0.0942477796077,-0,-0.00436332312999,-0.00733038285838,-0.00942477796077,0,-0.00151638562599,-0.0108967877767,-0.000849996322229,0.0061524686525,-0.00331500994475,0.0359631218318,-0.00413830877951,0.0171259208864,-0.0216273566189,-0.00166730607249,-0.000119488687413,-3.34137538858e-07,-0.905439891013,0.148036188583,-0.0787396284643,-0.154646299321,0.0467714139298,0.036234503344,-1.10338120555,0.219723796484,-0.104622081339,-0.158139742059,0.00423677642202,0.0362341692065,-0.29169,0.16758,-0.16775,0.001,-0.0594,0.007
1.206,1.207218793,3.392,1,-0.253193316158,0.27788441473,-1.65034781145,-0.566545364074,0.41301162386,0.520619417392,-0.0959931088597,-0,-0.00523598775598,-0.00733038285838,-0.0157079632679,-0.00209439510239,-0.00151988763084,-0.0108826929762,-0.000856050281244,0.00615788544948,-0.0033110751556,0.0360569006975,-0.00414433132949,0.0171284950387,-0.0216276845645,-0.00166611253564,-0.000119502546921,-3.34301638083e-07,-0.871032220675,0.123695922771,-0.0611365961962,-0.148529202324,0.0597145748795,0.038162773033,-1.07338120555,0.189723796484,-0.0827642807607,-0.15019531486,0.019236776422,0.0381624387314,0.43029,0.22428,0.02035,-0.0138,0.1706,-0.02
1.207,1.20821969,3.439,1,-0.253257431761,0.277884015256,-1.6503486104,-0.566552314925,0.413012582598,0.520619177707,-0.0497418836818,-0,0.00436332312999,-0.00523598775598,0.0219911485751,0,-0.00152395065049,-0.01089076356,-0.000861332515426,0.00616427813433,-0.00331234576776,0.0361181085253,-0.00415032838649,0.0171307007729,-0.0216276797984,-0.00166485093939,-0.000119506883232,-3.34085265866e-07,-1.5391640557,0.350636092849,-0.192142993858,-0.195933391457,-0.0801523822796,0.0363979003536,-1.10338120555,0.219723796484,-0.112764280761,-0.16519531486,0.00423677642202,0.0363975662683,-0.08316,0.16128,-0.1551,0.0044,-0.0704,-0.0066
1.208,1.209223323,3.397,1,-0.253320348942,0.277883416045,-1.65035300462,-0.566560943567,0.413005392063,0.520617739601,-0.0759218224618,-0,-0.00174532925199,-0.00733038285838,0.00209439510239,0,-0.00152733327061,-0.0108992909224,-0.000864121808803,0.00617248785625,-0.00332435835027,0.0361815942392,-0.0041565269223,0.0171343033684,-0.0216277826186,-0.00166362061369,-0.00011951838848,-3.33868955021e-07,-1.16462004702,0.218666759926,-0.113967596771,-0.168349233433,-0.00113397015577,0.0369566293255,-1.13338120555,0.235801063295,-0.13559537939,-0.170012854047,-0.00125348854425,0.0369562954565,-0.4662,0.14364,-0.2277,0.0028,-0.1296,0.0108
1.209,1.210229422,3.435,1,-0.253420816694,0.277884015256,-1.65035460251,-0.566568134102,0.413010904806,0.520617020547,-0.106465084372,-0,-0.00872664625997,-0.00733038285838,-0.0209439510239,-0.00314159265359,-0.0015305990854,-0.0108842748383,-0.000868799208591,0.0061791663795,-0.00332360722155,0.036276785722,-0.00416267031799,0.0171375941488,-0.0216281877753,-0.00166245543649,-0.00011953359475,-3.33808504507e-07,-0.724939689897,0.0722708468497,-0.0303231844899,-0.137534620996,0.0898086362439,0.0385296208781,-1.10338120555,0.205801063295,-0.10559537939,-0.155012854047,0.0137465114557,0.0385292870696,0.315,0.19719,-0.00385,-0.0048,0.1608,-0.0152
1.21,1.21118229,3.526,1,-0.253493321254,0.277884814204,-1.6503556012,-0.566575564321,0.413016177865,0.520617020547,-0.0523598775598,0.000872664625997,0.000872664625997,-0.00733038285838,0.0146607657168,0.0010471975512,-0.00153467140653,-0.0108871206996,-0.000873587083116,0.00618547957279,-0.00332263038588,0.0363440535312,-0.00416867960317,0.0171398088483,-0.0216281973104,-0.0016611949499,-0.00011954756642,-3.33599048766e-07,-1.4928375638,0.283333847905,-0.139462428951,-0.182122392284,-0.0559618089617,0.0364261560881,-1.13338120555,0.235801063295,-0.13559537939,-0.170012854047,-0.00125348854425,0.0364258224891,0.12411,0.18837,-0.088,-0.0092,0.0134,-0.0108
1.211,1.212035824,3.767,1,-0.253548049215,0.277885013941,-1.65036079436,-0.566583953278,0.413007069854,0.520616541178,-0.0637045176978,-0,-0,-0.00523598775598,0.00837758040957,0.0010471975512,-0.0015383188385,-0.0109007859568,-0.00087538851548,0.00619212363783,-0.00333776222016,0.0364003882361,-0.00417480303287,0.0171427361197,-0.0216282760848,-0.00165996232269,-0.000119558043575,-3.33384347802e-07,-1.33526104788,0.266537884232,-0.139014715934,-0.181483380502,-0.0318796982783,0.0345037535919,-1.16338120555,0.265801063295,-0.160642992019,-0.183143342824,-0.0162534885443,0.0345034202076,-0.59913,0.17199,-0.2607,0.0158,-0.172,0.0092
1.212,1.213035174,4.903,1,-0.253647718019,0.277885213678,-1.65036418989,-0.566591623182,0.413007788908,0.520616541178,-0.112573736754,-0,-0.00959931088597,-0.00837758040957,-0.0230383461263,-0.0010471975512,-0.00154121489056,-0.0108861088347,-0.000879010263568,0.00619812307604,-0.00334261319188,0.0364970076789,-0.0041817699181,0.0171471138601,-0.0216290227544,-0.00165890823887,-0.000119579010348,-3.33285982316e-07,-0.639861945693,0.052507356226,-0.0218092376399,-0.134939932086,0.104310261638,0.037279468785,-1.13338120555,0.235801063295,-0.130642992019,-0.168143342824,-0.00125348854425,0.037279135499,0.19971,0.20538,-0.0517,-0.0084,0.101,-0.0092
1.213,1.214045263,5.778,1,-0.253732406541,0.277885013941,-1.65036478911,-0.566598574033,0.413015938181,0.520617739601,-0.0645771823238,-0,-0.00174532925199,-0.00733038285838,0.00418879020479,0,-0.00154489375726,-0.0108813406077,-0.000884956024368,0.00620314938415,-0.00333769879697,0.0365751946107,-0.00418783813474,0.0171490582227,-0.0216287949871,-0.00165762925767,-0.000119588353344,-3.33119705019e-07,-1.31477563308,0.236528784259,-0.113918271509,-0.172382821601,-0.020234422676,0.0371455673411,-1.16338120555,0.253677842481,-0.135547066496,-0.174040450859,-0.0162534885443,0.0371452342214,0.36729,0.19278,-0.0275,-0.0124,0.1038,-0.0086
1.214,1.215013435,7.105,1,-0.253784937394,0.277884214993,-1.65036838437,-0.566607442359,0.413010665122,0.52061821897,-0.0523598775598,-0,0.00349065850399,-0.00628318530718,0.0209439510239,0.00209439510239,-0.00154863989087,-0.0108965837832,-0.000888437349152,0.00620993598222,-0.00334706735173,0.036627257129,-0.00419317959716,0.0171509335198,-0.0216285804246,-0.00165631199306,-0.000119588645763,-3.33168336755e-07,-1.50125837911,0.338831019066,-0.185882777733,-0.195441658951,-0.0719420445172,0.0352929425243,-1.19338120555,0.283677842481,-0.165547066496,-0.189040450859,-0.0312534885443,0.0352926093559,-0.56007,0.15876,-0.2508,0.0132,-0.1774,0.0082
1.215,1.216230257,3.67,1,-0.253875218555,0.277883615782,-1.65037217938,-0.566615831317,0.413008268277,0.520618458654,-0.111701072128,-0,-0.00698131700798,-0.00942477796077,-0.0188495559215,-0.0010471975512,-0.00155150456735,-0.0108877953596,-0.000892028137999,0.00621641267522,-0.00335435179501,0.0367157974461,-0.00419944750662,0.0171549377744,-0.0216290672849,-0.00165517622031,-0.000119605347845,-3.32891069312e-07,-0.654999547006,0.0865602249125,-0.0513887488935,-0.141192788188,0.092784972645,0.0388956355931,-1.16338120555,0.253677842481,-0.135547066496,-0.174040450859,-0.0162534885443,0.038895302702,-0.08001,0.17829,-0.1089,-0.0058,0.0296,-0.0168
1.216,1.217225431,3.4,1,-0.253972091039,0.277883815519,-1.65037237911,-0.566623261536,0.413016896919,0.520619417392,-0.0846484687217,-0,-0.00436332312999,-0.00837758040957,-0.00523598775598,0,-0.00155501506278,-0.010875189733,-0.000897917771445,0.00622210326939,-0.00334917000715,0.0368057609717,-0.00420562019338,0.0171579130198,-0.021629202297,-0.00165396935006,-0.000119620843726,-3.32450355993e-07,-1.03257732304,0.17105869991,-0.0859113393847,-0.159214542203,0.0285503620784,0.0375698286742,-1.13338120555,0.223677842481,-0.107540541682,-0.160868511553,-0.00125348854425,0.0375694962239,0.47565,0.20349,0,-0.02,0.1444,-0.0142
1.217,1.218199169,3.428,1,-0.254031812427,0.277883615782,-1.6503749757,-0.566632369547,0.413014260389,0.520619417392,-0.0488692190558,-0,0.00349065850399,-0.00628318530718,0.0230383461263,0,-0.00155887256568,-0.0108858779655,-0.000901722489184,0.00622970726955,-0.00335595156913,0.0368636129322,-0.00421173433662,0.0171611485736,-0.0216295759299,-0.00165278255423,-0.000119636421668,-3.32201198607e-07,-1.54840289764,0.349387860227,-0.190284687548,-0.195728992879,-0.0795336125826,0.0374971241454,-1.16338120555,0.253677842481,-0.137540541682,-0.175868511553,-0.0162534885443,0.0374967919442,-0.26649,0.14742,-0.2134,0.0166,-0.1372,-0.0058
1.218,1.219230715,3.445,1,-0.254107512781,0.277883815519,-1.65037917018,-0.566642675981,0.41300898733,0.520618458654,-0.0951204442337,-0,-0.00349065850399,-0.0115191730632,-0.00837758040957,-0.0010471975512,-0.0015620990824,-0.0108862031374,-0.000904148358796,0.00623882920334,-0.00336728761694,0.0369383354896,-0.00421796482986,0.0171638543361,-0.0216294718863,-0.00165155726697,-0.000119647241072,-3.32249100101e-07,-0.887854639941,0.155890122027,-0.0884753906612,-0.152529864743,0.0480151810543,0.0417306115367,-1.13338120555,0.223677842481,-0.110104862547,-0.160868511553,-0.00125348854425,0.0417302792876,-0.37611,0.19026,-0.18095,-0.005,-0.0576,0.0018
1.219,1.220061255,3.382,1,-0.254210976589,0.277884614467,-1.65037917018,-0.566652023676,0.413017615972,0.520617979285,-0.0994837673637,-0,-0.00523598775598,-0.00942477796077,-0.0136135681656,-0.00314159265359,-0.00156550398505,-0.0108692812566,-0.000909536418488,0.00624760206503,-0.00336296037252,0.0370342168485,-0.00422416914807,0.0171656133374,-0.0216290937694,-0.00165030942592,-0.000119647419733,-3.32329450952e-07,-0.820668909995,0.128654754125,-0.0716944883741,-0.147928768418,0.0645325227517,0.0415607566312,-1.10338120555,0.193677842481,-0.0933235821435,-0.149579077844,0.0137465114557,0.0415604243018,0.47628,0.2205,0.01485,-0.0064,0.1818,-0.0248
1.22,1.221231647,3.432,1,-0.254279086934,0.277884614467,-1.65037976939,-0.56666185074,0.41301857471,0.520617260232,-0.0514872129338,-0,0.00436332312999,-0.00837758040957,0.0230383461263,0.0010471975512,-0.00156949104821,-0.0108746658322,-0.000914404989149,0.00625703932794,-0.00336508006976,0.0370984137341,-0.00422964563759,0.0171688838383,-0.021629580704,-0.00164913316598,-0.00011966357713,-3.32046286073e-07,-1.50994808845,0.351650069892,-0.196782388194,-0.195429238935,-0.0761334618222,0.0386840438215,-1.13338120555,0.223677842481,-0.123323582144,-0.164579077844,-0.00125348854425,0.0386837117752,-0.09702,0.16443,-0.1441,0.0038,-0.0702,-0.0018
1.221,1.222220484,3.496,1,-0.254346398331,0.27788441473,-1.65038356439,-0.566671677805,0.413009466699,0.520616301494,-0.0802851455917,-0,-0,-0.00837758040957,-0,0,-0.00157293963912,-0.0108801771976,-0.000917013038301,0.00626586455167,-0.00337882995595,0.0371668357517,-0.00423588658523,0.0171728406561,-0.0216300374834,-0.00164797530287,-0.000119685300673,-3.31798721326e-07,-1.09455644699,0.229124850228,-0.132985106787,-0.172129930813,0.00665223373886,0.0387406339552,-1.10338120555,0.246297690884,-0.153323582144,-0.173777906116,0.00653254843818,0.0387403021564,-0.46809,0.13356,-0.242,0.0062,-0.138,0.0098
1.222,1.223227777,3.474,1,-0.254451659773,0.277884814204,-1.6503841636,-0.566680306447,0.413014020705,0.520617020547,-0.108210413624,-0,-0.00785398163397,-0.00942477796077,-0.0230383461263,-0.0010471975512,-0.00157616506338,-0.0108619500335,-0.000922124762684,0.00627267116549,-0.003378054773,0.0372668038664,-0.00424210131276,0.017175850633,-0.0216302203024,-0.00164679489801,-0.000119696379916,-3.31583489358e-07,-0.689759405651,0.0747459675319,-0.0378018842592,-0.140206501394,0.0958908020206,0.0389977465437,-1.07338120555,0.216297690884,-0.123323582144,-0.158777906116,0.0215325484382,0.0389974149602,0.33264,0.21042,0.00165,-0.0092,0.1548,-0.0188
1.223,1.224233933,3.466,1,-0.25453055592,0.277885413415,-1.6503841636,-0.566688216035,0.413019773133,0.520618458654,-0.0602138591938,-0,0.00174532925199,-0.00733038285838,0.0146607657168,0.0010471975512,-0.00158023191271,-0.0108606574396,-0.000927599534768,0.00627825939913,-0.00337560175146,0.0373400626938,-0.00424759163104,0.0171775493289,-0.0216298693275,-0.00164550937304,-0.000119697147033,-3.31437637992e-07,-1.37989497757,0.303139762914,-0.167736574412,-0.187897815872,-0.0465044391312,0.0372380165301,-1.10338120555,0.246297690884,-0.153323582144,-0.173777906116,0.00653254843818,0.0372376850924,0.13293,0.1953,-0.08415,-0.0102,0.026,-0.0172
1.224,1.22522434,3.459,1,-0.254590876519,0.277885213678,-1.65038835808,-0.566697563731,0.413011863544,0.520618938023,-0.0654498469498,-0,0.000872664625997,-0.00733038285838,0.0125663706144,0.00209439510239,-0.00158383820575,-0.0108707330994,-0.000930215438391,0.00628514516559,-0.0033885514141,0.0374010621232,-0.00425386876881,0.0171802957168,-0.0216298177427,-0.00164431018201,-0.000119708304102,-3.31262884718e-07,-1.30848349966,0.28565882091,-0.15977658588,-0.185658027562,-0.0340441369184,0.0360193496724,-1.13338120555,0.276297690884,-0.181406403623,-0.187302337744,-0.00846745156182,0.0360190184095,-0.52794,0.13167,-0.27005,0.01,-0.1738,0.0146
1.225,1.226221316,3.397,1,-0.254690145848,0.277885613153,-1.65039055519,-0.566706911426,0.413012103229,0.520618938023,-0.112573736754,-0,-0.00872664625997,-0.010471975512,-0.0251327412287,-0.00209439510239,-0.00158692409907,-0.0108561618268,-0.000934126908947,0.00629289517256,-0.00339321936659,0.0374969387754,-0.00426012637021,0.0171833494808,-0.0216300484672,-0.00164315520186,-0.00011971956338,-3.31264942308e-07,-0.62694390758,0.057349398129,-0.0290527709011,-0.135046451432,0.107823878174,0.040901305611,-1.10338120555,0.246297690884,-0.151406403623,-0.172302337744,0.00653254843818,0.0409009743461,0.13734,0.19467,-0.0418,-0.0082,0.103,-0.0098
1.226,1.227039425,3.422,1,-0.254778030164,0.277886212364,-1.65039015572,-0.566716498806,0.413018814395,0.520619177707,-0.0706858347058,-0,-0,-0.010471975512,0.00314159265359,0,-0.00159074861079,-0.0108490967285,-0.000939685549969,0.006301303765,-0.00338996469867,0.037578119518,-0.00426564372253,0.0171859845571,-0.0216299725424,-0.00164189359794,-0.000119726435859,-3.31097761899e-07,-1.22089931057,0.243878325371,-0.132271691668,-0.17291029236,-0.0102614231735,0.0408667448518,-1.13338120555,0.261064309928,-0.15390166421,-0.174552185958,-0.00846745156182,0.0408664137541,0.34902,0.19404,-0.02585,-0.0196,0.0928,-0.0162
1.227,1.228039423,3.41,1,-0.254835953918,0.277886012627,-1.65039335151,-0.566728003662,0.413011863544,0.520618458654,-0.0575958653158,-0,0.00349065850399,-0.00837758040957,0.0188495559215,0.00209439510239,-0.00159446969159,-0.0108606579961,-0.000942603376291,0.00631160313252,-0.00340160038855,0.0376354914104,-0.00427118921129,0.0171889861526,-0.0216302322552,-0.00164070017545,-0.000119742917003,-3.30867984774e-07,-1.41828114187,0.331025420776,-0.189033577256,-0.193801872989,-0.0586636951349,0.0376999367303,-1.16338120555,0.291064309928,-0.18390166421,-0.189552185958,-0.0234674515618,0.0376996058623,-0.52101,0.13923,-0.2552,0.0226,-0.1802,0.0194
1.228,1.229225353,3.425,1,-0.254931028769,0.277885613153,-1.6503965473,-0.56673854978,0.413008028592,0.520617739601,-0.115191730632,-0,-0.00698131700798,-0.0115191730632,-0.0178023583703,-0.00209439510239,-0.0015972755366,-0.0108486103508,-0.000946056772739,0.00632106161429,-0.00341025324575,0.0377287914167,-0.00427817210658,0.0171908502863,-0.0216298990141,-0.00163951851272,-0.000119752708264,-3.30745371038e-07,-0.599597432766,0.088624037721,-0.0600507366239,-0.140056390787,0.0993538622988,0.0423669326039,-1.13338120555,0.261064309928,-0.15390166421,-0.174552185958,-0.00846745156182,0.0423666018585,-0.07182,0.17073,-0.10615,-0.0072,0.0122,-0.0086
1.229,1.230221599,3.409,1,-0.255031097047,0.277886012627,-1.65039614783,-0.566746938737,0.41301641755,0.520617979285,-0.0829031394697,-0,-0.00349065850399,-0.00837758040957,-0.00733038285838,-0.0010471975512,-0.00160083305885,-0.0108338611298,-0.000952069882014,0.00632842940235,-0.00340513209978,0.0378217348241,-0.00428379003538,0.0171945099608,-0.0216301806926,-0.0016383291119,-0.000119760985566,-3.30528019049e-07,-1.04173995453,0.181581499754,-0.0962341788258,-0.162872523033,0.028819637036,0.0393379687243,-1.10338120555,0.231064309928,-0.12390166421,-0.164510852145,0.00653254843818,0.0393376381963,0.5103,0.18711,0.0121,-0.0086,0.1566,-0.0172
1.23,1.231237961,3.459,1,-0.255088221852,0.277886212364,-1.65039834494,-0.566755807064,0.413014500074,0.52061821897,-0.0445058959259,-0,0.00436332312999,-0.00733038285838,0.0240855436775,0.00209439510239,-0.00160498828665,-0.0108461921594,-0.000956019278464,0.00633558597933,-0.00341123354564,0.0378767150601,-0.00428933522366,0.0171975022245,-0.0216304398126,-0.0016371366807,-0.000119772877918,-3.30306502709e-07,-1.59723519493,0.367469455377,-0.202489815024,-0.202255610066,-0.0869865488166,0.0370913782857,-1.13338120555,0.261064309928,-0.15390166421,-0.179510852145,-0.00846745156182,0.0370910479792,-0.33075,0.17136,-0.21505,0.005,-0.1272,0.0034
1.231,1.232166161,3.347,1,-0.255164121943,0.277886412101,-1.65040273915,-0.566765154759,0.413007549223,0.520618458654,-0.0994837673637,-0,-0.00436332312999,-0.00942477796077,-0.00837758040957,0,-0.00160828905075,-0.0108463082898,-0.000958437996487,0.00634255408547,-0.00342399355532,0.0379528126648,-0.00429564208382,0.0171993539497,-0.0216301757195,-0.00163594131179,-0.000119783227638,-3.30164600444e-07,-0.82041281357,0.155206066716,-0.0963943025069,-0.15773401271,0.057452079897,0.0390762409281,-1.10338120555,0.231064309928,-0.12390166421,-0.164510852145,0.00653254843818,0.0390759107635,-0.37233,0.14679,-0.1837,-0.0002,-0.0738,0.0014
1.232,1.233237724,3.366,1,-0.255269782859,0.277887011312,-1.65040333836,-0.566773543717,0.413014500074,0.520619177707,-0.10035643199,-0,-0.00698131700798,-0.00942477796077,-0.0167551608191,-0.0010471975512,-0.00161159592546,-0.0108279251956,-0.00096375718825,0.00634913035291,-0.00342129235674,0.0380520649835,-0.0043013118797,0.0172030692563,-0.0216305147772,-0.00163477712457,-0.000119801169859,-3.29939599211e-07,-0.795072346976,0.110552838102,-0.0590839072539,-0.148320664875,0.0754976992058,0.0395895166713,-1.07338120555,0.201064309928,-0.09390166421,-0.149955442,0.0215325484382,0.0395891867317,0.54873,0.16884,0.01045,-0.0126,0.173,-0.0244
1.233,1.234079836,3.565,1,-0.255333698726,0.277887610523,-1.65040413731,-0.56678385015,0.413015938181,0.520619417392,-0.0453785605519,-0,0.00349065850399,-0.00942477796077,0.0219911485751,0.00209439510239,-0.00161582257459,-0.0108359601838,-0.000968251829572,0.00635787114923,-0.00342385435683,0.0381116582047,-0.00430693323873,0.0172054761111,-0.0216302501424,-0.0016335226172,-0.000119803666828,-3.29811980027e-07,-1.58019360298,0.350677213175,-0.189130378254,-0.196941969367,-0.0798595038593,0.038929676518,-1.10338120555,0.231064309928,-0.12390166421,-0.164955442,0.00653254843818,0.038929346706,-0.07623,0.17514,-0.1419,0.0028,-0.0656,-0.0006
1.234,1.235215342,3.393,1,-0.255398613277,0.277888209735,-1.65040833179,-0.566795834375,0.413008747646,0.520618458654,-0.0811578102177,-0,-0,-0.0115191730632,0.00209439510239,0,-0.00161938415057,-0.010843002095,-0.000970179619032,0.00636840733496,-0.00343758197465,0.0381759663424,-0.00431247756309,0.0172072093815,-0.0216299580958,-0.00163226508041,-0.000119805041435,-3.2968089118e-07,-1.07573480178,0.233609820533,-0.139594997184,-0.171115738369,0.00829476325235,0.0421235954807,-1.08004727934,0.250817029915,-0.15390166421,-0.172748003449,0.00817495821092,0.0421232657998,-0.53172,0.16065,-0.23485,0.0102,-0.133,0.0188
1.235,1.236220214,3.469,1,-0.255504473931,0.277888808946,-1.65040953021,-0.566806140808,0.413014500074,0.520617979285,-0.110828407502,-0,-0.00785398163397,-0.0115191730632,-0.0209439510239,-0.00314159265359,-0.00162249206773,-0.0108243999842,-0.000974891152721,0.00637776936781,-0.00343694530619,0.0382753442595,-0.00431883115992,0.0172103518745,-0.0216302948002,-0.00163116191843,-0.000119821615162,-3.2967968707e-07,-0.647807076939,0.0803327095714,-0.0481269151309,-0.138632736035,0.0997699458026,0.0435210998419,-1.05004727934,0.220817029915,-0.12390166421,-0.157748003449,0.0231749582109,0.0435207701622,0.37296,0.19278,0.00055,-0.013,0.1664,-0.019
1.236,1.237231034,3.43,1,-0.255580773496,0.277888409472,-1.65040992969,-0.566815967873,0.413019773133,0.520617979285,-0.0558505360638,-0,0.000872664625997,-0.00942477796077,0.0146607657168,0.0010471975512,-0.00162630934111,-0.0108247430157,-0.000980628680051,0.00638667894401,-0.00343476999236,0.038345575485,-0.00432454562673,0.0172141095783,-0.0216306829134,-0.00163002323945,-0.000119839789798,-3.2945062312e-07,-1.42866830488,0.301325473384,-0.16138910749,-0.186825618615,-0.0486149601112,0.0395216017865,-1.08004727934,0.250817029915,-0.15390166421,-0.172748003449,0.00817495821092,0.0395212723358,0.1827,0.17262,-0.0825,-0.0118,0.0134,-0.0116
1.237,1.238223768,3.54,1,-0.255638098038,0.277887211049,-1.65041472338,-0.566828191782,0.413011863544,0.520617499916,-0.0663225115758,-0,0.000872664625997,-0.00942477796077,0.0115191730632,0.00209439510239,-0.00162960484751,-0.0108367190289,-0.000983333596972,0.00639723479175,-0.00344797507123,0.0384025748721,-0.0043300985373,0.0172158453841,-0.0216303997076,-0.00162876652877,-0.000119846067594,-3.29103010984e-07,-1.28554624784,0.284254918799,-0.162046198,-0.185067710469,-0.0287081853158,0.0384916866434,-1.11004727934,0.280817029915,-0.183676597708,-0.186696476998,-0.00682504178908,0.0384913575404,-0.61614,0.12663,-0.27665,0.0214,-0.182,0.018
1.238,1.239231043,3.48,1,-0.255740363424,0.277886811575,-1.65041791917,-0.5668387379,0.413012822282,0.520617499916,-0.115191730632,-0,-0.00959931088597,-0.0125663706144,-0.0251327412287,-0.00209439510239,-0.00163227325282,-0.010820294526,-0.000987302427241,0.00640603140548,-0.00345249505172,0.0385006691565,-0.00433648503947,0.0172183493434,-0.0216301641026,-0.00162757696855,-0.000119848492293,-3.28986874251e-07,-0.582651233758,0.0495249476777,-0.0273612347906,-0.132768605782,0.116221509412,0.0431820212158,-1.08004727934,0.250817029915,-0.153676597708,-0.171696476998,0.00817495821092,0.0431816922289,0.19656,0.18207,-0.04565,-0.0086,0.1084,-0.015
1.239,1.240230702,3.391,1,-0.255825051947,0.277887410786,-1.65041771943,-0.56684832528,0.413020971555,0.520618938023,-0.0637045176978,-0,-0.000872664625997,-0.010471975512,0.00523598775598,0,-0.00163620645667,-0.0108153341452,-0.00099300912821,0.00641322219183,-0.00344816547066,0.0385779346999,-0.00434225941768,0.0172218359993,-0.0216303139948,-0.00162642009004,-0.000119862064623,-3.29025505287e-07,-1.30838104338,0.254288555055,-0.132731900081,-0.176435120227,-0.0199322029068,0.0412577108256,-1.11004727934,0.271510391055,-0.154362214075,-0.178061540317,-0.00682504178908,0.0412573818001,0.38052,0.19467,-0.02365,-0.02,0.0914,-0.0182
1.24,1.241242213,3.42,1,-0.255875984903,0.277888409472,-1.65042091523,-0.566860309505,0.413015938181,0.520619896761,-0.0506145483078,0.000872664625997,0.00436332312999,-0.010471975512,0.0209439510239,0.00418879020479,-0.0016404057078,-0.0108313715715,-0.000995398716803,0.00642203465122,-0.00345936590314,0.0386271879307,-0.00434719230498,0.0172232916272,-0.0216298574292,-0.00162513031179,-0.000119864135415,-3.28918418036e-07,-1.5040985254,0.339487145864,-0.191637762241,-0.197603390484,-0.0688931693673,0.0380963934052,-1.14004727934,0.301510391055,-0.184362214075,-0.193061540317,-0.0218250417891,0.0380960644868,-0.55062,0.1701,-0.264,0.0162,-0.1782,0.0192
1.241,1.242222809,3.418,1,-0.255965067641,0.27788920842,-1.65042391128,-0.56687229373,0.413014020705,0.520620615814,-0.111701072128,-0,-0.00698131700798,-0.0125663706144,-0.0178023583703,0,-0.00164361734933,-0.0108231298068,-0.000998295402746,0.00643116495752,-0.00346760549772,0.0387130331061,-0.00435281294268,0.017226009627,-0.0216298939864,-0.00162392171977,-0.000119876593626,-3.28313515069e-07,-0.637776317283,0.0954669910164,-0.0631304842479,-0.144195781114,0.0962242760893,0.0417875040669,-1.11004727934,0.271510391055,-0.154362214075,-0.178061540317,-0.00682504178908,0.0417871757534,-0.13356,0.16317,-0.09955,-0.0016,0.0252,-0.0006
1.242,1.243234143,3.379,1,-0.256065335656,0.277890007368,-1.6504229126,-0.566883798586,0.413024087454,0.520621814237,-0.0837758040957,-0,-0.00349065850399,-0.0125663706144,-0.00523598775598,0,-0.00164722134036,-0.0108081908525,-0.00100420197061,0.00644048712862,-0.00346150999542,0.0388042522991,-0.00435923232109,0.0172288762391,-0.0216299977185,-0.00162280155392,-0.000119888786409,-3.28366581565e-07,-1.02434489625,0.183639881523,-0.100332490132,-0.161083830373,0.03068945767,0.0426802773279,-1.08004727934,0.241510391055,-0.124362214075,-0.163061540317,0.00817495821092,0.0426799489613,0.58338,0.18396,0.01925,-0.0166,0.1548,-0.0246
1.243,1.244237997,3.447,1,-0.256118865194,0.277890007368,-1.65042471023,-0.566898179656,0.413021690609,0.520621814237,-0.0418879020479,-0,0.00436332312999,-0.0115191730632,0.0261799387799,0.0010471975512,-0.00165125680408,-0.0108226326648,-0.00100782521074,0.00645304157094,-0.00346864967247,0.0388539530592,-0.00436498977761,0.0172314180997,-0.0216298817954,-0.00162162323255,-0.000119896640564,-3.28445484209e-07,-1.62667823685,0.372990803701,-0.204656813377,-0.199110016196,-0.0904039857241,0.0425690591404,-1.11004727934,0.271510391055,-0.154362214075,-0.178061540317,-0.00682504178908,0.0425687306949,-0.38178,0.15246,-0.2211,0.022,-0.1564,-0.0042
1.244,1.245207042,3.344,1,-0.256196562919,0.277889607894,-1.65042890471,-0.566911601987,0.413015698496,0.520620855499,-0.101229096616,-0.000872664625997,-0.00436332312999,-0.0136135681656,-0.0115191730632,-0.0010471975512,-0.00165425485165,-0.0108215446965,-0.00101038888863,0.00646511297378,-0.00348072996007,0.0389299469534,-0.00437075065524,0.0172352073534,-0.0216303191752,-0.00162051114324,-0.000119910521068,-3.27999459228e-07,-0.784418170177,0.15571304383,-0.0984347450449,-0.153629923029,0.065276078101,0.0447496969662,-1.08004727934,0.241510391055,-0.124362214075,-0.163061540317,0.00817495821092,0.0447493689667,-0.34776,0.17325,-0.18205,-0.0016,-0.0546,0.003
1.245,1.246015092,5.255,1,-0.256302024098,0.277889807631,-1.65042950392,-0.566922627474,0.413024806507,0.520620136445,-0.0968657734857,-0,-0.00785398163397,-0.0115191730632,-0.0146607657168,-0.00209439510239,-0.00165738530444,-0.01080333337,-0.00101592511472,0.00647565601289,-0.00347638806798,0.0390269977542,-0.00437641007975,0.0172367128471,-0.021629847679,-0.00161926217155,-0.000119912505035,-3.27918470593e-07,-0.836971330168,0.113705336997,-0.05770955709,-0.14685123351,0.0717445213078,0.0430058116294,-1.05004727934,0.211510391055,-0.0943622140754,-0.148470495681,0.0231749582109,0.0430054837109,0.58842,0.21483,0.0297,-0.0136,0.1814,-0.015
1.246,1.247008851,3.819,1,-0.25636214496,0.277889408157,-1.65043130155,-0.566935570437,0.413026244614,0.520619896761,-0.0392699081699,-0,0.00349065850399,-0.0115191730632,0.0240855436775,0,-0.00166127294709,-0.010813802175,-0.00102035324693,0.00648728206543,-0.00347953160146,0.0390818750696,-0.00438213726496,0.0172392099998,-0.0216296967422,-0.0016180605033,-0.000119925245986,-3.27795650788e-07,-1.65674076323,0.36398736183,-0.193475810762,-0.196728759955,-0.0893859711378,0.0436077676944,-1.08004727934,0.241510391055,-0.124362214075,-0.163470495681,0.00817495821092,0.0436074398988,-0.11151,0.15183,-0.1606,-0.0002,-0.0768,-0.005
1.247,1.248012136,2.696,0,-0.256422465558,0.27788920842,-1.65043669446,-0.566950910245,0.413018335026,0.520619417392,-0.0802851455917,-0,-0.000872664625997,-0.0146607657168,-0,0,-0.00166448362129,-0.0108237326434,-0.00102183897971,0.00650029052769,-0.00349498851601,0.0391407771388,-0.00438796270163,0.017242733962,-0.0216299004768,-0.00161693005682,-0.000119939277313,-3.27392991095e-07,-1.07696741378,0.221183566161,-0.128919571858,-0.166835997071,0.0143544593931,0.0454710216049,-1.08135537648,0.238426300123,-0.150549472335,-0.168452927127,0.0142345201158,0.0454706942119,-0.57456,0.17199,-0.24915,0.0082,-0.1342,0.0104
1.248,1.249002087,2.686,1,-0.256531721742,0.277890207105,-1.65043829235,-0.566964572261,0.413024566823,0.520619896761,-0.11780972451,-0,-0.00872664625997,-0.0146607657168,-0.0209439510239,-0.00209439510239,-0.00166737750333,-0.0108028674857,-0.00102583852052,0.0065115640847,-0.00349545239326,0.0392421374417,-0.00439294245356,0.0172442207,-0.0216294927156,-0.00161566731231,-0.000119937067092,-3.27517271743e-07,-0.547174533174,0.0661775041229,-0.0466879580953,-0.134763655724,0.114934549535,0.0458023170929,-1.05135537648,0.208426300123,-0.120549472335,-0.153452927127,0.0292345201158,0.0458019895757,0.39942,0.2205,0.01375,-0.0112,0.1706,-0.024
1.249,1.250005053,3.209,1,-0.256609419467,0.27789060658,-1.65043889156,-0.566979193016,0.413029600197,0.520621095183,-0.0523598775598,0.000872664625997,0.00174532925199,-0.0146607657168,0.0167551608191,0.00209439510239,-0.0016710837538,-0.0108021234419,-0.00103045885136,0.00652340181177,-0.00349549338457,0.039312209939,-0.00439865336022,0.0172470228122,-0.0216296265199,-0.00161450994976,-0.000119950007319,-3.27128420026e-07,-1.46838932298,0.300106213954,-0.15980907237,-0.183829845141,-0.0524486355722,0.0439624068381,-1.08135537648,0.238426300123,-0.150549472335,-0.168452927127,0.0142345201158,0.0439620797097,0.25704,0.15687,-0.0836,-0.0004,0.0044,-0.0026
1.25,1.250994425,2.636,1,-0.256661351108,0.277890207105,-1.65044408473,-0.566995731246,0.413021450924,0.520620855499,-0.0593411945678,-0,0.000872664625997,-0.0136135681656,0.0115191730632,0.00209439510239,-0.00167445535319,-0.0108173828718,-0.00103201375599,0.0065373639878,-0.00351100316425,0.039362426924,-0.00440520498721,0.0172493562321,-0.0216292654025,-0.00161335367123,-0.000119962628679,-3.27049773522e-07,-1.37063527977,0.287634596457,-0.156437260849,-0.182588390282,-0.0359281985407,0.0430487322524,-1.11135537648,0.268426300123,-0.178066526251,-0.183452927127,-0.000765479884192,0.0430484052026,-0.68796,0.1449,-0.28545,0.0154,-0.1816,0.02
1.251,1.252001123,2.343,1,-0.256763017283,0.277890207105,-1.65044668131,-0.567008913894,0.413023608085,0.520620855499,-0.116064395258,-0,-0.00959931088597,-0.0136135681656,-0.0251327412287,-0.00209439510239,-0.00167721573226,-0.010801269218,-0.00103589429093,0.00654862596924,-0.00351487856114,0.039458401029,-0.00441029054037,0.0172518730858,-0.0216292193856,-0.00161216302283,-0.000119966563698,-3.27123305646e-07,-0.563607467742,0.0526981910413,-0.0333858437253,-0.133994539292,0.119610458897,0.0448440200265,-1.08135537648,0.238426300123,-0.148066526251,-0.168452927127,0.0142345201158,0.0448436929032,0.2016,0.189,-0.03135,-0.0128,0.1284,-0.011
1.252,1.253054374,3.65,1,-0.256847905542,0.27789060658,-1.6504460821,-0.567021856857,0.413032476411,0.520621574552,-0.0628318530718,-0,-0,-0.0125663706144,0.00733038285838,0,-0.00168103607699,-0.01079610351,-0.00104165940328,0.00655974498438,-0.00351010429129,0.0395343363243,-0.00441533398613,0.0172543359255,-0.0216291263123,-0.00161094806204,-0.000119965786716,-3.26766513524e-07,-1.31496891863,0.269846330094,-0.147030723144,-0.178854345216,-0.0233382650855,0.0440960221142,-1.11135537648,0.268426300123,-0.168659849456,-0.180465293278,-0.000765479884192,0.0440956953477,0.41454,0.17766,-0.01155,-0.015,0.0868,-0.0148
1.253,1.254069308,3.852,1,-0.256895442968,0.277890806317,-1.65044947763,-0.56703911414,0.413025285876,0.520621095183,-0.0479965544298,-0,0.00436332312999,-0.0157079632679,0.0188495559215,0.0010471975512,-0.0016849086829,-0.0108140980768,-0.00104369987743,0.00657490513261,-0.00352376729156,0.039579430903,-0.00442116696524,0.0172566035939,-0.0216287851987,-0.00160975359382,-0.000119974192799,-3.26683835637e-07,-1.52874743315,0.344411505441,-0.190784380756,-0.190798499084,-0.0686728779934,0.0469923012975,-1.14135537648,0.298426300123,-0.198659849456,-0.192408252678,-0.0157654798842,0.0469919746137,-0.6489,0.16695,-0.28765,0.021,-0.1954,0.009
1.254,1.255058084,3.789,1,-0.256988120974,0.277891205791,-1.6504530729,-0.567055892055,0.413022889031,0.520620615814,-0.116937059884,-0,-0.00785398163397,-0.0167551608191,-0.0209439510239,-0.00209439510239,-0.00168763289846,-0.0108034303389,-0.00104602075064,0.00658953380633,-0.00353371403439,0.0396674350943,-0.00442698946281,0.0172591904729,-0.0216287358469,-0.00160860299959,-0.000119992171926,-3.26552794054e-07,-0.555816869283,0.0727997019824,-0.0523046242028,-0.134622371427,0.113360213299,0.048297151386,-1.11135537648,0.268426300123,-0.168659849456,-0.177408252678,-0.000765479884192,0.0482968248332,-0.09828,0.1701,-0.1111,-0.0042,0.0366,-0.002
1.255,1.256007749,3.632,1,-0.257086591355,0.277891405528,-1.65045227395,-0.567072190601,0.413033195465,0.520621334868,-0.0802851455917,-0,-0.00349065850399,-0.0178023583703,-0.00418879020479,-0.0010471975512,-0.0016909096959,-0.0107895531626,-0.00105172826309,0.0066038031592,-0.00352808960208,0.0397550619631,-0.0044328047619,0.0172617641285,-0.0216286781257,-0.00160745269746,-0.00012000072131,-3.26425350616e-07,-1.06442550822,0.184643708491,-0.097155777429,-0.155621157589,0.0277524941769,0.0493462600435,-1.08135537648,0.238426300123,-0.138659849456,-0.162408252678,0.0142345201158,0.0493459336182,0.61551,0.20601,0.02255,-0.0148,0.1594,-0.0298
1.256,1.257001274,2.973,1,-0.257135327203,0.277890406842,-1.65045407158,-0.567091605045,0.413029600197,0.520621095183,-0.0357792496659,-0.000872664625997,0.00523598775598,-0.0178023583703,0.0240855436775,0.00209439510239,-0.00169466093562,-0.0108069059166,-0.00105533730585,0.00662140151124,-0.00353639681256,0.0397988147493,-0.00443785455548,0.0172642218091,-0.0216285898439,-0.00160623883639,-0.000120000168687,-3.25855393562e-07,-1.69732136191,0.385449521829,-0.205613619208,-0.19671595084,-0.0968286464155,0.0485133002178,-1.11135537648,0.268426300123,-0.168659849456,-0.177408252678,-0.000765479884192,0.0485129743624,-0.40635,0.14238,-0.21945,0.0188,-0.1514,0.0034
1.257,1.258072467,3.472,1,-0.257209229923,0.27788920842,-1.65045826606,-0.567111738543,0.413023128716,0.520619657076,-0.101229096616,-0.000872664625997,-0.00436332312999,-0.0198967534727,-0.010471975512,-0.0010471975512,-0.00169728112346,-0.0108080770106,-0.00105760942084,0.00664024563188,-0.00354959672469,0.0398689114019,-0.00444369388379,0.017266484307,-0.0216282534035,-0.00160504573058,-0.000120008804158,-3.25783542301e-07,-0.778500490223,0.151290655535,-0.0951462152548,-0.146789922303,0.0679364375174,0.0513736093497,-1.08135537648,0.238426300123,-0.138659849456,-0.162408252678,0.0142345201158,0.0513732835662,-0.41391,0.16821,-0.17985,0.0022,-0.0588,0.0022
1.258,1.25901952,3.542,1,-0.257317487422,0.277888808946,-1.65045826606,-0.567129235512,0.413032716096,0.520619417392,-0.102101761242,-0,-0.00698131700798,-0.0178023583703,-0.0136135681656,-0.00209439510239,-0.00169998976996,-0.0107879220486,-0.0010631270338,0.00665649005312,-0.00354510640536,0.0399662646119,-0.00444967973497,0.0172698321555,-0.0216283245233,-0.00160394844548,-0.000120028235097,-3.25864239101e-07,-0.760406547564,0.112370078401,-0.0652017106042,-0.140873586575,0.0805181919203,0.049828490589,-1.05135537648,0.208426300123,-0.108659849456,-0.147408252678,0.0292345201158,0.0498281647248,0.60165,0.18144,0.03025,-0.0104,0.1918,-0.023
1.259,1.26005372,5.049,1,-0.257377408546,0.277889008683,-1.65045986396,-0.567148170587,0.413034154203,0.520618938023,-0.0383972435439,0.000872664625997,0.00349065850399,-0.0178023583703,0.0251327412287,0.0010471975512,-0.00170377444494,-0.0107983045971,-0.00106661657124,0.00667371772976,-0.00354996703317,0.0400188462808,-0.00445409840322,0.0172723297455,-0.0216283526944,-0.0016027448511,-0.00012003298797,-3.25483970282e-07,-1.66141965644,0.347639444651,-0.181634629046,-0.189090461487,-0.0857624885599,0.0490600946202,-1.08135537648,0.238426300123,-0.138659849456,-0.162408252678,0.0142345201158,0.0490597691362,-0.06363,0.15435,-0.1617,-0.002,-0.0806,0.0032
1.26,1.261022455,3.633,1,-0.257434533352,0.277890007368,-1.65046505712,-0.567169981876,0.413025285876,0.520617979285,-0.0741764932098,0.000872664625997,-0.000872664625997,-0.0198967534727,-0,0,-0.00170705555961,-0.0108099737233,-0.00106664166374,0.00669284804286,-0.00356865477733,0.0400727688916,-0.00445989927389,0.017273956739,-0.0216280295698,-0.00160157371736,-0.00012003589707,-3.25623728107e-07,-1.1503203672,0.20895723272,-0.11366455111,-0.160307070585,0.0111018496177,0.051056834654,-1.11135537648,0.226231189459,-0.13529258068,-0.161908644302,0.0109818137206,0.0510565090303,-0.65268,0.17073,-0.2607,0.0182,-0.1426,0.0174
1.261,1.262015151,6.786,1,-0.257540593742,0.277891405528,-1.65046585607,-0.567188677267,0.413032716096,0.52061821897,-0.112573736754,0.000872664625997,-0.00872664625997,-0.0198967534727,-0.0209439510239,-0.00314159265359,-0.00171000495283,-0.0107910152805,-0.00107033889036,0.0067090613033,-0.00356880610416,0.0401685756596,-0.00446579654333,0.0172759402298,-0.0216274506687,-0.00160036245262,-0.000120035278663,-3.25375194622e-07,-0.609182152671,0.0534219736821,-0.0322200686391,-0.127083206791,0.112981012659,0.0524539091054,-1.08135537648,0.196231189459,-0.10529258068,-0.146908644302,0.0259818137206,0.0524535837302,0.42021,0.23877,0.01815,-0.0118,0.1818,-0.0296
1.262,1.263239511,5.269,1,-0.257612299354,0.277891805002,-1.65046525686,-0.567209290134,0.413039906631,0.520619177707,-0.0479965544298,-0,0.00261799387799,-0.0209439510239,0.0167551608191,0.00209439510239,-0.0017137924273,-0.0107939983965,-0.00107505645604,0.00672692347601,-0.0035671273169,0.0402294886966,-0.00447096005092,0.0172781811086,-0.0216271799033,-0.00159915568248,-0.000120039832202,-3.25066084594e-07,-1.52002011177,0.316467557165,-0.166117279205,-0.180748923141,-0.0590953333581,0.0511228224396,-1.11135537648,0.226231189459,-0.13529258068,-0.161908644302,0.0109818137206,0.0511224973735,0.23499,0.15687,-0.07095,-0.0054,0.0184,-0.0064
1.263,1.264240661,3.462,1,-0.257659637043,0.277890806317,-1.6504692516,-0.567233498268,0.413031757358,0.520619417392,-0.0549778714378,-0.000872664625997,0.00261799387799,-0.0219911485751,0.0136135681656,0.00209439510239,-0.00171700177218,-0.0108119684255,-0.0010766759675,0.00674781654097,-0.00358255770958,0.0402724407432,-0.00447611310495,0.0172807411078,-0.0216272007936,-0.00159799291239,-0.000120053951154,-3.24932498259e-07,-1.42486937778,0.312710585049,-0.170046486484,-0.178696054253,-0.0463622547701,0.0523499390117,-1.14135537648,0.256231189459,-0.16529258068,-0.176908644302,-0.00401818627939,0.0523496140792,-0.68418,0.13734,-0.30415,0.0226,-0.196,0.0116
1.264,1.265244198,3.409,1,-0.257757308476,0.277890207105,-1.65047064976,-0.567254111135,0.413033435149,0.520619657076,-0.114319066006,-0.000872664625997,-0.00872664625997,-0.0209439510239,-0.0261799387799,-0.00209439510239,-0.00171956500274,-0.0107981633555,-0.00108060920707,0.00676602573639,-0.00358672723712,0.0403620726451,-0.00448210454178,0.0172840750782,-0.0216272738144,-0.00159689737781,-0.00012006898495,-3.24805888842e-07,-0.579308066227,0.0619856333948,-0.0371686035143,-0.128294684573,0.1186347558,0.0530190376427,-1.11135537648,0.226231189459,-0.13529258068,-0.161908644302,0.0109818137206,0.0530187128368,0.16695,0.18585,-0.03575,-0.0022,0.1168,-0.0162
1.265,1.266232226,3.489,1,-0.257842995684,0.277890406842,-1.65046865239,-0.567274724002,0.41304254316,0.520620855499,-0.0637045176978,-0,-0,-0.0209439510239,0.00523598775598,0.0010471975512,-0.00172317060342,-0.0107922371378,-0.00108630321229,0.00678403156281,-0.00358188283453,0.0404360136558,-0.0044873474373,0.0172863995688,-0.0216270884967,-0.00159574033644,-0.00012006901238,-3.24923929573e-07,-1.29372222683,0.25171316232,-0.133112711128,-0.16796303994,-0.0145583826784,0.0518362233105,-1.14135537648,0.256231189459,-0.154739799624,-0.169558780276,-0.00401818627939,0.0518358983866,0.45738,0.20727,0.00385,-0.0084,0.1062,-0.0066
1.266,1.267242801,3.466,1,-0.257890133635,0.277890406842,-1.6504708495,-0.567299171821,0.41303559231,0.520620615814,-0.0436332312999,-0,0.00698131700798,-0.0230383461263,0.0209439510239,0.00209439510239,-0.00172687961751,-0.0108102569408,-0.00108824094091,0.00680582843985,-0.00359556354847,0.040478084691,-0.00449246019901,0.017287653982,-0.0216265122758,-0.00159448782303,-0.00012007259775,-3.24445741647e-07,-1.58205920789,0.366831098751,-0.205920685136,-0.189383733784,-0.0790830104419,0.0543906892496,-1.17135537648,0.286231189459,-0.184739799624,-0.184558780276,-0.0190181862794,0.0543903648038,-0.54873,0.17577,-0.286,0.0184,-0.2034,0.0084
1.267,1.268165164,3.431,1,-0.257975820843,0.277890207105,-1.65047404529,-0.567321222795,0.41303295578,0.52062037613,-0.109955742876,-0,-0.00698131700798,-0.0219911485751,-0.0209439510239,-0.00209439510239,-0.0017294909166,-0.0108039160671,-0.0010905388098,0.00682525761636,-0.00360589321101,0.0405573797962,-0.00449841130509,0.0172896820842,-0.0216259881354,-0.00159330302881,-0.000120077102341,-3.24422591904e-07,-0.643017494343,0.0815081644934,-0.05132109387,-0.131635400187,0.104505504866,0.0544755397521,-1.14135537648,0.256231189459,-0.154739799624,-0.169558780276,-0.00401818627939,0.0544752153295,-0.15561,0.18144,-0.11495,0,0.0234,-0.0178
1.268,1.269059087,4.147,1,-0.258075889121,0.277890207105,-1.65047324634,-0.567341835662,0.413047097166,0.52062037613,-0.0872664625997,-0,-0.00436332312999,-0.0219911485751,-0.00209439510239,-0.0010471975512,-0.00173250035849,-0.0107890929972,-0.00109627348288,0.00684428425264,-0.0035977405612,0.040643178045,-0.00450372558668,0.0172929955316,-0.0216261253926,-0.00159219360976,-0.000120087992099,-3.2427997831e-07,-0.969829682276,0.173545277709,-0.0973186047862,-0.149228489868,0.0402898174229,0.0541674035425,-1.11135537648,0.226231189459,-0.124739799624,-0.154558780276,0.0109818137206,0.0541670792625,0.61677,0.19467,0.02805,-0.017,0.18,-0.0266
1.269,1.270059112,3.841,1,-0.258129418659,0.277890207105,-1.65047524371,-0.567367961272,0.413044700321,0.520619417392,-0.0410152374219,-0,0.00523598775598,-0.0251327412287,0.0272271363311,0.0010471975512,-0.00173600100866,-0.0108031995105,-0.0010985220596,0.0068684389504,-0.00360769457213,0.0406887755393,-0.00450892386011,0.0172955883632,-0.0216261915765,-0.00159105650084,-0.000120097736139,-3.23700423173e-07,-1.62526525968,0.367298403805,-0.200105031184,-0.184897551661,-0.0865631719859,0.0573014476033,-1.14135537648,0.256231189459,-0.154739799624,-0.169558780276,-0.00401818627939,0.0573011239028,-0.33894,0.15435,-0.2211,0.016,-0.1556,0
1.27,1.271006954,3.988,1,-0.258202921905,0.277890207105,-1.65047963793,-0.567394566251,0.413037509786,0.520617739601,-0.0968657734857,-0,-0.00349065850399,-0.0261799387799,-0.010471975512,-0.0010471975512,-0.00173854633386,-0.0108043476749,-0.00109916857335,0.00689306888664,-0.00362431728258,0.0407565666853,-0.00451415674378,0.017297550513,-0.0216256870238,-0.00158983328951,-0.00012009801579,-3.23673194997e-07,-0.829320552358,0.142805922798,-0.0858725077683,-0.139667852289,0.065784375289,0.0584005168952,-1.11135537648,0.226231189459,-0.124739799624,-0.154558780276,0.0109818137206,0.0584001932221,-0.45045,0.17073,-0.20955,0.0004,-0.078,0.005
1.271,1.272060431,3.648,1,-0.258312377826,0.277891205791,-1.65047943819,-0.567418774385,0.413048295588,0.520617979285,-0.103847090494,-0,-0.00785398163397,-0.0240855436775,-0.0136135681656,-0.0010471975512,-0.00174120956863,-0.0107832135997,-0.00110326251379,0.00691468235474,-0.00362144437538,0.0408521695228,-0.00451942320924,0.0172998845588,-0.021625522303,-0.00158867825907,-0.000120112623974,-3.2380637588e-07,-0.731586519156,0.0951883834838,-0.0527152544265,-0.131903623535,0.0889072234241,0.0556248978687,-1.08135537648,0.196231189459,-0.0947397996243,-0.139558780276,0.0259818137206,0.0556245740624,0.5733,0.21231,0.03575,-0.0066,0.1942,-0.0108
1.272,1.273070336,3.407,1,-0.258376293692,0.277891405528,-1.65047963793,-0.567444660311,0.413051890855,0.520618698339,-0.0427605666739,-0,0.00523598775598,-0.0240855436775,0.0251327412287,0.00209439510239,-0.00174479225797,-0.0107908929555,-0.00110681979316,0.00693739810575,-0.00362461121305,0.0409052475872,-0.00452472197856,0.0173022522787,-0.0216253926111,-0.00158754724852,-0.000120117827537,-3.23480463118e-07,-1.5963408428,0.363390845783,-0.200400449719,-0.186851706116,-0.0810642410921,0.0556333179276,-1.11135537648,0.226231189459,-0.124739799624,-0.154558780276,0.0109818137206,0.0556329944471,-0.03969,0.17514,-0.15125,0.0042,-0.0646,-0.0026
1.273,1.27418886,4.134,1,-0.258435815342,0.277891006054,-1.65048383241,-0.567470546237,0.413043741583,0.520619177707,-0.0741764932098,-0,-0,-0.0230383461263,0.00314159265359,0.00209439510239,-0.00174772477417,-0.0108009719776,-0.00110784269295,0.00695936336978,-0.00364123609926,0.0409597944996,-0.00452999518552,0.0173042511412,-0.0216249298937,-0.00158634897434,-0.000120113566583,-3.23223260431e-07,-1.14905066849,0.235568100375,-0.13495094133,-0.16422825377,0.00566079461434,0.0535438746853,-1.14135537648,0.252872351516,-0.154739799624,-0.165814602744,0.00554068104776,0.0535435514621,-0.58401,0.17577,-0.27005,0.0148,-0.1554,0.0156
1.274,1.275244441,3.43,1,-0.258541476259,0.27789060658,-1.65048423188,-0.567492597211,0.413050213064,0.520620136445,-0.111701072128,-0,-0.00872664625997,-0.0230383461263,-0.0219911485751,-0.00209439510239,-0.00175023292028,-0.0107821915162,-0.00111244853499,0.00697841363791,-0.00364082696226,0.0410545190171,-0.00453527892214,0.0173062604415,-0.0216244776437,-0.00158515127734,-0.000120118851828,-3.2319196415e-07,-0.613865512533,0.0626786111138,-0.0373931480627,-0.126775995756,0.113544383893,0.055813847527,-1.11135537648,0.222872351516,-0.124739799624,-0.150814602744,0.0205406810478,0.055813524335,0.37422,0.19971,0.01705,-0.0112,0.1734,-0.0122
1.275,1.276280814,3.502,1,-0.258617176613,0.277890207105,-1.6504832332,-0.567518003768,0.413057643283,0.520621334868,-0.0541052068118,-0,0.00261799387799,-0.0272271363311,0.0157079632679,0,-0.00175360626881,-0.0107825106093,-0.0011173720856,0.0070006805919,-0.00363885832493,0.0411176364271,-0.00454060837816,0.0173083210639,-0.0216240746022,-0.00158397812111,-0.000120128964221,-3.23148338678e-07,-1.4299693298,0.301365379861,-0.16259098502,-0.169521860704,-0.044550926018,0.0603165365385,-1.14135537648,0.252872351516,-0.154739799624,-0.165814602744,0.00554068104776,0.0603162133902,0.23121,0.18018,-0.06765,-0.0086,0.026,-0.0098
1.276,1.277165196,3.44,1,-0.258668509043,0.277889607894,-1.65048662873,-0.567548204014,0.413049494011,0.520621334868,-0.0584685299418,-0,0.00349065850399,-0.0282743338823,0.0136135681656,0.0010471975512,-0.00175662497517,-0.0107977003539,-0.00111836641791,0.00702730448806,-0.00365544535846,0.0411624910354,-0.00454591434205,0.0173106830169,-0.0216239488611,-0.00158284862143,-0.00012013440663,-3.23057441077e-07,-1.36958994732,0.297609813072,-0.166294927349,-0.169149483263,-0.0366113326332,0.0605338238683,-1.17135537648,0.282872351516,-0.184739799624,-0.170732331884,-0.00945931895224,0.0605335008109,-0.66024,0.14112,-0.3003,0.0236,-0.1932,0.0066
1.277,1.278243521,3.333,1,-0.258768976795,0.277890007368,-1.65048842636,-0.567573131202,0.413051411486,0.520620855499,-0.118682389136,-0,-0.00872664625997,-0.0251327412287,-0.0230383461263,-0.00209439510239,-0.00175905952961,-0.0107819478325,-0.00112106777505,0.0070498256702,-0.0036617630109,0.0412532856457,-0.00455196191884,0.0173127907229,-0.0216235218967,-0.00158171536957,-0.000120139564053,-3.22808413672e-07,-0.517821685564,0.050684303428,-0.0370881699142,-0.122259652519,0.12661397264,0.0580622735527,-1.14135537648,0.252872351516,-0.154739799624,-0.155732331884,0.00554068104776,0.0580619507443,0.1008,0.18396,-0.055,-0.005,0.103,-0.0146
1.278,1.279281656,3.423,1,-0.258859058219,0.277891405528,-1.65048622925,-0.567597339336,0.413063635396,0.520620855499,-0.0689405054538,0.000872664625997,-0,-0.0251327412287,0.00523598775598,0,-0.00176268198955,-0.0107731804677,-0.00112603479951,0.00707211170743,-0.00365604403177,0.0413287993077,-0.00455655250082,0.0173150938879,-0.0216234194136,-0.00158054682861,-0.000120145458762,-3.22486338425e-07,-1.2154848947,0.231588664038,-0.127357412426,-0.159596654487,-0.00110358545444,0.0579492912289,-1.17135537648,0.248903757926,-0.14898083184,-0.161177201316,-0.0012237309132,0.0579489687426,0.48321,0.22554,0.0011,-0.015,0.1242,-0.0056
1.279,1.280276551,3.48,1,-0.258907993804,0.277892004739,-1.65048782715,-0.567625382423,0.413057643283,0.520620136445,-0.0445058959259,-0,0.00698131700798,-0.0261799387799,0.0230383461263,0.0010471975512,-0.00176643862804,-0.0107899250361,-0.00112761459199,0.00709766904788,-0.00366971958844,0.0413709314902,-0.00456116131976,0.01731708109,-0.0216230319939,-0.00157933520636,-0.000120146657002,-3.22217843636e-07,-1.56591428142,0.370390895363,-0.211284911655,-0.18606658062,-0.0776272886014,0.0597692003177,-1.20135537648,0.278903757926,-0.17898083184,-0.176177201316,-0.0162237309132,0.0597688780999,-0.53739,0.18522,-0.2695,0.022,-0.2012,0.0088
1.28,1.281279266,3.444,1,-0.258996677068,0.277892004739,-1.65049002426,-0.56765078898,0.413054048016,0.520619177707,-0.11344640138,-0,-0.00523598775598,-0.0251327412287,-0.0188495559215,-0.00209439510239,-0.00176902797731,-0.0107814538439,-0.00112985132096,0.00712103303833,-0.003680888346,0.0414525326094,-0.00456721875896,0.0173191903327,-0.0216226126308,-0.00157820318991,-0.0001201567421,-3.22200736947e-07,-0.590544354856,0.0978685151142,-0.0728167719364,-0.132308426717,0.106410469207,0.0591878767867,-1.17135537648,0.248903757926,-0.14898083184,-0.161177201316,-0.0012237309132,0.0591875545859,-0.15372,0.1512,-0.1221,-0.0038,0.0006,-0.0076
1.281,1.282311233,3.415,1,-0.259099541665,0.277892004739,-1.65048822662,-0.567675236798,0.413066990979,0.520619657076,-0.0872664625997,-0,-0.00349065850399,-0.0261799387799,-0.00523598775598,0,-0.00177194407336,-0.0107646165077,-0.00113556618389,0.00714328315777,-0.00367367227594,0.0415403897988,-0.00457265149828,0.0173222642863,-0.0216225640033,-0.00157710289245,-0.000120163686478,-3.22115047936e-07,-0.956134761596,0.169259043873,-0.0961412737297,-0.145961388938,0.0460596185453,0.0586335176878,-1.14135537648,0.218903757926,-0.11898083184,-0.14753849183,0.0137762690868,0.0586331955728,0.62811,0.19845,0.0319,-0.0182,0.1812,-0.0108
1.282,1.283279742,3.46,1,-0.259151273569,0.277891805002,-1.65048902557,-0.567706395783,0.413065552872,0.520619896761,-0.0357792496659,-0,0.00610865238198,-0.0303687289847,0.0261799387799,0.0010471975512,-0.00177543812586,-0.0107797338529,-0.00113805391411,0.00717116858315,-0.00368253253694,0.0415819595871,-0.0045773262693,0.017323985121,-0.02162194177,-0.00157587309182,-0.000120165080629,-3.21890771517e-07,-1.68448683177,0.371039194725,-0.197821674516,-0.180708367141,-0.0911033224137,0.0638153227095,-1.17135537648,0.248903757926,-0.14898083184,-0.16253849183,-0.0012237309132,0.0638150008187,-0.34776,0.14994,-0.20845,0.0184,-0.1338,-0.002
1.283,1.28445805,11.937,1,-0.259220582337,0.277891805002,-1.65049282058,-0.56773659603,0.413057643283,0.520620136445,-0.0925024503557,-0,-0.00261799387799,-0.0282743338823,-0.00733038285838,0,-0.00177805454108,-0.0107833912061,-0.00113856795811,0.00719728198077,-0.00369995443421,0.041644666279,-0.00458196557394,0.0173263278391,-0.0216218873672,-0.00157473046413,-0.000120171293388,-3.21791699293e-07,-0.884105861428,0.163082704573,-0.0988942285058,-0.142908472556,0.0558138314167,0.0609894248714,-1.14135537648,0.218903757926,-0.120516115873,-0.14753849183,0.0137762690868,0.0609891030797,-0.48321,0.189,-0.22275,0.01,-0.097,0.0034
1.284,1.285280659,4.329,1,-0.259331036943,0.277892004739,-1.6504924211,-0.567763201009,0.413066990979,0.520620855499,-0.107337748998,-0,-0.00785398163397,-0.0272271363311,-0.0167551608191,-0.0010471975512,-0.00178045952392,-0.0107614929789,-0.00114293209262,0.0072208052936,-0.00369790639661,0.0417411543726,-0.00458734213073,0.0173284103387,-0.0216215268943,-0.00157358414621,-0.000120172488587,-3.21535019921e-07,-0.672510572463,0.0827542623973,-0.0489586035639,-0.126959156787,0.101272367674,0.0600123798614,-1.11135537648,0.188903757926,-0.090516115873,-0.13253849183,0.0287762690868,0.0600120583263,0.60417,0.189,0.0418,-0.0096,0.1986,-0.0182
1.285,1.286303143,7.387,1,-0.259395751757,0.277892004739,-1.65049262084,-0.567792921887,0.413069627508,0.520621095183,-0.0418879020479,-0,0.00436332312999,-0.0282743338823,0.0219911485751,0.00209439510239,-0.00178383085472,-0.0107684999804,-0.00114614990396,0.00724751869697,-0.00370258706042,0.0417941703745,-0.00459266757047,0.0173295160308,-0.021620862215,-0.00157239146138,-0.000120177301688,-3.21325076584e-07,-1.59573029162,0.344819566006,-0.184257014958,-0.179203462215,-0.0731054881445,0.060832685584,-1.14135537648,0.218903757926,-0.120516115873,-0.14753849183,0.0137762690868,0.0608323642589,0.04536,0.16002,-0.1298,0.0064,-0.0526,0.0034
1.286,1.287299486,7.176,1,-0.259450080244,0.277892004739,-1.65049721479,-0.567824320556,0.413060519497,0.520620136445,-0.0689405054538,-0,-0,-0.0293215314335,0.00418879020479,0,-0.00178668992343,-0.0107816869371,-0.00114605604259,0.0072757375818,-0.00372206191104,0.0418420739414,-0.00459815357275,0.0173326353216,-0.0216208663338,-0.00157131694662,-0.000120189315805,-3.21238061773e-07,-1.21243093353,0.235249526298,-0.127823040563,-0.155348411109,0.000541128005362,0.0629881469527,-1.17135537648,0.248903757926,-0.149443906897,-0.156919728056,0.000420938689558,0.0629878257146,-0.67095,0.18963,-0.2728,0.0146,-0.1606,0.0108
1.287,1.288291037,5.326,1,-0.259554343,0.277892004739,-1.65049841321,-0.567852843011,0.413065073503,0.520619657076,-0.11344640138,-0,-0.00959931088597,-0.0293215314335,-0.0251327412287,-0.00314159265359,-0.00178886892113,-0.0107635294486,-0.00114914880327,0.00730180350396,-0.00372595437479,0.0419340913046,-0.00460365797551,0.0173354384568,-0.0216205855643,-0.00157019923965,-0.000120196643372,-3.20980812587e-07,-0.578544785112,0.037402415746,-0.0186934442596,-0.114170150237,0.126319648281,0.0640284289741,-1.14135537648,0.218903757926,-0.119443906897,-0.141919728056,0.0154209386896,0.0640281079933,0.34965,0.16695,0.0066,-0.0108,0.1716,-0.017
1.288,1.289293929,5.142,1,-0.259632639936,0.277891805002,-1.650497814,-0.567883522627,0.413072264038,0.52062037613,-0.0558505360638,-0,0.00174532925199,-0.0324631240871,0.0136135681656,0.0010471975512,-0.00179191320238,-0.0107620220444,-0.00115317546165,0.00732919921675,-0.00372597975355,0.0419980796825,-0.00460826574099,0.0173364778354,-0.0216199400154,-0.00156896792796,-0.000120197225016,-3.20766931968e-07,-1.39613239908,0.280393143357,-0.147596886477,-0.160912735753,-0.0335597346508,0.0655088971362,-1.17135537648,0.248903757926,-0.149443906897,-0.156919728056,0.000420938689558,0.0655085763692,0.30681,0.15246,-0.0506,-0.008,0.0418,-0.0052
1.289,1.290324273,6.26,1,-0.25968237447,0.277891805002,-1.65050160901,-0.567919714986,0.413062676658,0.520619657076,-0.0541052068118,-0,0.00349065850399,-0.0335103216383,0.0136135681656,0.00209439510239,-0.00179477486248,-0.0107779691492,-0.00115282269205,0.00736173191602,-0.00374613357289,0.0420399589813,-0.00461298872416,0.0173382290314,-0.0216193627148,-0.00156776470809,-0.000120194327297,-3.20771829288e-07,-1.41987327926,0.294865527527,-0.1586541248,-0.164088626378,-0.0393489459112,0.0659656536482,-1.20135537648,0.278903757926,-0.179443906897,-0.165656391087,-0.0145790613104,0.0659653328764,-0.65016,0.1701,-0.3069,0.0206,-0.2032,0.0172
1.29,1.291486063,11.319,1,-0.259782442748,0.277892803687,-1.65050340664,-0.567953031132,0.413063156027,0.520619657076,-0.121300383014,-0,-0.00785398163397,-0.0335103216383,-0.0251327412287,-0.00209439510239,-0.00179691482163,-0.0107621331527,-0.00115405760953,0.00739124130324,-0.00375614052916,0.0421281419593,-0.00461775333058,0.0173400254479,-0.0216188296306,-0.00156658598637,-0.000120191515254,-3.20764840717e-07,-0.470796760571,0.0375492142516,-0.0308167721074,-0.110841441238,0.136675631811,0.0676100837018,-1.17135537648,0.248903757926,-0.149443906897,-0.150656391087,0.000420938689558,0.0676097629369,0.08442,0.19152,-0.0539,0.006,0.1018,-0.0102
1.291,1.292481208,14.737,1,-0.259874721279,0.277893802373,-1.65050160901,-0.567986347277,0.413073941829,0.520620615814,-0.0671951762018,-0,-0.000872664625997,-0.0345575191895,0.00314159265359,0,-0.00179986835939,-0.0107516712817,-0.00115790261752,0.0074208348368,-0.00375369016607,0.0422033924385,-0.00462317068667,0.0173424647567,-0.0216188094199,-0.0015655094267,-0.000120202656297,-3.20461387121e-07,-1.22813156826,0.216906109238,-0.108977112428,-0.145490285321,0.00410539019159,0.0683250251482,-1.20135537648,0.234248573994,-0.130595921848,-0.147055794747,0.0039851875353,0.0683247046868,0.59094,0.19908,0.0088,-0.0128,0.1272,-0.01
1.292,1.293477326,11.875,1,-0.259917265278,0.277894201847,-1.65050340664,-0.568021820583,0.413067230663,0.520620855499,-0.0349065850399,-0,0.00698131700798,-0.0324631240871,0.0209439510239,0.00209439510239,-0.00180339535027,-0.0107722797667,-0.00115860985061,0.007452192602,-0.00376960120993,0.0422369001769,-0.00462868894783,0.0173452662721,-0.0216185378543,-0.00156439313455,-0.000120215038248,-3.19993595359e-07,-1.68297350026,0.364171298221,-0.19334256438,-0.179211017619,-0.0850459854991,0.0662809123221,-1.23135537648,0.264248573994,-0.160595921848,-0.162055794747,-0.0110148124647,0.0662805923285,-0.61614,0.18018,-0.28545,0.0298,-0.1876,0.0062
1.293,1.29404114,20.028,1,-0.260001354589,0.27789400211,-1.65050620296,-0.568054417674,0.413062436973,0.520620615814,-0.11344640138,-0,-0.00610865238198,-0.0324631240871,-0.0188495559215,-0.0010471975512,-0.00180562838756,-0.0107665215819,-0.0011597747051,0.0074812693307,-0.00378377433701,0.0423119957232,-0.00463350343715,0.017347110712,-0.0216180553969,-0.00156323977508,-0.000120217177638,-3.2020376116e-07,-0.583601369478,0.0788311034638,-0.0560334032304,-0.121055890142,0.112922393401,0.0664559955525,-1.20135537648,0.234248573994,-0.130595921848,-0.147055794747,0.0039851875353,0.0664556753487,-0.23247,0.15624,-0.1364,-0.0056,0.0016,-0.0018
1.294,1.295510724,11.692,1,-0.260102421553,0.277893802373,-1.65050420559,-0.568087494135,0.413073222776,0.520621574552,-0.0846484687217,-0,-0.00349065850399,-0.0356047167407,-0.00837758040957,-0.0010471975512,-0.00180814187414,-0.0107504882377,-0.00116452115234,0.00751095822602,-0.00377995151132,0.0423961215902,-0.00463827577446,0.017348900988,-0.0216175257597,-0.00156206210524,-0.000120214616151,-3.19983874412e-07,-0.978531576654,0.147916346497,-0.0745445430832,-0.130388736081,0.0517945198258,0.0701517553472,-1.17135537648,0.204248573994,-0.100595921848,-0.132055794747,0.0189851875353,0.0701514353633,0.73584,0.18711,0.0407,-0.0126,0.1822,-0.024
1.295,1.29629309,4.676,1,-0.26014776187,0.277893602636,-1.65050460506,-0.568127521446,0.4130713053,0.520622293606,-0.0287979326579,-0,0.00698131700798,-0.0397935069455,0.0261799387799,0.00418879020479,-0.00181146068719,-0.0107694112809,-0.00116612731248,0.00754653248558,-0.00379078353345,0.0424284451246,-0.00464301480919,0.0173506489975,-0.0216169584444,-0.00156086038575,-0.000120216837492,-3.19557137115e-07,-1.76969090078,0.368264230129,-0.185975836188,-0.172699958024,-0.0979620667085,0.0713937964834,-1.20135537648,0.234248573994,-0.130595921848,-0.147055794747,0.0039851875353,0.0713934769262,-0.34965,0.16695,-0.2156,0.0182,-0.136,0.0112
1.296,1.29728829,4.658,1,-0.26021207721,0.277893802373,-1.65050800059,-0.568167309073,0.413062436973,0.520622053921,-0.0933751149817,-0,-0.00261799387799,-0.0387463093943,-0.00628318530718,0,-0.00181384952968,-0.0107759257414,-0.00116550090929,0.00758188586936,-0.00381097045117,0.0424832918222,-0.00464849796496,0.017352812546,-0.0216166998583,-0.00155976672929,-0.000120223567792,-3.19751893043e-07,-0.86703237413,0.146957926116,-0.0855788569513,-0.127505057675,0.0616295202461,0.0724908295865,-1.17135537648,0.204248573994,-0.10719555681,-0.132055794747,0.0189851875353,0.0724905098346,-0.56637,0.18837,-0.2101,0.0096,-0.1078,0.0126
1.297,1.298253322,6.092,1,-0.260323330765,0.277894401584,-1.65050660243,-0.568202542694,0.413072264038,0.520622053921,-0.108210413624,0.000872664625997,-0.00698131700798,-0.0366519142919,-0.0167551608191,-0.00209439510239,-0.00181602731873,-0.010753239943,-0.00116912970754,0.00761413093406,-0.00380988095865,0.0425773244843,-0.00465332026814,0.0173546508187,-0.0216162208224,-0.00155861421309,-0.000120225959202,-3.19525251447e-07,-0.65261630838,0.06160390671,-0.0354499873872,-0.111726563333,0.108575655316,0.0716430679353,-1.14135537648,0.174248573994,-0.0771955568096,-0.117055794747,0.0339851875353,0.07164274841,0.67536,0.18711,0.04455,-0.0128,0.2102,-0.0154
1.298,1.299250696,5.809,1,-0.260383651364,0.277894201847,-1.65050600322,-0.568243528743,0.413075140252,0.520622772975,-0.0349065850399,-0,0.00523598775598,-0.0418879020479,0.0240855436775,0.0010471975512,-0.00181904769438,-0.0107627464111,-0.0011715355733,0.00765086965654,-0.0038158668675,0.0426218971139,-0.00465814456713,0.0173564875833,-0.0216157425807,-0.0015574617865,-0.000120228415535,-3.19077437227e-07,-1.68406429229,0.339309919746,-0.168782894011,-0.16122571909,-0.0811375297014,0.0765755513611,-1.17135537648,0.204248573994,-0.10719555681,-0.132055794747,0.0189851875353,0.0765752322836,0.01701,0.15561,-0.13365,0.0052,-0.0576,0.001
1.299,1.300099756,5.269,0,-0.260434184845,0.277894201847,-1.6505101977,-0.568286911638,0.413064833818,0.520622772975,-0.0698131700798,-0,-0,-0.0397935069455,0.00314159265359,0.0010471975512,-0.00182147897235,-0.0107779618771,-0.00117009648629,0.00768911282836,-0.00383862330301,0.0426624247695,-0.00466371619618,0.0173593248464,-0.0216155200854,-0.00155637233236,-0.000120241260225,-3.19062374959e-07,-1.19273931085,0.213177279945,-0.109671560606,-0.139893723216,0.00909180291312,0.0735885822673,-1.19740302705,0.230536604791,-0.131287080692,-0.141450095548,0.0089715616529,0.0735882632049,-0.84231,0.14994,-0.2838,0.0286,-0.17,0.016
1.3,1.301169323,7.075,1,-0.260548034982,0.277894401584,-1.65051079691,-0.568324781788,0.413070106877,0.520623492028,-0.127409035396,-0,-0.00959931088597,-0.0397935069455,-0.0251327412287,-0.0010471975512,-0.00182303679118,-0.0107534108011,-0.00117232276063,0.00772257471721,-0.00384361261022,0.0427604070432,-0.00466854451894,0.0173611583384,-0.0216150433906,-0.00155522096523,-0.000120243841351,-3.19068067267e-07,-0.385102168007,0.00633150253771,-0.0111593453227,-0.0977146766821,0.153365594389,0.0735641594969,-1.16740302705,0.200536604791,-0.101287080692,-0.126450095548,0.0239715616529,0.0735638404288,0.43533,0.19782,0.0176,-0.0188,0.1772,-0.016
1.301,1.302265218,6.937,1,-0.260626331918,0.277894201847,-1.65050919902,-0.568368404367,0.413076578359,0.520624930135,-0.0506145483078,-0,0.00261799387799,-0.0450294947015,0.0146607657168,0.0010471975512,-0.00182556978952,-0.0107514786455,-0.00117520434533,0.00776125991299,-0.00384616123126,0.0428202403189,-0.00467262506623,0.0173619821603,-0.0216143077786,-0.00155400743134,-0.000120231415307,-3.18871043165e-07,-1.45919538374,0.272243301545,-0.132735637834,-0.144596006255,-0.0378483160109,0.0793806475004,-1.19740302705,0.230536604791,-0.131287080692,-0.141450095548,0.0089715616529,0.0793803286294,0.3843,0.13986,-0.05555,0.0002,0.0278,-0.0066
1.302,1.303055335,15.3,1,-0.260668676179,0.27789400211,-1.65051259455,-0.568417300005,0.413065313187,0.520624930135,-0.0488692190558,-0,0.00523598775598,-0.0450294947015,0.0115191730632,0.00209439510239,-0.00182802856842,-0.0107717240941,-0.00117349767299,0.00780475758997,-0.0038699676229,0.0428511382332,-0.00467757524083,0.0173645317467,-0.0216139047324,-0.00155288406375,-0.000120235328868,-3.1864995207e-07,-1.47838913297,0.288303050851,-0.146613042837,-0.149930739723,-0.0417092667896,0.0791221837484,-1.22740302705,0.260536604791,-0.161287080692,-0.151483623786,-0.0060284383471,0.0791218650984,-0.90909,0.16317,-0.31735,0.0358,-0.2068,0.0134
1.303,1.304299242,8.59,1,-0.260776733941,0.277895000795,-1.65051379297,-0.56846020353,0.413066271925,0.520624211082,-0.134390352404,-0,-0.00872664625997,-0.0418879020479,-0.0251327412287,-0.00314159265359,-0.00182953914877,-0.010750509576,-0.00117393759892,0.0078438417347,-0.0038811794435,0.0429437224388,-0.0046831593407,0.0173673686712,-0.0216136902283,-0.00155179548564,-0.000120253173588,-3.18197636685e-07,-0.289789646105,0.00433582659056,-0.0200198235989,-0.0929575613458,0.163472985668,0.0783410821553,-1.19740302705,0.230536604791,-0.131287080692,-0.136483623786,0.0089715616529,0.0783407639577,0.1386,0.20727,-0.0462,0.0008,0.1086,-0.0084
1.304,1.305293778,5.161,0,-0.26087120958,0.277895799744,-1.65051059718,-0.568502148317,0.413078016466,0.52062516982,-0.0671951762018,0.000872664625997,-0,-0.0450294947015,0.00418879020479,0,-0.00183217654063,-0.0107384041071,-0.00117765351844,0.00788168088212,-0.00387829600716,0.0430176806406,-0.004687973753,0.0173682552263,-0.0216129451551,-0.00155062309907,-0.000120250113239,-3.18468807414e-07,-1.22067077103,0.196069583196,-0.0940156072547,-0.129566761973,0.00924014514899,0.0802127206861,-1.22535874478,0.213437838422,-0.11562855241,-0.131117385072,0.00911989503575,0.0802124022173,0.64386,0.17199,0.02915,-0.019,0.1256,-0.0178
1.305,1.306321606,5.765,1,-0.260911156997,0.277895600007,-1.65051199533,-0.568553440799,0.413070586246,0.520625649189,-0.0314159265359,-0,0.00872664625997,-0.0502654824574,0.0209439510239,0.00314159265359,-0.00183491195118,-0.0107602356104,-0.00117694253649,0.00792742529028,-0.00389735971795,0.0430434331781,-0.00469285194013,0.017370127431,-0.021612515621,-0.0015494972589,-0.000120253037711,-3.18249850204e-07,-1.71955523719,0.347783310372,-0.173526191754,-0.156198627956,-0.0850291921817,0.0843023793995,-1.25535874478,0.243437838422,-0.14562855241,-0.146117385072,-0.00588010496425,0.0843020611497,-0.63945,0.18144,-0.29645,0.0282,-0.2028,0.0114
1.306,1.307297105,4.67,1,-0.260995645782,0.277894801058,-1.65051459192,-0.568600658646,0.41306651161,0.52062516982,-0.11780972451,-0.000872664625997,-0.00610865238198,-0.0471238898038,-0.0198967534727,-0.0010471975512,-0.00183627885102,-0.010753897114,-0.00117687793552,0.00797024686201,-0.00391340275602,0.0431134654932,-0.00469696897991,0.0173718897153,-0.0216120600532,-0.00154830752273,-0.000120251566998,-3.17812105537e-07,-0.516365200937,0.056736255952,-0.0389147283365,-0.0984540768229,0.126367180037,0.0824865403141,-1.22535874478,0.213437838422,-0.11562855241,-0.131117385072,0.00911989503575,0.082486222502,-0.3024,0.19278,-0.14795,0.0076,0.0092,-0.0002
1.307,1.308285826,4.938,1,-0.261105700914,0.277893402899,-1.6505117956,-0.568645479647,0.413079694257,0.520625888873,-0.0933751149817,-0.000872664625997,-0.00436332312999,-0.0460766922527,-0.00628318530718,-0.0010471975512,-0.00183780142033,-0.0107319495408,-0.00118156807522,0.00801136573812,-0.00390824293479,0.0432012844531,-0.00470190742869,0.0173734906706,-0.021611389287,-0.00154716346677,-0.000120249906423,-3.17859343974e-07,-0.858363346583,0.13132169978,-0.0679998101826,-0.113165549182,0.0678656574052,0.0822019308302,-1.19535874478,0.183437838422,-0.0896111994696,-0.116117385072,0.0241198950357,0.0822016129709,0.80703,0.15498,0.06875,-0.0178,0.2008,-0.0194
1.308,1.309301685,5.399,1,-0.261154436762,0.27789260395,-1.65051199533,-0.568700367397,0.413076578359,0.520625649189,-0.0296705972839,-0,0.00872664625997,-0.0544542726622,0.0272271363311,0.0010471975512,-0.00184017246896,-0.0107482646589,-0.00118174322741,0.00806158730653,-0.00392267971014,0.0432324158578,-0.00470763739618,0.0173761447778,-0.0216110224092,-0.00154610601395,-0.000120263406356,-3.17652104923e-07,-1.74905251205,0.358025701347,-0.178254148611,-0.15024325942,-0.093821532559,0.0909102552541,-1.22535874478,0.213437838422,-0.11961119947,-0.131117385072,0.00911989503575,0.090909937602,-0.35406,0.1449,-0.23265,0.032,-0.1548,-0.0002
1.309,1.310323184,6.145,1,-0.26122234737,0.277893003425,-1.65051539087,-0.568753337671,0.413066032241,0.520624690451,-0.0986111027377,-0,-0.00174532925199,-0.048171087355,-0.00942477796077,0,-0.0018418192106,-0.0107520254084,-0.00117926392418,0.00810956741195,-0.00394748804705,0.0432870932508,-0.00471181247526,0.0173776281365,-0.0216103215893,-0.00154489836252,-0.000120252674743,-3.17483877835e-07,-0.783066103061,0.124611014673,-0.0747492734194,-0.11197316601,0.0778026125082,0.0839182946959,-1.19535874478,0.183437838422,-0.0963595950087,-0.116117385072,0.0241198950357,0.0839179772121,-0.59031,0.20664,-0.24805,0.0164,-0.1016,0.013
1.31,1.311301849,5.406,1,-0.261339792774,0.277894201847,-1.65051339349,-0.568799357095,0.413077776781,0.520624930135,-0.114319066006,0.000872664625997,-0.00698131700798,-0.0471238898038,-0.0157079632679,-0.00314159265359,-0.00184346808168,-0.0107251258644,-0.00118169881384,0.00815140930191,-0.00394718857668,0.0433825886405,-0.00471670535121,0.0173794981649,-0.0216099004536,-0.00154377408408,-0.000120260663374,-3.17278502574e-07,-0.563204293128,0.0395943499744,-0.0244976417877,-0.0931294120648,0.122806499155,0.0849298631725,-1.16535874478,0.153437838422,-0.0663595950087,-0.101117385072,0.0391198950357,0.084929545894,0.76167,0.20286,0.0748,-0.0112,0.219,-0.0248
1.311,1.312298989,4.996,1,-0.261402310481,0.277894401584,-1.65051199533,-0.568851368631,0.413080173626,0.520625649189,-0.0357792496659,-0,0.00698131700798,-0.0544542726622,0.0240855436775,0.00418879020479,-0.00184608049311,-0.0107328450123,-0.00118288372327,0.00819826352759,-0.00395568252577,0.043425748603,-0.004721741718,0.0173824469946,-0.0216098812234,-0.00154274530735,-0.00012027467391,-3.17225245922e-07,-1.66104690579,0.328868875686,-0.161444730272,-0.147158468862,-0.0762203092552,0.0880510846857,-1.19535874478,0.183437838422,-0.0963595950087,-0.116117385072,0.0241198950357,0.0880507674605,0.04914,0.14805,-0.1364,0.0074,-0.0608,0.0088
1.312,1.313300499,4.73,1,-0.261452045014,0.277894201847,-1.65051579034,-0.568904818274,0.413067230663,0.520625649189,-0.0698131700798,-0.000872664625997,0.00174532925199,-0.0502654824574,0.0010471975512,0.00209439510239,-0.00184806097865,-0.0107481516247,-0.00118034352739,0.00824575840632,-0.003982391176,0.043463286037,-0.00472596731883,0.0173839780273,-0.0216092304708,-0.00154156274959,-0.000120268900913,-3.17050211659e-07,-1.17936160422,0.215162547135,-0.109726417316,-0.128316189995,0.0124595587051,0.0854729590566,-1.18408757154,0.213437838422,-0.126359595009,-0.129857752744,0.0123392898042,0.0854726420063,-0.90153,0.1701,-0.3168,0.0184,-0.1796,0.0252
1.313,1.314268329,6.276,1,-0.261570089629,0.277894401584,-1.65051539087,-0.56895203612,0.413073941829,0.52062732698,-0.1308996939,-0,-0.00959931088597,-0.048171087355,-0.0240855436775,-0.00209439510239,-0.00184916466689,-0.0107206916574,-0.00118207939187,0.00828701841251,-0.00398727821537,0.0435614830952,-0.00473082118035,0.0173845411503,-0.0216082108603,-0.00154034940593,-0.000120266442576,-3.16725842014e-07,-0.330374085562,-0.00930622825009,-0.00247088636441,-0.0826565467085,0.162978364332,0.0850747953731,-1.15408757154,0.183437838422,-0.0963595950087,-0.114857752744,0.0273392898042,0.0850744786473,0.50274,0.20097,0.0231,-0.0138,0.1972,-0.029
1.314,1.315306976,5.252,1,-0.261650383936,0.277894201847,-1.65051239481,-0.56900692387,0.413082810156,0.520629723825,-0.0497418836818,-0,0.00436332312999,-0.058643062867,0.0167551608191,0.00314159265359,-0.00185128927114,-0.0107172415963,-0.00118449673649,0.00833536697131,-0.00398891624497,0.0436181859578,-0.00473581406497,0.0173861771843,-0.0216075883502,-0.00153923152962,-0.000120265263139,-3.16554058259e-07,-1.4618879511,0.2665616706,-0.126444663718,-0.128758169971,-0.0378312861144,0.0930001371898,-1.18408757154,0.213437838422,-0.126359595009,-0.129857752744,0.0123392898042,0.0929998206358,0.41013,0.17199,-0.03795,-0.0026,0.0522,-0.0094
1.315,1.316298658,4.717,1,-0.261689931878,0.277893802373,-1.65051439218,-0.569067324363,0.413069627508,0.520629723825,-0.0427605666739,-0,0.00785398163397,-0.0555014702134,0.0115191730632,0.00314159265359,-0.00185343926404,-0.0107388166547,-0.00118203590663,0.00838967917788,-0.00401539426086,0.0436432387821,-0.004740151966,0.0173887429769,-0.0216073023522,-0.00153812069255,-0.000120270363026,-3.16327246526e-07,-1.54785708461,0.296163339518,-0.146366750985,-0.139975350742,-0.0498309502189,0.0911752478745,-1.21408757154,0.243437838422,-0.156359595009,-0.141513471435,-0.00266071019583,0.0911749315472,-0.87696,0.16632,-0.3443,0.0386,-0.2322,0.0192
1.316,1.317299167,4.472,1,-0.261794394372,0.277893802373,-1.65051399271,-0.569120534322,0.413069867193,0.520629244456,-0.1308996939,-0,-0.00698131700798,-0.053407075111,-0.0282743338823,-0.00418879020479,-0.00185456031981,-0.0107195744743,-0.00118257584497,0.00843850775677,-0.00402701556052,0.0437289999291,-0.00474445208849,0.0173912605372,-0.0216069737897,-0.00153698595127,-0.000120275503166,-3.16117937196e-07,-0.320384202139,-0.00745906357438,-0.00619123616065,-0.0757741517658,0.165717826922,0.0932834518866,-1.18408757154,0.213437838422,-0.126359595009,-0.126513471435,0.0123392898042,0.0932831357687,0.1071,0.20979,-0.04895,-0.0028,0.113,-0.0128
1.317,1.31832123,5.509,0,-0.261889868697,0.277893602636,-1.65050879954,-0.569175901441,0.413082570471,0.52062996351,-0.0689405054538,-0,0.000872664625997,-0.0575958653158,0.00314159265359,0,-0.00185657297445,-0.0107064924967,-0.00118632768552,0.00848953105026,-0.00402342034241,0.0437987998255,-0.0047501911364,0.0173926384104,-0.0216060509101,-0.0015358659912,-0.000120274237778,-3.16242314215e-07,-1.18562588876,0.18735867924,-0.0859237914641,-0.111670016685,0.0164502693898,0.0951233327107,-1.1903760799,0.20475131765,-0.107529842374,-0.113205882676,0.016329995152,0.0951230164684,0.68292,0.17514,0.03905,-0.0086,0.1446,-0.0048
1.318,1.3191382,6.009,1,-0.261929416639,0.277892803687,-1.65050899928,-0.569237020988,0.41307346246,0.520629723825,-0.0305432619099,-0.000872664625997,0.00959931088597,-0.0596902604182,0.0198967534727,0.00314159265359,-0.00185891214527,-0.010728200936,-0.00118525594799,0.00854532956757,-0.00404441206202,0.0438215711484,-0.00475443569908,0.0173935859454,-0.0216054664868,-0.00153473042701,-0.000120272463424,-3.16272115743e-07,-1.71990089208,0.347892935223,-0.170009513853,-0.143797514564,-0.0830253539941,0.096402843925,-1.2203760799,0.23475131765,-0.137529842374,-0.128205882676,0.00132999515198,0.0964025276529,-0.62685,0.2079,-0.30525,0.0346,-0.2164,0.0138
1.319,1.320115102,5.63,1,-0.262012107791,0.277892204476,-1.65051139612,-0.569291669054,0.413067710032,0.520628765087,-0.115191730632,-0,-0.00610865238198,-0.0544542726622,-0.0198967534727,0,-0.00186003695366,-0.010722695956,-0.00118416962848,0.00859535673831,-0.0040636021919,0.0438880508427,-0.00475872043527,0.0173951578684,-0.0216048683584,-0.00153357396652,-0.000120271914569,-3.15877754225e-07,-0.541166600882,0.032979965149,-0.0177851863152,-0.0854189306264,0.129980020859,0.0910831041242,-1.1903760799,0.20475131765,-0.107529842374,-0.113205882676,0.016329995152,0.0910827882464,-0.36225,0.189,-0.1562,0.003,-0.0044,0.0176
1.32,1.321313224,5.063,1,-0.262122961872,0.277891605265,-1.65050840007,-0.569346556804,0.413081851418,0.520629723825,-0.0951204442337,-0,-0.00523598775598,-0.058643062867,-0.00628318530718,-0.0010471975512,-0.00186120487983,-0.0106999603684,-0.00118736114882,0.00864526998323,-0.00406047627896,0.0439726682545,-0.00476380867867,0.0173974621596,-0.0216042833928,-0.00153246121859,-0.000120277059622,-3.15504821231e-07,-0.824588385325,0.0851241367,-0.0319143241287,-0.0881822349443,0.0818733197474,0.0964829010294,-1.1603760799,0.17475131765,-0.0775298423742,-0.0982058826761,0.031329995152,0.0964825855246,0.84798,0.17325,0.07755,-0.0082,0.2076,-0.0212
1.321,1.322322404,6.069,1,-0.262173295616,0.277891405528,-1.65050840007,-0.569408874773,0.413079933942,0.520630442879,-0.0296705972839,-0,0.00785398163397,-0.0617846555206,0.0282743338823,0.00314159265359,-0.00186334472718,-0.010715059441,-0.00118652206554,0.00870121191085,-0.00407593584712,0.0440022028359,-0.0047681214034,0.0173993919268,-0.0216040155622,-0.00153137310017,-0.000120281388282,-3.15497780808e-07,-1.74156738021,0.338737320595,-0.160836521923,-0.138185973229,-0.0881781284811,0.0985369291245,-1.1903760799,0.20475131765,-0.107529842374,-0.113205882676,0.016329995152,0.0985366136267,-0.32445,0.15498,-0.21505,0.0144,-0.1492,0.0088
1.322,1.323301916,4.602,1,-0.262238010431,0.277892004739,-1.65051259455,-0.569469514951,0.413070346562,0.520630442879,-0.0959931088597,-0,-0.00174532925199,-0.0555014702134,-0.00733038285838,0,-0.00186463859663,-0.0107207203935,-0.00118275999045,0.00875498731753,-0.00410259249573,0.0440505241865,-0.00477315227503,0.017400705574,-0.0216031170697,-0.00153021439718,-0.000120280760534,-3.15175709193e-07,-0.811808743245,0.118361690085,-0.0653700499724,-0.100441459021,0.0764220320413,0.0938553822327,-1.1603760799,0.17475131765,-0.0869731670421,-0.101971673418,0.031329995152,0.093855067057,-0.72324,0.21798,-0.2783,0.02,-0.1094,0.0176
1.323,1.324311563,5.073,1,-0.262359450576,0.277892803687,-1.65051139612,-0.569525601124,0.413082570471,0.520631880986,-0.120427718388,0.000872664625997,-0.00959931088597,-0.0565486677646,-0.0157079632679,-0.00209439510239,-0.00186542781933,-0.0106910695312,-0.00118393675538,0.00880469348036,-0.00410454663675,0.044146255455,-0.00477756369693,0.0174029896691,-0.0216025934759,-0.0015290869883,-0.000120281679583,-3.15008218983e-07,-0.473513619815,-0.00734695833221,0.00979116257291,-0.0714275661448,0.143611551999,0.0951725288991,-1.1303760799,0.14475131765,-0.0569731670421,-0.0869716734182,0.046329995152,0.0951722138909,0.72702,0.20286,0.06985,-0.0042,0.225,-0.028
1.324,1.32525507,5.431,1,-0.262424964339,0.277892204476,-1.65050959849,-0.569587679409,0.413086165739,0.520633319093,-0.0366519142919,-0,0.00698131700798,-0.063879050623,0.0240855436775,0.00418879020479,-0.00186735487002,-0.0106966812601,-0.00118473742607,0.00886028789648,-0.00411311245552,0.0441883016785,-0.00478193934207,0.0174046461154,-0.0216020847054,-0.00152798082024,-0.000120281505269,-3.15046432093e-07,-1.63905362816,0.309490406832,-0.145656301724,-0.130803898878,-0.0687585343031,0.0999864486186,-1.1603760799,0.17475131765,-0.0869731670421,-0.101971673418,0.031329995152,0.0999861335722,0.11655,0.18144,-0.1188,-0.0032,-0.0486,0.009
1.325,1.326320402,5.942,1,-0.262472102291,0.277890806317,-1.65051299402,-0.569651195801,0.413072743407,0.520632839724,-0.0645771823238,-0.000872664625997,0.00349065850399,-0.0575958653158,0.00314159265359,0,-0.00186873991017,-0.0107133948474,-0.00118191527571,0.00891779025969,-0.00414095083946,0.0442199771512,-0.00478693880083,0.0174053286029,-0.021601202308,-0.00152684401784,-0.000120279921232,-3.14935873249e-07,-1.2413784852,0.22671871216,-0.113406531503,-0.11870290858,0.00358389319108,0.0980306142912,-1.1903760799,0.20475131765,-0.116973167042,-0.116971673418,0.016329995152,0.0980302993553,-0.89901,0.14364,-0.32615,0.0384,-0.1948,0.0198
1.326,1.327304916,4.905,1,-0.262587350587,0.277889607894,-1.65051239481,-0.569704885128,0.413077537097,0.520632360355,-0.131772358526,-0.00174532925199,-0.00872664625997,-0.053407075111,-0.0272271363311,-0.00418879020479,-0.0018693366442,-0.010687508637,-0.00118373231564,0.00896743820707,-0.0041474750108,0.0443140795722,-0.00479134038005,0.0174079222565,-0.0216009664232,-0.00152576059862,-0.000120285760557,-3.14725233238e-07,-0.30581010675,0.0049016796408,-0.0118136101046,-0.0750656264776,0.166772156333,0.0959091884128,-1.1603760799,0.17475131765,-0.0869731670421,-0.101971673418,0.031329995152,0.0959088736876,0.39123,0.20286,0.0055,-0.0118,0.1822,-0.0152
1.327,1.328304572,4.848,1,-0.262672638321,0.277889008683,-1.65050840007,-0.569763128461,0.413087124477,0.520632600039,-0.0549778714378,-0,0.00349065850399,-0.0607374579694,0.0136135681656,0.0010471975512,-0.00187125494113,-0.0106807660784,-0.00118661434628,0.00902132761927,-0.00414800045851,0.0443742446783,-0.00479575533669,0.0174089440243,-0.0215998876658,-0.00152456871613,-0.000120276345935,-3.14427201112e-07,-1.37884024747,0.243631026174,-0.115245834163,-0.118363272587,-0.0206710542772,0.100226953921,-1.1903760799,0.20475131765,-0.116973167042,-0.116971673418,0.016329995152,0.100226639494,0.51408,0.18018,-0.0154,-0.0084,0.0738,0.0032
1.328,1.329155042,5.459,1,-0.262713384685,0.277888609209,-1.65050999796,-0.5698259258,0.413075859305,0.520632600039,-0.0436332312999,-0,0.00785398163397,-0.0596902604182,0.0157079632679,0.00209439510239,-0.00187338398623,-0.0107015645706,-0.00118431829595,0.00907793441884,-0.004173007864,0.0443987030129,-0.00480020063389,0.0174103311477,-0.0215991431524,-0.00152344485894,-0.00012027648569,-3.14513310929e-07,-1.53297447706,0.299032284014,-0.150057227288,-0.1325459582,-0.0499327806362,0.0994926835452,-1.2203760799,0.23475131765,-0.146973167042,-0.131971673418,0.00132999515198,0.0994923690319,-0.84798,0.16002,-0.33,0.0364,-0.2324,0.0192
1.329,1.330315368,6.012,1,-0.26281505086,0.277889408157,-1.65051079691,-0.569882011972,0.413075379936,0.520633079408,-0.1308996939,0.000872664625997,-0.00872664625997,-0.0555014702134,-0.0251327412287,-0.0010471975512,-0.00187444171083,-0.0106839833178,-0.00118347869283,0.00912792806074,-0.00418785560272,0.044481015451,-0.00480461344386,0.0174129255059,-0.0215989136598,-0.00152236233849,-0.0001202872684,-3.14310684985e-07,-0.316614133313,-0.0306832901242,0.011786483048,-0.0696974512768,0.170842399024,0.0949196304562,-1.1903760799,0.20475131765,-0.116973167042,-0.116971673418,0.016329995152,0.0949193161455,-0.02268,0.19026,-0.0671,-0.0022,0.082,-0.0004
1.33,1.331323855,6.969,1,-0.262919513354,0.277890007368,-1.65050680217,-0.569939056883,0.41309048006,0.5206347572,-0.0785398163397,-0,-0.000872664625997,-0.0607374579694,0.0010471975512,0,-0.00187611453557,-0.0106652082622,-0.00118628214605,0.00917906166604,-0.00418458000761,0.0445580054772,-0.00480897417847,0.0174142043345,-0.0215980747346,-0.00152119004129,-0.000120278010771,-3.13760877776e-07,-1.04578015414,0.152778076958,-0.0697432349364,-0.0992451831426,0.0411449856248,0.101022295943,-1.1603760799,0.17475131765,-0.091341309671,-0.101971673418,0.031329995152,0.101021982183,0.80073,0.21483,0.06215,-0.0188,0.1698,-0.0106
1.331,1.33230495,5.366,1,-0.262963854986,0.277889807631,-1.65050800059,-0.570003052644,0.413083768894,0.520635236569,-0.0340339204139,-0,0.00959931088597,-0.0607374579694,0.0251327412287,0.00209439510239,-0.00187820038843,-0.0106838776808,-0.00118432734513,0.00923640117077,-0.00420573587883,0.0445833601194,-0.00481344548063,0.0174159416765,-0.0215976562148,-0.00152013430923,-0.000120278347912,-3.13789372971e-07,-1.67054836435,0.345022764681,-0.17603633723,-0.139418813869,-0.0793639300727,0.101659678002,-1.1903760799,0.20475131765,-0.121341309671,-0.116971673418,0.016329995152,0.101659364213,-0.64953,0.17199,-0.3069,0.034,-0.2128,0.0112
1.332,1.333306831,4.671,1,-0.263051939039,0.27788920842,-1.65051159586,-0.570062973769,0.413077537097,0.520635236569,-0.123918376892,-0,-0.00610865238198,-0.058643062867,-0.0167551608191,-0.0010471975512,-0.00187872758057,-0.0106747860376,-0.00118207623497,0.00928995061027,-0.004227730506,0.0446536277266,-0.00481858297802,0.0174173367709,-0.0215968543959,-0.00151902754177,-0.000120283191266,-3.13913775208e-07,-0.418684135062,0.0257847517138,-0.0242416138974,-0.0758748472643,0.143489551993,0.0993861046455,-1.1603760799,0.17475131765,-0.091341309671,-0.101971673418,0.031329995152,0.0993857907317,-0.44604,0.17451,-0.1826,0.0004,-0.0418,0.0026
1.333,1.334254593,6.304,1,-0.263174577607,0.277888808946,-1.65050939875,-0.570120018679,0.413095753119,0.520635955622,-0.106465084372,-0,-0.00610865238198,-0.0596902604182,-0.00418879020479,-0.0010471975512,-0.00187937417355,-0.0106446606927,-0.00118496910322,0.00934187038256,-0.00422265741831,0.0447472239265,-0.00482299944501,0.017418668575,-0.021596069622,-0.00151788059908,-0.000120283647266,-3.13580876887e-07,-0.66575377022,0.0715883979781,-0.0368584089146,-0.0820038324986,0.101354283561,0.100675064775,-1.1303760799,0.14475131765,-0.061341309671,-0.0869716734182,0.046329995152,0.100674751194,0.91791,0.21294,0.08085,-0.0176,0.2182,-0.0146
1.334,1.3351279,8.895,1,-0.26322910583,0.277888409472,-1.65050919902,-0.570185452547,0.413095992803,0.520635955622,-0.0296705972839,-0,0.00785398163397,-0.0659734457254,0.0282743338823,0.0010471975512,-0.00188128097888,-0.0106570803138,-0.00118425650823,0.00940148191536,-0.00423663522162,0.0447787837052,-0.00482683666685,0.0174210173544,-0.0215957026471,-0.0015167889174,-0.000120285656898,-3.13387487118e-07,-1.72921281412,0.331032732247,-0.155275255274,-0.128092520094,-0.0837240194799,0.107966638837,-1.1603760799,0.17475131765,-0.091341309671,-0.101971673418,0.031329995152,0.10796632545,-0.2583,0.14994,-0.2035,0.0368,-0.1236,0.003
1.335,1.336121478,5.434,1,-0.263292422485,0.277888209735,-1.65051319376,-0.570247530832,0.413085207001,0.520634517515,-0.0933751149817,-0,-0,-0.058643062867,-0.00314159265359,0,-0.00188246607291,-0.0106635431668,-0.00118091120561,0.00945820745447,-0.00426375331345,0.0448258078303,-0.00483126963624,0.0174220249454,-0.0215946281953,-0.00151559948603,-0.000120276792136,-3.13112420172e-07,-0.839857590934,0.140960906584,-0.0829450138708,-0.0994430505334,0.067504619927,0.100623238895,-1.1303760799,0.15838293153,-0.104539642066,-0.100958650019,0.046329995152,0.100622925783,-0.74403,0.16884,-0.2959,0.019,-0.1518,0.0262
1.336,1.337112928,3.416,1,-0.263415260791,0.277889008683,-1.6505117956,-0.570304336058,0.413096951541,0.520634277831,-0.12653637077,-0,-0.00959931088597,-0.0596902604182,-0.0178023583703,-0.00418879020479,-0.00188322813697,-0.0106329193431,-0.0011821593851,0.00951026922013,-0.00426620435065,0.0449229200143,-0.00483645619515,0.0174234595394,-0.0215938717143,-0.00151451773101,-0.000120281934418,-3.12785585788e-07,-0.377595222359,-0.0110704578456,0.00566203167255,-0.0627818383532,0.157543799187,0.103816229968,-1.1003760799,0.12838293153,-0.0745396420661,-0.0859586500195,0.061329995152,0.103815917183,0.74592,0.21609,0.05995,-0.0108,0.2204,-0.0284
1.337,1.338101905,3.459,1,-0.263481773239,0.277889408157,-1.65050899928,-0.570369530242,0.413103183338,0.5206347572,-0.0340339204139,-0,0.00610865238198,-0.0680678408278,0.0230383461263,0.00418879020479,-0.00188538127772,-0.0106378238413,-0.00118275198649,0.00956969517796,-0.00427325986559,0.0449635519148,-0.00484034053054,0.0174258493274,-0.0215935492521,-0.00151345152578,-0.000120284167738,-3.13033888643e-07,-1.66046830909,0.293306096491,-0.128533834158,-0.120858217621,-0.0650910261303,0.107187683674,-1.1303760799,0.15838293153,-0.104539642066,-0.100958650019,0.046329995152,0.10718737064,0.189,0.16128,-0.0814,0.0048,-0.024,0.0142
1.338,1.339120542,3.704,1,-0.263524916448,0.277889408157,-1.65051199533,-0.570437600639,0.413091678482,0.520634038146,-0.0610865238198,-0,0.00523598775598,-0.0628318530718,0.00837758040957,0.0010471975512,-0.00188706326877,-0.0106569565465,-0.00117894262308,0.00963137231565,-0.00430145204327,0.0449886771556,-0.00484401925958,0.0174261639493,-0.0215925068785,-0.00151224359988,-0.000120269890694,-3.12734126967e-07,-1.28159775091,0.23566399083,-0.120316906224,-0.114006921683,-0.00502547211875,0.105541975411,-1.1603760799,0.18838293153,-0.134539642066,-0.115519165283,0.031329995152,0.105541662677,-0.98217,0.18648,-0.35035,0.04,-0.2118,0.0274
